X,Y,OBJECTID,advisorySpeed,areaUnitID,bicycle,bridge,bus,carStationWagon,cliffBank,crashDirectionDescription,crashFinancialYear,crashLocation1,crashLocation2,crashRoadSideRoad,crashSeverity,crashSHDescription,crashYear,debris,directionRoleDescription,ditch,fatalCount,fence,flatHill,guardRail,holiday,houseOrBuilding,intersection,kerb,light,meshblockId,minorInjuryCount,moped,motorcycle,NumberOfLanes,objectThrownOrDropped,otherObject,otherVehicleType,overBank,parkedVehicle,pedestrian,phoneBoxEtc,postOrPole,region,roadCharacter,roadLane,roadSurface,roadworks,schoolBus,seriousInjuryCount,slipOrFlood,speedLimit,strayAnimal,streetLight,suv,taxi,temporarySpeedLimit,tlaId,tlaName,trafficControl,trafficIsland,trafficSign,train,tree,truck,unknownVehicleType,urban,vanOrUtility,vehicle,waterRiver,weatherA,weatherB
1757012,5926212,138547,,507900,0,,0,3,,North,2014/2015,SH 1N,ESMONDE OBR,,Serious Crash,Yes,2014,,South,,0,,Flat,,,,,,Overcast,304000,0,0,1,3,,,0,,,,,,Auckland Region,Nil,1-way,Sealed,,0,1,,100,,Null,0,0,,76,Auckland,Unknown,,,,,0,0,Open,0,,,Light rain,Null
1757431,5920144,138677,,514103,0,0,0,1,0,Null,2013/2014,MAYORAL DRIVE,WELLESLEY ST EAST,,Serious Crash,No,2014,0,North,0,0,0,Flat,0,,0,,0,Dark,436700,0,0,0,4,0,0,0,0,0,,1,0,Auckland Region,Nil,2-way,Sealed,0,0,1,0,50,0,On,0,0,,76,Auckland,Traffic Signals,0,0,0,0,0,0,Urban,0,0,0,Light rain,Null
1752525,5918631,138697,,515002,0,0,0,2,0,North,2014/2015,WALMER ROAD,TUI ST,,Serious Crash,No,2014,0,North,0,0,0,Flat,0,,0,,0,Dark,396200,0,0,0,2,0,0,0,0,1,,0,0,Auckland Region,Nil,2-way,Sealed,0,0,1,0,50,0,On,0,0,,76,Auckland,Unknown,0,0,0,0,0,0,Urban,0,0,0,Fine,Null
1757152,5915372,138772,,515802,0,,0,2,,Null,2015/2016,WATLING ST,MORVERN ROAD,,Serious Crash,No,2015,,East,,0,,Flat,,,,,,Overcast,447801,1,0,0,2,,,0,,,,,,Auckland Region,Nil,2-way,Sealed,,0,1,,50,,Off,0,0,,76,Auckland,Stop,,,,,0,0,Urban,0,,,Light rain,Null
1755260,5881205,138882,,521152,0,0,0,0,1,West,2014/2015,BROOKSIDE ROAD,GLENBROOK ROAD,,Serious Crash,No,2014,0,West,0,0,0,Flat,0,,0,,0,Dark,834200,0,0,0,2,0,0,0,0,0,,0,0,Auckland Region,Nil,2-way,Sealed,0,0,1,0,100,0,None,0,0,,76,Auckland,Nil,0,0,0,0,0,0,Open,1,0,0,Fine,Null
1750627,5917995,138977,,514801,0,,0,0,,East,2013/2014,SH 16,ROSEBANK OBR,,Serious Crash,Yes,2014,,West,,0,,Flat,,,,,,Overcast,390401,0,0,1,3,,,0,,,,,,Auckland Region,Nil,1-way,Sealed,,0,1,,100,,Off,0,0,80,76,Auckland,Nil,,,,,0,0,Open,0,,,Fine,Null
1755177,5931544,139006,,508520,0,0,0,1,0,South,2014/2015,SUNSET ROAD,LAVERY PLACE,,Serious Crash,No,2015,0,North,0,0,0,Hill Road,0,,0,,0,Dark,189703,1,0,0,3,0,0,0,0,0,,0,1,Auckland Region,Nil,2-way,Sealed,0,0,1,0,50,0,On,0,0,,76,Auckland,Unknown,0,0,0,0,0,0,Urban,0,0,0,Fine,Null
1767336,5883278,139052,35,521111,0,0,0,1,0,West,2014/2015,HEIGHTS ROAD,OSTRICH FARM ROAD,,Serious Crash,No,2014,0,North,0,0,0,Hill Road,0,,0,,0,Dark,826601,0,0,0,2,0,0,0,0,0,,0,0,Auckland Region,Nil,2-way,Sealed,0,0,3,0,100,0,None,0,0,,76,Auckland,Nil,0,0,0,1,0,0,Open,0,0,0,Heavy rain,Null
1749451,5913914,139226,,511303,0,,0,0,,East,2013/2014,GREAT NORTH ROAD,RATA ST,,Serious Crash,No,2014,,West,,0,,Flat,,,,,,Bright sun,264901,1,0,0,6,,,0,,,2,,,Auckland Region,Nil,2-way,Sealed,,0,1,,50,,Null,1,0,,76,Auckland,Unknown,,,,,0,0,Urban,0,,,Fine,Null
1745755,5919166,139388,,513302,0,,0,1,,Null,2015/2016,CENTRAL PARK DRIVE,TE PAI PLACE,,Fatal Crash,No,2015,,South,,1,,Flat,,,,,,Dark,230702,0,0,0,2,,,0,,,1,,,Auckland Region,Nil,2-way,Sealed,,0,0,,50,,On,0,0,,76,Auckland,Traffic Signals,,,,,0,0,Urban,0,,,Fine,Null
1745255,5910789,139412,,512700,0,0,0,1,0,North,2014/2015,SCENIC DRIVE,SHAW ROAD,,Serious Crash,No,2015,0,South,0,0,0,Flat,0,,0,,0,Overcast,300900,1,0,0,2,0,0,0,0,0,,0,0,Auckland Region,Nil,2-way,Sealed,0,0,1,0,70,0,Null,0,0,,76,Auckland,Unknown,0,0,0,1,0,0,Urban,0,0,0,Light rain,Null
1734188,5980596,139429,,506660,0,,0,1,,West,2014/2015,SH 16,CLAGUE ROAD,,Serious Crash,Yes,2015,,South,,0,,Flat,,,,,,Bright sun,144100,1,0,0,2,,,0,,,,,,Auckland Region,Nil,2-way,Sealed,,0,1,,100,,Null,0,0,,76,Auckland,Nil,,,,,0,0,Open,1,,,Fine,Null
1746960,5915160,139479,,511800,0,0,0,1,0,South,2015/2016,GREAT NORTH ROAD,AWAROA ROAD,,Fatal Crash,No,2015,1,South,0,1,0,Hill Road,0,,0,,0,Bright sun,277902,0,0,0,2,0,0,0,0,0,,0,0,Auckland Region,Nil,2-way,Sealed,0,0,0,0,50,0,Null,0,0,,76,Auckland,Nil,0,0,0,1,0,0,Urban,0,0,0,Fine,Null
1798623,5904732,139490,,525202,0,0,0,0,0,South,2014/2015,ORERE-MATINGARAHI ROAD,DEERYS ROAD,,Serious Crash,No,2015,0,North,0,0,1,Hill Road,0,,0,,0,Overcast,765300,0,0,1,2,0,0,0,1,0,,0,0,Auckland Region,Nil,2-way,Sealed,0,0,1,0,100,0,Null,0,0,,76,Auckland,Unknown,0,0,0,0,0,0,Open,0,0,0,Fine,Null
1755371,5911469,139515,,519002,0,,0,2,,Null,2014/2015,HILLSBOROUGH ROAD,WHITMORE ROAD,,Serious Crash,No,2015,,West,,0,,Hill Road,,,,,,Bright sun,591404,0,0,0,2,,,0,,,,,,Auckland Region,Nil,2-way,Sealed,,0,1,,50,,Off,0,0,,76,Auckland,Stop,,,,,0,0,Urban,0,,,Fine,Null
1741209,5976087,139529,65,506660,0,0,0,2,0,West,2014/2015,SH 1N,SAUNDERS ROAD,,Serious Crash,Yes,2014,0,South,0,0,0,Flat,1,,0,,0,Overcast,136700,1,0,0,2,0,0,0,0,0,,0,0,Auckland Region,Nil,2-way,Sealed,0,0,1,0,80,0,Null,0,0,,76,Auckland,Unknown,0,0,0,0,0,0,Open,0,0,0,Null,Null
1760187,5915472,139530,,519400,0,,0,1,,Null,2014/2015,GREAT SOUTH ROAD,MATAI ROAD,,Serious Crash,No,2014,,North,,0,,Flat,,,,,,Overcast,617301,0,0,1,6,,,0,,,,,,Auckland Region,Nil,2-way,Sealed,,0,1,,50,,Null,0,0,,76,Auckland,Stop,,,,,0,0,Urban,0,,,Fine,Null
1771972,5897267,139536,,525420,0,0,0,1,0,North,2014/2015,GREAT SOUTH ROAD,TRENTHAM ROAD,,Fatal Crash,No,2014,0,South,0,1,0,Hill Road,0,,0,,0,Dark,790800,2,0,0,2,0,0,0,0,0,,0,0,Auckland Region,Nil,2-way,Sealed,0,0,1,0,50,0,On,0,0,,76,Auckland,Nil,0,0,0,1,0,0,Urban,0,0,0,Fine,Null
1758544,5904216,139538,,524200,0,0,0,1,0,West,2014/2015,IHUMATAO ROAD,GEORGE BOLT MEMORIAL DRIV,,Serious Crash,No,2014,0,East,0,0,0,Flat,0,,0,,0,Dark,727000,1,0,0,2,0,0,0,0,0,,0,1,Auckland Region,Nil,2-way,Sealed,0,0,1,0,100,0,None,0,0,,76,Auckland,Unknown,0,0,0,0,0,0,Open,0,0,0,Fine,Null
1755435,5919095,139540,,515420,1,,0,1,,Null,2013/2014,WILLIAMSON AVENUE,ARIKI ST,,Serious Crash,No,2014,,North,,0,,Hill Road,,,,,,Dark,409500,0,0,0,2,,,0,,,,,,Auckland Region,Nil,2-way,Sealed,,0,1,,50,,On,0,0,,76,Auckland,Stop,,,,,0,0,Urban,0,,,Fine,Null
1767829,5881431,139574,,525921,0,,0,2,,Null,2014/2015,HELVETIA ROAD,PRINCES ST,,Serious Crash,No,2014,,South,,0,,Flat,,,,,,Bright sun,820507,1,0,0,2,,,0,,,,,,Auckland Region,Nil,2-way,Sealed,,0,1,,50,,Null,0,0,,76,Auckland,Give way,,,,,0,0,Urban,0,,,Fine,Null
1744393,5917638,139605,,510700,0,0,0,2,0,North,2014/2015,STURGES ROAD,GEORDIE ST,,Serious Crash,No,2015,0,North,0,0,0,Hill Road,0,,0,,0,Bright sun,239300,0,0,0,2,0,0,0,0,1,,0,0,Auckland Region,Nil,2-way,Sealed,0,0,1,0,50,0,Null,0,0,,76,Auckland,Nil,0,0,0,0,0,0,Urban,0,0,0,Fine,Null
1770305,5911314,139657,,523113,0,,0,1,,West,2014/2015,TI RAKAU DRIVE,TE IRIRANGI DRIVE,,Serious Crash,No,2015,,East,,0,,Flat,,,,,,Overcast,711716,0,0,0,6,,,0,,,1,,,Auckland Region,Nil,2-way,Sealed,,0,1,,50,,Off,0,0,,76,Auckland,Nil,,,,,0,0,Urban,0,,,Fine,Null
1755491,5944349,139662,,505909,0,0,0,2,0,South,2014/2015,WHANGAPARAOA ROAD,MATAI ROAD,,Serious Crash,No,2015,0,North,0,0,0,Hill Road,0,,0,,0,Twilight,174007,0,0,0,2,0,0,0,0,1,,0,0,Auckland Region,Nil,2-way,Sealed,0,0,1,0,50,0,On,0,0,,76,Auckland,Unknown,0,0,0,0,0,0,Urban,0,0,0,Light rain,Null
1756822,5919991,139704,,514102,0,,0,1,,South,2014/2015,HOBSON ST,NICHOLAS ST,,Serious Crash,No,2014,,South,,0,,Flat,,,,,,Overcast,434802,0,0,0,6,,,0,,,1,,,Auckland Region,Nil,1-way,Sealed,,0,1,,50,,Null,0,1,,76,Auckland,Unknown,,,,,0,0,Urban,0,,,Fine,Null
1746717,5915556,139915,,511601,0,0,0,1,0,South,2015/2016,PAKIRA AVENUE,FELGROVE ST,,Serious Crash,No,2015,0,North,0,0,0,Hill Road,0,,1,,0,Bright sun,276002,0,0,0,1,0,0,0,0,0,,0,0,Auckland Region,Nil,2-way,Sealed,0,0,1,0,50,0,None,0,0,,76,Auckland,Nil,0,0,0,0,0,0,Urban,0,0,0,Fine,Null
1770339,5911317,139919,,523106,0,,0,0,,Null,2015/2016,BOTANY ROAD,TI RAKAU DRIVE,,Serious Crash,No,2015,,South,,0,,Flat,,,,,,Bright sun,711174,0,0,0,6,,,0,,,1,,,Auckland Region,Nil,2-way,Sealed,,0,1,,60,,Off,1,0,,76,Auckland,Traffic Signals,,,,,0,0,Urban,0,,,Fine,Null
1759226,5915110,139938,,519300,0,,0,1,,Null,2014/2015,POHUTUKAWA DRIVE,TWIN OAK DRIVE,,Serious Crash,No,2015,,North,,0,,Flat,,,,,,Bright sun,623300,0,0,1,2,,,0,,,,,,Auckland Region,Nil,2-way,Sealed,,0,1,,40,,Null,0,0,,76,Auckland,Give way,,,,,0,0,Urban,0,,,Fine,Null
1760333,5914781,140063,,519400,0,,0,1,,South,2013/2014,GARLAND ROAD,MASSEY AVENUE,,Serious Crash,No,2014,,South,,0,,Flat,,,,,,Twilight,619400,0,0,0,2,,,0,,,1,,,Auckland Region,Nil,2-way,Sealed,,0,1,,50,,Off,0,0,,76,Auckland,Nil,,,,,0,0,Urban,0,,,Light rain,Null
1757180,5920499,140078,,514102,0,,0,1,,West,2014/2015,VICTORIA ST WEST,ALBERT ST,,Serious Crash,No,2015,,East,,0,,Hill Road,,,,,,Dark,433802,0,0,0,4,,,0,,,1,,,Auckland Region,Nil,2-way,Sealed,,0,1,,50,,On,0,0,,76,Auckland,Nil,,,,,0,0,Urban,0,,,Light rain,Null
1755515,5918072,140205,,517500,1,,0,1,,Null,2014/2015,CENTRAL ROAD,SECOND AVENUE,,Serious Crash,No,2014,,North,,0,,Hill Road,,,,,,Bright sun,529700,0,0,0,2,,,0,,,,,,Auckland Region,Nil,2-way,Sealed,,0,1,,50,,Null,0,0,,76,Auckland,Nil,,,,,0,0,Urban,0,,,Fine,Null
1753104,5915091,140345,,517903,0,,0,2,,Null,2015/2016,RICHARDSON ROAD,HENDON AVENUE,,Serious Crash,No,2015,,South,,0,,Flat,,,,,,Dark,518100,1,0,0,2,,,0,,,,,,Auckland Region,Nil,2-way,Sealed,,0,1,,50,,On,0,0,,76,Auckland,Traffic Signals,,,,,0,0,Urban,0,,,Light rain,Null
1750463,5914502,140406,,511303,0,,0,2,,Null,2015/2016,GREAT NORTH ROAD,PORTAGE ROAD,,Serious Crash,No,2015,,North,,0,,Flat,,,,,,Dark,266200,0,0,0,2,,,0,,,,,,Auckland Region,Nil,2-way,Sealed,,0,1,,50,,On,0,0,,76,Auckland,Traffic Signals,,,,,0,0,Urban,0,,,Fine,Null
1744870,5918483,140409,,513302,0,,0,1,,Null,2015/2016,FAIRDENE AVENUE,PINEDALE PLACE,,Serious Crash,No,2015,,West,,0,,Flat,,,,,,Dark,231600,0,0,0,2,,,0,,,1,,,Auckland Region,Nil,2-way,Sealed,,0,1,,50,,On,0,0,,76,Auckland,Give way,,,,,0,0,Urban,0,,,Fine,Null
1766285,5904594,140416,,524603,0,,0,1,,Null,2015/2016,CAVENDISH DRIVE,NORMAN SPENCER DRIVE,,Serious Crash,No,2015,,East,,0,,Flat,,Christmas New Year,,,,Bright sun,780202,0,1,0,5,,,0,,,,,,Auckland Region,Nil,2-way,Sealed,,0,1,,60,,Null,1,0,,76,Auckland,Nil,,,,,0,0,Urban,0,,,Fine,Null
1764484,5918953,140429,,516601,1,,0,0,,South,2015/2016,ALLUM ST,HOPKINS CRESCENT N,,Serious Crash,No,2015,,South,,0,,Hill Road,,,,,,Overcast,506600,0,0,0,2,,,0,,,,,,Auckland Region,Nil,2-way,Sealed,,0,1,,50,,Off,1,0,,76,Auckland,Unknown,,,,,0,0,Urban,0,,,Fine,Null
1763934,5910068,140450,,521901,0,,0,1,,Null,2015/2016,GREAT SOUTH ROAD,PRINCES ST,,Serious Crash,No,2015,,West,,0,,Flat,,,,,,Dark,782400,1,0,0,4,,,0,,,,,,Auckland Region,Nil,2-way,Sealed,,0,1,,50,,On,0,0,,76,Auckland,Give way,,,,,0,0,Urban,0,,,Fine,Null
1749716,5916081,140469,,514801,0,0,0,1,0,East,2013/2014,AVONDALE ROAD,MAIRE ST,,Fatal Crash,No,2014,0,East,0,1,0,Flat,0,,0,,0,Bright sun,389004,0,0,0,2,0,0,0,0,1,,0,0,Auckland Region,Nil,2-way,Sealed,0,0,0,0,50,0,Null,0,0,,76,Auckland,Unknown,0,0,0,0,1,0,Urban,0,0,0,Fine,Null
1767382,5900803,140516,,524720,0,0,0,3,0,Null,2015/2016,WORDSWORTH ROAD,WINSFORD ST,,Serious Crash,No,2015,0,North,0,0,1,Flat,0,,0,,0,Overcast,777000,0,0,0,2,0,0,0,0,1,,0,0,Auckland Region,Nil,2-way,Sealed,0,0,1,0,50,0,Off,1,0,,76,Auckland,Give way,0,0,0,0,0,0,Urban,0,1,0,Light rain,Null
1754522,5937696,140532,,506901,0,0,0,1,1,West,2014/2015,GLENVAR ROAD,STREDWICK DRIVE,,Serious Crash,No,2015,0,West,0,0,1,Flat,0,,0,,0,Dark,166103,0,0,0,2,0,0,0,0,0,2,0,0,Auckland Region,Nil,2-way,Sealed,0,0,2,0,50,0,On,0,0,,76,Auckland,Nil,0,0,0,0,0,0,Urban,0,0,0,Light rain,Null
1754810,5921306,140559,,515201,1,,0,0,,West,2014/2015,SARSFIELD ST,HAMILTON ROAD,,Serious Crash,No,2015,,East,,0,,Flat,,,,,,Overcast,423200,0,0,0,2,,,0,,,,,,Auckland Region,Nil,2-way,Sealed,,0,1,,50,,Null,1,0,,76,Auckland,Unknown,,,,,0,0,Urban,0,,,Fine,Null
1753910,5925528,140603,,508610,0,0,0,1,1,Null,2013/2014,PUPUKE ROAD,BIRKENHEAD AVENUE,,Serious Crash,No,2014,0,West,0,0,0,Flat,0,,0,,0,Overcast,207200,0,0,0,2,0,0,0,0,0,,0,0,Auckland Region,Nil,2-way,Sealed,0,0,2,0,50,0,Null,0,0,,76,Auckland,Traffic Signals,0,1,0,0,0,0,Urban,0,0,0,Fine,Null
1743802,5975075,140612,,506661,0,,0,2,,South,2013/2014,SH 1N,WAYBY STATION ROAD,,Serious Crash,Yes,2014,,South,,0,,Hill Road,,,,,,Bright sun,139000,0,0,0,2,,,0,,,,,,Auckland Region,Nil,2-way,Sealed,,0,1,,80,,None,0,0,,76,Auckland,Nil,,,,,0,0,Open,0,,,Fine,Null
1766629,5907631,140624,,523601,0,,0,1,,Null,2015/2016,EAST TAMAKI ROAD,NEWBURY ST,,Serious Crash,No,2015,,West,,0,,Flat,,,,,,Overcast,708500,0,0,0,4,,,0,,,1,,,Auckland Region,Nil,2-way,Sealed,,0,1,,60,,Null,0,0,,76,Auckland,Traffic Signals,,,,,0,0,Urban,0,,,Fine,Null
1747402,5969457,140646,55,506613,0,0,0,1,0,West,2014/2015,WOODCOCKS ROAD,MASON HEIGHTS,,Serious Crash,No,2015,0,West,1,0,0,Hill Road,0,,0,,0,Dark,146003,0,0,0,2,0,0,0,0,0,,0,1,Auckland Region,Nil,2-way,Sealed,0,0,2,0,70,0,None,0,0,,76,Auckland,Unknown,0,0,0,0,0,0,Urban,0,0,0,Fine,Null
1765537,5906841,140749,,522202,0,,0,1,,Null,2015/2016,KOLMAR ROAD,BISLEY ST,,Serious Crash,No,2015,,North,,0,,Flat,,,,,,Bright sun,663500,1,0,0,3,,,0,,,2,,,Auckland Region,Nil,2-way,Sealed,,0,1,,50,,Off,0,0,,76,Auckland,Stop,,,,,0,0,Urban,0,,,Fine,Null
1761701,5916003,140837,,516003,1,,0,0,,East,2014/2015,ABBOTTS WAY,LADIES MILE,,Serious Crash,No,2015,,East,,0,,Hill Road,,,,,,Dark,494803,0,0,0,3,,,0,,,,,,Auckland Region,Nil,2-way,Sealed,,0,1,,50,,On,0,0,,76,Auckland,Unknown,,,,,0,0,Urban,1,,,Fine,Null
1754420,5918337,140853,,517600,0,,0,1,,East,2014/2015,SH 16,ST LUKES OBR,,Serious Crash,Yes,2015,,West,,0,,Flat,,,,,,Dark,533000,0,0,0,5,,,0,,,,,,Auckland Region,Nil,1-way,Sealed,,0,1,,100,,On,0,0,80,76,Auckland,Unknown,,,,,1,0,Open,0,,,Fine,Null
1744322,5908403,140863,,513800,1,,0,0,,West,2015/2016,HUIA ROAD,VICTORY ROAD,,Serious Crash,No,2015,,South,,0,,Hill Road,,,,,,Overcast,303001,0,0,0,2,,,0,,,,,,Auckland Region,Nil,2-way,Sealed,,0,1,,80,,None,0,0,,76,Auckland,Unknown,,,,,0,0,Open,0,,,Fine,Null
1751699,5917115,140917,,514900,0,0,0,1,0,Null,2015/2016,GREAT NORTH ROAD,ALFORD ST,,Serious Crash,No,2015,0,North,0,0,1,Null,0,,0,,0,Dark,384701,0,0,0,4,0,0,0,0,0,,0,1,Auckland Region,Nil,2-way,Sealed,0,0,1,0,50,0,On,0,0,,76,Auckland,Traffic Signals,0,0,0,0,0,0,Urban,0,0,0,Fine,Null
1753062,5916788,141020,,517800,1,,0,1,,Null,2014/2015,NEW NORTH ROAD,ASQUITH AVENUE,,Serious Crash,No,2015,,North,,0,,Hill Road,,,,,,Bright sun,527600,0,0,0,4,,,0,,,,,,Auckland Region,Nil,2-way,Sealed,,0,1,,50,,Null,0,0,,76,Auckland,Stop,,,,,0,0,Urban,0,,,Fine,Null
1757849,5918155,141171,,515700,0,0,0,0,0,South,2014/2015,SH 1N,KHYBER PASS ON SBD,,Serious Crash,Yes,2015,0,South,0,0,0,Flat,1,,0,,0,Overcast,443200,0,0,1,4,0,0,0,0,0,,0,0,Auckland Region,Nil,1-way,Sealed,0,0,1,0,80,0,Null,0,0,,76,Auckland,Unknown,0,0,0,0,0,0,Open,1,0,0,Light rain,Null
1742637,5915482,141187,,513020,0,0,0,1,0,East,2015/2016,HENDERSON VALLEY ROAD,CANDIA ROAD,,Serious Crash,No,2015,0,West,0,0,1,Flat,0,,0,,0,Dark,281000,2,0,0,2,0,0,0,0,0,,0,0,Auckland Region,Nil,2-way,Sealed,0,0,1,0,70,0,None,0,0,,76,Auckland,Unknown,0,0,0,0,0,0,Urban,0,0,0,Light rain,Null
1754803,5976153,141205,,506661,0,0,0,1,0,East,2014/2015,LEIGH ROAD,TONGUE FARM ROAD,,Fatal Crash,No,2015,0,East,0,2,0,Hill Road,0,,0,,0,Bright sun,138202,1,0,0,2,0,0,0,0,0,,0,0,Auckland Region,Nil,2-way,Sealed,0,0,0,0,100,0,Null,0,0,,76,Auckland,Nil,0,0,0,1,0,0,Open,0,0,0,Heavy rain,Null
1754317,5945949,141325,,505907,1,,0,0,,South,2015/2016,VIPOND ROAD,COOPER ROAD,,Serious Crash,No,2015,,South,,0,,Hill Road,,,,,,Bright sun,173404,0,0,0,3,,,0,,,,,,Auckland Region,Nil,2-way,Sealed,,0,1,,50,,Null,1,0,,76,Auckland,Unknown,,,,,0,0,Urban,0,,,Fine,Null
1767466,5904885,141326,,524604,0,,0,1,,South,2015/2016,GREAT SOUTH ROAD,CAVENDISH DRIVE,,Serious Crash,No,2015,,South,,0,,Flat,,,,,,Dark,780209,0,0,0,2,,,0,,,1,,,Auckland Region,Nil,2-way,Sealed,,0,1,,50,,On,0,0,,76,Auckland,Unknown,,,,,0,0,Urban,0,,,Fine,Null
1774882,5901807,141376,,525201,0,0,0,1,0,South,2014/2015,ALFRISTON-ARDMORE ROAD,BROOKBY ROAD,,Fatal Crash,No,2015,0,North,0,1,0,Flat,0,,0,,0,Bright sun,762301,0,0,0,2,0,0,0,0,0,,0,1,Auckland Region,Nil,2-way,Sealed,0,0,0,0,100,0,Null,0,0,,76,Auckland,Nil,0,0,0,0,0,0,Open,0,0,0,Fine,Null
1766745,5908012,141416,,523501,0,,0,1,,West,2014/2015,BAIRDS ROAD,ALEXANDER CRESCENT,,Serious Crash,No,2015,,East,,0,,Flat,,,,,,Overcast,700601,0,0,0,2,,,0,,,1,,,Auckland Region,Nil,2-way,Sealed,,0,1,,50,,Off,0,0,,76,Auckland,Nil,,,,,0,0,Urban,0,,,Fine,Null
1783885,5909197,141428,45,525201,0,0,0,0,0,North,2015/2016,NORTH ROAD,MARK WILLIAMS PLACE,,Fatal Crash,No,2015,0,North,0,1,0,Hill Road,0,,0,,0,Bright sun,762700,0,0,1,2,0,0,0,0,0,,0,1,Auckland Region,Nil,2-way,Sealed,0,0,0,0,100,0,Null,0,0,,76,Auckland,Nil,0,0,0,1,0,0,Open,0,0,0,Fine,Null
1755894,5919319,141434,,515420,0,0,0,0,0,North,2014/2015,POLLEN ST,CRUMMER ROAD,,Serious Crash,No,2015,0,South,0,0,0,Hill Road,0,,0,,0,Bright sun,411100,1,0,0,2,0,0,0,0,1,1,0,0,Auckland Region,Nil,2-way,Sealed,0,0,1,0,50,0,Off,1,0,,76,Auckland,Nil,0,0,0,0,2,0,Urban,0,0,0,Fine,Null
1756354,5937669,141451,,506903,0,0,0,0,0,North,2014/2015,BEACH ROAD,COUNTY ROAD,,Serious Crash,No,2015,0,North,0,0,0,Hill Road,0,,0,,0,Overcast,169100,0,0,0,2,0,0,0,0,1,,0,0,Auckland Region,Nil,2-way,Sealed,0,0,1,0,50,0,Null,0,0,,76,Auckland,Unknown,0,0,0,0,1,0,Urban,1,0,0,Light rain,Null
1753968,5945426,141557,,505907,0,,0,2,,Null,2015/2016,WHANGAPARAOA ROAD,DOYLY DRIVE,,Serious Crash,No,2015,,South,,0,,Flat,,,,,,Dark,173407,0,0,0,2,,,0,,,,,,Auckland Region,Nil,2-way,Sealed,,0,1,,60,,On,0,0,,76,Auckland,Stop,,,,,0,0,Urban,0,,,Fine,Null
1734608,5929993,141658,,505605,0,0,0,2,0,West,2014/2015,SH 16,MATUA ROAD W,,Serious Crash,Yes,2015,0,East,0,0,0,Flat,1,,0,,0,Dark,216102,0,0,0,2,0,0,0,0,0,,0,0,Auckland Region,Nil,2-way,Sealed,0,0,2,0,100,0,None,0,0,,76,Auckland,Unknown,0,0,0,0,0,0,Open,0,0,0,Mist or Fog,Null
1755243,5945099,141665,,505908,0,,0,1,,East,2014/2015,BRIGHTSIDE ROAD,LANGTON ROAD,,Serious Crash,No,2015,,East,,0,,Flat,,,,,,Dark,173502,0,0,0,2,,,0,,,1,,,Auckland Region,Nil,2-way,Sealed,,0,1,,50,,On,0,0,,76,Auckland,Unknown,,,,,0,0,Urban,0,,,Light rain,Null
1752554,5933409,141691,,508701,0,,0,1,,North,2015/2016,MERCARI WAY,ALBANY EXPRESSWAY,,Serious Crash,No,2015,,North,,0,,Flat,,,,,,Overcast,178900,0,0,0,3,,,0,,,1,,,Auckland Region,Nil,1-way,Sealed,,0,1,,50,,Null,0,0,,76,Auckland,Unknown,,,,,0,0,Urban,0,,,Fine,Null
1765530,5919627,141809,,516700,0,0,0,2,0,East,2015/2016,PAUNUI ST,BROOKFIELD ST,,Serious Crash,No,2015,0,East,0,0,0,Hill Road,0,,0,,0,Dark,509000,0,0,0,2,0,0,0,0,1,,0,0,Auckland Region,Nil,2-way,Sealed,0,0,1,0,50,0,On,0,0,,76,Auckland,Nil,0,0,0,0,0,0,Urban,0,0,0,Fine,Null
1764958,5910640,141926,,521801,0,,0,3,,North,2015/2016,SH 1N,OTAHUHU ON NBD,,Serious Crash,Yes,2015,,North,,0,,Flat,,,,,,Bright sun,786700,0,0,0,3,,,0,,,,,,Auckland Region,Nil,1-way,Sealed,,0,1,,100,,Null,0,0,,76,Auckland,Unknown,,,,,0,0,Open,0,,,Fine,Null
1759085,5916642,142335,,516001,0,0,0,3,0,South,2015/2016,GREAT SOUTH ROAD,MARKET ROAD,,Serious Crash,No,2016,0,South,0,0,0,Flat,0,,0,,0,Bright sun,493800,0,0,0,3,0,0,0,0,1,,0,0,Auckland Region,Nil,2-way,Sealed,0,0,1,0,50,0,Null,0,0,,76,Auckland,Unknown,0,0,0,0,0,0,Urban,0,0,0,Fine,Null
1786265,5926317,142338,,520801,1,,0,0,,West,2015/2016,WAIHEKE ROAD,GARRATT ROAD,,Serious Crash,No,2016,,West,,0,,Hill Road,,,,,,Bright sun,515708,1,0,0,2,,,0,,,1,,,Auckland Region,Nil,2-way,Sealed,,0,1,,50,,Null,0,0,,76,Auckland,Unknown,,,,,0,0,Urban,0,,,Fine,Null
1764832,5911410,142401,,520500,0,,0,1,,Null,2014/2015,MCLENNAN ROAD,PANAMA ROAD S,,Serious Crash,No,2015,,West,,0,,Flat,,,,,,Bright sun,635800,0,0,1,2,,,0,,,,,,Auckland Region,Nil,2-way,Sealed,,0,1,,50,,Off,0,0,,76,Auckland,Stop,,,,,0,0,Urban,0,,,Fine,Null
1768404,5903428,142464,,524602,0,,0,3,,South,2015/2016,SH 1N,REDOUBT OBR,,Serious Crash,Yes,2015,,North,,0,,Flat,,,,,,Bright sun,780506,1,0,0,3,,,0,,,,,,Auckland Region,Nil,1-way,Sealed,,0,1,,100,,Null,1,0,,76,Auckland,Unknown,,,,,0,0,Open,0,,,Fine,Null