X,Y,OBJECTID,advisorySpeed,areaUnitID,bicycle,bridge,bus,carStationWagon,cliffBank,crashDirectionDescription,crashFinancialYear,crashLocation1,crashLocation2,crashRoadSideRoad,crashSeverity,crashSHDescription,crashYear,debris,directionRoleDescription,ditch,fatalCount,fence,flatHill,guardRail,holiday,houseOrBuilding,intersection,kerb,light,meshblockId,minorInjuryCount,moped,motorcycle,NumberOfLanes,objectThrownOrDropped,otherObject,otherVehicleType,overBank,parkedVehicle,pedestrian,phoneBoxEtc,postOrPole,region,roadCharacter,roadLane,roadSurface,roadworks,schoolBus,seriousInjuryCount,slipOrFlood,speedLimit,strayAnimal,streetLight,suv,taxi,temporarySpeedLimit,tlaId,tlaName,trafficControl,trafficIsland,trafficSign,train,tree,truck,unknownVehicleType,urban,vanOrUtility,vehicle,waterRiver,weatherA,weatherB
1753371,5958877,142737,,506613,0,,0,1,,East,2015/2016,NGAREWA DRIVE,MAHURANGI WEST ROAD,,Serious Crash,No,2016,,North,,0,,Hill Road,,,,,,Twilight,147106,2,0,0,1,,,0,,,,,,Auckland Region,Nil,2-way,Sealed,,0,1,,50,,None,0,0,,76,Auckland,Nil,,,,,0,0,Urban,0,,,Fine,Null
1736622,5927409,142747,,505605,1,,0,0,,East,2016/2017,TAWA ROAD,MOTU ROAD,,Serious Crash,No,2016,,West,,0,,Flat,,,,,,Bright sun,215604,0,0,0,2,,,0,,,,,,Auckland Region,Nil,2-way,Sealed,,0,1,,80,,Null,0,0,,76,Auckland,Unknown,,,,,0,0,Open,1,,,Fine,Null
1743656,5914556,142764,,513020,0,,0,1,,North,2014/2015,FOREST HILL ROAD,HOLDENS ROAD,,Serious Crash,No,2015,,North,,0,,Hill Road,,,,,,Bright sun,281201,3,0,0,2,,,0,,,,,,Auckland Region,Nil,2-way,Sealed,,0,1,,50,,Off,1,0,,76,Auckland,Nil,,,,,0,0,Urban,0,,,Fine,Null
1753115,5914179,142782,,514500,0,0,0,0,0,West,2015/2016,MAIORO ST,ROSEVILLE ST,,Serious Crash,No,2016,0,East,0,0,1,Flat,0,,0,,0,Overcast,376800,0,0,0,4,0,0,0,0,0,,0,0,Auckland Region,Nil,2-way,Sealed,0,0,1,0,50,0,Null,1,0,,76,Auckland,Nil,0,0,0,0,0,0,Urban,0,0,0,Light rain,Null
1756409,5920894,142787,,514101,0,,0,1,,North,2014/2015,DALDY ST,FANSHAWE ST,,Serious Crash,No,2014,,South,,0,,Flat,,,,,,Twilight,432400,0,0,0,2,,,0,,,1,,,Auckland Region,Nil,2-way,Sealed,,0,1,,50,,None,0,0,,76,Auckland,Unknown,,,,,0,0,Urban,0,,,Fine,Null
1757766,5920986,142811,,514101,1,,0,0,,Null,2016/2017,QUAY ST,GORE ST,,Serious Crash,No,2016,,East,,0,,Flat,,,,,,Overcast,438209,0,0,0,2,,,0,,,,,,Auckland Region,Nil,1-way,Sealed,,0,1,,50,,Null,0,0,,76,Auckland,Traffic Signals,,,,,1,0,Urban,0,,,Fine,Null
1735795,5985525,142832,,506660,0,0,1,0,1,North,2016/2017,SH 1N,LOVERS LANE N,,Fatal Crash,Yes,2016,0,North,1,1,0,Flat,0,,0,,0,Bright sun,143800,0,0,0,2,0,0,0,0,0,,0,0,Auckland Region,Nil,2-way,Sealed,0,1,0,0,100,0,Null,0,0,,76,Auckland,Unknown,0,0,0,0,1,0,Open,0,1,0,Fine,Null
1766285,5904594,142840,,524603,0,0,0,2,0,Null,2016/2017,CAVENDISH DRIVE,NORMAN SPENCER DRIVE,,Serious Crash,No,2016,0,East,0,0,0,Flat,0,,0,,0,Overcast,780202,0,0,0,4,0,0,0,0,0,,0,0,Auckland Region,Nil,2-way,Sealed,0,0,1,0,60,0,Off,0,0,,76,Auckland,Give way,0,1,0,0,0,0,Urban,0,0,0,Fine,Null
1756214,5919280,142940,,514000,1,,0,1,,West,2016/2017,PONSONBY ROAD,GREAT NORTH ROAD,,Serious Crash,No,2016,,East,,0,,Flat,,,,,,Bright sun,413800,0,0,0,4,,,0,,,,,,Auckland Region,Nil,2-way,Sealed,,0,1,,40,,Null,0,0,,76,Auckland,Nil,,,,,0,0,Urban,0,,,Fine,Null
1747776,5968024,143100,,506613,0,,0,1,,North,2015/2016,SH 1N,VALERIE CLOSE,,Fatal Crash,Yes,2016,,North,,1,,Flat,,,,,,Dark,146103,0,0,0,2,,,0,,,,,,Auckland Region,Nil,2-way,Sealed,,0,3,,100,,None,0,0,,76,Auckland,Unknown,,,,,0,0,Open,1,,,Fine,Null
1757278,5928799,143143,,507800,0,,0,1,,North,2015/2016,SHAKESPEARE ROAD,STRATFORD AVENUE,,Serious Crash,No,2016,,North,,0,,Flat,,,,,,Twilight,307300,0,1,0,2,,,0,,,,,,Auckland Region,Nil,2-way,Sealed,,0,1,,50,,Off,0,0,,76,Auckland,Nil,,,,,0,0,Urban,0,,,Fine,Null
1773346,5899347,143279,,523912,0,0,0,1,0,South,2015/2016,MILL ROAD,AIRFIELD ROAD,,Serious Crash,No,2016,0,North,0,0,0,Flat,0,,0,,0,Bright sun,765401,1,0,0,2,0,0,0,0,0,,0,1,Auckland Region,Nil,2-way,Sealed,0,0,1,0,80,0,Null,0,0,,76,Auckland,Unknown,0,0,0,0,0,0,Open,0,0,0,Fine,Null
1756936,5920014,143402,,514102,0,,0,1,,South,2015/2016,VINCENT ST,MAYORAL DRIVE,,Serious Crash,No,2016,,South,,0,,Hill Road,,,,,,Overcast,434902,0,1,0,2,,,0,,,,,,Auckland Region,Nil,2-way,Sealed,,0,1,,50,,Null,0,0,,76,Auckland,Nil,,,,,0,0,Urban,0,,,Light rain,Null
1745931,5918738,143476,,512500,1,,0,0,,Null,2015/2016,CENTRAL PARK DRIVE,SCHOOL ROAD,,Serious Crash,No,2016,,South,,0,,Flat,,Easter,,,,Bright sun,257004,0,0,0,2,,,0,,,,,,Auckland Region,Nil,2-way,Sealed,,0,1,,50,,Null,0,0,,76,Auckland,Give way,,,,,0,0,Urban,1,,,Fine,Null
1764406,5904696,143504,,522100,0,0,0,1,0,North,2014/2015,WYLLIE ROAD,GIFFORD ROAD,,Serious Crash,No,2014,0,North,0,0,0,Flat,0,,0,,0,Bright sun,659200,1,0,0,2,0,0,0,0,1,,0,0,Auckland Region,Nil,2-way,Sealed,0,0,1,0,50,0,Null,0,0,,76,Auckland,Unknown,0,0,0,0,1,0,Urban,0,0,0,Fine,Null
1763822,5907386,143546,45,524301,0,,0,1,,East,2016/2017,GRAY AVENUE,ORAKAU ROAD,,Serious Crash,No,2016,,North,,0,,Flat,,,,,,Dark,748100,1,0,0,2,,,0,,,,,,Auckland Region,Nil,2-way,Sealed,,0,1,,50,,On,0,0,,76,Auckland,Unknown,,,,,1,0,Urban,0,,,Fine,Null
1737667,5968264,143558,,506613,0,0,0,1,1,South,2015/2016,KAIPARA HILLS ROAD,FLETCHER LANE,,Serious Crash,No,2016,0,North,0,0,0,Hill Road,0,Easter,0,,0,Bright sun,145400,0,0,0,1,0,0,0,0,0,,0,0,Auckland Region,Nil,2-way,Unsealed,0,0,1,0,100,0,Null,0,0,,76,Auckland,Unknown,0,0,0,0,0,0,Open,0,0,0,Fine,Null
1752782,5953097,143588,,505803,0,0,0,1,0,North,2016/2017,HIBISCUS COAST HIGHWAY,HATFIELDS BR,,Serious Crash,No,2016,0,South,0,0,0,Hill Road,0,,0,,0,Overcast,170605,0,0,0,3,0,0,0,0,0,,0,0,Auckland Region,Nil,2-way,Sealed,0,0,1,0,80,0,Off,0,0,,76,Auckland,Unknown,0,0,0,1,0,0,Open,0,0,0,Light rain,Null
1781763,5884188,143735,,521132,0,0,0,0,0,East,2016/2017,PAPARATA ROAD,TOTARA ROAD,,Serious Crash,No,2016,0,East,0,0,1,Hill Road,0,,0,,0,Overcast,815401,0,0,1,2,0,0,0,0,0,,0,0,Auckland Region,Nil,2-way,Sealed,0,0,1,0,100,0,None,0,0,,76,Auckland,Unknown,0,0,0,0,0,0,Open,0,0,0,Fine,Null
1762302,5913789,143851,,520401,0,,0,1,,North,2015/2016,PENROSE ROAD,GAVIN ST,,Serious Crash,No,2016,,North,,0,,Flat,,,,,,Bright sun,644300,0,0,0,3,,,0,,,,,,Auckland Region,Nil,2-way,Sealed,,0,2,,50,,Null,0,0,,76,Auckland,Unknown,,,,,1,0,Urban,0,,,Fine,Null
1750346,5914399,143961,,511303,1,,0,1,,Null,2015/2016,GREAT NORTH ROAD,CRUM AVENUE,,Serious Crash,No,2016,,North,,0,,Flat,,,,,,Bright sun,266200,0,0,0,4,,,0,,,,,,Auckland Region,Nil,2-way,Sealed,,0,1,,50,,Null,0,0,,76,Auckland,Stop,,,,,0,0,Urban,0,,,Fine,Null
1763833,5906571,143968,,524303,0,0,0,1,0,Null,2015/2016,PORTAGE ROAD,STATION ROAD,,Fatal Crash,No,2016,0,West,0,1,0,Flat,0,,1,,0,Dark,657300,0,0,0,3,0,0,0,0,0,,0,0,Auckland Region,Nil,2-way,Sealed,0,0,0,0,50,0,On,0,0,,76,Auckland,Give way,1,0,0,0,0,0,Urban,0,0,0,Fine,Null
1742311,5925978,144115,,513410,0,,0,0,,North,2016/2017,Z CARPARK,HAILES ROAD,,Serious Crash,No,2016,,North,,0,,Flat,,,,,,Twilight,220400,0,0,0,,,,0,,,1,,,Auckland Region,Nil,Off road,Sealed,,0,1,,20,,None,0,0,,76,Auckland,Unknown,,,,,2,0,Urban,0,,,Fine,Null
1771345,5900037,144194,,523911,0,,0,2,,Null,2016/2017,PORCHESTER ROAD,POPES ROAD,,Serious Crash,No,2016,,North,,0,,Flat,,,,,,Bright sun,767202,0,0,0,2,,,0,,,,,,Auckland Region,Nil,2-way,Sealed,,0,1,,80,,Off,0,0,,76,Auckland,Stop,,,,,0,0,Open,0,,,Fine,Null
1753752,5926140,144213,,508220,0,,0,1,,North,2016/2017,GLENFIELD ROAD,ESKDALE ROAD,,Serious Crash,No,2016,,North,,0,,Flat,,,,,,Dark,189400,0,0,0,3,,,0,,,1,,,Auckland Region,Nil,2-way,Sealed,,0,1,,50,,On,0,0,,76,Auckland,Unknown,,,,,0,0,Urban,0,,,Fine,Null
1763307,5906126,144218,,524303,0,0,0,1,0,North,2016/2017,PORTAGE ROAD,TREAGON PLACE,,Serious Crash,No,2016,0,North,0,0,0,Flat,0,,0,,0,Bright sun,656200,2,0,0,2,0,0,0,0,1,,0,0,Auckland Region,Nil,2-way,Sealed,0,0,1,0,50,0,Null,2,0,,76,Auckland,Unknown,0,0,0,0,0,0,Urban,0,0,0,Fine,Null
1747357,5939302,144225,,506300,0,,0,1,,West,2015/2016,DAIRY FLAT HIGHWAY,BAWDEN ROAD,,Serious Crash,No,2016,,West,,0,,Flat,,,,,,Dark,175904,0,0,1,2,,,0,,,,,,Auckland Region,Nil,2-way,Sealed,,0,1,,100,,None,0,0,,76,Auckland,Nil,,,,,0,0,Open,0,,,Fine,Null
1743340,5918751,144238,,513213,1,,0,0,,North,2016/2017,METCALFE ROAD,MARTIN JUGUM LANE,,Serious Crash,No,2016,,North,,0,,Flat,,,,,,Overcast,235906,0,0,0,2,,,0,,,,,,Auckland Region,Nil,2-way,Sealed,,0,1,,50,,None,0,0,,76,Auckland,Unknown,,,,,0,0,Urban,1,,,Light rain,Null
1754622,5917701,144243,,517600,0,0,0,0,1,West,2015/2016,WESTERN SPRINGS ROAD,INWOOD ST,,Fatal Crash,No,2016,0,East,0,1,1,Hill Road,0,,1,,0,Twilight,533507,0,0,0,2,0,0,0,0,0,,0,0,Auckland Region,Nil,2-way,Sealed,0,0,0,0,50,0,On,0,0,,76,Auckland,Unknown,0,0,0,0,0,0,Urban,1,0,0,Fine,Null
1767531,5909577,144255,,523112,0,,0,2,,North,2015/2016,KERWYN AVENUE,LORIEN PLACE,,Serious Crash,No,2016,,South,,0,,Flat,,,,,,Bright sun,711600,1,0,0,2,,,0,,,,,,Auckland Region,Nil,2-way,Sealed,,0,1,,50,,Off,0,0,,76,Auckland,Give way,,,,,0,0,Urban,0,,,Fine,Null
1755716,5916227,144380,,518301,0,,0,1,,Null,2015/2016,DOMINION ROAD,BALMORAL ROAD,,Serious Crash,No,2015,,East,,0,,Flat,,,,,,Overcast,555100,1,0,0,6,,,0,,,2,,,Auckland Region,Nil,2-way,Sealed,,0,1,,50,,Off,0,0,,76,Auckland,Give way,,,,,0,0,Urban,0,,,Fine,Null
1753578,5911992,144402,,518901,0,,0,2,,Null,2015/2016,HILLSBOROUGH ROAD,THE AVENUE,,Serious Crash,No,2016,,South,,0,,Flat,,Queens Birthday,,,,Bright sun,586300,0,0,0,4,,,0,,,,,,Auckland Region,Nil,2-way,Sealed,,0,1,,50,,Null,0,0,,76,Auckland,Traffic Signals,,,,,0,0,Urban,0,,,Fine,Null
1720303,5951294,144468,,506642,0,0,0,0,0,East,2015/2016,SHELLY BEACH ROAD,SOUTH HEAD ROAD,,Serious Crash,No,2016,0,West,0,0,0,Null,0,,0,,0,Overcast,210201,0,0,0,2,0,0,0,0,0,,0,0,Auckland Region,Nil,2-way,Sealed,0,0,1,0,100,0,Null,0,0,,76,Auckland,Unknown,0,0,0,1,0,0,Open,1,0,0,Light rain,Null
1774356,5893713,144494,,521301,0,0,0,0,0,South,2016/2017,SUTTON ROAD,OPAHEKE ROAD,,Serious Crash,No,2016,0,North,1,0,0,Flat,0,,0,,0,Dark,808302,0,1,0,2,0,0,0,0,0,,0,0,Auckland Region,Nil,2-way,Sealed,0,0,1,0,80,0,None,0,0,,76,Auckland,Nil,0,0,0,0,0,0,Open,0,0,0,Light rain,Null
1777739,5911522,144624,,523202,0,,0,1,,South,2014/2015,WHITFORD-MARAETAI ROAD,WAIKOPUA ROAD,,Fatal Crash,No,2015,,North,,1,,Hill Road,,,,,,Bright sun,718300,1,0,0,2,,,0,,,,,,Auckland Region,Nil,2-way,Sealed,,0,0,,80,,Null,1,0,,76,Auckland,Nil,,,,,0,0,Open,0,,,Fine,Null
1755435,5919095,144645,,515420,1,,0,1,,Null,2016/2017,WILLIAMSON AVENUE,ARIKI ST,,Serious Crash,No,2016,,East,,0,,Flat,,,,,,Overcast,409500,0,0,0,2,,,0,,,,,,Auckland Region,Nil,2-way,Sealed,,0,1,,50,,Null,0,0,,76,Auckland,Stop,,,,,0,0,Urban,0,,,Fine,Null
1759321,5916568,144677,,516001,0,0,0,1,0,South,2016/2017,MARKET OFF NBD,MARKET ROAD,,Serious Crash,Yes,2016,0,North,0,0,0,Hill Road,1,,0,,0,Overcast,491700,3,0,0,3,0,0,0,0,0,,0,0,Auckland Region,Motorway ramp,1-way,Sealed,0,0,1,0,100,0,Null,0,0,,76,Auckland,Unknown,0,0,0,0,2,0,Open,1,0,0,Fine,Null
1765066,5902862,144769,,524604,0,0,0,0,0,Null,2016/2017,WIRI STATION ROAD,ROSCOMMON ROAD,,Serious Crash,No,2016,0,South,0,0,0,Flat,0,,0,,0,Overcast,781302,0,0,0,4,0,0,0,0,0,,0,0,Auckland Region,Nil,2-way,Sealed,0,0,1,0,80,0,Off,0,0,,76,Auckland,Give way,1,0,0,0,1,0,Open,0,0,0,Fine,Null
1754751,5917633,144814,,517600,0,0,0,1,0,Null,2016/2017,MORNINGSIDE DRIVE,RLY XING,,Serious Crash,No,2016,0,North,0,0,0,Flat,0,,0,,0,Bright sun,534602,0,0,0,2,0,0,0,0,0,,0,0,Auckland Region,Rail xing,2-way,Sealed,0,0,1,0,50,0,Null,0,0,,76,Auckland,Unknown,0,0,1,0,0,0,Urban,0,0,0,Fine,Null
1769338,5914536,144879,,522721,0,,0,1,,Null,2015/2016,PAKURANGA ROAD,SIR LLOYD DRIVE,,Fatal Crash,No,2015,,West,,1,,Hill Road,,,,,,Bright sun,680727,0,0,1,6,,,0,,,,,,Auckland Region,Nil,2-way,Sealed,,0,0,,60,,Off,0,0,,76,Auckland,Traffic Signals,,,,,0,0,Urban,0,,,Fine,Null
1756774,5920184,144898,,514102,0,,0,1,,Null,2015/2016,NELSON ST,COOK ST,,Serious Crash,No,2016,,North,,0,,Hill Road,,,,,,Bright sun,434500,0,0,1,5,,,0,,,,,,Auckland Region,Nil,1-way,Sealed,,0,1,,50,,Null,0,0,,76,Auckland,Traffic Signals,,,,,0,0,Urban,0,,,Fine,Null
1746719,5872548,144902,,521151,0,,0,0,,North,2016/2017,Z BEACH,KARIOITAHI ROAD,,Serious Crash,No,2016,,South,,0,,Null,,,,,,Bright sun,831300,1,0,0,0,,,0,,,,,,Auckland Region,Nil,Off road,Sealed,,0,1,,20,,Null,0,0,,76,Auckland,Unknown,,,,,0,0,Urban,1,,,Fine,Null
1753465,5932927,144903,,508804,0,0,0,2,0,North,2015/2016,GREVILLE ON SBD,SH 1N,,Serious Crash,Yes,2016,0,South,0,0,0,Null,1,,0,,0,Dark,180701,0,0,0,3,0,0,0,0,0,,0,0,Auckland Region,Motorway ramp,1-way,Sealed,0,0,1,0,100,0,On,0,0,,76,Auckland,Unknown,0,0,0,0,0,0,Open,0,0,0,Fine,Null
1765520,5887095,144937,,521122,0,,0,1,,Null,2016/2017,GLENBROOK ROAD,OSTRICH ROAD,,Serious Crash,No,2016,,West,,0,,Flat,,,,,,Twilight,809900,1,0,0,2,,,0,,,,,,Auckland Region,Nil,2-way,Sealed,,0,1,,100,,On,0,0,,76,Auckland,Give way,,,,,0,0,Open,1,,,Fine,Null
1766285,5904594,144955,,524603,0,,0,2,,Null,2016/2017,CAVENDISH DRIVE,NORMAN SPENCER DRIVE,,Serious Crash,No,2016,,East,,0,,Flat,,,,,,Overcast,780202,2,0,0,4,,,0,,,,,,Auckland Region,Nil,2-way,Sealed,,0,1,,60,,Null,0,0,,76,Auckland,Give way,,,,,0,0,Urban,0,,,Fine,Null
1751796,5917399,145034,,514900,0,0,0,1,0,South,2016/2017,GREAT NORTH ROAD,HERDMAN ST,,Serious Crash,No,2016,0,North,0,0,1,Flat,1,,0,,0,Dark,385803,0,0,0,4,0,0,0,0,0,,0,0,Auckland Region,Nil,2-way,Sealed,0,0,2,0,50,0,On,0,0,30,76,Auckland,Unknown,0,0,0,0,0,0,Urban,0,0,0,Fine,Null
1766729,5900867,145090,,524720,0,0,0,1,0,Null,2015/2016,WORDSWORTH ROAD,ROWANDALE AVENUE,,Serious Crash,No,2016,0,East,0,0,1,Flat,0,,0,,1,Dark,775901,1,0,0,2,0,0,0,0,0,,0,0,Auckland Region,Nil,2-way,Sealed,0,0,1,0,50,0,On,0,0,,76,Auckland,Nil,0,0,0,1,0,0,Urban,0,0,0,Fine,Null
1752976,5934810,145096,,508701,0,,0,1,,South,2016/2017,OTEHA VALLEY OFF NBD,OTEHA VALLEY ROAD,,Serious Crash,Yes,2016,,North,,0,,Hill Road,,,,,,Bright sun,179000,0,0,0,2,,,0,,,,,,Auckland Region,Motorway ramp,1-way,Sealed,,0,1,,100,,Null,0,0,,76,Auckland,Unknown,,,,,0,0,Open,1,,,Fine,Null
1751648,5935060,145134,,508701,0,,0,1,,West,2016/2017,GILLS ROAD,POINT RIDGE AVENUE,,Serious Crash,No,2016,,East,,0,,Hill Road,,,,,,Bright sun,178501,0,0,1,2,,,0,,,,,,Auckland Region,Nil,2-way,Sealed,,0,1,,50,,Null,0,0,30,76,Auckland,Unknown,,,,,0,0,Urban,0,,,Fine,Null
1758350,5918455,145209,,517400,0,,0,1,,Null,2015/2016,KINGDON ST,SHORT ST,,Serious Crash,No,2016,,West,,0,,Flat,,,,,,Overcast,451000,0,0,0,2,,,0,,,1,,,Auckland Region,Nil,2-way,Sealed,,0,1,,50,,Null,0,0,30,76,Auckland,Nil,,,,,0,0,Urban,0,,,Fine,Null
1769629,5901731,145215,,523814,0,0,0,1,0,South,2015/2016,SH 1N,HILL OBR,,Serious Crash,Yes,2016,0,South,0,0,0,Hill Road,0,,0,,0,Dark,759507,1,0,0,3,0,0,0,0,0,1,0,0,Auckland Region,Nil,1-way,Sealed,0,0,1,0,100,0,On,0,0,,76,Auckland,Unknown,0,0,0,0,0,0,Open,0,1,0,Light rain,Null
1765009,5914901,145239,,520301,0,,0,2,,Null,2016/2017,JELLICOE ROAD,PLEASANT VIEW ROAD,,Serious Crash,No,2016,,West,,0,,Flat,,,,,,Overcast,628002,1,0,0,3,,,0,,,,,,Auckland Region,Nil,2-way,Sealed,,0,1,,50,,Null,0,0,,76,Auckland,Give way,,,,,0,0,Urban,0,,,Light rain,Strong wind
1773468,5895859,145258,,525510,0,,0,1,,Null,2015/2016,MARNE ROAD,SETTLEMENT ROAD,,Serious Crash,No,2016,,East,,0,,Flat,,,,,,Overcast,801101,0,0,1,1,,,0,,,,,,Auckland Region,Nil,2-way,Sealed,,0,1,,50,,Null,0,0,,76,Auckland,Give way,,,,,0,0,Urban,0,,,Fine,Null
1758913,5879570,145260,,521152,0,,0,0,,West,2015/2016,WAIUKU ROAD,GLENBROOK STATION ROAD,,Serious Crash,No,2015,,South,,0,,Flat,,,,,,Bright sun,832800,0,0,1,2,,,0,,,,,,Auckland Region,Nil,2-way,Sealed,,0,1,,100,,Null,0,0,,76,Auckland,Unknown,,,,,0,0,Open,0,,,Fine,Null
1752891,5926423,145268,,508220,0,0,0,1,0,East,2015/2016,Z DWAY 14 MERRILL PLACE,ESKDALE ROAD,,Serious Crash,No,2015,0,South,0,0,1,Hill Road,0,,0,,0,Dark,188700,0,0,0,1,0,0,0,0,0,,0,0,Auckland Region,Nil,Off road,Sealed,0,0,1,0,20,0,On,0,0,,76,Auckland,Unknown,0,0,0,0,0,0,Urban,0,0,0,Fine,Null
1752418,5944049,145347,,506003,0,0,0,1,0,West,2016/2017,DUCK CREEK ROAD,MESSENGER ROAD,,Serious Crash,No,2016,0,West,0,0,0,Hill Road,0,,0,,1,Overcast,175806,2,0,0,2,0,0,0,0,0,,0,0,Auckland Region,Nil,2-way,Sealed,0,0,1,0,80,0,None,1,0,,76,Auckland,Unknown,0,0,0,0,0,0,Open,0,0,0,Light rain,Null
1767111,5905524,145374,,524603,0,,0,3,,Null,2016/2017,GREAT SOUTH ROAD,REAGAN ROAD,,Serious Crash,No,2016,,West,,0,,Flat,,,,,,Bright sun,780205,1,0,0,6,,,0,,,,,,Auckland Region,Nil,2-way,Sealed,,0,1,,50,,Null,0,0,,76,Auckland,Traffic Signals,,,,,0,0,Urban,0,,,Fine,Null
1747157,5919163,145402,,512402,0,,0,1,,North,2016/2017,JAEMONT AVENUE,SUNRISE LANE,,Serious Crash,No,2016,,North,,0,,Flat,,,,,,Overcast,254200,0,0,0,2,,,0,,,1,,,Auckland Region,Nil,2-way,Sealed,,0,1,,50,,Null,0,0,,76,Auckland,Unknown,,,,,0,0,Urban,0,,,Fine,Null
1823818,5978722,145412,,521000,0,0,0,0,0,North,2016/2017,SHOAL BAY ROAD,MULBERRY GROVE ROAD,,Serious Crash,No,2016,0,North,0,0,1,Hill Road,0,Labour Weekend,0,,0,Dark,439307,0,0,0,0,0,0,0,0,0,,0,0,Auckland Region,Bridge,2-way,Sealed,0,0,1,0,100,0,None,1,0,,76,Auckland,Unknown,0,0,0,0,0,0,Open,0,0,0,Fine,Strong wind
1730646,5930728,145437,,506652,0,,0,2,,West,2015/2016,SH 16,WOODHILL PARK ROAD,,Serious Crash,Yes,2015,,West,,0,,Hill Road,,,,,,Bright sun,218000,7,0,0,2,,,0,,,,,,Auckland Region,Nil,2-way,Sealed,,0,4,,100,,Null,0,0,,76,Auckland,Unknown,,,,,0,0,Open,1,,,Fine,Null
1743286,5926759,145524,,513410,0,0,0,1,0,West,2015/2016,BRIGHAM CREEK ROAD,MAMARI ROAD,,Serious Crash,No,2015,0,West,0,0,1,Flat,0,,0,,0,Overcast,223200,0,0,0,2,0,0,0,0,0,,0,1,Auckland Region,Nil,2-way,Sealed,0,0,1,0,80,0,Null,0,0,,76,Auckland,Unknown,0,0,0,0,0,0,Open,0,0,0,Fine,Null
1766620,5918057,145525,,517002,0,0,0,1,0,West,2014/2015,WEST TAMAKI ROAD,CROSSFIELD ROAD,,Serious Crash,No,2015,0,West,0,0,1,Flat,0,,0,,1,Dark,471501,0,0,0,2,0,0,0,0,0,,0,0,Auckland Region,Nil,2-way,Sealed,0,0,1,0,50,0,On,0,0,,76,Auckland,Unknown,0,0,0,1,0,0,Urban,0,0,0,Fine,Null
1765328,5908143,145612,,523404,0,0,0,0,1,West,2015/2016,BAIRDS ROAD,WYMONDLEY ROAD,,Serious Crash,No,2016,0,West,0,0,0,Flat,0,,0,,1,Dark,696801,1,0,0,2,0,0,0,0,0,,0,0,Auckland Region,Nil,2-way,Sealed,0,0,1,0,50,0,On,0,0,,76,Auckland,Unknown,0,0,0,0,1,0,Urban,0,0,0,Fine,Null
1743257,5919331,145692,,513212,0,,0,1,,North,2015/2016,BAHARI DRIVE,FROSTBITE PLACE,,Serious Crash,No,2016,,North,,0,,Flat,,,,,,Dark,235721,0,0,0,2,,,0,,,,,,Auckland Region,Nil,2-way,Sealed,,0,1,,50,,On,0,0,,76,Auckland,Nil,,,,,0,0,Urban,0,,,Fine,Null
1774154,5903022,145792,,525201,0,0,0,0,0,East,2015/2016,BROOKBY ROAD,ALFRISTON ROAD,,Serious Crash,No,2015,0,East,0,0,1,Flat,0,,0,,0,Overcast,762301,0,0,0,2,0,0,0,0,0,,0,0,Auckland Region,Nil,2-way,Sealed,0,0,1,0,100,0,None,0,0,,76,Auckland,Nil,0,0,0,0,0,0,Open,1,0,0,Fine,Null
1767238,5905918,145886,,522302,0,,0,2,,Null,2014/2015,CASPAR ROAD,ESPERANTO ROAD,,Serious Crash,No,2015,,North,,0,,Flat,,,,,,Dark,670400,0,0,0,2,,,0,,,,,,Auckland Region,Nil,2-way,Sealed,,0,1,,50,,On,0,0,,76,Auckland,Give way,,,,,0,0,Urban,0,,,Light rain,Null
1756738,5921181,145895,,514101,1,,0,1,,Null,2015/2016,HALSEY ST,MADDEN ST,,Serious Crash,No,2015,,North,,0,,Flat,,,,,,Bright sun,432400,0,0,0,2,,,0,,,,,,Auckland Region,Nil,2-way,Sealed,,0,1,,50,,Off,0,0,,76,Auckland,Give way,,,,,0,0,Urban,0,,,Fine,Null
1740720,5911374,145920,,512902,0,0,0,1,0,South,2014/2015,WEST COAST ROAD,CASCADE AVENUE,,Serious Crash,No,2015,0,South,0,0,0,Hill Road,0,Easter,0,,0,Dark,279201,0,0,0,2,0,0,0,0,0,,0,0,Auckland Region,Nil,2-way,Sealed,0,0,2,0,70,0,None,0,0,,76,Auckland,Nil,0,0,0,1,0,0,Urban,0,0,0,Fine,Null
1773179,5896437,145941,,525630,1,,0,1,,Null,2015/2016,CLEVEDON ROAD,WILLIS ROAD,,Serious Crash,No,2015,,West,,0,,Flat,,,,,,Twilight,794600,0,0,0,2,,,0,,,,,,Auckland Region,Nil,2-way,Sealed,,0,1,,50,,On,0,0,,76,Auckland,Give way,,,,,0,0,Urban,0,,,Fine,Null
1757057,5917862,146044,,518101,0,0,0,2,0,Null,2016/2017,MOUNT EDEN ROAD,NORMANBY ROAD,,Serious Crash,No,2016,0,South,0,0,0,Flat,0,,0,,0,Bright sun,543100,1,0,0,2,0,0,0,0,0,,0,0,Auckland Region,Nil,2-way,Sealed,0,0,1,0,50,0,Off,0,0,,76,Auckland,Give way,1,0,0,0,0,0,Urban,0,0,0,Fine,Null