X,Y,OBJECTID,advisorySpeed,areaUnitID,bicycle,bridge,bus,carStationWagon,cliffBank,crashDirectionDescription,crashFinancialYear,crashLocation1,crashLocation2,crashRoadSideRoad,crashSeverity,crashSHDescription,crashYear,debris,directionRoleDescription,ditch,fatalCount,fence,flatHill,guardRail,holiday,houseOrBuilding,intersection,kerb,light,meshblockId,minorInjuryCount,moped,motorcycle,NumberOfLanes,objectThrownOrDropped,otherObject,otherVehicleType,overBank,parkedVehicle,pedestrian,phoneBoxEtc,postOrPole,region,roadCharacter,roadLane,roadSurface,roadworks,schoolBus,seriousInjuryCount,slipOrFlood,speedLimit,strayAnimal,streetLight,suv,taxi,temporarySpeedLimit,tlaId,tlaName,trafficControl,trafficIsland,trafficSign,train,tree,truck,unknownVehicleType,urban,vanOrUtility,vehicle,waterRiver,weatherA,weatherB
1741545,5943709,146069,,506614,0,,0,1,,East,2015/2016,KAHIKATEA FLAT ROAD,HULL ROAD,,Fatal Crash,No,2016,,East,,1,,Flat,,,,,,Dark,177600,1,0,0,2,,,0,,,,,,Auckland Region,Nil,2-way,Sealed,,0,0,,100,,On,0,0,,76,Auckland,Unknown,,,,,1,0,Open,0,,,Light rain,Null
1739121,5903702,146160,,513800,0,0,0,1,0,South,2014/2015,HUIA ROAD,HUIA DAM ROAD,,Serious Crash,No,2015,0,South,0,0,0,Hill Road,0,,0,,0,Dark,303400,1,0,0,2,0,0,0,0,0,,0,0,Auckland Region,Nil,2-way,Sealed,0,0,1,0,70,0,None,0,0,,76,Auckland,Unknown,0,0,0,1,0,0,Urban,0,0,0,Fine,Null
1767946,5906946,146230,,523711,0,0,0,1,0,North,2016/2017,PRESTON ROAD,FERGUSON ROAD,,Serious Crash,No,2016,0,North,0,0,1,Flat,0,,0,,0,Dark,714100,1,0,0,2,0,0,0,0,0,,0,0,Auckland Region,Nil,2-way,Sealed,0,0,1,0,50,0,On,0,0,,76,Auckland,Traffic Signals,0,1,0,0,0,0,Urban,0,0,0,Fine,Null
1767255,5879726,146238,,521112,0,,0,1,,Null,2016/2017,ROWLES ROAD,WAIUKU ROAD,,Serious Crash,No,2016,,North,,0,,Flat,,,,,,Dark,825900,1,0,0,2,,,0,,,,,,Auckland Region,Nil,2-way,Sealed,,0,3,,100,,None,0,0,,76,Auckland,Give way,,,,,0,0,Open,1,,,Fine,Null
1739301,5977677,146307,,506660,0,0,0,0,1,South,2016/2017,SH 1N,HOTEO RIV BR,,Serious Crash,Yes,2016,0,South,0,0,0,Flat,0,Christmas New Year,0,,0,Overcast,136700,0,0,0,2,0,0,0,0,0,,0,0,Auckland Region,Nil,2-way,Sealed,0,0,1,0,100,0,None,0,0,,76,Auckland,Unknown,0,0,0,0,1,0,Open,0,0,0,Fine,Null
1751579,5914776,146310,,514402,0,,1,1,,Null,2016/2017,BLOCKHOUSE BAY ROAD,CHALMERS ST,,Serious Crash,No,2016,,South,,0,,Flat,,,,,,Overcast,380503,0,0,0,2,,,0,,,,,,Auckland Region,Nil,2-way,Sealed,,0,1,,50,,Off,0,0,,76,Auckland,Stop,,,,,0,0,Urban,0,,,Light rain,Null
1768918,5906299,146464,,523711,0,,0,1,,South,2016/2017,Z DRIVEWAY,BELINDA AVENUE,,Serious Crash,No,2016,,East,,0,,Flat,,,,,,Overcast,713007,0,0,0,0,,,0,,,1,,,Auckland Region,Nil,Off road,Sealed,,0,1,,50,,Null,0,0,,76,Auckland,Unknown,,,,,0,0,Urban,0,,,Fine,Null
1781604,5916563,146481,,523300,0,,0,0,,Null,2015/2016,MARAETAI DRIVE,TE PENE ROAD,,Serious Crash,No,2016,,East,,0,,Hill Road,,,,,,Overcast,719901,0,0,1,2,,,0,,,,,,Auckland Region,Nil,2-way,Sealed,,0,1,,50,,Null,0,0,,76,Auckland,Give way,,,,,0,0,Urban,1,,,Fine,Null
1757575,5919779,146525,,514103,0,0,0,0,0,Null,2016/2017,MOUNT ST,SYMONDS ST,,Serious Crash,No,2017,0,East,0,0,0,Hill Road,0,,0,,0,Dark,436904,0,0,0,2,0,0,0,0,0,,0,1,Auckland Region,Nil,2-way,Sealed,0,0,1,0,50,0,On,0,0,,76,Auckland,Give way,0,0,0,0,0,0,Urban,1,0,0,Light rain,Null
1750837,5915590,146548,,514802,0,,0,0,,Null,2016/2017,ROSEBANK ROAD,ASH ST,,Serious Crash,No,2016,,West,,0,,Flat,,,,,,Dark,386600,0,0,1,2,,,0,,,,,,Auckland Region,Nil,2-way,Sealed,,0,1,,50,,On,0,0,,76,Auckland,Traffic Signals,,,,,1,0,Urban,0,,,Light rain,Null
1753157,5928764,146676,,508412,0,,0,2,,Null,2016/2017,MANUKA ROAD,EASTON PARK PARADE,,Serious Crash,No,2016,,West,,0,,Flat,,,,,,Dark,184400,0,0,0,2,,,0,,,,,,Auckland Region,Nil,2-way,Sealed,,0,1,,50,,On,0,0,,76,Auckland,Traffic Signals,,,,,0,0,Urban,0,,,Fine,Null
1768140,5902615,146708,,524602,0,,0,0,,North,2015/2016,GREAT SOUTH ROAD,COSTAR PLACE,,Serious Crash,No,2015,,South,,0,,Flat,,,,,,Bright sun,780407,0,0,0,4,,,0,,,1,,,Auckland Region,Nil,2-way,Sealed,,0,1,,60,,Null,0,0,,76,Auckland,Unknown,,,,,1,0,Urban,0,,,Fine,Null
1774150,5897219,146729,,525610,0,,0,2,,Null,2016/2017,CLEVEDON ROAD,COSGRAVE ROAD,,Serious Crash,No,2016,,East,,0,,Flat,,,,,,Overcast,796500,3,0,0,2,,,0,,,,,,Auckland Region,Nil,2-way,Sealed,,0,1,,50,,Null,0,0,,76,Auckland,Stop,,,,,0,0,Urban,0,,,Fine,Null
1753517,5919560,146754,,515100,0,,0,1,,West,2015/2016,GARNET ROAD,CUMBERLAND AVENUE,,Serious Crash,No,2015,,North,,0,,Flat,,,,,,Bright sun,397800,0,0,0,2,,,0,,,1,,,Auckland Region,Nil,2-way,Sealed,,0,1,,50,,Null,0,0,,76,Auckland,Unknown,,,,,0,0,Urban,0,,,Null,Null
1756835,5919834,146844,,514102,0,,1,0,,North,2014/2015,VINCENT ST,PITT ST,,Serious Crash,No,2015,,North,,0,,Hill Road,,,,,,Dark,435100,0,0,0,2,,,0,,,1,,,Auckland Region,Nil,2-way,Sealed,,0,1,,50,,On,0,0,,76,Auckland,Unknown,,,,,0,0,Urban,0,,,Fine,Null
1747398,5913695,146916,,511100,1,,0,1,,Null,2016/2017,WEST COAST ROAD,BOWERS ROAD,,Serious Crash,No,2016,,West,,0,,Hill Road,,,,,,Bright sun,286200,0,0,0,4,,,0,,,,,,Auckland Region,Nil,2-way,Sealed,,0,1,,50,,Null,0,0,,76,Auckland,Traffic Signals,,,,,0,0,Urban,0,,,Fine,Strong wind
1771962,5911627,147519,,523114,0,0,0,1,0,South,2014/2015,POINT VIEW DRIVE,WHITFORD ROAD,,Serious Crash,No,2015,0,North,0,0,0,Hill Road,0,,0,,0,Dark,718004,1,0,0,2,0,0,0,0,0,,0,1,Auckland Region,Nil,2-way,Sealed,0,0,1,0,50,0,On,0,0,,76,Auckland,Nil,0,0,0,0,0,0,Urban,0,0,0,Fine,Null
1757095,5920181,147536,,514102,1,,0,1,,Null,2015/2016,MAYORAL DRIVE,MYERS ST,,Serious Crash,No,2015,,North,,0,,Hill Road,,,,,,Dark,434300,0,0,0,4,,,0,,,,,,Auckland Region,Nil,2-way,Sealed,,0,1,,50,,On,0,0,,76,Auckland,Nil,,,,,0,0,Urban,0,,,Fine,Null
1757399,5915816,147547,,515801,0,,0,1,,North,2015/2016,PARALLEL ACCESS,ST ANDREWS ROAD,,Serious Crash,No,2015,,South,,0,,Hill Road,,,,,,Bright sun,446801,0,0,0,1,,,0,,,1,,,Auckland Region,Nil,1-way,Sealed,,0,1,,50,,Off,0,0,,76,Auckland,Unknown,,,,,0,0,Urban,0,,,Fine,Null
1759437,5914185,147557,,519300,1,,0,1,,Null,2015/2016,CAMPBELL ROAD,RAWHITI ROAD,,Serious Crash,No,2015,,South,,0,,Flat,,,,,,Bright sun,623400,0,0,0,2,,,0,,,,,,Auckland Region,Nil,2-way,Sealed,,0,1,,50,,Null,0,0,,76,Auckland,Give way,,,,,0,0,Urban,0,,,Fine,Null
1751940,5918997,147640,,515002,0,,0,1,,Null,2015/2016,POINT CHEVALIER ROAD,TARGET ST,,Serious Crash,No,2015,,East,,0,,Null,,,,,,Bright sun,395700,0,0,0,2,,,0,,,1,,,Auckland Region,Nil,2-way,Sealed,,0,1,,50,,Null,0,0,,76,Auckland,Stop,,,,,0,0,Urban,0,,,Fine,Null
1756870,5917787,147720,,518101,0,,0,1,,North,2014/2015,ESPLANADE ROAD,VIEW ROAD,,Serious Crash,No,2015,,North,,0,,Flat,,,,,,Bright sun,543200,0,0,0,2,,,0,,,1,,,Auckland Region,Nil,2-way,Sealed,,0,1,,50,,Null,0,0,,76,Auckland,Unknown,,,,,0,0,Urban,0,,,Fine,Null
1774963,5896992,147768,,525610,0,0,0,2,0,North,2015/2016,DOMINION ROAD,ELSIE MORTON PLACE,,Serious Crash,No,2015,0,South,0,0,0,Flat,0,,0,,0,Dark,799700,1,0,0,2,0,0,0,0,1,3,0,0,Auckland Region,Nil,2-way,Sealed,0,0,5,0,50,0,On,0,0,,76,Auckland,Unknown,0,0,0,0,0,0,Urban,0,0,0,Fine,Null
1762074,5907823,147776,,524530,0,0,0,1,0,West,2015/2016,FERGUSON ST,CHADWICK CRESCENT,,Serious Crash,No,2016,0,East,0,0,0,Flat,0,Queens Birthday,0,,0,Overcast,733201,2,0,0,2,0,0,0,0,0,,0,0,Auckland Region,Nil,2-way,Sealed,0,0,2,0,50,0,Off,0,0,,76,Auckland,Unknown,0,0,0,1,0,0,Urban,0,0,0,Fine,Null
1758003,5920615,147904,,514103,1,,0,1,,Null,2016/2017,ANZAC AVENUE,SHORT ST,,Serious Crash,No,2016,,North,,0,,Hill Road,,,,,,Bright sun,438402,0,0,0,4,,,0,,,,,,Auckland Region,Nil,2-way,Sealed,,0,1,,50,,None,0,0,,76,Auckland,Give way,,,,,0,0,Urban,0,,,Fine,Null
1800995,5904023,147926,,525202,0,,0,1,,East,2015/2016,ORERE-MATINGARAHI ROAD,DEERYS ROAD,,Serious Crash,No,2015,,East,,0,,Hill Road,,,,,,Overcast,765300,0,0,0,2,,,0,,,,,,Auckland Region,Nil,2-way,Sealed,,0,3,,100,,None,0,0,,76,Auckland,Unknown,,,,,0,0,Open,0,,,Heavy rain,Null
1751462,5950303,147955,,505805,0,,0,1,,Null,2015/2016,HIBISCUS COAST HIGHWAY,WEST HOE ROAD,,Serious Crash,No,2015,,North,,0,,Flat,,,,,,Overcast,171601,2,0,0,6,,,0,,,,,,Auckland Region,Nil,2-way,Sealed,,0,2,,50,,Null,1,0,,76,Auckland,Traffic Signals,,,,,0,0,Urban,0,,,Fine,Null
1760586,5907041,148147,,524112,0,,0,1,,West,2016/2017,BADER DRIVE,ASHGROVE ROAD,,Serious Crash,No,2016,,West,,0,,Flat,,,,,,Dark,742101,0,0,0,2,,,0,,,1,,,Auckland Region,Nil,1-way,Sealed,,0,1,,50,,On,0,0,,76,Auckland,Unknown,,,,,0,0,Urban,0,,,Fine,Null
1753273,5912784,148149,,518901,0,,0,0,,North,2016/2017,WHITE SWAN ROAD,KIMBER HALL AVENUE,,Serious Crash,No,2016,,North,,0,,Hill Road,,,,,,Twilight,585000,0,0,0,2,,,0,,,1,,,Auckland Region,Nil,2-way,Sealed,,0,1,,50,,On,1,0,,76,Auckland,Unknown,,,,,0,0,Urban,0,,,Fine,Null
1734980,5929967,148218,,505605,0,,1,2,,Null,2015/2016,SH 16,FOSTER ROAD,,Serious Crash,Yes,2016,,West,,0,,Flat,,,,,,Overcast,216102,1,0,0,2,,,0,,,,,,Auckland Region,Nil,2-way,Sealed,,1,2,,100,,Null,0,0,,76,Auckland,Give way,,,,,0,0,Open,0,,,Mist or Fog,Null
1776918,5898983,148362,45,523813,0,0,0,1,0,North,2015/2016,MULLINS ROAD,PAPAKURA-CLEVEDON ROAD,,Fatal Crash,No,2016,0,North,0,1,1,Flat,0,,0,,0,Dark,761500,0,0,0,2,0,0,0,0,0,,0,0,Auckland Region,Nil,2-way,Sealed,0,0,0,0,100,0,None,0,0,30,76,Auckland,Unknown,0,0,0,0,0,0,Open,0,0,0,Fine,Null
1748350,5912862,148490,,511401,0,,0,1,,North,2016/2017,Z DWY TITIRANGI ROAD,OLD TITIRANGI ROAD,,Serious Crash,No,2016,,North,,0,,Flat,,Labour Weekend,,,,Twilight,262800,0,0,0,1,,,0,,,1,,,Auckland Region,Nil,Off road,Sealed,,0,1,,10,,None,0,0,,76,Auckland,Unknown,,,,,0,0,Urban,0,,,Fine,Null
1753784,5946577,148629,,505906,0,0,0,1,0,West,2016/2017,VIPOND ROAD,DUNCANSBY ROAD,,Serious Crash,No,2016,0,West,0,0,0,Hill Road,0,,0,,0,Dark,173201,0,0,0,2,0,0,0,0,1,,0,0,Auckland Region,Nil,2-way,Sealed,0,0,1,0,50,0,On,0,0,,76,Auckland,Unknown,0,0,0,1,0,0,Urban,1,0,0,Fine,Null
1748221,5915611,148635,,511700,0,0,0,0,1,East,2016/2017,ARONUI TERRACE,TAMARIKI AVENUE,,Fatal Crash,No,2016,0,East,0,1,0,Flat,0,,1,,0,Overcast,271000,0,0,0,2,0,0,0,1,0,,0,0,Auckland Region,Nil,2-way,Sealed,0,0,0,0,50,0,Off,0,0,,76,Auckland,Unknown,0,0,0,0,0,0,Urban,1,0,0,Fine,Null
1756041,5929442,148676,,508510,0,,0,0,,South,2015/2016,FORREST HILL ROAD,HAVELOCK AVENUE,,Serious Crash,No,2016,,North,,0,,Flat,,,,,,Bright sun,194700,0,0,0,3,,,0,,,1,,,Auckland Region,Nil,2-way,Sealed,,0,1,,50,,On,0,0,,76,Auckland,Traffic Signals,,,,,0,0,Urban,1,,,Fine,Null
1758416,5912383,148775,,519810,0,0,0,1,1,Null,2015/2016,QUADRANT ROAD,ARTHUR ST,,Serious Crash,No,2016,0,South,0,0,0,Hill Road,0,,0,,0,Overcast,598700,0,0,0,2,0,0,0,0,1,1,0,1,Auckland Region,Nil,2-way,Sealed,0,0,1,0,50,0,Null,0,0,,76,Auckland,Stop,0,0,0,0,0,0,Urban,1,0,0,Fine,Null
1762549,5878483,148795,,521121,0,,0,1,,West,2015/2016,WAIUKU ROAD,WALLER ROAD,,Serious Crash,No,2016,,East,,0,,Flat,,,,,,Dark,812202,0,0,0,2,,,0,,,,,,Auckland Region,Nil,2-way,Sealed,,0,1,,100,,On,0,0,,76,Auckland,Unknown,,,,,0,0,Open,0,,,Fine,Null
1767064,5910534,148929,,523112,0,,0,0,,Null,2015/2016,HIGHBROOK DRIVE,BUSINESS PARADE NORTH,,Serious Crash,No,2015,,East,,0,,Flat,,,,,,Overcast,711200,1,0,0,4,,,0,,,,,,Auckland Region,Nil,2-way,Sealed,,0,1,,70,,Null,0,0,,76,Auckland,Traffic Signals,,,,,2,0,Urban,0,,,Fine,Null
1767375,5904912,148950,,524603,0,,0,1,,West,2015/2016,CAVENDISH DRIVE,GREAT SOUTH ROAD,,Serious Crash,No,2015,,East,,0,,Flat,,,,,,Overcast,780205,0,0,1,4,,,0,,,,,,Auckland Region,Nil,2-way,Sealed,,0,1,,50,,Off,0,0,,76,Auckland,Unknown,,,,,0,0,Urban,0,,,Fine,Null
1766779,5901859,148963,,524720,0,0,0,1,0,Null,2016/2017,RUSSELL ROAD,BROWNS ROAD,,Serious Crash,No,2016,0,North,0,0,1,Flat,0,,0,,0,Dark,777800,0,0,0,2,0,1,0,1,0,,0,0,Auckland Region,Nil,2-way,Sealed,0,0,1,0,50,0,On,0,0,,76,Auckland,Traffic Signals,0,0,0,0,0,0,Urban,0,0,0,Fine,Null
1754333,5913485,149066,,518802,0,,0,1,,South,2014/2015,MAY ROAD,ROMA ROAD,,Serious Crash,No,2015,,South,,0,,Flat,,,,,,Bright sun,579300,0,0,0,2,,,0,,,1,,,Auckland Region,Nil,2-way,Sealed,,0,1,,50,,Null,0,0,,76,Auckland,Unknown,,,,,0,0,Urban,0,,,Fine,Null
1747481,5914715,149158,,511100,0,,0,2,,Null,2016/2017,GREAT NORTH ROAD,SABULITE ROAD,,Serious Crash,No,2016,,North,,0,,Hill Road,,,,,,Dark,284800,0,0,0,5,,,0,,,,,,Auckland Region,Nil,2-way,Sealed,,0,1,,50,,On,0,0,,76,Auckland,Traffic Signals,,,,,0,0,Urban,0,,,Fine,Null
1764814,5910278,149171,,521801,0,,0,0,,West,2015/2016,PRINCES ST,ALBERT ST,,Serious Crash,No,2016,,East,,0,,Flat,,,,,,Bright sun,787601,0,1,0,4,,,0,,,,,,Auckland Region,Nil,2-way,Sealed,,0,1,,50,,Off,0,0,,76,Auckland,Unknown,,,,,0,0,Urban,0,,,Fine,Null
1762293,5920700,149197,,516400,0,0,0,2,0,West,2016/2017,TAMAKI DRIVE,HAPIMANA ST,,Serious Crash,No,2016,0,East,0,0,0,Flat,0,,0,,0,Overcast,498700,0,0,0,2,0,0,0,0,1,,0,0,Auckland Region,Nil,2-way,Sealed,0,0,1,0,50,0,Null,0,0,,76,Auckland,Unknown,0,0,0,0,0,0,Urban,0,0,0,Fine,Null
1765609,5900815,149230,,524821,0,0,0,1,0,Null,2015/2016,MONCRIEFF AVENUE,IRIS PLACE,,Serious Crash,No,2016,0,West,0,0,1,Hill Road,0,,0,,0,Dark,774402,0,0,0,2,0,0,0,0,0,,0,0,Auckland Region,Nil,2-way,Sealed,0,0,1,0,50,0,On,0,0,,76,Auckland,Give way,0,0,0,1,0,0,Urban,0,0,0,Light rain,Null
1759008,5920533,149388,,514101,1,,0,1,,West,2015/2016,QUAY ST,SH 16,,Serious Crash,No,2016,,West,,0,,Flat,,Queens Birthday,,,,Bright sun,438214,0,0,0,5,,,0,,,,,,Auckland Region,Nil,2-way,Sealed,,0,1,,50,,Null,0,0,,76,Auckland,Give way,,,,,0,0,Urban,0,,,Null,Null
1769077,5906492,149499,,523712,0,0,0,1,0,Null,2016/2017,TE IRIRANGI DRIVE,WHETSTONE ROAD,,Serious Crash,No,2016,0,South,0,0,0,Flat,1,,0,,0,Bright sun,713012,0,0,0,4,0,0,0,0,0,,0,1,Auckland Region,Nil,2-way,Sealed,0,0,1,0,60,0,Null,0,0,,76,Auckland,Give way,0,0,0,0,0,0,Urban,0,0,0,Fine,Null
1770463,5904569,149501,,523820,0,,0,2,,Null,2015/2016,REDOUBT ROAD,MURPHYS ROAD,,Serious Crash,No,2016,,East,,0,,Hill Road,,,,,,Overcast,760000,0,0,0,3,,,0,,,,,,Auckland Region,Nil,2-way,Sealed,,0,1,,60,,Null,0,0,,76,Auckland,Give way,,,,,0,0,Urban,0,,,Light rain,Null
1759265,5906547,149530,,524200,0,,0,1,,Null,2016/2017,KIRKBRIDE ROAD,SH 20A,,Serious Crash,No,2016,,North,,0,,Flat,,,,,,Dark,726400,0,0,0,4,,,0,,,,,,Auckland Region,Motorway ramp,2-way,Sealed,,0,2,,100,,On,0,0,60,76,Auckland,Traffic Signals,,,,,1,0,Open,0,,,Light rain,Null
1789559,5908740,149562,55,525202,0,,0,1,,East,2016/2017,CLEVEDON-KAWAKAWA ROAD,TOWNSON ROAD,,Serious Crash,No,2016,,East,,0,,Flat,,,,,,Bright sun,764800,2,0,0,2,,,0,,,,,,Auckland Region,Nil,2-way,Sealed,,0,1,,80,,Null,0,0,,76,Auckland,Unknown,,,,,0,0,Open,1,,,Fine,Null
1771337,5895684,149578,,521201,0,,0,1,,North,2015/2016,SH 1N,BEACH OBR,,Serious Crash,Yes,2016,,North,,0,,Flat,,,,,,Bright sun,806604,0,0,1,3,,,0,,,,,,Auckland Region,Nil,1-way,Sealed,,0,1,,100,,Null,0,0,,76,Auckland,Unknown,,,,,0,0,Open,0,,,Fine,Null
1754392,5916821,149748,,517701,0,,0,2,,North,2015/2016,MORNINGSIDE DRIVE,ST LUKES ROAD,,Serious Crash,No,2016,,South,,0,,Flat,,,,,,Bright sun,536100,0,0,0,2,,,0,,,,,,Auckland Region,Nil,2-way,Sealed,,0,1,,50,,Null,0,0,,76,Auckland,Nil,,,,,0,0,Urban,0,,,Fine,Null
1772031,5898200,149757,,523912,0,,0,1,,North,2015/2016,PORCHESTER ROAD,SIRES PARKWAY,,Serious Crash,No,2016,,South,,0,,Flat,,,,,,Overcast,767400,1,0,0,2,,,0,,,,,,Auckland Region,Nil,2-way,Sealed,,0,1,,50,,Null,0,0,,76,Auckland,Unknown,,,,,0,0,Urban,1,,,Heavy rain,Null
1768066,5904191,149825,,523820,0,,0,2,,South,2016/2017,SH 1N,REDOUBT OBR,,Serious Crash,Yes,2016,,South,,0,,Hill Road,,,,,,Overcast,759901,1,0,0,3,,,0,,,,,,Auckland Region,Nil,1-way,Sealed,,0,1,,100,,Null,0,0,,76,Auckland,Unknown,,,,,0,0,Open,0,,,Fine,Null
1746271,5919188,149953,,512401,0,,0,1,,North,2015/2016,AMBERLEY AVENUE,QUIET ST,,Serious Crash,No,2015,,North,,0,,Flat,,,,,,Dark,253300,2,0,0,2,,,0,,,,,,Auckland Region,Nil,2-way,Sealed,,0,1,,50,,On,1,0,,76,Auckland,Unknown,,,,,0,0,Urban,0,,,Heavy rain,Strong wind
1763169,5886338,150003,,521122,0,,0,0,,Null,2016/2017,BATTY ROAD,GLENBROOK ROAD,,Serious Crash,No,2017,,South,,0,,Flat,,,,,,Dark,809900,0,0,0,2,,,0,,,,,,Auckland Region,Nil,2-way,Sealed,,0,1,,100,,On,0,0,,76,Auckland,Stop,,,,,0,0,Open,1,,,Fine,Null
1756154,5935451,150019,,507101,0,,0,0,,North,2016/2017,CLYDE ROAD,BUTE ROAD,,Serious Crash,No,2016,,South,,0,,Flat,,,,,,Dark,162300,0,0,1,2,,,0,,,,,,Auckland Region,Nil,2-way,Sealed,,0,1,,50,,Off,0,0,,76,Auckland,Unknown,,,,,0,0,Urban,0,,,Fine,Null
1763656,5917620,150159,,516302,0,,0,1,,East,2015/2016,ST JOHNS ROAD,IPSWICH PLACE,,Serious Crash,No,2015,,East,,0,,Flat,,,,,,Twilight,462601,0,0,0,2,,,0,,,1,,,Auckland Region,Nil,2-way,Sealed,,0,1,,50,,Off,0,0,,76,Auckland,Give way,,,,,0,0,Urban,0,,,Fine,Null
1773626,5898601,150412,,523912,0,,0,1,,Null,2016/2017,COSGRAVE ROAD,WALTERS ROAD,,Serious Crash,No,2016,,North,,0,,Flat,,,,,,Dark,765500,0,0,0,2,,,0,,,,,,Auckland Region,Nil,2-way,Sealed,,0,1,,80,,On,0,0,,76,Auckland,Stop,,,,,0,0,Open,1,,,Fine,Null
1740207,5918886,150480,,513102,0,,0,0,,Null,2016/2017,SWANSON ROAD,CHRISTIAN ROAD,,Serious Crash,No,2017,,East,,0,,Flat,,,,,,Bright sun,237502,0,0,1,2,,,0,,,,,,Auckland Region,Nil,2-way,Sealed,,0,2,,50,,Null,0,0,,76,Auckland,Nil,,,,,0,0,Urban,1,,,Fine,Null
1758059,5915122,150484,,519300,0,,0,1,,Null,2016/2017,MANUKAU ROAD,ONSLOW AVENUE,,Serious Crash,No,2017,,North,,0,,Flat,,,,,,Bright sun,623600,0,0,1,4,,,0,,,,,,Auckland Region,Nil,2-way,Sealed,,0,1,,50,,Null,0,0,,76,Auckland,Give way,,,,,0,0,Urban,0,,,Fine,Strong wind
1732727,5929652,150557,,505601,0,0,0,0,1,West,2016/2017,SH 16,SOLAN DRIVE,,Serious Crash,Yes,2016,0,West,0,0,0,Hill Road,0,,0,,0,Overcast,216202,0,0,0,2,0,0,0,0,0,,0,0,Auckland Region,Nil,2-way,Sealed,0,0,1,0,70,0,Null,0,0,,76,Auckland,Unknown,0,0,0,0,1,0,Urban,0,0,0,Light rain,Null
1765671,5906824,150603,,522301,0,0,0,2,0,North,2016/2017,GREAT SOUTH ROAD,HOTEO AVENUE,,Serious Crash,No,2016,0,North,0,0,1,Flat,0,,1,,0,Dark,666900,0,0,0,4,0,1,0,0,0,,0,0,Auckland Region,Nil,2-way,Sealed,0,0,1,0,50,0,On,0,0,40,76,Auckland,Unknown,0,0,0,0,0,0,Urban,0,0,0,Light rain,Null
1764428,5914898,150638,,520303,1,,0,1,,Null,2015/2016,ELLERSLIE-PANMURE HIGHWAY,MOUNT WELLINGTON HIGHWAY,,Serious Crash,No,2016,,East,,0,,Flat,,,,,,Overcast,627400,0,0,0,2,,,0,,,,,,Auckland Region,Nil,2-way,Sealed,,0,1,,50,,Null,0,0,,76,Auckland,Traffic Signals,,,,,0,0,Urban,0,,,Light rain,Null
1754877,5933147,150686,,507300,0,,0,1,,South,2016/2017,EAST COAST ROAD,ROSEDALE ROAD,,Serious Crash,No,2016,,South,,0,,Flat,,,,,,Bright sun,155901,0,0,0,4,,,0,,,1,,,Auckland Region,Nil,2-way,Sealed,,0,1,,50,,Null,0,0,,76,Auckland,Nil,,,,,0,0,Urban,0,,,Fine,Null
1751579,5914776,150714,,514402,0,,0,1,,Null,2016/2017,BLOCKHOUSE BAY ROAD,NEW WINDSOR ROAD,,Serious Crash,No,2017,,North,,0,,Flat,,,,,,Dark,380503,1,0,0,2,,,0,,,,,,Auckland Region,Nil,2-way,Sealed,,0,1,,50,,On,0,0,,76,Auckland,Stop,,,,,1,0,Urban,0,,,Light rain,Null
1753125,5934099,150814,,508701,0,,0,2,,South,2015/2016,SH 1N,OTEHA VALLEY OFF NBD,,Serious Crash,Yes,2015,,South,,0,,Hill Road,,,,,,Unknown,178900,2,0,0,3,,,0,,,,,,Auckland Region,Nil,1-way,Sealed,,0,2,,100,,Off,1,0,,76,Auckland,Nil,,,,,0,0,Open,1,,,Fine,Null
1761048,5915098,150820,,520201,0,0,0,2,0,North,2016/2017,SH 1N,MAIN OBR,,Serious Crash,Yes,2016,0,South,0,0,0,Hill Road,1,Christmas New Year,0,,0,Dark,613500,0,0,0,3,0,0,0,0,0,,0,0,Auckland Region,Nil,1-way,Sealed,0,0,3,0,100,0,On,0,0,,76,Auckland,Unknown,0,0,0,0,0,0,Open,0,0,0,Fine,Null
1767296,5904465,150933,,524604,0,,0,1,,East,2016/2017,SERVICE LANE,KARORO COURT,,Serious Crash,No,2017,,East,,0,,Flat,,,,,,Bright sun,780204,0,0,0,2,,,0,,,1,,,Auckland Region,Nil,2-way,Sealed,,0,1,,20,,None,0,0,,76,Auckland,Unknown,,,,,0,0,Urban,0,,,Fine,Null
1776127,5887560,150978,,521132,0,0,0,1,0,Null,2016/2017,ARARIMU ROAD,DAVIES ROAD,,Serious Crash,No,2017,0,West,1,0,0,Flat,0,,0,,0,Overcast,814304,0,0,0,2,0,0,0,0,0,,0,1,Auckland Region,Nil,2-way,Sealed,0,0,1,0,70,0,None,0,0,,76,Auckland,Stop,0,0,0,0,0,0,Urban,1,0,0,Light rain,Null
1749401,5913917,151163,,511302,0,,0,1,,West,2016/2017,GREAT NORTH ROAD,RATA ST,,Serious Crash,No,2017,,East,,0,,Flat,,,,,,Bright sun,268900,0,0,0,3,,,0,,,,,,Auckland Region,Nil,1-way,Sealed,,0,1,,50,,Null,1,0,,76,Auckland,Traffic Signals,,,,,0,0,Urban,0,,,Fine,Null