X,Y,OBJECTID,advisorySpeed,areaUnitID,bicycle,bridge,bus,carStationWagon,cliffBank,crashDirectionDescription,crashFinancialYear,crashLocation1,crashLocation2,crashRoadSideRoad,crashSeverity,crashSHDescription,crashYear,debris,directionRoleDescription,ditch,fatalCount,fence,flatHill,guardRail,holiday,houseOrBuilding,intersection,kerb,light,meshblockId,minorInjuryCount,moped,motorcycle,NumberOfLanes,objectThrownOrDropped,otherObject,otherVehicleType,overBank,parkedVehicle,pedestrian,phoneBoxEtc,postOrPole,region,roadCharacter,roadLane,roadSurface,roadworks,schoolBus,seriousInjuryCount,slipOrFlood,speedLimit,strayAnimal,streetLight,suv,taxi,temporarySpeedLimit,tlaId,tlaName,trafficControl,trafficIsland,trafficSign,train,tree,truck,unknownVehicleType,urban,vanOrUtility,vehicle,waterRiver,weatherA,weatherB
1753503,5916072,151304,,517903,0,,0,2,,South,2016/2017,MOUNT ALBERT ROAD,TOROA TERRACE,,Serious Crash,No,2016,,South,,0,,Flat,,,,,,Bright sun,522702,2,0,0,2,,,0,,,,,,Auckland Region,Nil,2-way,Sealed,,0,1,,50,,Null,0,0,,76,Auckland,Unknown,,,,,0,0,Urban,0,,,Fine,Null
1757035,5918411,151443,,518101,1,,0,1,,Null,2015/2016,MOUNT EDEN ROAD,BOSTON ROAD,,Serious Crash,No,2016,,North,,0,,Hill Road,,,,,,Overcast,542600,0,0,0,4,,,0,,,,,,Auckland Region,Nil,2-way,Sealed,,0,1,,50,,Null,0,0,,76,Auckland,Traffic Signals,,,,,0,0,Urban,0,,,Fine,Null
1749173,5943268,151526,,505806,0,0,0,1,0,South,2015/2016,EAST COAST ROAD,SPUR ROAD,,Serious Crash,No,2016,0,South,0,0,1,Flat,0,,0,,0,Dark,176802,0,0,0,2,0,0,0,0,0,,0,0,Auckland Region,Nil,2-way,Sealed,0,0,1,0,100,0,None,1,0,,76,Auckland,Nil,0,0,0,0,0,0,Open,1,0,0,Fine,Null
1770267,5900524,151614,,523816,0,0,0,2,0,North,2016/2017,LIMOND ST,BALLOCH ST,,Serious Crash,No,2017,0,South,0,0,0,Flat,0,,0,,0,Dark,759712,0,0,0,2,0,0,0,0,1,,0,0,Auckland Region,Nil,2-way,Sealed,0,0,1,0,50,0,On,0,0,,76,Auckland,Unknown,0,0,0,0,0,0,Urban,0,0,0,Fine,Null
1762320,5892313,151703,,521122,0,0,0,1,0,South,2016/2017,KIDD ROAD,CLARK ROAD,,Serious Crash,No,2017,0,North,0,0,1,Flat,0,,0,,0,Bright sun,809701,0,0,0,2,0,0,0,0,0,,0,1,Auckland Region,Nil,2-way,Sealed,0,0,1,0,100,0,Null,0,0,,76,Auckland,Unknown,0,0,0,1,0,0,Open,0,0,0,Fine,Null
1757689,5927328,152005,,508010,0,,0,1,,East,2016/2017,Z SCHOOL CPK,KILLARNEY ST,,Serious Crash,No,2016,,East,,0,,Flat,,,,,,Overcast,327300,0,0,0,,,,0,,,1,,,Auckland Region,Nil,Null,Sealed,,0,1,,50,,Null,0,0,,76,Auckland,Unknown,,,,,0,0,Urban,0,,,Heavy rain,Strong wind
1772281,5894232,152030,,525530,0,,0,0,,West,2016/2017,CHICHESTER DRIVE,GOODWIN DRIVE,,Serious Crash,No,2017,,West,,0,,Flat,,,,,,Overcast,804200,0,0,0,2,,,0,,,1,,,Auckland Region,Nil,2-way,Sealed,,0,1,,50,,Null,1,0,,76,Auckland,Unknown,,,,,0,0,Urban,0,,,Light rain,Null
1763066,5917156,152032,,516302,0,,0,1,,West,2016/2017,GRAND DRIVE,GERARD WAY,,Serious Crash,No,2017,,East,,0,,Hill Road,,,,,,Bright sun,463703,0,0,0,2,,,0,,,1,,,Auckland Region,Nil,2-way,Sealed,,0,1,,50,,Null,0,0,,76,Auckland,Unknown,,,,,0,0,Urban,0,,,Fine,Null
1755828,5918853,152106,,515500,0,,0,2,,East,2017/2018,GREAT NORTH ROAD,BRISBANE ST,,Serious Crash,No,2017,,West,,0,,Flat,,,,,,Bright sun,418700,0,0,0,4,,,0,,,,,,Auckland Region,Nil,2-way,Sealed,,0,1,,50,,Null,0,0,,76,Auckland,Unknown,,,,,0,0,Urban,0,,,Fine,Null
1767455,5904934,152107,,524604,0,,0,0,,East,2017/2018,TE IRIRANGI DRIVE,GREAT SOUTH ROAD,,Serious Crash,No,2017,,West,,0,,Flat,,,,,,Twilight,780302,0,0,0,2,,,0,,,1,,,Auckland Region,Nil,1-way,Sealed,,0,1,,50,,Off,0,0,30,76,Auckland,Traffic Signals,,,,,0,0,Urban,1,,,Light rain,Null
1734284,5959546,152155,,506613,0,,0,0,,East,2017/2018,WEST COAST ROAD,KOMOKORIKI HILL ROAD,,Serious Crash,No,2017,,East,,0,,Hill Road,,,,,,Bright sun,146400,0,0,1,2,,,0,,,,,,Auckland Region,Nil,2-way,Sealed,,0,1,,100,,Null,0,0,,76,Auckland,Unknown,,,,,0,0,Open,0,,,Fine,Null
1767718,5900997,152230,,524720,0,0,0,2,0,East,2017/2018,RUSSELL ROAD,KERRYDALE ROAD,,Serious Crash,No,2017,0,West,0,0,1,Flat,0,Labour Weekend,0,,0,Bright sun,777601,1,0,0,2,0,1,0,0,0,,0,0,Auckland Region,Nil,2-way,Sealed,0,0,2,0,50,0,Null,0,0,,76,Auckland,Nil,0,0,0,0,0,0,Urban,0,0,0,Fine,Strong wind
1749559,5932738,152420,,509000,0,,0,2,,Null,2016/2017,PAREMOREMO ROAD,GODLEY LANE,,Serious Crash,No,2017,,North,,0,,Flat,,,,,,Dark,179305,2,0,0,2,,,0,,,,,,Auckland Region,Nil,2-way,Sealed,,0,1,,80,,On,0,0,,76,Auckland,Give way,,,,,0,0,Open,0,,,Fine,Null
1720085,5937100,152456,,506642,0,,0,0,,North,2016/2017,Z BEACH,COAST ROAD,,Serious Crash,No,2017,,North,,0,,Flat,,,,,,Bright sun,210600,0,0,2,0,,,0,,,,,,Auckland Region,Nil,Off road,Unsealed,,0,2,,60,,Null,0,0,,76,Auckland,Unknown,,,,,0,0,Urban,0,,,Fine,Null
1749304,5970472,152514,,505500,0,,0,1,,East,2016/2017,ALNWICK ST,NEVILLE ST,,Serious Crash,No,2017,,East,,0,,Flat,,,,,,Overcast,140700,0,0,1,2,,,0,,,,,,Auckland Region,Nil,2-way,Sealed,,0,1,,50,,Off,0,0,,76,Auckland,Unknown,,,,,0,0,Urban,0,,,Light rain,Null
1764875,5903326,152585,,524604,0,,0,2,,Null,2017/2018,ROSCOMMON ROAD,VOGLER DRIVE,,Serious Crash,No,2017,,South,,0,,Flat,,Christmas New Year,,,,Dark,781302,1,0,0,3,,,0,,,,,,Auckland Region,Nil,1-way,Sealed,,0,1,,60,,On,0,0,,76,Auckland,Traffic Signals,,,,,0,0,Urban,0,,,Fine,Null
1743871,5912720,152609,,512902,0,0,0,1,0,South,2017/2018,CARTER ROAD,WEST COAST ROAD,,Serious Crash,No,2017,0,South,0,0,1,Flat,0,,0,,0,Bright sun,279600,0,0,0,2,0,0,0,0,0,,0,0,Auckland Region,Nil,2-way,Sealed,0,0,1,0,70,0,Null,0,0,,76,Auckland,Unknown,0,0,0,1,0,0,Urban,0,0,0,Fine,Null
1757761,5919611,152647,,514301,0,0,0,1,0,Null,2016/2017,GRAFTON ROAD,WELLESLEY ST BRIDGE,,Serious Crash,No,2017,0,South,0,0,0,Hill Road,0,,0,,0,Dark,440400,0,0,1,5,0,0,0,0,0,,0,0,Auckland Region,Nil,2-way,Sealed,0,0,1,0,50,0,On,0,0,,76,Auckland,Give way,0,0,0,1,0,0,Urban,0,0,0,Light rain,Null
1773490,5905392,152655,,523818,0,0,0,1,0,South,2016/2017,REDOUBT ROAD,UMBRIA LANE,,Serious Crash,No,2017,0,North,0,0,1,Flat,0,Christmas New Year,0,,0,Dark,717202,1,0,0,2,0,0,0,0,0,,0,0,Auckland Region,Nil,2-way,Sealed,0,0,1,0,60,0,None,0,0,,76,Auckland,Unknown,0,0,0,0,0,0,Urban,0,0,0,Fine,Null
1770458,5898824,152667,,523920,0,,0,0,,North,2016/2017,GREAT SOUTH ROAD,MARU ROAD,,Serious Crash,No,2017,,North,,0,,Flat,,,,,,Dark,768008,0,0,0,2,,,0,,,1,,,Auckland Region,Nil,2-way,Sealed,,0,1,,50,,Off,0,0,,76,Auckland,Unknown,,,,,0,0,Urban,1,,,Fine,Null
1765589,5887103,152775,,521122,0,,0,1,,East,2016/2017,GLENBROOK ROAD,OSTRICH ROAD,,Serious Crash,No,2017,,West,,0,,Flat,,,,,,Bright sun,809900,0,0,0,2,,,0,,,,,,Auckland Region,Nil,2-way,Sealed,,0,2,,100,,Null,0,0,,76,Auckland,Nil,,,,,1,0,Open,0,,,Fine,Null
1775914,5885312,152849,,521132,0,,0,1,,North,2017/2018,SH 1N,ST STEPHENS OBR,,Serious Crash,Yes,2017,,North,,0,,Flat,,,,,,Dark,814100,0,0,1,2,,,0,,,,,,Auckland Region,Nil,1-way,Sealed,,0,1,,100,,On,0,0,,76,Auckland,Unknown,,,,,0,0,Open,0,,,Fine,Null
1774036,5902848,152908,,525201,0,,0,0,,Null,2016/2017,ALFRISTON ROAD,ALFRISTON-ARDMORE ROAD,,Serious Crash,No,2017,,South,,0,,Flat,,,,,,Bright sun,762301,1,0,0,2,,,0,,,,,,Auckland Region,Nil,2-way,Sealed,,0,1,,100,,Null,0,0,,76,Auckland,Give way,,,,,2,0,Open,0,,,Fine,Null
1745304,5914927,152939,,512904,0,0,0,2,0,South,2016/2017,SEYMOUR ROAD,BENITA PLACE,,Serious Crash,No,2017,0,North,0,0,0,Flat,0,,0,,0,Dark,278201,0,0,0,2,0,0,0,0,1,,0,0,Auckland Region,Nil,2-way,Sealed,0,0,1,0,50,0,On,0,0,,76,Auckland,Unknown,0,0,0,0,0,0,Urban,0,0,0,Fine,Null
1767343,5888236,152961,,521122,0,,0,2,,East,2016/2017,SH 22,GLENBROOK ROAD,,Serious Crash,Yes,2017,,West,,0,,Flat,,,,,,Bright sun,810000,0,0,0,2,,,0,,,,,,Auckland Region,Nil,2-way,Sealed,,0,1,,100,,Null,0,0,,76,Auckland,Nil,,,,,0,0,Open,0,,,Fine,Null
1756395,5919081,152972,,514200,0,,0,1,,North,2016/2017,16 LINK 1 NBD,NEWTON OBR,,Serious Crash,Yes,2017,,South,,0,,Hill Road,,,,,,Dark,411800,0,0,0,2,,,0,,,,,,Auckland Region,Nil,1-way,Sealed,,0,1,,80,,On,0,0,,76,Auckland,Unknown,,,,,1,0,Open,0,,,Light rain,Null
1773941,5909459,152973,,523202,0,,0,0,,West,2016/2017,WHITFORD ROAD,WADES ROAD,,Serious Crash,No,2017,,East,,0,,Hill Road,,,,,,Twilight,717600,0,0,0,2,,,0,,,,,,Auckland Region,Nil,2-way,Sealed,,0,1,,80,,None,0,0,,76,Auckland,Unknown,,,,,0,0,Open,1,,,Fine,Null
1754586,5925711,152976,,508610,1,0,0,1,0,West,2016/2017,PUPUKE ROAD,LYDIA AVENUE,,Serious Crash,No,2017,0,East,0,0,0,Hill Road,0,,0,,0,Bright sun,207701,0,0,0,2,0,0,0,0,1,,0,0,Auckland Region,Nil,2-way,Sealed,0,0,1,0,50,0,Null,0,0,,76,Auckland,Unknown,0,0,0,0,0,0,Urban,0,0,0,Fine,Null
1760397,5907652,152988,,524510,0,,0,1,,South,2016/2017,SH 20,CENTRAL PARK FTBR,,Serious Crash,Yes,2017,,South,,0,,Flat,,,,,,Overcast,736900,0,0,1,2,,,0,,,,,,Auckland Region,Nil,1-way,Sealed,,0,1,,100,,Null,0,0,,76,Auckland,Unknown,,,,,0,0,Open,0,,,Fine,Null
1733317,5944936,153038,65,506646,0,,0,0,,Null,2016/2017,SH 16,CAROL LEON AVENUE,,Serious Crash,Yes,2017,,North,,0,,Hill Road,,,,,,Overcast,211503,0,0,0,2,,,0,,,,,,Auckland Region,Nil,2-way,Sealed,,0,1,,100,,Null,0,0,,76,Auckland,Stop,,,,,0,0,Open,1,,,Fine,Null
1747845,5914401,153050,,511100,0,,0,1,,West,2016/2017,GREAT NORTH ROAD,BRANDON ROAD,,Serious Crash,No,2017,,South,,0,,Flat,,,,,,Bright sun,285100,0,0,1,4,,,0,,,,,,Auckland Region,Nil,2-way,Sealed,,0,1,,50,,Null,0,0,,76,Auckland,Nil,,,,,0,0,Urban,0,,,Fine,Null
1761381,5913672,153267,,519500,0,,0,1,,East,2017/2018,WALLS ROAD,OLIVE ROAD,,Serious Crash,No,2017,,East,,0,,Flat,,,,,,Dark,620800,0,0,0,2,,,0,,,1,,,Auckland Region,Nil,2-way,Sealed,,0,1,,50,,On,0,0,,76,Auckland,Unknown,,,,,0,0,Urban,0,,,Fine,Null
1750464.72,5914506.286,153268,,511303,0,,0,1,,Null,2017/2018,GREAT NORTH ROAD,PORTAGE ROAD,,Serious Crash,No,2017,,East,,0,,Flat,,Labour Weekend,,,,Bright sun,265700,0,0,1,2,,,0,,,,,,Auckland Region,Nil,2-way,Sealed,,0,1,,50,,Null,0,0,,76,Auckland,Give way,,,,,0,0,Urban,0,,,Fine,Null
1755805,5944199,153269,,505909,0,,0,1,,East,2017/2018,WHANGAPARAOA ROAD,RED HIBISCUS ROAD,,Serious Crash,No,2017,,West,,0,,Hill Road,,,,,,Bright sun,174007,0,0,1,2,,,0,,,,,,Auckland Region,Nil,2-way,Sealed,,0,1,,50,,Null,0,0,,76,Auckland,Nil,,,,,0,0,Urban,0,,,Fine,Null
1760003,5913033,153301,,520000,0,,0,0,,Null,2016/2017,MOUNT SMART ROAD,CURZON ST,,Serious Crash,No,2017,,East,,0,,Flat,,,,,,Bright sun,605500,0,0,1,2,,,0,,,,,,Auckland Region,Nil,2-way,Sealed,,0,1,,50,,Null,0,0,,76,Auckland,Stop,,,,,1,0,Urban,0,,,Fine,Null
1740200,5928008,153367,,505604,0,,0,1,,East,2016/2017,SH 16,OLD RAILWAY ROAD,,Serious Crash,Yes,2017,,South,,0,,Flat,,,,,,Dark,214501,0,0,0,2,,,0,,,,,,Auckland Region,Nil,2-way,Sealed,,0,1,,80,,None,0,0,,76,Auckland,Unknown,,,,,1,0,Open,0,,,Fine,Null
1765049,5904844,153498,,522100,0,0,0,1,0,East,2017/2018,Z DWY BRIDGE ST,KENDERDINE ROAD,,Serious Crash,No,2017,0,North,0,0,0,Flat,0,,1,,0,Dark,659701,0,0,0,,0,0,0,0,0,1,0,0,Auckland Region,Nil,Off road,Unsealed,0,0,1,0,10,0,On,0,0,,76,Auckland,Unknown,0,0,0,0,0,0,Urban,0,0,0,Heavy rain,Strong wind
1768579,5901026,153504,,525001,0,,0,2,,Null,2017/2018,STATION ROAD,MAICH ROAD,,Serious Crash,No,2017,,East,,0,,Hill Road,,,,,,Bright sun,751500,1,0,0,2,,,0,,,1,,,Auckland Region,Nil,2-way,Sealed,,0,1,,50,,Null,0,0,,76,Auckland,Give way,,,,,0,0,Urban,0,,,Fine,Null
1755299,5918562,153507,,515500,0,,0,1,,Null,2016/2017,GREAT NORTH ROAD,HARCOURT ST,,Serious Crash,No,2017,,East,,0,,Flat,,,,,,Dark,418900,0,1,0,2,,,0,,,,,,Auckland Region,Nil,2-way,Sealed,,0,1,,50,,On,0,0,,76,Auckland,Give way,,,,,0,0,Urban,0,,,Fine,Null
1748088,5963943,153523,,506613,0,,0,1,,North,2017/2018,SH 1N,COWAN BAY ROAD,,Serious Crash,Yes,2017,,South,,0,,Hill Road,,,,,,Bright sun,146104,0,0,1,2,,,0,,,,,,Auckland Region,Nil,2-way,Sealed,,0,1,,100,,Null,0,0,,76,Auckland,Unknown,,,,,0,0,Open,0,,,Fine,Null
1767776,5904283,153545,,524602,0,,0,2,,Null,2017/2018,GREAT SOUTH ROAD,MANUKAU STATION ROAD,,Serious Crash,No,2017,,North,,0,,Flat,,,,,,Dark,780501,0,0,0,4,,,0,,,,,,Auckland Region,Nil,1-way,Sealed,,0,1,,50,,On,0,0,,76,Auckland,Traffic Signals,,,,,1,0,Urban,0,,,Fine,Null
1756332,5919338,153549,,514000,0,,0,2,,Null,2016/2017,HEREFORD ST,KARANGAHAPE ROAD,,Serious Crash,No,2017,,East,,0,,Hill Road,,,,,,Dark,413900,1,0,0,2,,,0,,,,,,Auckland Region,Nil,2-way,Sealed,,0,1,,50,,On,0,0,,76,Auckland,Stop,,,,,0,0,Urban,0,,,Fine,Null
1781858,5905125,153670,,525201,0,0,0,1,0,South,2016/2017,NORTH ROAD,NZ WOODZONE ENT,,Serious Crash,No,2017,0,South,0,0,1,Flat,1,,0,,0,Dark,762800,1,0,0,2,0,0,0,0,0,,0,0,Auckland Region,Bridge,2-way,Sealed,0,0,1,0,100,0,On,0,0,,76,Auckland,Unknown,0,0,0,0,0,0,Open,0,0,0,Fine,Null
1766404,5901007,153722,,524711,0,0,0,1,0,South,2017/2018,ARNWOOD ST,BURBANK AVENUE,,Serious Crash,No,2017,0,South,0,0,0,Flat,0,,0,,0,Dark,774702,0,0,0,2,0,0,0,0,0,,0,0,Auckland Region,Nil,2-way,Sealed,0,0,2,0,50,0,On,0,0,,76,Auckland,Unknown,0,0,0,1,0,0,Urban,0,0,0,Fine,Null
1773977,5895990,153744,,525620,0,0,0,1,0,Null,2017/2018,SETTLEMENT ROAD,HUNUA ROAD,,Serious Crash,No,2017,0,East,0,0,1,Flat,0,,0,,0,Overcast,798102,1,0,0,2,0,0,0,0,0,,0,1,Auckland Region,Nil,2-way,Sealed,0,0,1,0,50,0,Null,0,0,,76,Auckland,Give way,0,0,0,0,0,0,Urban,0,0,0,Fine,Null
1757211,5919352,153772,,514301,0,,0,0,,South,2017/2018,SYMONDS ON SBD,GRAFTON BRIDGE,,Serious Crash,Yes,2017,,South,,0,,Flat,,,,,,Bright sun,441200,0,0,0,1,,,0,,,1,,,Auckland Region,Motorway ramp,1-way,Sealed,,0,1,,50,,Null,0,0,,76,Auckland,Unknown,,,,,0,0,Urban,1,,,Fine,Null
1774175,5896345,153789,,525610,0,0,0,2,0,North,2016/2017,KELVIN ROAD,RESOLUTE WAY,,Serious Crash,No,2017,0,North,0,0,0,Flat,0,,0,,0,Dark,798803,0,0,0,2,0,0,0,0,1,,0,1,Auckland Region,Nil,2-way,Sealed,0,0,1,0,50,0,On,0,0,,76,Auckland,Unknown,0,0,0,0,0,0,Urban,0,0,0,Fine,Null
1771243,5903491,153796,55,523819,0,,0,0,,South,2017/2018,MILL ROAD,REDOUBT ROAD,,Serious Crash,No,2017,,South,,0,,Hill Road,,,,,,Overcast,760812,0,0,1,2,,,0,,,,,,Auckland Region,Nil,2-way,Sealed,,0,1,,80,,Null,0,0,,76,Auckland,Unknown,,,,,0,0,Open,0,,,Fine,Null
1772622,5893894,153823,,525530,1,,0,1,,North,2016/2017,GREAT SOUTH ROAD,GATLAND ROAD,,Serious Crash,No,2017,,North,,0,,Hill Road,,,,,,Bright sun,808606,0,0,0,2,,,0,,,,,,Auckland Region,Nil,2-way,Sealed,,0,1,,50,,Null,0,0,,76,Auckland,Unknown,,,,,0,0,Urban,0,,,Fine,Null
1765815,5915542,153942,,520601,0,0,0,1,0,West,2016/2017,ORAN ROAD,TRENT ROAD,,Serious Crash,No,2017,0,North,0,0,1,Flat,0,,0,,0,Dark,634000,0,0,0,2,0,0,0,0,0,,0,0,Auckland Region,Nil,2-way,Sealed,0,0,1,0,50,0,On,0,0,,76,Auckland,Unknown,0,0,0,0,0,0,Urban,0,0,0,Light rain,Null
1768953,5893144,154291,,521202,0,0,0,0,0,West,2016/2017,LINWOOD ROAD,WALTERS ROAD,,Serious Crash,No,2017,0,East,0,0,1,Hill Road,0,,0,,0,Dark,807000,0,0,0,2,0,0,0,0,0,,0,0,Auckland Region,Nil,2-way,Sealed,0,0,1,0,100,0,None,0,0,,76,Auckland,Unknown,0,0,0,0,0,0,Open,1,0,0,Fine,Null
1765886,5878541,154295,,521121,0,,0,1,,Null,2016/2017,WAIUKU ROAD,PATUMAHOE ROAD,,Serious Crash,No,2016,,South,,0,,Flat,,,,,,Bright sun,825000,0,0,0,2,,,0,,,,,,Auckland Region,Nil,2-way,Sealed,,0,2,,100,,Null,1,0,,76,Auckland,Stop,,,,,0,0,Open,0,,,Fine,Null
1755716,5916227,154407,,518301,1,,0,1,,Null,2016/2017,BALMORAL ROAD,DOMINION ROAD,,Serious Crash,No,2017,,East,,0,,Flat,,,,,,Bright sun,555100,0,0,0,3,,,0,,,,,,Auckland Region,Nil,1-way,Sealed,,0,1,,50,,Null,0,0,,76,Auckland,Traffic Signals,,,,,0,0,Urban,0,,,Fine,Null
1752777,5928716,154428,,508411,0,0,0,0,0,East,2016/2017,Z DRIVEWAY,CANTINA AVENUE,,Serious Crash,No,2016,0,North,0,0,1,Hill Road,0,,1,,0,Overcast,184906,0,0,0,,0,0,0,0,0,,0,0,Auckland Region,Nil,Off road,Sealed,0,0,1,0,50,0,Null,0,0,,76,Auckland,Unknown,0,0,0,0,0,0,Urban,1,0,0,Fine,Null
1750326,5915374,154489,,514802,0,0,0,2,0,North,2016/2017,WAIRAU AVENUE,ASH ST,,Serious Crash,No,2017,0,North,0,0,0,Flat,0,,0,,0,Bright sun,386904,0,0,0,2,0,0,0,0,1,,0,0,Auckland Region,Nil,2-way,Sealed,0,0,1,0,50,0,Null,0,0,,76,Auckland,Unknown,0,0,0,0,0,0,Urban,0,0,0,Fine,Null
1759891,5908764,154534,,524403,0,,0,2,,Null,2016/2017,WALMSLEY ROAD,WALMSLEY OFF SBD,,Serious Crash,No,2017,,West,,0,,Flat,,,,,,Dark,729800,2,0,0,2,,,0,,,,,,Auckland Region,Motorway ramp,1-way,Sealed,,0,2,,60,,On,0,0,,76,Auckland,Traffic Signals,,,,,0,0,Urban,0,,,Fine,Null
1763836,5912816,154580,,520500,0,,0,0,,Null,2016/2017,MOUNT WELLINGTON HIGHWAY,SILVIA PARK ACCESSWAY,,Serious Crash,No,2016,,North,,0,,Flat,,,,,,Bright sun,637400,0,0,0,4,,,0,,,1,,,Auckland Region,Nil,2-way,Sealed,,0,1,,50,,Null,1,0,,76,Auckland,Traffic Signals,,,,,0,0,Urban,0,,,Fine,Null
1755927,5931263,154581,,508520,0,0,0,1,0,South,2017/2018,SUNNYNOOK ROAD,EAST COAST ROAD,,Serious Crash,No,2017,0,North,0,0,0,Flat,0,,0,,0,Overcast,190100,0,0,0,2,0,0,0,0,1,,0,0,Auckland Region,Nil,2-way,Sealed,0,0,1,0,50,0,Null,0,0,,76,Auckland,Unknown,0,0,0,0,1,0,Urban,0,0,0,Light rain,Null
1737823,5897916,154617,,521151,0,,0,1,,North,2017/2018,MANUKAU HEADS ROAD,LIGHTHOUSE ROAD,,Serious Crash,No,2017,,South,,0,,Hill Road,,,,,,Overcast,829300,0,0,1,2,,,0,,,,,,Auckland Region,Nil,2-way,Sealed,,0,1,,100,,None,0,0,,76,Auckland,Nil,,,,,0,0,Open,0,,,Light rain,Strong wind
1781110,5925610,154702,,520801,0,,0,1,,South,2017/2018,DONALD BRUCE ROAD,ALISON ROAD,,Serious Crash,No,2017,,South,,0,,Flat,,,,,,Bright sun,516705,0,1,0,2,,,0,,,,,,Auckland Region,Nil,2-way,Sealed,,0,1,,50,,Null,0,0,,76,Auckland,Nil,,,,,0,0,Urban,0,,,Fine,Null
1735941,5910093,154706,,513800,0,0,0,1,0,Null,2016/2017,ANAWHATA ROAD,PIHA ROAD,,Serious Crash,No,2017,0,West,0,0,0,Hill Road,0,,0,,0,Bright sun,281902,1,0,0,2,0,0,0,0,0,,0,0,Auckland Region,Nil,2-way,Sealed,0,0,1,0,70,0,Null,0,0,,76,Auckland,Nil,0,0,0,1,0,0,Urban,0,0,0,Fine,Null
1767268,5904836,154729,,524604,0,,0,0,,East,2016/2017,CAVENDISH DRIVE,FREEMAN WAY,,Serious Crash,No,2017,,West,,0,,Flat,,Easter,,,,Bright sun,780209,2,0,0,2,,,0,,,,,,Auckland Region,Nil,1-way,Sealed,,0,2,,60,,Null,1,0,,76,Auckland,Unknown,,,,,1,0,Urban,0,,,Fine,Null
1765342,5900190,154836,,524822,0,,0,2,,Null,2017/2018,FINLAYSON AVENUE,BELLVILLE DRIVE,,Serious Crash,No,2017,,South,,0,,Flat,,,,,,Dark,774450,0,0,0,2,,,0,,,,,,Auckland Region,Nil,2-way,Sealed,,0,2,,50,,On,0,0,,76,Auckland,Nil,,,,,0,0,Urban,0,,,Fine,Null
1743042,5975964,154883,,506661,0,,0,1,,East,2016/2017,SH 1N,CROWTHER ROAD,,Fatal Crash,Yes,2017,,West,,1,,Flat,,,,,,Dark,139000,1,0,0,2,,,0,,,,,,Auckland Region,Nil,2-way,Sealed,,0,0,,80,,None,0,0,,76,Auckland,Unknown,,,,,0,0,Open,1,,,Fine,Null
1771374,5895608,155065,,525540,0,,0,1,,North,2017/2018,SH 1N,PAPAKURA OFF SBD,,Serious Crash,Yes,2017,,South,,0,,Flat,,,,,,Dark,806402,1,0,0,2,,,0,,,,,,Auckland Region,Nil,1-way,Sealed,,0,1,,100,,On,0,0,80,76,Auckland,Unknown,,,,,0,0,Open,0,,,Fine,Null
1769094,5914372,155075,,522721,0,,0,1,,Null,2017/2018,PAKURANGA ROAD,BELLS ROAD,,Serious Crash,No,2017,,West,,0,,Flat,,,,,,Bright sun,681211,0,0,1,6,,,0,,,,,,Auckland Region,Nil,2-way,Sealed,,0,1,,60,,Null,0,0,,76,Auckland,Give way,,,,,0,0,Urban,0,,,Fine,Null
1748195,5914060,155120,,511100,1,,0,1,,West,2017/2018,GREAT NORTH ROAD,WEST COAST ROAD,,Serious Crash,No,2017,,South,,0,,Hill Road,,,,,,Overcast,285800,0,0,0,2,,,0,,,,,,Auckland Region,Nil,1-way,Sealed,,0,1,,50,,Null,0,0,,76,Auckland,Nil,,,,,0,0,Urban,0,,,Fine,Null
1757711,5919577,155276,,514301,0,,0,0,,North,2017/2018,GRAFTON ON SBD,PORT LINK SBD,,Serious Crash,Yes,2017,,West,,0,,Hill Road,,,,,,Overcast,440400,0,0,1,1,,,0,,,,,,Auckland Region,Motorway ramp,1-way,Sealed,,0,1,,50,,Null,0,0,,76,Auckland,Unknown,,,,,0,0,Urban,0,,,Fine,Null
1753158,5912379,155289,,518902,0,,0,1,,North,2017/2018,HILLSBOROUGH ROAD,COMMODORE DRIVE,,Serious Crash,No,2017,,West,,0,,Flat,,,,,,Bright sun,586700,0,0,1,2,,,0,,,,,,Auckland Region,Nil,2-way,Sealed,,0,1,,50,,Null,0,0,,76,Auckland,Nil,,,,,0,0,Urban,0,,,Fine,Null
1762819,5918934,155328,,516400,0,0,0,2,0,East,2017/2018,KEPA ROAD,KURAHAUPO ST,,Fatal Crash,No,2017,0,East,0,1,0,Flat,0,,0,,0,Bright sun,497800,1,0,0,2,0,0,0,0,1,,0,0,Auckland Region,Nil,2-way,Sealed,0,0,0,0,50,0,Null,0,0,,76,Auckland,Unknown,0,0,0,0,0,0,Urban,0,0,0,Fine,Null
1759533,5888610,155330,,521122,0,,1,1,,East,2016/2017,KINGSEAT ROAD,MCKENZIE ROAD,,Serious Crash,No,2017,,South,,0,,Flat,,,,,,Dark,810901,0,0,0,2,,,0,,,,,,Auckland Region,Nil,2-way,Sealed,,0,1,,100,,None,0,0,,76,Auckland,Unknown,,,,,0,0,Open,0,,,Heavy rain,Strong wind