X,Y,OBJECTID,advisorySpeed,areaUnitID,bicycle,bridge,bus,carStationWagon,cliffBank,crashDirectionDescription,crashFinancialYear,crashLocation1,crashLocation2,crashRoadSideRoad,crashSeverity,crashSHDescription,crashYear,debris,directionRoleDescription,ditch,fatalCount,fence,flatHill,guardRail,holiday,houseOrBuilding,intersection,kerb,light,meshblockId,minorInjuryCount,moped,motorcycle,NumberOfLanes,objectThrownOrDropped,otherObject,otherVehicleType,overBank,parkedVehicle,pedestrian,phoneBoxEtc,postOrPole,region,roadCharacter,roadLane,roadSurface,roadworks,schoolBus,seriousInjuryCount,slipOrFlood,speedLimit,strayAnimal,streetLight,suv,taxi,temporarySpeedLimit,tlaId,tlaName,trafficControl,trafficIsland,trafficSign,train,tree,truck,unknownVehicleType,urban,vanOrUtility,vehicle,waterRiver,weatherA,weatherB
1767064,5910534,155340,,523112,0,,0,1,,Null,2016/2017,BUSINESS PARADE SOUTH,HIGHBROOK DRIVE,,Serious Crash,No,2017,,North,,0,,Flat,,,,,,Overcast,711200,0,0,1,2,,,0,,,,,,Auckland Region,Nil,2-way,Sealed,,0,1,,70,,On,0,0,,76,Auckland,Traffic Signals,,,,,0,0,Urban,0,,,Fine,Null
1760725,5913585,155351,25,519900,0,0,0,1,0,North,2016/2017,Z DWY STATE AVENUE,TOROKINA PLACE,,Serious Crash,No,2017,0,North,0,0,0,Hill Road,0,,1,,0,Overcast,604600,0,0,0,1,0,0,0,0,0,,0,0,Auckland Region,Nil,1-way,Sealed,0,0,1,0,50,0,Null,0,0,40,76,Auckland,Unknown,0,0,0,1,0,0,Urban,0,0,0,Light rain,Strong wind
1729273,5943337,155457,,506646,0,,0,0,,West,2016/2017,SH 16,ABEL ROAD,,Serious Crash,Yes,2017,,South,,0,,Flat,,,,,,Overcast,211401,0,0,1,2,,,0,,,,,,Auckland Region,Nil,2-way,Sealed,,0,2,,100,,None,0,0,,76,Auckland,Unknown,,,,,0,0,Open,0,,,Fine,Strong wind
1753985.577,5918370.586,155555,,515431,0,0,0,0,0,West,2017/2018,GREAT NORTH ROAD,ST LUKES ROAD OFF RAMP,,Fatal Crash,No,2017,0,West,0,1,0,Flat,0,,0,,1,Overcast,405000,0,0,1,5,0,0,0,0,0,,0,0,Auckland Region,Nil,2-way,Sealed,0,0,0,0,50,0,Null,0,0,,76,Auckland,Unknown,0,1,0,0,0,0,Urban,0,0,0,Fine,Null
1773083,5913275,155728,,523102,0,,0,2,,Null,2016/2017,SOMERVILLE ROAD,SANDSPIT ROAD,,Serious Crash,No,2017,,North,,0,,Hill Road,,,,,,Dark,711035,0,0,0,2,,,0,,,,,,Auckland Region,Nil,2-way,Sealed,,0,1,,50,,On,0,0,,76,Auckland,Stop,,,,,0,0,Urban,0,,,Fine,Null
1745323,5920164,155782,,513301,0,,0,1,,North,2017/2018,LINCOLN ROAD,DAYTONA ROAD,,Serious Crash,No,2017,,South,,0,,Flat,,,,,,Bright sun,230302,0,0,1,2,,,0,,,,,,Auckland Region,Nil,2-way,Sealed,,0,2,,50,,Null,0,0,,76,Auckland,Nil,,,,,0,0,Urban,0,,,Fine,Null
1744743,5919818,155867,,513301,1,,0,1,,West,2017/2018,UNIVERSAL DRIVE,PENFOLD PLACE,,Serious Crash,No,2017,,East,,0,,Hill Road,,,,,,Bright sun,234401,0,0,0,2,,,0,,,,,,Auckland Region,Nil,2-way,Sealed,,0,1,,50,,Null,0,0,,76,Auckland,Unknown,,,,,0,0,Urban,0,,,Fine,Null
1746834,5942820,155892,,506300,0,0,0,1,1,South,2016/2017,DAIRY FLAT HIGHWAY,KAHIKATEA FLAT ROAD,,Serious Crash,No,2017,0,North,0,0,0,Flat,0,,0,,0,Bright sun,175903,0,0,0,2,0,0,0,0,0,,0,0,Auckland Region,Nil,2-way,Sealed,0,0,1,0,100,0,Null,1,0,,76,Auckland,Unknown,0,0,0,1,0,0,Open,0,0,0,Fine,Null
1753526,5945927,155981,,505906,0,,0,0,,North,2017/2018,WHANGAPARAOA ROAD,BLUE HERON RISE,,Serious Crash,No,2017,,South,,0,,Flat,,,,,,Overcast,173804,0,0,0,2,,,0,,,,,,Auckland Region,Nil,2-way,Sealed,,0,1,,60,,Null,0,0,,76,Auckland,Unknown,,,,,0,0,Urban,2,,,Fine,Strong wind
1765129,5917743,156020,,517001,0,0,0,0,0,Null,2017/2018,APIRANA AVENUE,EASTVIEW ROAD,,Fatal Crash,No,2017,0,North,0,1,0,Flat,0,,0,,1,Dark,470000,0,0,1,2,0,0,0,0,0,,0,0,Auckland Region,Nil,2-way,Sealed,0,0,0,0,50,0,On,0,0,,76,Auckland,Nil,0,0,0,1,0,0,Urban,0,0,0,Fine,Null
1782020,5927394,156122,,520801,0,,0,0,,East,2016/2017,CORY ROAD,HAURAKI ROAD,,Serious Crash,No,2017,,West,,0,,Hill Road,,,,,,Bright sun,515001,0,1,0,2,,,0,,,,,,Auckland Region,Nil,2-way,Sealed,,0,1,,50,,Null,0,0,,76,Auckland,Unknown,,,,,0,0,Urban,1,,,Fine,Null
1764383,5908757,156123,,521901,0,,0,1,,North,2016/2017,GREAT SOUTH ROAD,BEATTY ST,,Serious Crash,No,2017,,North,,0,,Flat,,,,,,Bright sun,785500,0,0,0,4,,,0,,,1,,,Auckland Region,Nil,2-way,Sealed,,0,1,,50,,Null,0,0,,76,Auckland,Unknown,,,,,0,0,Urban,0,,,Fine,Null
1768341,5908531,156276,,523711,0,0,0,1,0,Null,2017/2018,EAST TAMAKI ROAD,JOHNSTONES ROAD,,Serious Crash,No,2017,0,South,0,0,0,Flat,0,,0,,0,Dark,712303,0,0,0,5,0,0,0,0,0,,0,1,Auckland Region,Nil,2-way,Sealed,0,0,1,0,60,0,On,0,0,,76,Auckland,Traffic Signals,0,0,0,0,0,0,Urban,0,0,0,Fine,Null
1759671,5907897,156357,,524121,0,0,0,1,0,South,2016/2017,BADER DRIVE,ELMDON ST,,Serious Crash,No,2017,0,South,0,0,0,Flat,0,,0,,0,Bright sun,737302,0,0,0,2,0,0,0,0,0,,0,0,Auckland Region,Nil,2-way,Sealed,0,0,1,0,50,0,Null,0,0,30,76,Auckland,Unknown,0,0,0,1,0,0,Urban,0,0,0,Fine,Null
1758244,5916571,156511,,519200,1,,0,1,,Null,2016/2017,MANUKAU ROAD,EPSOM AVENUE,,Serious Crash,No,2017,,North,,0,,Flat,,,,,,Bright sun,614702,1,0,0,4,,,0,,,,,,Auckland Region,Nil,2-way,Sealed,,0,1,,50,,Null,0,0,,76,Auckland,Stop,,,,,0,0,Urban,0,,,Fine,Null
1764514,5908646,156736,,521802,0,0,0,1,0,Null,2018/2019,NELSON ST,GREAT SOUTH ROAD,,Serious Crash,No,2018,0,North,0,0,0,Hill Road,0,,0,,0,Dark,789600,0,0,0,4,0,0,0,0,0,,0,0,Auckland Region,Nil,2-way,Sealed,0,0,1,0,50,0,On,0,0,,76,Auckland,Traffic Signals,0,1,0,0,0,0,Urban,0,0,0,Fine,Null
1771760.776,5895203.167,156771,,525530,0,,0,0,,Null,2018/2019,BEACH RD (PAPAKURA),CHICHESTER RD,,Serious Crash,No,2019,,North,,0,,Hill Road,,,,,,Overcast,804901,0,0,1,4,,,0,,,,,,Auckland Region,Nil,2-way,Sealed,,0,1,,50,,Off,0,0,,76,Auckland,Traffic Signals,,,,,0,0,Urban,1,,,Light rain,Null
1755608,5915845,156872,,518301,0,0,0,3,0,Null,2018/2019,DOMINION ROAD,CARMEN AVENUE,,Serious Crash,No,2018,0,South,0,0,0,Flat,0,,0,,0,Bright sun,554000,1,0,0,2,0,0,0,0,0,,0,0,Auckland Region,Nil,2-way,Sealed,0,0,1,0,50,0,Null,0,0,,76,Auckland,Stop,1,0,0,0,0,0,Urban,0,0,0,Fine,Null
1755635,5919878,157029,,514000,0,,0,0,,Null,2017/2018,LINCOLN ST,PONSONBY ROAD,,Serious Crash,No,2018,,South,,0,,Hill Road,,,,,,Twilight,414900,0,0,0,2,,,0,,,1,,,Auckland Region,Nil,2-way,Sealed,,0,1,,50,,On,0,0,,76,Auckland,Give way,,,,,0,0,Urban,1,,,Fine,Null
1762745,5913815,157095,,520401,0,0,0,2,0,West,2018/2019,PENROSE ROAD,BAILEY ROAD,,Serious Crash,No,2018,0,East,0,0,0,Flat,0,,0,,0,Bright sun,644504,0,0,1,2,0,0,0,0,1,,0,0,Auckland Region,Nil,2-way,Sealed,0,0,2,0,50,0,Null,0,0,,76,Auckland,Unknown,0,0,0,0,0,0,Urban,0,0,0,Fine,Null
1763394,5907563,157167,,524301,0,0,0,3,0,West,2018/2019,GRAY AVENUE,EARLSWORTH ROAD,,Serious Crash,No,2018,0,East,0,0,0,Flat,0,,0,,0,Bright sun,747900,0,0,0,2,0,0,0,0,1,,0,0,Auckland Region,Nil,2-way,Sealed,0,0,1,0,50,0,Null,0,0,,76,Auckland,Give way,0,0,0,0,0,0,Urban,0,0,0,Fine,Null
1760452,5918688,157209,,516102,1,,0,1,,Null,2018/2019,SHORE ROAD,VICTORIA AVENUE,,Serious Crash,No,2018,,West,,0,,Hill Road,,,,,,Bright sun,483000,0,0,0,2,,,0,,,,,,Auckland Region,Nil,2-way,Sealed,,0,1,,50,,Null,0,0,,76,Auckland,Give way,,,,,0,0,Urban,0,,,Fine,Null
1743486,5919678,157232,,513622,1,,0,0,,North,2017/2018,DON BUCK ROAD,GLEN ROAD,,Serious Crash,No,2018,,South,,0,,Hill Road,,,,,,Bright sun,226902,0,0,0,2,,,0,,,,,,Auckland Region,Bridge,2-way,Sealed,,0,1,,50,,Null,0,0,,76,Auckland,Unknown,,,,,0,0,Urban,0,,,Fine,Null
1758569.892,5918883.95,157278,,515902,0,,0,1,,South,2017/2018,TITOKI STREET,MAUNSELL ROAD,,Serious Crash,No,2018,,East,,0,,Flat,,,,,,Bright sun,451400,0,0,0,2,,,0,,,1,,,Auckland Region,Nil,2-way,Sealed,,0,1,,30,,Null,0,0,,76,Auckland,Nil,,,,,0,0,Urban,0,,,Fine,Null
1750999,5878080,157352,75,521151,0,,0,1,,Null,2017/2018,AWHITU ROAD,TAHUNA PA ROAD,,Serious Crash,No,2018,,North,,0,,Hill Road,,Christmas New Year,,,,Overcast,831000,1,0,0,2,,,0,,,,,,Auckland Region,Nil,2-way,Sealed,,0,1,,100,,Null,0,0,,76,Auckland,Nil,,,,,0,0,Open,1,,,Light rain,Null
1769366,5907159,157353,,523712,0,,0,1,,Null,2017/2018,MICHAEL JONES DRIVE,RIECHELMANN COURT,,Serious Crash,No,2018,,North,,0,,Flat,,,,,,Bright sun,712805,0,0,0,2,,,0,,,1,,,Auckland Region,Nil,2-way,Sealed,,0,1,,50,,Null,0,0,,76,Auckland,Give way,,,,,0,0,Urban,0,,,Fine,Null
1743195,5983777,157508,,506660,0,0,0,1,1,North,2018/2019,WHANGARIPO VALLEY ROAD,MILLETT ROAD,,Serious Crash,No,2018,0,East,0,0,1,Hill Road,0,Christmas New Year,0,,0,Dark,136101,0,0,0,2,0,0,0,0,0,,0,0,Auckland Region,Nil,2-way,Sealed,0,0,1,0,100,0,None,0,0,,76,Auckland,Unknown,0,0,0,0,0,0,Open,0,0,0,Fine,Null
1757685.925,5920840.287,157701,,514103,0,,0,2,,West,2018/2019,CUSTOMS ST EAST,GORE STREET,,Serious Crash,No,2019,,East,,0,,Flat,,,,,,Bright sun,438104,0,0,0,6,,,0,,,1,,,Auckland Region,Nil,2-way,Sealed,,0,1,,50,,Off,0,1,,76,Auckland,Unknown,,,,,0,0,Urban,0,,,Fine,Null
1761340,5919330,157724,,516400,0,,0,0,,Null,2018/2019,NGAPIPI ROAD,NGAIWI ST,,Serious Crash,No,2018,,South,,0,,Flat,,,,,,Dark,497000,0,1,0,2,,,0,,,,,,Auckland Region,Nil,2-way,Sealed,,0,1,,50,,On,1,0,,76,Auckland,Stop,,,,,0,0,Urban,0,,,Fine,Null
1759929,5913865,157814,,519720,0,,0,2,,Null,2017/2018,RAWHITI ROAD,NGATIAWA ST,,Serious Crash,No,2018,,West,,0,,Hill Road,,,,,,Overcast,592600,0,0,0,2,,,0,,,,,,Auckland Region,Nil,2-way,Sealed,,0,1,,50,,Null,0,0,,76,Auckland,Stop,,,,,0,0,Urban,0,,,Heavy rain,Null
1757011.85,5918533.96,157872,,514301,1,,0,1,,South,2018/2019,MT EDEN RD,NIKAU ST,,Serious Crash,No,2019,,South,,0,,Hill Road,,,,,,Twilight,441800,0,0,0,4,,,0,,,,,,Auckland Region,Nil,2-way,Sealed,,0,1,,50,,Off,0,0,,76,Auckland,Unknown,,,,,0,0,Urban,0,,,Fine,Null
1751610,5917930,157969,,515001,1,,0,0,,East,2018/2019,WATERVIEW ON WBD,SH 16,,Serious Crash,Yes,2018,,West,,0,,Flat,,Labour Weekend,,,,Overcast,392200,0,0,0,1,,,0,,,1,,,Auckland Region,Nil,1-way,Sealed,,0,1,,100,,Null,0,0,,76,Auckland,Unknown,,,,,0,0,Open,0,,,Fine,Null
1757873,5918740,158032,,517400,0,,0,1,,Null,2018/2019,PARK ROAD,CARLTON GORE ROAD,,Serious Crash,No,2018,,North,,0,,Flat,,,,,,Bright sun,450000,0,1,0,3,,,0,,,,,,Auckland Region,Nil,2-way,Sealed,,0,1,,50,,Null,0,0,,76,Auckland,Traffic Signals,,,,,0,0,Urban,0,,,Fine,Null
1766967,5903715,158150,,524604,0,,0,2,,Null,2018/2019,LAMBIE DRIVE,WIRI STATION ROAD,,Serious Crash,No,2018,,South,,0,,Flat,,,,,,Bright sun,780210,0,0,0,4,,,0,,,,,,Auckland Region,Nil,2-way,Sealed,,0,1,,50,,Null,0,0,,76,Auckland,Traffic Signals,,,,,0,0,Urban,0,,,Fine,Null
1763833,5906571,158171,35,524303,0,0,0,0,0,Null,2018/2019,STATION ROAD,PORTAGE ROAD,,Serious Crash,No,2018,0,East,0,0,0,Hill Road,1,,0,,0,Bright sun,657300,0,0,1,2,0,0,0,0,0,,0,0,Auckland Region,Nil,2-way,Sealed,0,0,1,0,50,0,Null,0,0,,76,Auckland,Give way,0,0,0,0,0,0,Urban,0,0,0,Fine,Null
1763298.97,5909810.559,158224,,521901,0,0,1,2,0,North,2018/2019,SALEYARDS ROAD,RAILWAY LANE,,Serious Crash,No,2018,0,North,0,0,0,Flat,0,,0,,0,Bright sun,782700,0,0,0,2,0,0,1,0,1,,0,0,Auckland Region,Nil,2-way,Sealed,0,0,1,0,50,0,Off,0,0,,76,Auckland,Unknown,0,0,0,0,0,0,Urban,0,0,0,Fine,Null
1768686,5911162,158460,,523112,0,,0,1,,Null,2018/2019,TRUGOOD DRIVE,CRYERS ROAD,,Serious Crash,No,2018,,South,,0,,Flat,,,,,,Bright sun,711404,2,0,0,2,,,0,,,,,,Auckland Region,Nil,2-way,Sealed,,0,1,,50,,Null,0,0,,76,Auckland,Give way,,,,,1,0,Urban,0,,,Fine,Null
1768258.778,5904415.322,158551,,523820,0,,0,1,,West,2018/2019,REDOUBT RD (MANUKAU) (SW),DIORELLA DRIVE,,Serious Crash,No,2019,,West,,0,,Flat,,,,,,Dark,759901,0,0,0,3,,,0,,,,,,Auckland Region,Nil,2-way,Sealed,,0,1,,50,,On,1,0,,76,Auckland,Unknown,,,,,0,0,Urban,0,,,Fine,Null
1768321,5907706,158654,,523711,0,0,0,1,0,Null,2017/2018,ORMISTON ROAD,MURCHISON ROAD,,Serious Crash,No,2018,0,North,0,0,0,Flat,0,,0,,0,Overcast,712304,0,0,0,3,0,0,0,0,1,,0,0,Auckland Region,Nil,2-way,Sealed,0,0,2,0,50,0,Null,1,0,,76,Auckland,Give way,0,0,0,0,0,0,Urban,1,0,0,Fine,Null
1744664.177,5918612.27,158720,,513302,0,,0,1,,East,2018/2019,EDWARDS AVENUE,RATHGAR ROAD,,Serious Crash,No,2019,,West,,0,,Flat,,,,,,Overcast,231301,0,0,0,2,,,0,,,1,,,Auckland Region,Nil,2-way,Sealed,,0,1,,50,,Off,0,0,,76,Auckland,Unknown,,,,,0,0,Urban,0,,,Light rain,Null
1773289,5892330,158767,,521301,0,0,0,2,0,South,2018/2019,GREAT SOUTH ROAD,YOUNG CRESCENT,,Serious Crash,No,2018,0,North,0,0,1,Flat,0,,0,,0,Dark,808701,1,0,0,2,0,0,0,0,1,,0,1,Auckland Region,Nil,2-way,Sealed,0,0,1,0,50,0,On,0,0,,76,Auckland,Unknown,1,0,0,0,0,0,Urban,0,0,0,Fine,Null
1765004,5914668,158839,,520602,0,0,0,2,0,South,2017/2018,LAGOON DRIVE,QUEENS ROAD,,Serious Crash,No,2018,0,North,0,0,0,Hill Road,0,,0,,0,Bright sun,628700,1,0,0,4,0,0,0,0,1,,0,0,Auckland Region,Nil,2-way,Sealed,0,0,1,0,50,0,Null,0,0,,76,Auckland,Unknown,0,1,0,0,0,0,Urban,1,0,0,Fine,Null
1746720.384,5942035.299,158843,,506300,0,0,0,0,0,South,2018/2019,SH 17,HORSESHOE BUSH ROAD,,Serious Crash,No,2019,0,South,1,0,0,Flat,0,,0,,0,Bright sun,175903,1,0,2,2,0,0,0,0,0,,0,0,Auckland Region,Nil,2-way,Sealed,0,0,1,0,100,0,None,0,0,,76,Auckland,Unknown,0,0,0,0,0,0,Open,0,0,0,Fine,Null
1751386.621,5877295.344,158844,,521151,0,0,0,0,0,North,2018/2019,AWHITU ROAD,MARAE O REHIA ROAD,,Serious Crash,No,2018,0,North,0,0,0,Flat,0,,0,,0,Overcast,831200,0,0,0,2,0,0,0,0,0,,0,0,Auckland Region,Nil,2-way,Sealed,0,0,2,0,100,0,None,1,0,,76,Auckland,Unknown,0,0,0,1,0,0,Open,0,0,0,Light rain,Null
1744216,5921922,159016,,513512,1,,0,1,,Null,2018/2019,TRIANGLE ROAD,MAKORA ROAD,,Serious Crash,No,2018,,East,,0,,Hill Road,,Labour Weekend,,,,Bright sun,225702,0,0,0,2,,,0,,,,,,Auckland Region,Nil,2-way,Sealed,,0,1,,50,,Null,0,0,,76,Auckland,Give way,,,,,0,0,Urban,0,,,Fine,Null
1762039,5918891,159050,,516400,0,,0,1,,West,2017/2018,KEPA ROAD,NEHU ST,,Serious Crash,No,2018,,West,,0,,Hill Road,,,,,,Overcast,497700,0,0,0,2,,,0,,,,,,Auckland Region,Nil,2-way,Sealed,,0,1,,50,,Null,1,0,,76,Auckland,Unknown,,,,,0,0,Urban,0,,,Fine,Null
1757494.374,5920859.5,159104,,514101,0,,1,0,,South,2018/2019,QUEEN STREET,CUSTOMS STREET WEST,,Serious Crash,No,2019,,North,,0,,Flat,,,,,,Bright sun,432900,0,0,0,4,,,0,,,1,,,Auckland Region,Nil,2-way,Sealed,,0,1,,30,,Off,0,0,,76,Auckland,Unknown,,,,,0,0,Urban,0,,,Fine,Null
1763573.222,5919027.236,159201,,516500,0,0,0,0,0,East,2018/2019, KEPA ROAD,THATCHER STREET,,Serious Crash,No,2019,0,East,0,0,0,Flat,0,,0,,0,Overcast,503000,0,0,0,2,0,1,0,0,0,1,0,0,Auckland Region,Nil,2-way,Sealed,0,0,1,0,50,0,Off,1,0,,76,Auckland,Unknown,0,0,0,0,0,0,Urban,0,0,0,Fine,Null
1760718,5923219,159339,,509400,1,,0,1,,Null,2018/2019,ALBERT ROAD,DERBY STREET,,Serious Crash,No,2019,,East,,0,,Flat,,Christmas New Year,,,,Bright sun,333700,0,0,0,2,,,0,,,,,,Auckland Region,Nil,2-way,Sealed,,0,1,,50,,Null,0,0,,76,Auckland,Give way,,,,,0,0,Urban,0,,,Fine,Null
1747893,5965371,159391,,506613,0,,0,1,,North,2017/2018,SH 1N,BARKERS BR,,Serious Crash,Yes,2018,,North,,0,,Flat,,,,,,Overcast,146104,0,0,0,2,,,0,,,,,,Auckland Region,Nil,2-way,Sealed,,0,1,,100,,Null,0,0,,76,Auckland,Unknown,,,,,0,0,Open,3,,,Fine,Null
1767588,5909470,159442,55,523112,0,0,0,1,0,South,2018/2019,KERWYN AVENUE,LORIEN PLACE,,Serious Crash,No,2018,0,West,0,0,1,Flat,0,,0,,0,Dark,711600,0,0,0,2,0,0,0,0,0,,0,0,Auckland Region,Nil,2-way,Sealed,0,0,2,0,60,0,On,0,0,,76,Auckland,Unknown,0,0,0,0,0,0,Urban,0,0,0,Fine,Strong wind
1764783,5903705,159608,,524604,0,0,1,3,0,Null,2018/2019,CAVENDISH DRIVE,PUHINUI OFF NBD,,Serious Crash,No,2018,0,South,0,0,0,Flat,0,,0,,0,Dark,781200,2,0,0,3,0,0,0,0,0,,0,1,Auckland Region,Motorway ramp,1-way,Sealed,0,0,1,0,60,0,On,0,0,,76,Auckland,Traffic Signals,0,0,0,0,0,0,Urban,0,0,0,Fine,Null
1753893,5883076,159650,,521152,0,0,0,1,1,North,2018/2019,GLENBROOK BEACH ROAD,BROOKSIDE ROAD,,Serious Crash,No,2018,0,North,1,0,0,Hill Road,0,,0,,0,Dark,833701,0,0,0,2,0,0,0,0,0,,0,0,Auckland Region,Nil,2-way,Sealed,0,0,1,0,100,0,None,0,0,,76,Auckland,Unknown,0,0,0,0,0,0,Open,0,0,0,Fine,Null
1772389.706,5911744.585,159715,35,523202,0,1,0,0,0,South,2018/2019,WHITFORD ROAD,MAUNGAMAUNGAROA BR,,Serious Crash,No,2019,0,East,0,0,0,Hill Road,1,,0,,0,Bright sun,717502,0,0,0,2,0,0,0,0,0,,0,0,Auckland Region,Bridge,2-way,Sealed,0,0,1,0,80,0,Null,0,0,60,76,Auckland,Unknown,0,0,0,0,1,0,Open,0,0,1,Fine,Null
1750410.465,5914458.24,159717,,511303,1,,0,1,,Null,2018/2019,GREAT NORTH ROAD,STOCK STREET,,Serious Crash,No,2019,,North,,0,,Flat,,,,,,Bright sun,265700,0,0,0,4,,,0,,,,,,Auckland Region,Nil,2-way,Sealed,,0,1,,50,,Off,0,0,30,76,Auckland,Nil,,,,,0,0,Urban,0,,,Fine,Null
1768803,5900941,159742,,525001,0,,0,1,,South,2017/2018,GREAT SOUTH ROAD,HALVER ROAD,,Serious Crash,No,2018,,South,,0,,Flat,,,,,,Bright sun,751600,0,0,0,3,,,0,,,1,,,Auckland Region,Nil,2-way,Sealed,,0,1,,50,,Null,0,0,,76,Auckland,Unknown,,,,,0,0,Urban,0,,,Fine,Null
1766169.682,5906165.406,159843,,522202,0,0,0,1,0,East,2018/2019,GREAT SOUTH ROAD,WATSON PLACE,,Serious Crash,No,2019,0,North,0,0,0,Flat,0,,0,,0,Bright sun,665300,0,0,0,2,0,0,0,0,1,,0,0,Auckland Region,Nil,2-way,Sealed,0,0,1,0,50,0,Off,0,0,,76,Auckland,Unknown,0,0,0,0,0,0,Urban,2,0,0,Fine,Null
1734270,5931277,159882,45,505605,0,0,0,1,0,North,2018/2019,WAIKOUKOU VALLEY ROAD,TAYLOR ROAD,,Serious Crash,No,2018,0,South,0,0,1,Hill Road,0,,0,,0,Dark,215700,0,0,0,2,0,0,0,0,0,,0,1,Auckland Region,Nil,2-way,Sealed,0,0,1,0,100,0,None,0,0,,76,Auckland,Unknown,0,0,0,1,0,0,Open,0,0,0,Fine,Null
1764043.407,5877969.322,160048,,521121,0,,0,1,,Null,2018/2019,WAIUKU ROAD,ROGERS ROAD,,Serious Crash,No,2019,,West,,0,,Flat,,,,,,Bright sun,825201,3,0,0,2,,,1,,,,,,Auckland Region,Nil,2-way,Sealed,,0,1,,80,,Off,0,0,,76,Auckland,Give way,,,,,0,0,Open,0,,,Fine,Null
1753160.886,5970553.455,160067,,506631,0,,0,1,,Null,2018/2019,SANDSPIT ROAD,MAHURANGI EAST ROAD,,Serious Crash,No,2019,,South,,0,,Hill Road,,,,,,Bright sun,139501,2,0,0,2,,,1,,,,,,Auckland Region,Nil,2-way,Sealed,,0,1,,100,,Off,0,0,,76,Auckland,Give way,,,,,0,0,Open,0,,,Fine,Null
1756460.446,5936796.012,160100,,507000,0,,0,2,,South,2018/2019,BEACH ROAD,WAIAKE STREET,,Serious Crash,No,2019,,East,,0,,Flat,,,,,,Bright sun,164300,0,0,0,2,,,0,,,1,,,Auckland Region,Bridge,2-way,Sealed,,0,1,,50,,Off,0,0,,76,Auckland,Unknown,,,,,0,0,Urban,1,,,Fine,Null
1769797.061,5914571.614,160216,,522722,0,,0,1,,Null,2018/2019,AVIEMORE DRIVE,HIGHLAND PARK DRIVE,,Fatal Crash,No,2019,,North,,1,,Flat,,,,,,Bright sun,681324,0,0,0,2,,,0,,,1,,,Auckland Region,Nil,2-way,Sealed,,0,0,,50,,Off,0,0,,76,Auckland,Stop,,,,,0,0,Urban,0,,,Fine,Null
1754640.369,5916540.095,160309,,517701,0,0,0,2,0,Null,2018/2019,ST LUKES ROAD,KINGSWAY AVENUE,,Serious Crash,No,2019,0,East,0,0,0,Flat,0,,0,,0,Dark,536200,2,0,0,3,0,0,0,0,0,,0,0,Auckland Region,Nil,2-way,Sealed,0,0,1,0,50,0,On,0,0,,76,Auckland,Traffic Signals,0,1,0,0,0,0,Urban,0,0,0,Fine,Null
1769552.76,5903825.15,160614,,523820,0,,0,0,,South,2018/2019,GOODWOOD DRIVE,RIBBONWOOD CRESCENT,,Serious Crash,No,2019,,North,,0,,Flat,,,,,,Bright sun,760137,2,0,0,2,,,0,,,,,,Auckland Region,Nil,2-way,Sealed,,0,1,,50,,Off,1,0,,76,Auckland,Unknown,,,,,0,0,Urban,1,,,Fine,Null
1752840.915,5935234.91,160656,,508703,0,,0,3,,North,2018/2019,SH 1N,OTEHA VALLEY OBR,,Serious Crash,Yes,2018,,South,,0,,Flat,,,,,,Overcast,178509,0,0,1,3,,,0,,,,,,Auckland Region,Nil,1-way,Sealed,,0,1,,100,,Off,0,0,,76,Auckland,Unknown,,,,,0,0,Open,0,,,Fine,Null
1767170.881,5906304.333,160711,,522302,0,,0,1,,Null,2018/2019,TUI ROAD,PEMBROKE STREET,,Serious Crash,No,2019,,West,,0,,Flat,,,,,,Bright sun,670200,0,0,1,2,,,0,,,,,,Auckland Region,Nil,2-way,Sealed,,0,1,,50,,Off,0,0,40,76,Auckland,Give way,,,,,0,0,Urban,0,,,Fine,Null
1752613.359,5885298.48,160785,,521152,0,,0,0,,South,2018/2019,GLENBROOK BEACH RD,DUNSMUIR ROAD,,Serious Crash,No,2019,,North,,0,,Flat,,,,,,Dark,833800,0,0,1,2,,,0,,,,,,Auckland Region,Nil,2-way,Sealed,,0,1,,100,,None,0,0,,76,Auckland,Unknown,,,,,0,0,Open,0,,,Fine,Null
1761449.632,5920138.51,160946,,516400,0,0,0,1,0,East,2018/2019,"TAMAKI DRIVE, ORAKEI",POKANOA POINT ENT,,Serious Crash,No,2019,0,East,0,0,0,Flat,0,,0,,0,Overcast,496600,0,0,0,4,0,0,0,0,0,,0,1,Auckland Region,Nil,2-way,Sealed,0,0,1,0,50,0,Off,0,0,,76,Auckland,Unknown,0,0,0,0,0,0,Urban,0,0,0,Fine,Null
1736836.603,5981815.798,160978,,505300,0,,0,0,,North,2018/2019,01N-0346,DAVIES ROAD,,Serious Crash,Yes,2019,,South,,0,,Hill Road,,,,,,Bright sun,143600,0,0,0,2,,,0,,,1,,,Auckland Region,Nil,2-way,Sealed,,0,1,,50,,Off,0,0,,76,Auckland,Unknown,,,,,0,0,Urban,1,,,Fine,Null
1755573,5918670,161125,,515500,1,,0,1,,West,2018/2019,GREAT NORTH ROAD,BEACONSFIELD ST,,Serious Crash,No,2018,,West,,0,,Hill Road,,Labour Weekend,,,,Bright sun,418100,0,0,0,4,,,0,,,,,,Auckland Region,Nil,2-way,Sealed,,0,1,,50,,Null,0,0,,76,Auckland,Nil,,,,,0,0,Urban,0,,,Fine,Null