X,Y,OBJECTID,advisorySpeed,areaUnitID,bicycle,bridge,bus,carStationWagon,cliffBank,crashDirectionDescription,crashFinancialYear,crashLocation1,crashLocation2,crashRoadSideRoad,crashSeverity,crashSHDescription,crashYear,debris,directionRoleDescription,ditch,fatalCount,fence,flatHill,guardRail,holiday,houseOrBuilding,intersection,kerb,light,meshblockId,minorInjuryCount,moped,motorcycle,NumberOfLanes,objectThrownOrDropped,otherObject,otherVehicleType,overBank,parkedVehicle,pedestrian,phoneBoxEtc,postOrPole,region,roadCharacter,roadLane,roadSurface,roadworks,schoolBus,seriousInjuryCount,slipOrFlood,speedLimit,strayAnimal,streetLight,suv,taxi,temporarySpeedLimit,tlaId,tlaName,trafficControl,trafficIsland,trafficSign,train,tree,truck,unknownVehicleType,urban,vanOrUtility,vehicle,waterRiver,weatherA,weatherB
1758528,5910047,161171,,524002,0,0,0,2,0,East,2017/2018,CHURCH ROAD,TAINUI TERRACE,,Serious Crash,No,2018,0,West,0,0,0,Flat,0,,0,,0,Bright sun,721600,0,0,0,2,0,0,0,0,1,,0,0,Auckland Region,Nil,2-way,Sealed,0,0,1,0,50,0,Null,0,0,,76,Auckland,Unknown,0,0,0,0,0,0,Urban,0,0,0,Fine,Null
1770505.417,5894807.54,161372,,521201,0,0,0,1,0,Null,2019/2020,HINGAIA ROAD,KUHANUI DRIVE,,Serious Crash,No,2020,0,East,0,0,2,Flat,0,,0,,0,Overcast,806602,3,0,0,2,0,0,0,0,0,,0,0,Auckland Region,Nil,2-way,Sealed,0,0,1,0,70,0,Off,0,0,30,76,Auckland,Give way,0,0,0,0,0,0,Urban,1,0,0,Light rain,Null
1756122.706,5937268.295,161386,,506903,0,,0,0,,East,2019/2020,KILLARNEY AVE,SEALY ROAD,,Serious Crash,No,2019,,North,,0,,Hill Road,,,,,,Bright sun,168300,0,0,0,2,,,0,,,,,,Auckland Region,Nil,2-way,Sealed,,0,1,,50,,Off,0,0,,76,Auckland,Unknown,,,,,1,0,Urban,0,,,Fine,Null
1768460.833,5905436.065,161393,,523721,0,,0,3,,Null,2019/2020,OTHELLO DRIVE,BOUNDARY ROAD,,Serious Crash,No,2019,,South,,0,,Flat,,,,,,Dark,715618,1,0,0,2,,,0,,,,,,Auckland Region,Nil,2-way,Sealed,,0,1,,50,,On,0,0,,76,Auckland,Give way,,,,,0,0,Urban,0,,,Fine,Null
1751556.741,5970314.027,161401,,506661,0,0,0,0,1,West,2018/2019,SANDSPIT ROAD,HAMILTON ROAD,,Fatal Crash,No,2019,0,East,0,1,1,Flat,0,,0,,0,Dark,139400,1,0,0,2,0,0,0,0,0,,0,0,Auckland Region,Nil,2-way,Sealed,0,0,0,0,100,0,None,0,0,,76,Auckland,Unknown,0,0,0,0,1,0,Open,1,0,0,Light rain,Null
1753553.006,5928891.334,161410,,508411,0,0,0,1,0,South,2018/2019,GLENFIELD ROAD,JAMES STREET,,Serious Crash,No,2019,0,North,0,0,1,Flat,0,,0,,0,Dark,184300,1,0,0,4,0,0,0,0,0,,0,0,Auckland Region,Nil,2-way,Sealed,0,0,1,0,50,0,On,0,0,,76,Auckland,Nil,0,0,0,0,0,0,Urban,0,0,0,Fine,Null
1750972.251,5927067.605,161423,,510010,0,,0,1,,Null,2019/2020,BEACH HAVEN ROAD,PARAGON AVENUE,,Serious Crash,No,2019,,East,,0,,Flat,,,,,,Dark,342801,1,0,1,2,,,0,,,,,,Auckland Region,Nil,2-way,Sealed,,0,1,,50,,On,0,0,,76,Auckland,Nil,,,,,0,0,Urban,0,,,Fine,Null
1769340.437,5901686.089,161461,,524901,0,0,0,1,0,West,2018/2019,HILL RD (MANUREWA),HILLCREST GROVE,,Fatal Crash,No,2019,0,West,0,1,0,Flat,0,Queens Birthday,0,,0,Dark,756800,0,0,0,2,0,0,0,0,0,,0,0,Auckland Region,Nil,2-way,Sealed,0,0,0,0,50,0,On,0,0,,76,Auckland,Unknown,0,0,0,1,0,0,Urban,0,0,0,Fine,Null
1769197.335,5882272.209,161517,,525910,0,,0,2,,Null,2019/2020,CAPE HILL ROAD,REYNOLDS ROAD,,Serious Crash,No,2020,,South,,0,,Hill Road,,,,,,Overcast,816526,0,0,0,2,,,0,,,,,,Auckland Region,Nil,2-way,Sealed,,0,1,,50,,Off,0,0,,76,Auckland,Give way,,,,,0,0,Urban,0,,,Light rain,Null
1768756.367,5908528.563,161544,,523113,0,,0,1,,Null,2018/2019,OFF ROAD ACCESSWAY,,,Serious Crash,No,2019,,West,,0,,Flat,,,,,,Dark,711901,0,0,0,0,,,0,,,,,,Auckland Region,Nil,Off road,Sealed,,0,1,,,,None,0,0,,76,Auckland,Nil,,,,,0,0,Urban,0,,,Fine,Null
1757014.457,5925857.788,161595,,509702,0,0,1,1,0,Null,2019/2020,ESMONDE ROAD,ESMONDE ROAD OFF RAMP,,Serious Crash,No,2019,0,West,0,0,0,Flat,0,Christmas New Year,0,,0,Twilight,364602,0,0,0,2,0,0,0,0,0,,0,0,Auckland Region,Overpass,2-way,Sealed,0,0,1,0,50,0,Off,0,0,,76,Auckland,Traffic Signals,0,1,0,0,0,0,Urban,0,0,0,Fine,Null
1756433.832,5919881.594,161645,,514000,0,0,0,1,0,Null,2019/2020,OFF ROAD CAR PARK,,,Serious Crash,No,2020,0,West,0,0,0,Flat,0,Christmas New Year,0,,0,Bright sun,413300,0,0,0,,0,0,0,0,1,1,0,0,Auckland Region,Nil,Off road,Sealed,0,0,1,0,50,0,Off,0,0,,76,Auckland,Unknown,0,0,0,0,0,0,Urban,1,0,0,Fine,Null
1756788.338,5927408.48,161696,,507900,0,,0,1,,South,2019/2020,TAHAROTO RD,NORTHCOTE ROAD,,Serious Crash,No,2019,,North,,0,,Flat,,,,,,Bright sun,303502,0,0,0,5,,,0,,,1,,,Auckland Region,Nil,2-way,Sealed,,0,1,,50,,Off,0,0,,76,Auckland,Unknown,,,,,0,0,Urban,0,,,Fine,Null
1774992.98,5897407.644,161852,,523813,0,,0,1,,Null,2018/2019,PAPAKURA-CLEVEDON ROAD,PAKARAKA DRIVE,,Serious Crash,No,2019,,East,,0,,Hill Road,,,,,,Dark,761602,0,0,0,2,,,0,,,,,,Auckland Region,Nil,2-way,Sealed,,0,1,,50,,On,0,0,,76,Auckland,Stop,,,,,0,0,Urban,0,,,Fine,Null
1746760.794,5917491.807,161924,,512500,0,,0,1,,South,2019/2020,TE ATATU ROAD,MCLEOD ROAD,,Serious Crash,No,2020,,South,,0,,Flat,,,,,,Dark,258500,0,0,1,2,,,0,,,,,,Auckland Region,Nil,2-way,Sealed,,0,1,,50,,On,0,0,,76,Auckland,Nil,,,,,0,0,Urban,0,,,Fine,Null
1754694.036,5931488.389,162031,,508805,0,,1,0,,North,2018/2019,PARKWAY DRIVE,RAMP ROAD,,Serious Crash,No,2019,,South,,0,,Flat,,,,,,Bright sun,180826,0,1,0,2,,,0,,,,,,Auckland Region,Nil,2-way,Sealed,,0,1,,50,,Off,0,0,,76,Auckland,Unknown,,,,,0,0,Urban,0,,,Fine,Null
1731951.993,5975718.238,162060,,506613,0,,0,1,,South,2019/2020,KAIPARA COAST HIGHWAY,LEVET ROAD,,Serious Crash,Yes,2020,,South,,0,,Hill Road,,,,,,Bright sun,145100,0,0,1,2,,,0,,,,,,Auckland Region,Nil,2-way,Sealed,,0,1,,100,,None,0,0,,76,Auckland,Unknown,,,,,0,0,Open,0,,,Fine,Null
1765449.302,5899405.372,162098,,524822,0,0,0,1,0,Null,2019/2020,PALMERS ROAD,ETHERTON DRIVE,,Serious Crash,No,2019,0,West,0,0,0,Hill Road,0,,0,,0,Dark,774437,0,0,0,2,0,0,0,0,0,,0,0,Auckland Region,Nil,2-way,Sealed,0,0,1,0,50,0,On,0,0,,76,Auckland,Give way,1,0,0,0,0,0,Urban,0,0,0,Fine,Null
1757630.314,5928814.077,162134,,507800,0,0,0,4,1,South,2018/2019,DODSON AVE,KITCHENER ROAD,,Serious Crash,No,2019,0,North,0,0,0,Flat,0,,0,,0,Bright sun,307800,0,0,0,2,0,0,0,0,1,,0,0,Auckland Region,Nil,2-way,Sealed,0,0,1,0,50,0,Off,0,0,,76,Auckland,Unknown,0,1,0,1,0,0,Urban,0,0,0,Fine,Null
1757025.64,5916687.291,162302,,518202,0,0,0,0,0,South,2019/2020,MT EDEN RD,NGAURUHOE STREET,,Serious Crash,No,2019,0,North,0,0,0,Flat,0,,0,,1,Bright sun,550200,0,1,0,3,0,0,0,0,0,,0,0,Auckland Region,Nil,2-way,Sealed,0,0,1,0,50,0,Off,1,0,,76,Auckland,Unknown,0,0,0,0,0,0,Urban,0,0,0,Fine,Null
1764233.268,5909872.147,162309,,521901,0,,0,1,,Null,2019/2020,ATKINSON AVENUE,AVENUE ROAD,,Serious Crash,No,2020,,South,,0,,Flat,,,,,,Dark,783900,1,0,0,4,,,0,,,2,,,Auckland Region,Nil,2-way,Sealed,,0,1,,50,,On,0,0,,76,Auckland,Traffic Signals,,,,,0,0,Urban,0,,,Fine,Null
1754551.512,5913723.38,162340,,518803,0,0,0,1,0,East,2018/2019,020-0010/02.54-I,MAY OBR,,Serious Crash,Yes,2019,0,West,0,0,0,Flat,1,,0,,0,Bright sun,581700,0,0,0,2,0,0,0,0,0,,0,0,Auckland Region,Nil,1-way,Sealed,0,0,1,0,100,0,Off,0,0,,76,Auckland,Unknown,0,0,0,0,0,0,Open,0,0,0,Fine,Null
1770341.672,5911301.31,162403,,523109,0,,0,2,,Null,2018/2019,TI RAKAU DRIVE,BOTANY ROAD,,Serious Crash,No,2019,,West,,0,,Flat,,,,,,Bright sun,711709,0,0,0,5,,,0,,,,,,Auckland Region,Nil,1-way,Sealed,,0,1,,70,,Off,0,0,,76,Auckland,Traffic Signals,,,,,0,0,Urban,0,,,Light rain,Null
1758936.385,5913194.962,162525,,519820,0,,0,0,,Null,2019/2020,ONEHUNGA MALL,MOUNT SMART ROAD,,Fatal Crash,No,2019,,South,,1,,Flat,,,,,,Overcast,599100,0,0,0,2,,,0,,,1,,,Auckland Region,Nil,2-way,Sealed,,0,0,,50,,Off,0,0,,76,Auckland,Traffic Signals,,,,,1,0,Urban,0,,,Fine,Null
1767505.24,5882228.307,162538,,521112,0,0,0,0,1,North,2018/2019,HELVETIA RD,BIRDWOOD ROAD,,Fatal Crash,No,2019,0,North,1,1,0,Flat,0,,0,,0,Dark,826500,1,0,1,2,0,0,0,0,0,,0,0,Auckland Region,Nil,2-way,Sealed,0,0,0,0,100,0,None,0,0,,76,Auckland,Unknown,0,0,0,1,0,0,Open,1,0,0,Fine,Null
1775447.454,5889412.491,162563,,521301,1,,0,0,,Null,2019/2020,QUARRY ROAD,FITZGERALD ROAD,,Serious Crash,No,2019,,East,,0,,Flat,,,,,,Bright sun,809103,0,0,0,2,,,0,,,,,,Auckland Region,Nil,2-way,Sealed,,0,1,,80,,Off,0,0,,76,Auckland,Give way,,,,,1,0,Open,0,,,Fine,Null
1750876.036,5925836.402,162699,,510020,0,,0,1,,Null,2019/2020,RANGATIRA ROAD,LYSANDER CRESCENT,,Serious Crash,No,2019,,North,,0,,Flat,,,,,,Dark,345000,0,0,0,2,,,0,,,1,,,Auckland Region,Nil,2-way,Sealed,,0,1,,50,,On,0,0,30,76,Auckland,Nil,,,,,0,0,Urban,0,,,Fine,Null
1762208.82,5913633.682,162716,,520402,0,,0,1,,South,2019/2020,01N-0431-I,PENROSE ROAD OBR,,Serious Crash,Yes,2019,,South,,0,,Flat,,,,,,Dark,642200,0,0,1,3,,,0,,,,,,Auckland Region,Nil,1-way,Sealed,,0,1,,100,,On,0,0,,76,Auckland,Unknown,,,,,0,0,Open,0,,,Fine,Null
1768279.883,5904423.392,162737,,523820,0,,0,2,,Null,2019/2020,REDOUBT ROAD,WILISA RISE,,Serious Crash,No,2019,,East,,0,,Flat,,,,,,Overcast,759901,0,0,0,3,,,0,,,1,,,Auckland Region,Nil,2-way,Sealed,,0,1,,50,,Off,0,0,,76,Auckland,Nil,,,,,0,0,Urban,0,,,Fine,Null
1755691.12,5916138.548,162782,,518301,0,,0,1,,Null,2019/2020,DOMINION ROAD,WIREMU STREET,,Serious Crash,No,2019,,North,,0,,Flat,,,,,,Bright sun,555100,0,0,1,4,,,0,,,,,,Auckland Region,Nil,2-way,Sealed,,0,1,,50,,None,0,0,,76,Auckland,Stop,,,,,0,0,Urban,0,,,Light rain,Null
1753838.102,5932849.129,163028,,508805,0,,0,1,,North,2019/2020,ROSEDALE RD,TRITON DRIVE,,Serious Crash,No,2019,,East,,0,,Hill Road,,,,,,Dark,180866,0,0,0,2,,,0,,,1,,,Auckland Region,Nil,2-way,Sealed,,0,1,,50,,On,0,0,,76,Auckland,Unknown,,,,,0,0,Urban,0,,,Fine,Null
1765160.098,5899780.516,163088,,524822,0,0,0,0,0,Null,2018/2019,OFF ROAD - CARPARK,,,Serious Crash,No,2019,0,Null,1,0,0,Flat,0,,0,,0,Bright sun,774435,0,0,1,0,0,0,0,0,0,,0,0,Auckland Region,Nil,Off road,Unsealed,0,0,1,0,10,0,None,0,0,,76,Auckland,Unknown,0,0,0,0,0,0,Urban,0,0,0,Fine,Null
1769006.984,5906236.327,163120,,523712,0,,0,2,,South,2019/2020,TE IRIRANGI DR (WEST BOUND/TAMAKI) (SE),WHETSTONE ROAD,,Serious Crash,No,2019,,South,,0,,Flat,,,,,,Overcast,713013,0,0,0,6,,,0,,,,,,Auckland Region,Nil,2-way,Sealed,,0,1,,60,,Off,0,0,,76,Auckland,Unknown,,,,,0,0,Urban,0,,,Fine,Null
1747592.161,5955475.413,163283,,506613,0,0,0,1,0,Null,2019/2020,NOAKES HILL ROAD,,,Serious Crash,No,2020,0,South,0,0,1,Hill Road,0,,0,,0,Overcast,146902,1,0,0,1,0,0,0,1,0,,0,0,Auckland Region,Nil,2-way,Unsealed,0,0,1,0,100,0,None,0,0,,76,Auckland,Nil,0,0,0,1,0,0,Open,0,0,0,Fine,Null
1757007.293,5920331.572,163487,,514102,0,,1,0,,East,2019/2020,WELLESLEY STREET WEST,HOBSON STREET,,Serious Crash,No,2020,,West,,0,,Flat,,,,,,Bright sun,433801,0,0,0,4,,,0,,,1,,,Auckland Region,Nil,2-way,Sealed,,0,1,,30,,Off,0,0,,76,Auckland,Nil,,,,,0,0,Urban,0,,,Fine,Null
1767376.027,5887414.336,163488,,521122,0,,0,1,,North,2019/2020,PAERATA ROAD,PUHITAHI HILL ROAD,,Serious Crash,Yes,2020,,South,,0,,Flat,,,,,,Bright sun,812800,0,0,0,2,,,0,,,,,,Auckland Region,Nil,2-way,Sealed,,0,1,,100,,None,0,0,,76,Auckland,Nil,,,,,0,0,Open,1,,,Fine,Null
1760847.937,5907630.525,163528,,524510,1,,0,1,,South,2019/2020,ROBERTSON RD (MANGERE),MCKINSTRY AVENUE,,Serious Crash,No,2019,,,,0,,Flat,,,,,,Bright sun,736900,0,0,0,2,,,0,,,1,,,Auckland Region,Nil,2-way,Sealed,,0,2,,50,,Off,0,0,,76,Auckland,Unknown,,,,,0,0,Urban,0,,,Fine,Strong wind
1742606.743,5919434.223,163574,45,513211,0,0,0,2,0,East,2019/2020,ARMADA DRIVE,LUANDA DRIVE,,Serious Crash,No,2019,0,East,0,0,0,Flat,0,,0,,0,Dark,235717,0,0,0,2,0,0,0,0,1,,0,0,Auckland Region,Nil,2-way,Sealed,0,0,1,0,50,0,On,0,0,,76,Auckland,Nil,0,0,0,1,0,0,Urban,0,0,0,Heavy rain,Null
1770468.051,5904570.892,163580,,523820,0,,0,1,,Null,2019/2020,REDOUBT ROAD,MURPHYS ROAD,,Serious Crash,No,2019,,East,,0,,Flat,,,,,,Overcast,760000,0,0,0,2,,,0,,,,,,Auckland Region,Nil,2-way,Sealed,,0,1,,60,,Off,1,0,,76,Auckland,Give way,,,,,0,0,Urban,0,,,Fine,Null
1765169.666,5904861.513,163787,,522400,0,,0,1,,Null,2019/2020,CAMBRIDGE TERRACE,BRIDGE STREET,,Fatal Crash,No,2019,,North,,1,,Hill Road,,,,,,Bright sun,673301,0,0,1,2,,,0,,,,,,Auckland Region,Nil,2-way,Sealed,,0,0,,50,,Off,0,0,,76,Auckland,Give way,,,,,0,0,Urban,0,,,Fine,Null
1759905.089,5906925.218,163852,,524111,0,0,0,0,0,East,2019/2020,ORLY AVE,CAPE ROAD,,Serious Crash,No,2019,0,East,0,0,0,Flat,0,,0,,0,Twilight,740000,0,0,1,2,0,0,0,0,0,,0,0,Auckland Region,Nil,2-way,Sealed,0,0,1,0,50,0,On,0,0,,76,Auckland,Unknown,1,0,0,0,0,0,Urban,0,0,0,Fine,Null
1767280.595,5904620.57,163871,,524604,0,,0,1,,East,2018/2019,OFF ROAD CARPARK,Sharkey Street,,Serious Crash,No,2019,,North,,0,,Flat,,,,,,Bright sun,780209,0,0,1,0,,,0,,,,,,Auckland Region,Nil,Off road,Sealed,,0,1,,50,,Null,0,0,,76,Auckland,Nil,,,,,0,0,Urban,0,,,Fine,Null
1772318.212,5913093.492,163933,,523102,0,,0,2,,Null,2018/2019,MEADOWLAND DRIVE,NICHOLAS ROAD,,Serious Crash,No,2019,,West,,0,,Flat,,,,,,Bright sun,711020,0,0,0,2,,,0,,,,,,Auckland Region,Nil,2-way,Sealed,,0,1,,50,,Off,0,0,,76,Auckland,Give way,,,,,0,0,Urban,1,,,Fine,Null
1754625.907,5911624.897,164139,,519002,0,0,0,1,0,South,2018/2019,DOMINION RD EXTN,Glenveagh drive,,Serious Crash,No,2019,0,North,0,0,0,Flat,0,,0,,0,Bright sun,590400,0,0,0,2,0,0,0,0,0,,0,1,Auckland Region,Nil,2-way,Sealed,0,0,1,0,50,0,Off,0,0,,76,Auckland,Unknown,0,0,0,0,0,0,Urban,0,0,0,Fine,Null
1752840.616,5932408.257,164244,,508807,1,,0,1,,Null,2018/2019,ROSEDALE ROAD,JACK HINTON DRIVE,,Serious Crash,No,2019,,West,,0,,Flat,,,,,,Overcast,180507,0,0,0,2,,,0,,,,,,Auckland Region,Nil,2-way,Sealed,,0,1,,50,,Null,0,0,,76,Auckland,Nil,,,,,0,0,Urban,0,,,Fine,Null
1762541.665,5907320.736,164258,,524520,0,0,0,1,0,Null,2019/2020,MASSEY ROAD,YATES ROAD,,Serious Crash,No,2019,0,North,0,0,0,Flat,0,,0,,1,Twilight,734603,1,0,0,2,0,0,0,0,0,,0,0,Auckland Region,Nil,2-way,Sealed,0,0,1,0,50,0,Off,1,0,,76,Auckland,Give way,0,0,0,1,0,0,Urban,0,0,0,Fine,Null
1751890.654,5919804.658,164300,,515002,0,0,0,1,0,South,2019/2020,PT CHEVALIER RD,JOHNSTONE ST,,Serious Crash,No,2019,0,North,0,0,0,Flat,0,,0,,0,Overcast,394700,0,0,0,2,0,0,0,0,0,,0,0,Auckland Region,Nil,2-way,Sealed,0,0,1,0,50,0,Off,0,0,,76,Auckland,Unknown,0,0,0,1,0,0,Urban,0,0,0,Fine,Null
1754536.729,5911993.211,164499,,519001,0,0,0,0,1,South,2019/2020,DOMINION ROAD EXTENSION,MARYDALE DRIVE,,Serious Crash,No,2020,0,North,0,0,0,Flat,0,,0,,1,Overcast,589300,0,0,1,2,0,0,0,0,0,,0,0,Auckland Region,Nil,2-way,Sealed,0,0,1,0,50,0,Off,0,0,,76,Auckland,Nil,0,0,0,0,0,0,Urban,0,0,0,Fine,Null
1761616.476,5913236.352,164505,,519500,0,,0,1,,Null,2019/2020,OFFROAD CARPARK - O'RORKE ROAD,,,Serious Crash,No,2020,,East,,0,,Flat,,,,,,Overcast,621700,0,0,0,2,,,0,,,1,,,Auckland Region,Nil,2-way,Sealed,,0,1,,20,,Off,0,0,,76,Auckland,Nil,,,,,0,0,Urban,0,,,Fine,Null
1765613.737,5906903.324,164517,,522201,0,0,0,1,0,Null,2018/2019,GREAT SOUTH ROAD,KOLMAR ROAD,,Fatal Crash,No,2019,0,North,0,1,0,Flat,0,Queens Birthday,1,,0,Bright sun,662400,0,0,0,4,0,0,0,0,0,,0,0,Auckland Region,Nil,2-way,Sealed,0,0,0,0,50,0,Off,0,0,,76,Auckland,Traffic Signals,0,0,0,0,0,0,Urban,0,0,0,Fine,Null
1768820.369,5904167.886,164551,,523820,0,,0,1,,Null,2018/2019,EVERGLADE DRIVE,DE HAVILLAND DRIVE,,Serious Crash,No,2019,,North,,0,,Flat,,,,,,Overcast,760141,0,0,1,2,,,0,,,,,,Auckland Region,Nil,2-way,Sealed,,0,1,,50,,Off,0,0,,76,Auckland,Give way,,,,,0,0,Urban,0,,,Fine,Null
1744587.039,5969143.252,164564,,506613,0,0,0,0,0,East,2019/2020,WOODCOCKS ROAD,OLD KAIPARA ROAD,,Fatal Crash,No,2020,0,West,0,1,1,Flat,0,,0,,0,Bright sun,145900,0,0,1,2,0,0,0,0,0,,0,0,Auckland Region,Nil,2-way,Sealed,0,0,0,0,100,0,None,0,0,,76,Auckland,Nil,0,0,0,0,0,0,Open,0,0,0,Fine,Null
1753805.724,5945586.119,164603,,505906,0,,0,2,,South,2018/2019,WHANGAPARAOA RD,DOBELL ROAD,,Serious Crash,No,2019,,South,,0,,Hill Road,,,,,,Bright sun,173806,0,0,0,2,,,0,,,,,,Auckland Region,Nil,2-way,Sealed,,0,1,,60,,Off,0,0,,76,Auckland,Unknown,,,,,0,0,Urban,0,,,Fine,Null
1769720.694,5901506.107,164617,,524901,0,,0,4,,North,2019/2020,01N-0448-D,ALFRISTON OBR,,Serious Crash,Yes,2019,,South,,0,,Hill Road,,,,,,Bright sun,756902,2,0,0,3,,,0,,,,,,Auckland Region,Nil,1-way,Sealed,,0,1,,80,,Off,0,0,,76,Auckland,Unknown,,,,,0,0,Open,0,,,Fine,Null
1752748.238,5913528.701,164652,,514500,0,0,0,2,0,West,2018/2019,MARY DREAVER STREET,BOUNDARY ROAD,,Serious Crash,No,2019,0,East,0,0,0,Hill Road,0,,0,,0,Bright sun,374400,0,0,0,2,0,0,0,0,1,,0,0,Auckland Region,Nil,2-way,Sealed,0,0,1,0,50,0,None,0,0,,76,Auckland,Unknown,0,0,0,0,0,0,Urban,0,0,0,Fine,Null
1774509.615,5896043.137,164768,45,525510,0,0,0,1,0,West,2019/2020,SETTLEMENT RD (PAPAKURA),TIEL LANE,,Serious Crash,No,2019,0,East,0,0,0,Flat,0,,0,,0,Bright sun,801002,0,0,0,2,0,0,0,0,0,,0,1,Auckland Region,Nil,2-way,Sealed,0,0,1,0,50,0,Off,0,0,30,76,Auckland,Unknown,0,0,0,0,0,0,Urban,0,0,0,Fine,Null
1787973.76,5908733.691,164791,,525201,0,0,0,1,0,West,2019/2020,CLEVEDON-KAWAKAWA RD,TOWNSON ROAD,,Serious Crash,No,2019,0,East,0,0,0,Flat,0,,0,,0,Dark,764700,2,0,0,2,0,0,0,0,0,,0,0,Auckland Region,Nil,2-way,Sealed,0,0,1,0,100,0,None,0,0,,76,Auckland,Unknown,0,0,0,1,0,0,Open,0,0,0,Fine,Null
1744482.132,5932285.576,164945,,506653,0,,0,1,,Null,2019/2020,COATESVILLE-RIVERHEAD HIGHWAY,MILL FLAT ROAD,,Serious Crash,No,2019,,South,,0,,Hill Road,,,,,,Bright sun,217201,0,0,1,2,,,0,,,,,,Auckland Region,Nil,2-way,Unsealed,,0,1,,80,,None,0,0,,76,Auckland,Stop,,,,,0,0,Open,0,,,Fine,Null
1768616.044,5884368.819,164951,,521111,0,0,0,0,0,North,2019/2020,022-0000/10.10,HEIGHTS ROAD,,Serious Crash,Yes,2019,0,North,0,0,0,Flat,0,,0,,0,Overcast,813502,0,0,0,2,0,0,0,0,1,,0,0,Auckland Region,Nil,2-way,Sealed,0,0,1,0,70,0,Off,1,0,,76,Auckland,Unknown,0,0,0,0,0,0,Urban,1,0,0,Fine,Strong wind
1752484.471,5933319.275,165053,,508807,0,0,0,2,0,Null,2018/2019,ALBANY EXPRESSWAY,BUSH ROAD,,Serious Crash,No,2019,0,South,0,0,0,Flat,0,,0,,0,Overcast,180404,1,0,0,4,0,0,0,0,0,,0,1,Auckland Region,Nil,2-way,Sealed,0,0,1,0,80,0,Off,0,0,,76,Auckland,Traffic Signals,1,1,0,0,0,0,Open,0,0,0,Light rain,Null
1741647.05,5928933.632,165247,,505604,0,,0,2,,Null,2019/2020,COATESVILLE-RIVERHEAD HIGHWAY,OLD RAILWAY ROAD,,Serious Crash,No,2019,,South,,0,,Flat,,,,,,Bright sun,214402,1,0,0,2,,,0,,,,,,Auckland Region,Nil,2-way,Sealed,,0,1,,80,,Off,0,0,,76,Auckland,Stop,,,,,0,0,Open,1,,,Fine,Null
1755961.208,5917096.776,165280,,518201,0,,0,1,,Null,2018/2019,DOMINION ROAD,PROSPECT TERRACE,,Serious Crash,No,2019,,South,,0,,Flat,,,,,,Dark,548102,0,0,1,2,,,0,,,,,,Auckland Region,Nil,2-way,Sealed,,0,1,,50,,On,0,0,,76,Auckland,Give way,,,,,0,0,Urban,0,,,Fine,Null
1759804.179,5912521.714,165510,,520000,0,0,0,1,0,Null,2019/2020,ALFRED STREET,ARTHUR STREET,,Serious Crash,No,2019,0,North,0,0,0,Flat,0,,0,,0,Bright sun,605900,1,0,0,2,0,0,0,0,1,,0,0,Auckland Region,Nil,2-way,Sealed,0,0,1,0,50,0,Off,0,0,,76,Auckland,Nil,0,0,0,0,0,0,Urban,1,0,0,Fine,Null
1763800.986,5918905.38,165685,,516500,0,0,0,2,0,Null,2019/2020,OFF ROAD - BARFOOT AND THOMPSON STADIUM,,,Serious Crash,No,2019,0,Null,0,0,0,Flat,0,Labour Weekend,0,,0,Dark,503300,1,0,1,0,0,0,0,0,1,1,0,0,Auckland Region,Nil,Off road,Sealed,0,0,1,0,,0,On,0,0,,76,Auckland,Unknown,0,0,0,0,0,0,Urban,0,0,0,Fine,Null
1780625.937,5926167.708,165808,25,520801,0,0,0,2,0,South,2019/2020,HAMILTON ROAD,BLAKE STREET,,Serious Crash,No,2019,0,West,0,0,0,Flat,0,,0,,0,Dark,516603,0,1,0,2,0,0,0,0,1,,0,0,Auckland Region,Nil,2-way,Sealed,0,0,1,0,50,0,On,0,0,,76,Auckland,Nil,0,0,0,0,0,0,Urban,0,0,0,Fine,Null
1767033.874,5908046.404,166208,,523501,0,0,0,0,0,North,2019/2020,LOVEGROVE CRESCENT,KELPIE LANE,,Serious Crash,No,2020,0,North,0,0,0,Flat,0,,0,,0,Dark,700602,0,0,0,2,0,0,0,0,0,,0,1,Auckland Region,Nil,2-way,Sealed,0,0,1,0,50,0,On,0,0,,76,Auckland,Unknown,0,0,0,0,1,0,Urban,0,0,0,Fine,Null
1754827.889,5944923.403,166211,,505909,0,,0,1,,East,2020/2021,WHANGAPARAOA ROAD,BEVERLEY ROAD,,Serious Crash,No,2020,,South,,0,,Flat,,,,,,Bright sun,173809,0,0,0,2,,,0,,,1,,,Auckland Region,Nil,2-way,Sealed,,0,1,,50,,Off,0,0,,76,Auckland,Nil,,,,,0,0,Urban,0,,,Fine,Null
1756470.916,5917800.823,166250,,518102,0,,1,0,,East,2019/2020,VIEW ROAD,WYNYARD ROAD,,Serious Crash,No,2020,,West,,0,,Flat,,,,,,Overcast,545200,0,0,0,2,,,0,,,1,,,Auckland Region,Nil,2-way,Sealed,,0,1,,50,,Off,0,0,,76,Auckland,Stop,,,,,0,0,Urban,0,,,Fine,Null