X,Y,OBJECTID,advisorySpeed,areaUnitID,bicycle,bridge,bus,carStationWagon,cliffBank,crashDirectionDescription,crashFinancialYear,crashLocation1,crashLocation2,crashRoadSideRoad,crashSeverity,crashSHDescription,crashYear,debris,directionRoleDescription,ditch,fatalCount,fence,flatHill,guardRail,holiday,houseOrBuilding,intersection,kerb,light,meshblockId,minorInjuryCount,moped,motorcycle,NumberOfLanes,objectThrownOrDropped,otherObject,otherVehicleType,overBank,parkedVehicle,pedestrian,phoneBoxEtc,postOrPole,region,roadCharacter,roadLane,roadSurface,roadworks,schoolBus,seriousInjuryCount,slipOrFlood,speedLimit,strayAnimal,streetLight,suv,taxi,temporarySpeedLimit,tlaId,tlaName,trafficControl,trafficIsland,trafficSign,train,tree,truck,unknownVehicleType,urban,vanOrUtility,vehicle,waterRiver,weatherA,weatherB
1745129.626,5916626.503,166289,,510800,0,0,0,2,0,North,2019/2020,HENDERSON VALLEY ROAD,KEELING ROAD,,Serious Crash,No,2020,0,South,0,0,0,Flat,0,,0,,0,Dark,242000,0,0,0,2,0,0,0,0,1,,0,0,Auckland Region,Nil,2-way,Sealed,0,0,1,0,50,0,On,0,0,,76,Auckland,Nil,0,0,0,0,0,0,Urban,0,0,0,Fine,Null
1755686.849,5916126.736,166322,,518301,0,,0,1,,Null,2019/2020,DOMINION ROAD,WIREMU STREET,,Serious Crash,No,2019,,North,,0,,Flat,,,,,,Bright sun,553700,0,0,1,4,,,0,,,,,,Auckland Region,Nil,2-way,Sealed,,0,1,,50,,Off,0,0,,76,Auckland,Stop,,,,,0,0,Urban,0,,,Fine,Null
1744112.17,5915985.092,166345,,513012,0,0,0,1,0,South,2020/2021,BORDER ROAD,TABITHA CRESCENT,,Serious Crash,No,2020,0,North,0,0,0,Flat,0,,0,,0,Bright sun,280908,0,0,1,2,0,0,0,0,0,,0,0,Auckland Region,Nil,2-way,Sealed,0,0,1,0,50,0,Off,0,0,,76,Auckland,Nil,0,0,0,0,0,0,Urban,0,1,0,Fine,Null
1758285.687,5928630.621,166450,,507800,1,0,0,0,0,East,2019/2020,KITCHENER RD (DEVONPORT),TIRI ROAD,,Serious Crash,No,2019,0,East,0,0,0,Flat,0,,0,,0,Overcast,308900,0,0,0,2,0,0,0,0,1,,0,0,Auckland Region,Nil,2-way,Sealed,0,0,1,0,50,0,Off,0,0,,76,Auckland,Unknown,0,0,0,0,0,0,Urban,1,0,0,Light rain,Null
1769204.193,5904702.546,166504,,523820,1,,0,1,,Null,2019/2020,REDOUBT ROAD,BARTELLS DRIVE,,Serious Crash,No,2020,,East,,0,,Hill Road,,,,,,Overcast,759903,0,0,0,2,,,0,,,,,,Auckland Region,Nil,2-way,Sealed,,0,1,,50,,Off,0,0,,76,Auckland,Give way,,,,,0,0,Urban,0,,,Light rain,Null
1755583.391,5928916.866,166532,,508510,0,0,0,1,0,South,2019/2020,NORTHERN MOTORWAY,TRISTRAM OBR,,Serious Crash,Yes,2020,0,South,0,0,0,Flat,1,,0,,0,Dark,195200,1,0,0,2,0,0,0,0,0,,0,0,Auckland Region,Nil,1-way,Sealed,0,0,1,0,100,0,On,0,0,,76,Auckland,Nil,0,0,0,0,0,0,Open,0,0,0,Fine,Null
1734317.237,5946008.288,166631,,506647,0,,0,0,,South,2019/2020,016-0047,STONEY CREEK ROAD,,Serious Crash,Yes,2019,,South,,0,,Flat,,,,,,Overcast,212704,0,0,1,2,,,0,,,,,,Auckland Region,Nil,2-way,Sealed,,0,1,,80,,Off,0,0,,76,Auckland,Nil,,,,,0,0,Open,1,,,Fine,Null
1744912.309,5915763.594,166876,,510800,0,,0,0,,West,2019/2020,CORBAN AVENUE,ENTERPRISE DRIVE,,Serious Crash,No,2020,,South,,0,,Flat,,,,,,Overcast,242501,0,0,0,2,,,0,,,,,,Auckland Region,Nil,2-way,Sealed,,0,1,,50,,Off,1,0,,76,Auckland,Unknown,,,,,0,0,Urban,2,,,Fine,Null
1766608.037,5905913.397,167021,,522302,1,,0,1,,South,2020/2021,GREAT SOUTH ROAD,CARLIE STREET,,Fatal Crash,No,2020,,South,,1,,Flat,,,,,,Overcast,669200,0,0,0,2,,,0,,,,,,Auckland Region,Nil,2-way,Sealed,,0,0,,50,,Off,0,0,30,76,Auckland,Nil,,,,,2,0,Urban,0,,,Fine,Frost
1760371.412,5916109.432,167127,,516002,0,,0,1,,East,2019/2020,GREEN LANE EAST (CWCE),ELLERSLIE RACECOURSE DRIVE,,Serious Crash,No,2019,,East,,0,,Flat,,Christmas New Year,,,,Dark,493200,0,0,0,3,,,0,,,1,,,Auckland Region,Nil,2-way,Sealed,,0,1,,50,,On,0,0,,76,Auckland,Unknown,,,,,0,0,Urban,0,,,Fine,Null
1730898.289,5930580.591,167211,,506652,0,0,0,0,0,West,2020/2021,SH 16,WOODHILL PARK ROAD,,Serious Crash,Yes,2020,0,North,0,0,0,Hill Road,0,,0,,0,Overcast,218000,0,0,0,2,0,0,0,0,0,,0,1,Auckland Region,Nil,2-way,Sealed,0,0,1,0,100,0,Off,1,0,,76,Auckland,Nil,0,0,0,1,0,0,Open,0,0,0,Fine,Null
1743937.168,5924002.647,167240,,513511,0,0,0,2,0,Null,2019/2020,FRED TAYLOR DRIVE,HOBSONVILLE ROAD OFF RAMP,,Serious Crash,No,2019,0,North,0,0,0,Hill Road,0,,0,,0,Bright sun,224306,1,0,0,2,0,0,0,0,0,,0,0,Auckland Region,Overpass,1-way,Sealed,0,0,1,0,50,0,Off,0,0,,76,Auckland,Traffic Signals,0,1,0,0,0,0,Urban,0,0,0,Mist or Fog,Null
1750320.518,5950407.301,167256,,505805,0,0,0,1,0,East,2020/2021,WEST HOE HEIGHTS,BOUTIQUE WAY,,Serious Crash,No,2020,0,West,0,0,1,Hill Road,0,,0,,0,Dark,176408,1,0,0,2,0,0,0,0,0,,0,1,Auckland Region,Nil,2-way,Sealed,0,0,1,0,50,0,None,0,0,,76,Auckland,Nil,0,0,0,0,0,0,Urban,0,0,0,Fine,Null
1773400.25,5895964.548,167325,,525410,0,0,0,2,0,Null,2019/2020,MARNE ROAD,ONSLOW ROAD,,Serious Crash,No,2019,0,South,0,0,0,Flat,0,,0,,0,Overcast,793100,1,0,0,2,0,0,0,0,1,,1,0,Auckland Region,Nil,2-way,Sealed,0,0,1,0,50,0,Off,0,0,,76,Auckland,Stop,0,1,0,0,0,0,Urban,1,0,0,Fine,Null
1750390.39,5913505.579,167331,,511303,0,,0,1,,South,2019/2020,ASTLEY AVE,NEVILLE ST,,Serious Crash,No,2019,,South,,0,,Hill Road,,,,,,Dark,265300,0,0,0,2,,,0,,,1,,,Auckland Region,Nil,2-way,Sealed,,0,1,,50,,On,0,0,,76,Auckland,Unknown,,,,,0,0,Urban,0,,,Light rain,Null
1772103.67,5902608.761,167373,,523818,0,0,0,1,0,South,2019/2020,MILL RD (MANUREWA),POLO PRINCE DRIVE,,Serious Crash,No,2019,0,North,0,0,0,Flat,0,,0,,0,Twilight,760904,0,0,0,2,0,0,0,1,0,,0,0,Auckland Region,Nil,2-way,Sealed,0,0,1,0,80,0,Off,0,0,,76,Auckland,Unknown,0,0,0,1,0,0,Open,0,0,0,Fine,Null
1755402.467,5921234.497,167427,,515202,2,,0,2,,South,2020/2021,SHELLY BEACH ROAD,EMMETT STREET,,Serious Crash,No,2020,,North,,0,,Hill Road,,,,,,Twilight,424400,0,0,0,2,,,0,,,,,,Auckland Region,Nil,2-way,Sealed,,0,1,,50,,Off,0,0,,76,Auckland,Nil,,,,,0,0,Urban,0,,,Fine,Null
1764300.476,5904382.553,167586,,522100,0,,0,2,,East,2019/2020,PUHINUI ROAD,VISION PLACE,,Serious Crash,No,2020,,East,,0,,Flat,,,,,,Dark,659300,2,0,0,2,,,0,,,,,,Auckland Region,Nil,2-way,Sealed,,0,1,,50,,On,0,0,,76,Auckland,Nil,,,,,0,0,Urban,0,,,Fine,Null
1763285.196,5920399.875,167601,,516500,0,,0,2,,West,2019/2020,TAMAKI DRIVE,PATTESON AVENUE,,Serious Crash,No,2019,,East,,0,,Flat,,,,,,Dark,500600,0,0,0,1,,,0,,,,,,Auckland Region,Nil,2-way,Sealed,,0,2,,50,,On,0,0,,76,Auckland,Unknown,,,,,0,0,Urban,0,,,Light rain,Null
1780113.489,5916105.271,167604,,523300,0,,0,1,,Null,2019/2020,MARAETAI DRIVE,KEANES ROAD,,Serious Crash,No,2020,,West,,0,,Hill Road,,,,,,Dark,719500,0,0,0,2,,,0,,,1,,,Auckland Region,Nil,2-way,Sealed,,0,1,,80,,On,0,0,50,76,Auckland,Give way,,,,,0,0,Open,0,,,Fine,Null
1745976.031,5916079.211,167671,,510800,0,0,0,2,0,North,2018/2019,VIEW RD (WAITAKERE),JERICHO COURT,,Serious Crash,No,2019,0,South,0,0,1,Flat,0,,0,,0,Dark,244400,0,0,0,2,0,0,0,0,0,,0,0,Auckland Region,Nil,2-way,Sealed,0,0,1,0,50,0,On,0,0,,76,Auckland,Unknown,0,0,0,0,0,0,Urban,0,0,0,Fine,Null
1771337.331,5907017.188,167973,,523713,0,,1,0,,Null,2020/2021,MURPHYS ROAD,ORMISTON ROAD,,Serious Crash,No,2021,,North,,0,,Flat,,,,,,Bright sun,712600,2,0,0,6,,,0,,,,,,Auckland Region,Nil,2-way,Sealed,,0,1,,60,,Off,0,0,,76,Auckland,Traffic Signals,,,,,1,0,Urban,0,,,Fine,Null
1770938.285,5895095.596,168024,,521201,0,0,0,2,0,East,2018/2019,HINGAIA RD,PARAREKAU ROAD,,Serious Crash,No,2019,0,West,0,0,0,Flat,0,,0,,0,Overcast,806700,0,0,0,4,0,0,0,0,0,,0,0,Auckland Region,Nil,2-way,Sealed,0,0,1,0,50,0,Off,0,0,,76,Auckland,Unknown,1,0,0,0,0,0,Urban,0,0,0,Fine,Null
1747015.245,5913789.974,168078,,511100,0,,0,0,,Null,2019/2020,GLENMALL PLACE,GLENDALE ROAD,,Fatal Crash,No,2020,,West,,1,,Flat,,,,,,Bright sun,286200,0,0,0,1,,,0,,,1,,,Auckland Region,Nil,1-way,Sealed,,0,0,,50,,Off,0,0,,76,Auckland,Give way,,,,,1,0,Urban,0,,,Fine,Null
1765687.75,5901302.04,168147,,524821,0,,0,0,,South,2019/2020,ROSCOMMON ROAD,BROWNS ROAD,,Serious Crash,No,2020,,North,,0,,Hill Road,,,,,,Bright sun,774446,0,0,1,4,,,0,,,,,,Auckland Region,Nil,2-way,Sealed,,0,1,,60,,Off,0,0,,76,Auckland,Unknown,,,,,0,0,Urban,1,,,Fine,Null
1752831.079,5973185.937,168224,,506661,0,0,0,1,0,South,2020/2021,SHARP ROAD,MATAKANA ROAD,,Serious Crash,No,2020,0,North,0,0,0,Hill Road,0,,0,,0,Bright sun,139302,0,0,0,2,0,0,0,0,0,,0,1,Auckland Region,Nil,2-way,Sealed,0,0,1,0,80,0,Off,0,0,,76,Auckland,Unknown,0,0,0,0,0,0,Open,0,0,0,Fine,Null
1767158.77,5906278.302,168244,,522302,0,0,0,1,0,North,2020/2021,PEMBROKE STREET,TUI ROAD,,Serious Crash,No,2020,0,North,0,0,0,Flat,0,,0,,0,Bright sun,670300,0,0,1,2,0,0,0,0,1,,0,0,Auckland Region,Nil,2-way,Sealed,0,0,1,0,50,0,Off,0,0,,76,Auckland,Nil,0,0,0,0,0,0,Urban,0,0,0,Fine,Null
1761626.428,5913811.602,168281,,519500,0,0,0,2,0,North,2019/2020,GREAT SOUTH ROAD,MCNAB STREET,,Serious Crash,No,2020,0,North,0,0,0,Flat,1,,0,,0,Bright sun,621500,1,0,0,4,0,0,0,0,0,,0,0,Auckland Region,Overpass,2-way,Sealed,0,0,1,0,50,0,Off,0,0,,76,Auckland,Nil,0,0,0,0,0,0,Urban,1,0,0,Fine,Strong wind
1769884.146,5900219.752,168312,,524902,0,,0,0,,North,2019/2020,SOUTHERN MOTORWAY,MANUREWA-TAKANINI ON RAMP,,Serious Crash,Yes,2020,,North,,0,,Flat,,,,,,Bright sun,759100,0,0,1,6,,,0,,,,,,Auckland Region,Nil,2-way,Sealed,,0,1,,100,,Off,1,0,80,76,Auckland,Nil,,,,,0,0,Open,0,,,Fine,Null
1762644.758,5912928.381,168321,,520500,0,0,0,0,0,North,2020/2021,SOUTH-EASTERN HWY ON RAMP,SOUTH-EASTERN HIGHWAY,,Serious Crash,No,2021,0,East,0,0,0,Flat,0,,0,,0,Overcast,637300,0,0,1,3,0,0,0,0,0,,0,0,Auckland Region,Motorway ramp,1-way,Sealed,0,0,1,0,50,0,Off,0,0,,76,Auckland,Nil,1,0,0,0,0,0,Urban,0,0,0,Fine,Null
1755885.148,5913968.519,168342,,518500,1,,0,1,,South,2020/2021,MOUNT ALBERT ROAD,SCOUT AVENUE,,Serious Crash,No,2020,,North,,0,,Flat,,,,,,Bright sun,563300,0,0,0,2,,,0,,,,,,Auckland Region,Nil,2-way,Sealed,,0,1,,50,,Off,0,0,,76,Auckland,Nil,,,,,0,0,Urban,0,,,Fine,Null
1776078.866,5898705.763,168489,65,523813,0,0,0,1,0,Null,2020/2021,PAPAKURA-CLEVEDON ROAD,BULLENS ROAD,,Fatal Crash,No,2021,0,East,1,1,0,Hill Road,0,,0,,0,Dark,761800,2,0,0,2,0,0,0,0,0,,0,0,Auckland Region,Nil,1-way,Sealed,0,0,0,0,100,0,On,0,0,,76,Auckland,Give way,0,0,0,0,0,0,Open,0,0,0,Heavy rain,Strong wind
1767822.139,5883389.627,168501,,521111,0,0,0,1,0,East,2019/2020,HEIGHTS ROAD,BEATTY ROAD,,Serious Crash,No,2020,0,West,1,0,0,Hill Road,0,,0,,0,Bright sun,826601,0,0,0,2,0,0,0,0,0,,0,0,Auckland Region,Nil,2-way,Sealed,0,0,1,0,100,0,Off,0,0,,76,Auckland,Unknown,0,0,0,0,0,0,Open,0,0,0,Fine,Null
1746683.866,5926395.511,168570,,513431,0,0,0,0,0,North,2020/2021,UPPER HARBOUR MOTORWAY,BRIGHAM CREEK ROAD OFF RAMP,,Fatal Crash,Yes,2020,0,West,0,1,0,Flat,1,,0,,0,Dark,221802,0,0,1,2,0,0,0,0,0,,0,0,Auckland Region,Nil,1-way,Sealed,0,0,0,0,100,0,On,0,0,,76,Auckland,Nil,0,0,0,0,0,0,Open,1,0,0,Fine,Null
1775607.394,5909770.338,168642,,523202,0,0,0,1,0,East,2019/2020,WHITFORD-MARAETAI ROAD,TRIG ROAD,,Serious Crash,No,2020,0,East,0,0,0,Flat,0,,0,,0,Dark,716401,0,0,0,2,0,0,0,0,0,,0,1,Auckland Region,Nil,2-way,Sealed,0,0,1,0,80,0,None,0,0,,76,Auckland,Nil,0,0,0,0,0,0,Open,0,0,0,Fine,Null
1773542.645,5895703.134,168653,,525510,0,,0,0,,South,2020/2021,MARNE ROAD,PRATT STREET,,Serious Crash,No,2020,,North,,0,,Flat,,,,,,Dark,801103,0,0,0,2,,,0,,,1,,,Auckland Region,Nil,2-way,Sealed,,0,1,,50,,On,1,0,,76,Auckland,Nil,,,,,0,0,Urban,0,,,Light rain,Null
1756830.408,5915893.048,168665,,518301,0,,0,1,,Null,2019/2020,BALMORAL ROAD,MOUNT EDEN ROAD,,Serious Crash,No,2019,,West,,0,,Flat,,,,,,Dark,557000,0,0,1,4,,,0,,,,,,Auckland Region,Nil,2-way,Sealed,,0,1,,50,,On,0,0,,76,Auckland,Traffic Signals,,,,,0,0,Urban,0,,,Light rain,Null
1735105.024,5989527.673,168680,,506660,0,,0,1,,West,2019/2020,SH 1,NORTHERN MOTORWAY,,Serious Crash,Yes,2020,,West,,0,,Hill Road,,,,,,Bright sun,135700,0,0,0,2,,,0,,,,,,Auckland Region,Nil,2-way,Sealed,,0,2,,100,,None,1,0,,76,Auckland,Nil,,,,,0,0,Open,0,,,Fine,Null
1753630.98,5928072.491,168704,,508310,1,,0,0,,Null,2019/2020,GLENFIELD ROAD,BENTLEY AVENUE,,Fatal Crash,No,2020,,South,,1,,Flat,,,,,,Overcast,200000,0,0,0,5,,,0,,,,,,Auckland Region,Nil,2-way,Sealed,,0,0,,50,,Off,0,0,,76,Auckland,Traffic Signals,,,,,1,0,Urban,0,,,Fine,Null
1756455.436,5927047.061,168713,,507900,0,0,0,2,0,South,2020/2021,NORTHERN MOTORWAY,NORTHCOTE OBR,,Serious Crash,Yes,2020,0,North,0,0,0,Hill Road,1,,0,,0,Dark,303501,3,0,0,3,0,0,0,0,0,,0,0,Auckland Region,Nil,1-way,Sealed,0,0,1,0,100,0,On,0,0,,76,Auckland,Nil,0,0,0,0,0,0,Open,0,0,0,Fine,Null
1765004.03,5913559.231,168735,,520500,0,0,0,1,0,East,2020/2021,WAIPUNA ROAD,LEVENE PLACE,,Serious Crash,No,2020,0,East,1,0,1,Hill Road,0,,0,,0,Overcast,638903,0,0,0,4,0,0,0,0,0,,0,0,Auckland Region,Nil,2-way,Sealed,0,0,1,0,50,0,Off,0,0,,76,Auckland,Nil,0,0,0,0,0,0,Urban,0,0,0,Fine,Null
1756166.347,5931171.307,168782,,508520,0,,0,1,,North,2020/2021,EAST COAST ROAD,WILLIAM SOUTER STREET,,Serious Crash,No,2020,,South,,0,,Flat,,,,,,Bright sun,148705,1,0,0,3,,,0,,,,,,Auckland Region,Nil,2-way,Sealed,,0,1,,50,,Off,1,0,,76,Auckland,Nil,,,,,0,0,Urban,0,,,Fine,Null
1770467.735,5898112.702,169037,,523920,0,0,0,1,0,Null,2020/2021,KINDERGARTEN DRIVE,ROUNTREE PLACE,,Serious Crash,No,2020,0,East,0,0,0,Flat,0,,0,,0,Dark,767501,0,0,0,2,0,0,0,0,0,1,0,1,Auckland Region,Nil,2-way,Sealed,0,0,1,0,50,0,On,0,0,,76,Auckland,Nil,0,0,0,0,0,0,Urban,0,0,0,Fine,Null
1756621.514,5919444.55,169066,,514200,0,,0,0,,Null,2019/2020,KARANGAHAPE ROAD,DAY STREET,,Serious Crash,No,2020,,East,,0,,Flat,,,,,,Dark,412000,0,0,0,2,,,0,,,1,,,Auckland Region,Nil,2-way,Sealed,,0,1,,50,,On,1,0,,76,Auckland,Nil,,,,,0,0,Urban,0,,,Light rain,Null
1761341.452,5919337.311,169161,,516400,0,,0,1,,Null,2020/2021,NGAPIPI ROAD,NGAIWI STREET,,Serious Crash,No,2020,,South,,0,,Hill Road,,,,,,Overcast,497000,0,0,1,2,,,0,,,,,,Auckland Region,Nil,2-way,Sealed,,0,1,,50,,Off,0,0,,76,Auckland,Stop,,,,,0,0,Urban,0,,,Light rain,Null
1766841.315,5907925.691,169264,,523501,0,,0,0,,North,2020/2021,BAIRDS ROAD,FAIR MALL,,Serious Crash,No,2021,,South,,0,,Flat,,,,,,Bright sun,700602,0,0,0,2,,,0,,,,,,Auckland Region,Nil,2-way,Sealed,,0,1,,50,,Off,1,0,,76,Auckland,Nil,,,,,0,1,Urban,0,,,Fine,Null
1751219.64,5916006.829,169290,,514401,0,0,0,1,0,South,2020/2021,GREAT NORTH ROAD,BEATRIX STREET,,Serious Crash,No,2020,0,North,0,0,1,Flat,0,,1,,0,Overcast,383400,1,0,0,4,0,0,0,0,0,1,0,0,Auckland Region,Nil,2-way,Sealed,0,0,1,0,50,0,Off,0,0,,76,Auckland,Nil,0,0,0,0,0,0,Urban,1,0,0,Light rain,Null
1751866.386,5917920.258,169323,,515001,0,0,0,0,0,West,2020/2021,NORTH-WESTERN MOTORWAY,GT NORTH OBR,,Serious Crash,Yes,2021,0,West,0,0,0,Flat,1,,0,,0,Dark,392200,0,0,1,3,0,0,0,0,0,,0,0,Auckland Region,Bridge,1-way,Sealed,0,0,1,0,100,0,On,1,0,,76,Auckland,Nil,0,0,0,0,0,0,Open,0,0,0,Fine,Null
1763129.84,5879817.288,169382,,521121,0,,0,1,,South,2019/2020,UNION RD (PATUMAHOE),TITI ROAD,,Serious Crash,No,2019,,South,,0,,Flat,,,,,,Bright sun,812100,1,0,0,2,,,0,,,,,,Auckland Region,Nil,2-way,Sealed,,0,1,,100,,Off,0,0,,76,Auckland,Unknown,,,,,0,0,Open,1,,,Fine,Null
1774786.628,5896240.401,169408,,525610,0,0,0,1,0,North,2019/2020,DOMINION ROAD,EASTBURN STREET,,Fatal Crash,No,2020,0,South,0,1,1,Flat,0,,0,,1,Bright sun,799111,0,0,1,2,0,0,0,0,0,,0,1,Auckland Region,Nil,2-way,Sealed,0,0,0,0,50,0,Off,0,0,,76,Auckland,Nil,0,0,0,0,0,0,Urban,0,0,0,Fine,Null
1747225.27,5930741.71,169553,,509000,0,0,0,0,0,West,2019/2020,MEREWHIRA ROAD,PAREMOREMO ROAD,,Serious Crash,No,2020,0,North,1,0,0,Flat,0,,0,,0,Dark,179600,0,0,1,2,0,0,0,0,0,,0,0,Auckland Region,Nil,2-way,Sealed,0,0,1,0,80,0,None,0,0,,76,Auckland,Nil,0,0,0,0,0,0,Open,0,0,0,Fine,Null
1770638.547,5899579.709,169559,,523911,0,0,0,0,0,East,2019/2020,SPARTAN ROAD,RAWSON WAY,,Serious Crash,No,2020,0,Null,0,0,1,Flat,0,,0,,0,Bright sun,766600,0,0,0,2,0,0,0,0,0,,0,0,Auckland Region,Nil,2-way,Sealed,0,0,1,0,50,0,Off,0,0,,76,Auckland,Nil,0,0,0,0,1,0,Urban,0,0,0,Fine,Null
1729717.219,5960369.943,169610,,506613,0,0,0,0,0,North,2019/2020,016-0069,WEST COAST ROAD,,Serious Crash,Yes,2019,0,South,0,0,0,Flat,0,,0,,0,Overcast,146200,0,0,0,2,0,0,0,0,0,,0,0,Auckland Region,Nil,2-way,Sealed,0,0,1,0,100,0,None,0,0,,76,Auckland,Unknown,0,0,0,1,0,0,Open,1,0,0,Light rain,Null
1763641.059,5917620.015,169736,,516302,1,,0,1,,Null,2020/2021,ST JOHNS ROAD,TRUMAN STREET,,Serious Crash,No,2021,,West,,0,,Flat,,,,,,Bright sun,462602,0,0,0,2,,,0,,,,,,Auckland Region,Nil,2-way,Sealed,,0,1,,50,,Off,0,0,,76,Auckland,Give way,,,,,0,0,Urban,0,,,Fine,Null
1758928.687,5913206.374,169794,,519710,0,,0,0,,Null,2021/2022,MOUNT SMART ROAD,ONEHUNGA MALL,,Serious Crash,No,2021,,East,,0,,Flat,,,,,,Bright sun,595700,0,0,0,2,,,0,,,,,,Auckland Region,Nil,2-way,Sealed,,0,1,,50,,Off,0,0,,76,Auckland,Traffic Signals,,,,,0,0,Urban,2,,,Fine,Null
1758749.455,5912948.009,169795,,519810,0,0,0,1,0,Null,2021/2022,TRAFALGAR STREET,SELWYN STREET,,Serious Crash,No,2021,0,East,0,0,1,Flat,0,,0,,0,Overcast,598300,0,0,0,2,0,0,0,0,0,,0,0,Auckland Region,Nil,2-way,Sealed,0,0,1,0,50,0,Off,0,0,,76,Auckland,Stop,0,0,0,0,0,0,Urban,1,0,0,Fine,Null
1757092.354,5906209.784,169824,,524200,0,0,0,0,0,North,2020/2021,ORUARANGI ROAD,RUAITI ROAD,,Fatal Crash,No,2020,0,South,0,1,0,Flat,0,,0,,0,Bright sun,726500,0,0,1,2,0,0,0,0,0,,0,1,Auckland Region,Nil,2-way,Sealed,0,0,0,0,70,0,None,0,0,,76,Auckland,Nil,0,0,0,0,0,0,Urban,0,0,0,Fine,Null
1765696.75,5906787.747,169854,,522301,0,,0,1,,Null,2019/2020,GREAT SOUTH ROAD,HOTEO AVENUE,,Fatal Crash,No,2020,,North,,1,,Flat,,,,,,Bright sun,666900,0,0,0,4,,,0,,,1,,,Auckland Region,Nil,2-way,Sealed,,0,0,,50,,Off,0,0,,76,Auckland,Stop,,,,,0,0,Urban,0,,,Fine,Null
1756891.32,5919149.802,170015,,514200,0,0,0,1,0,Null,2020/2021,IAN MCKINNON DRIVE,UPPER QUEEN STREET,,Serious Crash,No,2021,0,East,0,0,0,Flat,1,,0,,0,Dark,412900,0,0,0,4,0,0,0,0,0,,0,0,Auckland Region,Overpass,2-way,Sealed,0,0,3,0,50,0,On,0,0,,76,Auckland,Traffic Signals,0,0,0,0,0,0,Urban,0,0,0,Fine,Null
1746490.201,5917581.032,170062,35,512500,0,0,0,3,0,Null,2020/2021,MCLEOD ROAD,SHEEHAN ROAD,,Serious Crash,No,2021,0,North,0,0,0,Hill Road,0,,0,,0,Dark,257500,0,0,0,2,0,0,0,0,1,1,0,0,Auckland Region,Nil,2-way,Sealed,0,0,1,0,50,0,On,0,0,,76,Auckland,Give way,0,0,0,0,0,0,Urban,0,0,0,Fine,Null
1765979.389,5903791.053,170113,,524604,0,,0,3,,West,2020/2021,SOUTH-WESTERN MOTORWAY,PLUNKET OBR,,Serious Crash,Yes,2020,,East,,0,,Flat,,,,,,Overcast,780208,0,0,0,2,,,0,,,,,,Auckland Region,Nil,1-way,Sealed,,0,1,,100,,Off,0,0,,76,Auckland,Nil,,,,,0,0,Open,0,,,Fine,Null
1757557.611,5918467.141,170134,,518101,0,,0,2,,South,2020/2021,SOUTHERN MOTORWAY,BOSTON OBR,,Serious Crash,Yes,2020,,North,,0,,Hill Road,,,,,,Bright sun,542700,1,0,0,4,,,0,,,,,,Auckland Region,Overpass,1-way,Sealed,,0,1,,80,,Off,0,0,,76,Auckland,Nil,,,,,1,0,Open,0,,,Fine,Null
1746837.083,5922855.052,170185,,512201,0,,0,2,,Null,2020/2021,TE ATATU ROAD,TOTARA ROAD,,Serious Crash,No,2020,,South,,0,,Flat,,Christmas New Year,,,,Bright sun,245000,4,0,0,2,,,0,,,,,,Auckland Region,Nil,2-way,Sealed,,0,1,,50,,Off,0,0,,76,Auckland,Give way,,,,,0,0,Urban,0,,,Fine,Null
1756676.46,5919223.495,170241,,514200,0,,0,0,,West,2021/2022,SOUTHERN MOTORWAY,UPPER QUEEN OBR,,Serious Crash,Yes,2021,,West,,0,,Flat,,,,,,Overcast,411900,0,0,1,3,,,0,,,,,,Auckland Region,Nil,1-way,Sealed,,0,1,,80,,Off,0,0,,76,Auckland,Unknown,,,,,0,0,Open,0,,,Fine,Null
1765717.495,5917590.557,170513,,517001,0,0,0,1,0,North,2021/2022,FARRINGDON STREET,EPPING STREET,,Serious Crash,No,2022,0,North,0,0,0,Hill Road,0,,0,,0,Dark,474700,0,0,0,2,0,0,0,0,0,,0,0,Auckland Region,Nil,2-way,Sealed,0,0,1,0,50,0,On,0,0,,76,Auckland,Nil,0,0,0,1,0,0,Urban,0,0,0,Light rain,Null
1752704.847,5971328.847,170538,,506661,0,0,0,1,0,North,2021/2022,SHARP ROAD,SANDSPIT ROAD,,Serious Crash,No,2022,0,South,0,0,1,Hill Road,0,,0,,0,Overcast,139302,1,0,0,2,0,0,0,0,0,,0,0,Auckland Region,Nil,2-way,Sealed,0,0,2,0,80,0,None,1,0,,76,Auckland,Unknown,0,0,0,0,0,0,Open,0,0,0,Fine,Null
1770293.273,5911217.346,170555,,523113,0,,0,3,,South,2022/2023,TE IRIRANGI DRIVE,TI RAKAU DRIVE,,Serious Crash,No,2022,,North,,0,,Flat,,,,,,Bright sun,711716,0,0,0,4,,,0,,,,,,Auckland Region,Nil,1-way,Sealed,,0,1,,60,,Off,1,0,,76,Auckland,Nil,,,,,0,0,Urban,0,,,Fine,Null