X,Y,OBJECTID,advisorySpeed,areaUnitID,bicycle,bridge,bus,carStationWagon,cliffBank,crashDirectionDescription,crashFinancialYear,crashLocation1,crashLocation2,crashRoadSideRoad,crashSeverity,crashSHDescription,crashYear,debris,directionRoleDescription,ditch,fatalCount,fence,flatHill,guardRail,holiday,houseOrBuilding,intersection,kerb,light,meshblockId,minorInjuryCount,moped,motorcycle,NumberOfLanes,objectThrownOrDropped,otherObject,otherVehicleType,overBank,parkedVehicle,pedestrian,phoneBoxEtc,postOrPole,region,roadCharacter,roadLane,roadSurface,roadworks,schoolBus,seriousInjuryCount,slipOrFlood,speedLimit,strayAnimal,streetLight,suv,taxi,temporarySpeedLimit,tlaId,tlaName,trafficControl,trafficIsland,trafficSign,train,tree,truck,unknownVehicleType,urban,vanOrUtility,vehicle,waterRiver,weatherA,weatherB
1738650.676,5920109.027,170558,,513702,0,0,0,2,0,West,2022/2023,MCENTEE ROAD,AMREINS ROAD,,Serious Crash,No,2022,0,East,0,0,1,Flat,0,,0,,0,Dark,230100,0,0,0,2,0,0,0,0,1,,0,0,Auckland Region,Nil,2-way,Sealed,0,0,1,0,50,0,None,1,0,,76,Auckland,Nil,0,0,0,0,0,0,Urban,0,0,0,Heavy rain,Null
1750928.763,5914754.885,170563,,514402,0,,0,2,,South,2021/2022,GREAT NORTH ROAD,LARCH STREET,,Serious Crash,No,2022,,East,,0,,Flat,,Easter,,,,Dark,381102,4,0,0,3,,,0,,,,,,Auckland Region,Nil,2-way,Sealed,,0,1,,50,,On,0,0,,76,Auckland,Nil,,,,,0,0,Urban,0,,,Fine,Null
1772580.079,5890894.251,170675,,521203,0,0,0,0,0,Null,2021/2022,KARAKA ROAD,GREAT SOUTH ROAD,,Fatal Crash,Yes,2022,0,South,0,1,0,Flat,0,,0,,0,Bright sun,807300,0,0,0,2,0,0,0,0,0,,0,0,Auckland Region,Nil,2-way,Sealed,0,0,1,0,80,0,Off,1,0,,76,Auckland,Give way,0,1,0,0,0,0,Open,1,0,0,Fine,Null
1758500.068,5911694.303,170803,,519810,0,0,0,1,0,East,2021/2022,SOUTH-WESTERN MOTORWAY,ONEHUNGA HARBOUR ROAD ON RAMP,,Serious Crash,Yes,2022,0,North,0,0,0,Flat,1,,0,,0,Bright sun,602501,1,0,0,4,0,0,0,0,0,,0,0,Auckland Region,Nil,1-way,Sealed,0,0,1,0,100,0,Off,0,0,,76,Auckland,Nil,0,0,0,0,1,0,Open,0,0,0,Fine,Null
1748721.789,5936706.7,170805,,506653,0,0,0,1,1,South,2022/2023,DAIRY FLAT HIGHWAY,POTTER ROAD,,Serious Crash,No,2022,0,North,0,0,0,Hill Road,0,,0,,0,Dark,217208,0,0,0,3,0,1,0,0,0,,0,0,Auckland Region,Nil,2-way,Sealed,0,0,1,0,80,0,Off,0,0,,76,Auckland,Nil,0,0,0,0,0,0,Open,0,0,0,Light rain,Null
1759178.057,5920540.039,170881,,515902,1,0,0,0,0,East,2021/2022,TAMAKI DRIVE,THE STRAND,,Serious Crash,No,2021,0,West,0,0,0,Flat,0,,0,,0,Bright sun,454800,0,0,0,6,0,0,0,0,1,,0,0,Auckland Region,Nil,2-way,Sealed,0,0,1,0,50,0,Off,1,0,,76,Auckland,Nil,0,0,0,0,0,0,Urban,0,0,0,Fine,Null
1766894.733,5907419.932,170936,,523601,0,0,0,1,0,North,2021/2022,BAIRDS ROAD,CLAYTON AVENUE,,Serious Crash,No,2022,0,North,0,0,0,Flat,0,,0,,0,Twilight,708700,0,0,0,2,0,0,0,0,0,,0,1,Auckland Region,Nil,2-way,Sealed,0,0,1,0,50,0,On,0,0,,76,Auckland,Nil,0,0,0,0,0,0,Urban,0,0,0,Light rain,Null
1750138.455,5913821.387,171024,,511303,0,0,0,1,0,Null,2021/2022,CLARK STREET,CROWN LYNN PLACE,,Serious Crash,No,2021,0,West,0,0,0,Flat,0,,0,,0,Dark,265100,0,0,0,4,0,1,0,0,0,,0,0,Auckland Region,Nil,2-way,Sealed,0,0,1,0,50,0,On,0,0,,76,Auckland,Traffic Signals,0,1,0,0,0,0,Urban,0,0,0,Fine,Null
1746628.497,5872556.246,171239,,521151,0,,0,0,,Null,2020/2021,OFFROAD KARIOTAHI BEACH,,,Serious Crash,No,2021,,North,,0,,Hill Road,,Easter,,,,Bright sun,831300,0,0,0,0,,,1,,,,,,Auckland Region,Nil,Off road,Unsealed,,0,1,,20,,None,0,0,,76,Auckland,Nil,,,,,0,0,Urban,1,,,Fine,Null
1755362.043,5926215.403,171335,,509701,0,,0,1,,Null,2021/2022,OCEAN VIEW ROAD,EBAN AVENUE,,Serious Crash,No,2022,,North,,0,,Hill Road,,,,,,Dark,363902,0,1,0,2,,,0,,,,,,Auckland Region,Nil,2-way,Sealed,,0,1,,50,,On,0,0,,76,Auckland,Stop,,,,,0,0,Urban,0,,,Fine,Null
1767303.886,5905117.863,171337,,524603,0,,0,1,,Null,2021/2022,GREAT SOUTH ROAD,RYAN PLACE,,Serious Crash,No,2021,,South,,0,,Flat,,,,,,Dark,780304,0,0,1,4,,,0,,,,,,Auckland Region,Nil,2-way,Sealed,,0,1,,60,,On,0,0,,76,Auckland,Traffic Signals,,,,,0,0,Urban,0,,,Fine,Null
1771443.061,5895359.741,171408,,525540,0,0,0,1,0,North,2021/2022,SOUTHERN MOTORWAY,BEACH OBR,,Serious Crash,Yes,2022,0,South,0,0,0,Flat,1,,0,,0,Dark,806402,2,0,0,2,0,0,0,0,0,,0,1,Auckland Region,Motorway ramp,1-way,Sealed,0,0,1,0,100,0,On,0,0,,76,Auckland,Nil,0,0,0,0,0,0,Open,0,0,0,Fine,Null
1762904.887,5915482.802,171430,,520302,0,0,0,2,0,East,2021/2022,MARUA ROAD,DRYDEN PLACE,,Serious Crash,No,2021,0,West,0,0,0,Flat,0,,0,,0,Bright sun,625000,0,0,0,2,0,0,0,0,1,,0,0,Auckland Region,Nil,2-way,Sealed,0,0,1,0,50,0,Off,2,0,,76,Auckland,Nil,0,0,0,0,1,0,Urban,0,0,0,Fine,Null
1753474.38,5915403.551,171437,,517903,0,,0,1,,West,2021/2022,OWAIRAKA AVENUE,VINTER TERRACE,,Serious Crash,No,2022,,West,,0,,Flat,,,,,,Bright sun,517900,0,0,0,2,,,0,,,1,,,Auckland Region,Nil,2-way,Sealed,,0,1,,50,,Off,0,0,,76,Auckland,Nil,,,,,0,0,Urban,0,,,Fine,Null
1757455.862,5943888.455,171481,45,505902,0,,0,1,,South,2021/2022,WHANGAPARAOA ROAD,ZEALANDIA ROAD,,Serious Crash,No,2021,,North,,0,,Hill Road,,,,,,Overcast,174613,1,0,0,2,,,0,,,2,,,Auckland Region,Nil,2-way,Sealed,,0,2,,50,,Off,0,0,,76,Auckland,Nil,,,,,0,0,Urban,0,,,Fine,Null
1765219.491,5908157.695,171614,,523404,0,0,0,0,0,East,2020/2021,BAIRDS ROAD,GREAT SOUTH ROAD,,Serious Crash,No,2021,0,East,0,0,0,Flat,0,Queens Birthday,0,,0,Dark,696701,0,0,0,2,0,0,0,0,0,,0,0,Auckland Region,Nil,2-way,Sealed,0,0,1,0,50,0,On,0,0,,76,Auckland,Nil,0,0,0,1,0,0,Urban,1,0,0,Light rain,Null
1769628.335,5880563.214,171618,,525922,0,,0,1,,Null,2021/2022,OFFROAD CARPARK,,,Serious Crash,No,2022,,North,,0,,Flat,,,,,,Overcast,823800,0,0,0,,,,0,,,1,,,Auckland Region,Nil,Off road,Sealed,,0,1,,,,None,0,0,,76,Auckland,Nil,,,,,0,0,Urban,0,,,Fine,Null
1759847.093,5911803.965,171639,,520000,0,0,0,1,0,Null,2021/2022,NEILSON STREET,ALFRED STREET,,Serious Crash,No,2022,0,East,0,0,0,Flat,0,,0,,0,Dark,607100,0,0,0,4,0,0,0,0,0,,0,1,Auckland Region,Nil,2-way,Sealed,0,0,1,0,50,0,On,0,0,,76,Auckland,Stop,0,0,0,0,0,0,Urban,0,0,0,Heavy rain,Null
1729313.274,5943064.667,171732,,506646,1,,0,1,,West,2020/2021,KAIPARA COAST HIGHWAY,ABEL ROAD,,Serious Crash,Yes,2021,,North,,0,,Flat,,,,,,Overcast,211402,0,0,0,2,,,0,,,,,,Auckland Region,Nil,2-way,Sealed,,0,1,,100,,None,0,0,,76,Auckland,Nil,,,,,0,0,Open,0,,,Fine,Null
1757971.074,5927285.581,171785,,508010,1,,0,0,,Null,2021/2022,ANZAC STREET,LAKE ROAD,,Serious Crash,No,2021,,East,,0,,Flat,,,,,,Overcast,327300,0,0,0,1,,,0,,,,,,Auckland Region,Nil,1-way,Sealed,,0,1,,50,,Off,1,0,,76,Auckland,Give way,,,,,0,0,Urban,0,,,Fine,Null
1744019.181,5884147.401,171802,,521151,0,0,0,1,0,South,2021/2022,AWHITU ROAD,DOUGLAS ROAD,,Serious Crash,No,2022,0,West,1,0,0,Hill Road,0,,0,,0,Twilight,830900,2,0,0,2,0,0,0,0,0,,0,0,Auckland Region,Nil,2-way,Sealed,0,0,1,0,100,0,None,0,0,,76,Auckland,Unknown,0,0,0,1,0,0,Open,0,0,0,Fine,Null
1750107.626,5940967.953,171823,,506003,0,0,0,1,0,East,2022/2023,ARA WEITI ROAD,PENLINK ROAD,,Fatal Crash,No,2022,0,South,1,1,0,Flat,0,,0,,0,Dark,175817,0,0,0,2,0,0,0,0,0,,0,0,Auckland Region,Nil,2-way,Sealed,0,0,0,0,60,0,None,0,0,,76,Auckland,Nil,0,0,0,0,0,0,Urban,0,0,0,Fine,Null
1762525.94,5906619.228,171850,,524302,0,,0,1,,Null,2021/2022,RAGLAN STREET,WINTHROP WAY,,Serious Crash,No,2022,,North,,0,,Flat,,,,,,Overcast,745300,0,0,0,2,,,0,,,1,,,Auckland Region,Nil,2-way,Sealed,,0,1,,50,,Off,0,0,,76,Auckland,Give way,,,,,0,0,Urban,0,,,Heavy rain,Null
1767634.094,5908344.619,172064,,523502,0,,0,1,,North,2021/2022,HILLS ROAD,WILLIAMS CRESCENT,,Fatal Crash,No,2022,,North,,1,,Flat,,,,,,Dark,701600,0,0,1,2,,,0,,,,,,Auckland Region,Nil,2-way,Sealed,,0,0,,50,,On,1,0,,76,Auckland,Nil,,,,,0,0,Urban,0,,,Fine,Null
1757487.2,5912619.11,172272,,519810,0,,0,1,,North,2022/2023,QUEENSTOWN ROAD,BEACHCROFT AVENUE,,Serious Crash,No,2022,,North,,0,,Hill Road,,,,,,Twilight,596700,1,0,0,3,,,0,,,,,,Auckland Region,Nil,2-way,Sealed,,0,1,,50,,Off,1,0,,76,Auckland,Nil,,,,,0,0,Urban,0,,,Light rain,Null
1770656.79,5911266.39,172339,,523106,0,,0,0,,Null,2021/2022,CHAPEL ROAD,TI RAKAU DRIVE,,Serious Crash,No,2021,,South,,0,,Flat,,,,,,Bright sun,711174,0,0,1,2,,,0,,,,,,Auckland Region,Nil,1-way,Sealed,,0,1,,60,,Off,0,0,,76,Auckland,Traffic Signals,,,,,1,0,Urban,1,,,Fine,Null
1761302.644,5906850.238,172510,,524112,0,0,0,2,0,North,2021/2022,SOUTH-WESTERN MOTORWAY,MASSEY ROAD ON RAMP,,Serious Crash,Yes,2022,0,North,0,0,0,Flat,1,,0,,0,Dark,742201,0,0,0,2,0,0,0,0,0,,0,0,Auckland Region,Nil,1-way,Sealed,0,0,2,0,100,0,On,1,0,,76,Auckland,Nil,0,0,0,0,0,0,Open,1,0,0,Fine,Null
1757015.095,5927170.528,172541,,507900,0,,0,0,,South,2021/2022,TAHAROTO ROAD,KARAKA STREET,,Serious Crash,No,2022,,South,,0,,Flat,,,,,,Overcast,304800,0,0,1,5,,,0,,,,,,Auckland Region,Nil,2-way,Sealed,,0,1,,50,,None,0,0,,76,Auckland,Nil,,,,,0,0,Urban,0,,,Fine,Null
1755084.134,5932930.479,172544,,508805,1,,0,1,,Null,2021/2022,EAST COAST ROAD,SUNRISE AVENUE,,Serious Crash,No,2022,,East,,0,,Hill Road,,,,,,Overcast,180876,0,0,0,5,,,0,,,,,,Auckland Region,Nil,2-way,Sealed,,0,1,,50,,Off,0,0,,76,Auckland,Traffic Signals,,,,,0,0,Urban,0,,,Fine,Strong wind
1767762.536,5904970.909,172611,,523722,0,,0,1,,South,2021/2022,SOUTHERN MOTORWAY,TE IRIRANGI OBR,,Serious Crash,Yes,2021,,South,,0,,Flat,,,,,,Dark,715801,0,0,0,4,,,0,,,1,,,Auckland Region,Motorway ramp,1-way,Sealed,,0,1,,100,,On,0,0,,76,Auckland,Nil,,,,,0,0,Open,0,,,Fine,Null
1767241.685,5902923.413,172614,,524602,0,0,0,1,0,West,2021/2022,KERRS ROAD,DRUCES ROAD,,Serious Crash,No,2021,0,East,0,0,0,Flat,0,,0,,0,Bright sun,780404,1,0,0,2,0,0,0,0,0,,0,1,Auckland Region,Nil,2-way,Sealed,0,0,1,0,60,0,Off,0,0,,76,Auckland,Nil,0,0,0,0,0,0,Urban,0,0,0,Fine,Null
1752494.201,5916157.797,172714,,517903,1,,0,0,,Null,2021/2022,NEW NORTH ROAD,MCLEAN STREET,,Serious Crash,No,2022,,South,,0,,Flat,,,,,,Bright sun,520200,0,0,0,4,,,0,,,,,,Auckland Region,Nil,2-way,Sealed,,0,1,,50,,Off,1,0,,76,Auckland,Stop,,,,,0,0,Urban,0,,,Fine,Null
1766666.807,5908082.497,172771,,523501,0,0,0,0,0,Null,2019/2020,BAIRDS ROAD,TOSO WAY,,Serious Crash,No,2020,0,East,0,0,0,Flat,0,,0,,0,Bright sun,700601,0,0,0,2,0,0,0,0,0,,0,0,Auckland Region,Nil,2-way,Sealed,0,0,1,0,50,0,Null,1,0,,76,Auckland,Nil,0,0,0,1,0,0,Urban,0,0,0,Fine,Null
1753837.74,5914443.279,172846,,518801,0,0,0,2,0,North,2020/2021,STODDARD ROAD,SANDRINGHAM ROAD EXTENSION,,Serious Crash,No,2020,0,North,0,0,0,Flat,0,,0,,0,Bright sun,578500,0,0,0,2,0,0,0,0,0,,0,1,Auckland Region,Nil,2-way,Sealed,0,0,1,0,50,0,Off,0,0,,76,Auckland,Nil,0,0,0,0,0,0,Urban,0,0,0,Fine,Null
1770244.586,5911333.988,172901,,523105,0,,0,1,,West,2021/2022,TI RAKAU DRIVE,TI RAKAU DRIVE,,Serious Crash,No,2022,,East,,0,,Flat,,,,,,Bright sun,711185,0,0,1,7,,,0,,,,,,Auckland Region,Nil,2-way,Sealed,,0,1,,60,,Off,0,0,,76,Auckland,Nil,,,,,0,0,Urban,0,,,Fine,Null
1767258.822,5905586.349,172930,,522302,1,,0,1,,West,2021/2022,REAGAN ROAD,MEADOWCOURT DRIVE,,Serious Crash,No,2021,,East,,0,,Flat,,,,,,Bright sun,670700,0,0,0,3,,,0,,,,,,Auckland Region,Nil,2-way,Sealed,,0,1,,50,,Off,0,0,,76,Auckland,Nil,,,,,0,0,Urban,0,,,Fine,Null
1770407.363,5901585.833,172989,,523814,0,,0,1,,Null,2021/2022,OFF ROAD PRIVATE SHARED DRIVEWAY,,,Serious Crash,No,2022,,South,,0,,Flat,,,,,,Overcast,759521,0,0,0,,,,0,,,1,,,Auckland Region,Nil,Off road,Sealed,,0,1,,,,Off,0,0,,76,Auckland,Nil,,,,,0,0,Urban,0,,,Fine,Null
1760821.427,5916754.227,173011,,516202,1,,0,1,,Null,2020/2021,REMUERA ROAD,RANUI ROAD,,Serious Crash,No,2020,,West,,0,,Flat,,,,,,Overcast,489600,0,0,0,4,,,0,,,,,,Auckland Region,Nil,2-way,Sealed,,0,1,,50,,Off,0,0,,76,Auckland,Give way,,,,,0,0,Urban,0,,,Fine,Null
1742340.152,5917717.936,173040,,513220,0,0,0,1,0,South,2020/2021,SIMPSON ROAD,METCALFE ROAD,,Fatal Crash,No,2020,0,North,1,1,1,Flat,0,,0,,0,Bright sun,236609,0,0,0,2,0,0,0,0,0,,0,0,Auckland Region,Nil,2-way,Sealed,0,0,0,0,50,0,Off,0,0,,76,Auckland,Nil,0,0,0,0,0,0,Urban,0,0,0,Fine,Null
1755410.492,5914162.993,173156,,518500,0,0,0,1,1,West,2020/2021,MOUNT ALBERT ROAD,AKARANA AVENUE,,Serious Crash,No,2021,0,East,0,0,0,Flat,0,,0,,0,Dark,561000,0,0,0,2,0,0,0,0,1,,0,0,Auckland Region,Nil,2-way,Sealed,0,0,1,0,50,0,On,1,0,,76,Auckland,Nil,0,0,0,0,0,0,Urban,0,0,0,Fine,Null
1761857.687,5918917.866,173157,,516400,0,0,0,0,0,East,2020/2021,KEPA ROAD,ORAKEI ROAD,,Serious Crash,No,2020,0,East,0,0,0,Hill Road,0,,0,,1,Bright sun,497700,0,0,1,2,0,0,0,0,0,,0,0,Auckland Region,Nil,2-way,Sealed,0,0,1,0,50,0,Off,0,0,40,76,Auckland,Unknown,0,0,0,0,0,0,Urban,0,0,0,Fine,Null
1720975.016,5935353.65,173180,,506642,0,,0,1,,Null,2021/2022,OFFROAD BEACH,,,Serious Crash,No,2021,,North,,0,,Flat,,,,,,Overcast,211100,4,0,0,,,,0,,,,,,Auckland Region,Nil,Off road,Unsealed,,0,2,,,,None,0,0,,76,Auckland,Nil,,,,,0,0,Urban,0,,,Fine,Null
1756624.849,5921347.642,173348,,514101,0,0,0,0,0,East,2021/2022,JELLICOE STREET,DALDY STREET,,Serious Crash,No,2022,0,East,0,0,0,Flat,0,,0,,0,Bright sun,432400,0,0,1,2,0,0,0,0,1,,0,0,Auckland Region,Nil,2-way,Sealed,0,0,1,0,30,0,Off,0,0,20,76,Auckland,Nil,0,0,0,0,0,0,Urban,1,0,0,Fine,Null
1762028.57,5920733.256,173429,,516400,1,0,0,1,0,West,2020/2021,TAMAKI DRIVE,HAPIMANA STREET,,Serious Crash,No,2021,0,North,0,0,0,Flat,0,,0,,0,Bright sun,498700,0,0,0,1,0,0,0,0,1,,0,0,Auckland Region,Nil,1-way,Sealed,0,0,1,0,50,0,Off,0,0,,76,Auckland,Nil,0,0,0,0,0,0,Urban,0,0,0,Fine,Null
1763578.09,5920419.604,173474,,516500,0,,0,0,,Null,2021/2022,TAMAKI DRIVE,SELWYN AVENUE,,Serious Crash,No,2022,,East,,0,,Flat,,Christmas New Year,,,,Bright sun,500900,0,0,1,2,,,0,,,,,,Auckland Region,Nil,2-way,Sealed,,0,1,,50,,Off,1,0,,76,Auckland,Stop,,,,,0,0,Urban,0,,,Fine,Null
1767263.183,5879725.068,173553,,521112,0,,0,0,,Null,2021/2022,PUNI ROAD,DOMAIN ROAD,,Serious Crash,No,2021,,South,,0,,Flat,,,,,,Overcast,826000,0,0,0,2,,,0,,,,,,Auckland Region,Nil,2-way,Sealed,,0,1,,60,,Off,1,0,,76,Auckland,Give way,,,,,1,0,Urban,0,,,Fine,Null
1766341.054,5915445.16,173632,,520601,0,0,0,1,1,South,2021/2022,DUNKIRK ROAD,TOBRUK ROAD,,Serious Crash,No,2021,0,South,0,0,0,Flat,0,,0,,0,Overcast,633300,1,0,0,2,0,0,0,0,0,,0,0,Auckland Region,Nil,2-way,Sealed,0,0,1,0,50,0,Off,0,0,,76,Auckland,Nil,0,0,0,0,0,0,Urban,0,0,0,Light rain,Null
1765206.585,5912054.289,173690,,520500,0,0,0,1,0,North,2021/2022,FISHER CRESCENT,RAKINO WAY,,Serious Crash,No,2021,0,North,0,0,0,Flat,0,,0,,0,Dark,639700,0,0,0,2,0,0,0,0,0,,0,0,Auckland Region,Nil,2-way,Sealed,0,0,2,0,50,0,On,0,0,,76,Auckland,Nil,0,0,0,1,0,0,Urban,0,0,0,Fine,Null
1744136.379,5912325.04,173703,,512902,1,,0,0,,South,2021/2022,CARTER ROAD,WEST COAST ROAD,,Serious Crash,No,2021,,South,,0,,Hill Road,,,,,,Bright sun,279500,0,0,0,2,,,0,,,,,,Auckland Region,Nil,2-way,Sealed,,0,1,,70,,Off,0,0,,76,Auckland,Nil,,,,,0,0,Urban,0,,,Fine,Null
1767262.599,5906503.649,173806,,523601,0,0,0,1,0,North,2021/2022,SOUTHERN MOTORWAY,REAGAN OBR,,Serious Crash,Yes,2021,0,South,0,0,0,Flat,1,,0,,0,Dark,707600,0,0,0,3,0,0,0,0,0,,0,0,Auckland Region,Nil,1-way,Sealed,0,0,1,0,90,0,On,0,0,,76,Auckland,Nil,0,0,0,0,0,0,Open,0,0,0,Light rain,Frost
1758594.694,5912152.975,173820,,519810,0,,0,1,,West,2021/2022,CHURCH STREET,HILL STREET,,Serious Crash,No,2021,,West,,0,,Flat,,,,,,Bright sun,601500,0,0,0,2,,,0,,,1,,,Auckland Region,Nil,2-way,Sealed,,0,1,,50,,Off,0,0,,76,Auckland,Nil,,,,,0,0,Urban,0,,,Fine,Null
1768449.864,5899397.582,173902,,525102,0,0,0,5,0,East,2021/2022,MAHIA ROAD,HOBART CRESCENT,,Serious Crash,No,2021,0,West,0,0,0,Flat,0,,0,,0,Dark,769600,2,0,0,2,0,0,0,0,2,,0,0,Auckland Region,Nil,2-way,Sealed,0,0,2,0,50,0,On,0,0,,76,Auckland,Nil,0,0,0,0,0,0,Urban,0,0,0,Fine,Null
1766370.931,5906051.527,173938,,522202,0,,0,2,,Null,2021/2022,GREAT SOUTH ROAD,ALEXANDER AVENUE,,Serious Crash,No,2021,,North,,0,,Flat,,,,,,Dark,665400,3,0,0,2,,,0,,,,,,Auckland Region,Nil,2-way,Sealed,,0,1,,50,,On,0,0,,76,Auckland,Nil,,,,,0,0,Urban,0,,,Fine,Null
1745385.286,5909360.306,173998,,512700,0,0,0,0,0,South,2021/2022,HUIA ROAD,SYLVAN VALLEY AVENUE,,Serious Crash,No,2022,0,East,0,0,0,Hill Road,0,,0,,0,Overcast,300600,0,0,0,2,0,0,0,0,0,,0,0,Auckland Region,Nil,2-way,Sealed,0,0,1,0,50,0,Off,0,0,,76,Auckland,Unknown,0,0,0,1,0,0,Urban,1,0,0,Fine,Strong wind
1765348.919,5902131.853,174076,,524604,0,0,0,1,0,North,2021/2022,ROSCOMMON ROAD,KIWI TAMAKI ROAD,,Serious Crash,No,2022,0,North,0,0,1,Flat,0,,0,,0,Bright sun,781200,0,0,0,2,0,0,0,0,1,,0,0,Auckland Region,Nil,1-way,Sealed,0,0,1,0,60,0,Off,0,0,,76,Auckland,Nil,1,0,0,0,0,0,Urban,0,0,0,Fine,Null
1758500.474,5918568.389,174083,,517400,0,,0,1,,Null,2021/2022,DAVIS CRESCENT,CARLTON GORE ROAD,,Serious Crash,No,2022,,South,,0,,Flat,,,,,,Twilight,451000,0,0,0,2,,,0,,,,,,Auckland Region,Nil,2-way,Sealed,,0,1,,50,,On,0,0,,76,Auckland,Give way,,,,,0,0,Urban,1,,,Fine,Null
1769159.356,5901732.88,174108,,524901,0,0,0,1,1,South,2021/2022,DENNIS AVENUE,FRANK PLACE,,Fatal Crash,No,2021,0,South,0,1,0,Flat,0,,0,,1,Bright sun,756000,0,0,0,2,0,0,0,0,0,,0,0,Auckland Region,Nil,2-way,Sealed,0,0,1,0,50,0,Off,0,0,,76,Auckland,Nil,0,0,0,2,0,0,Urban,0,0,0,Fine,Null
1757191.308,5925978.073,174148,,507900,0,0,0,0,0,Null,2021/2022,ESMONDE ROAD,ESMONDE ROAD OFF RAMP,,Serious Crash,No,2021,0,South,0,0,0,Flat,1,,0,,0,Overcast,304000,0,0,1,2,0,0,0,0,0,,0,0,Auckland Region,Motorway ramp,1-way,Sealed,0,0,1,0,60,0,Off,0,0,,76,Auckland,Traffic Signals,1,0,0,0,0,0,Urban,0,0,0,Fine,Null
1756028.059,5921087.764,174179,,515202,0,,0,2,,East,2021/2022,FANSHAWE STREET OFF RAMP,NORTHERN MOTORWAY,,Serious Crash,No,2022,,East,,0,,Hill Road,,,,,,Bright sun,425600,0,0,0,6,,,0,,,,,,Auckland Region,Bridge,2-way,Sealed,,0,1,,80,,None,0,0,,76,Auckland,Nil,,,,,0,0,Open,0,,,Fine,Null
1750516.49,5913734.403,174235,,511303,0,,0,1,,Null,2021/2022,CLARK STREET,PORTAGE ROAD,,Serious Crash,No,2022,,West,,0,,Flat,,,,,,Bright sun,265200,0,0,1,4,,,0,,,,,,Auckland Region,Nil,2-way,Sealed,,0,1,,50,,None,0,0,30,76,Auckland,Traffic Signals,,,,,0,0,Urban,0,,,Light rain,Null
1746694.168,5872287.948,174243,,521151,0,,0,0,,Null,2021/2022,OFFROAD BEACH ,,,Serious Crash,No,2021,,South,,0,,Flat,,,,,,Overcast,831602,0,0,0,,,,1,,,,,,Auckland Region,Nil,Off road,Unsealed,,0,1,,,,None,0,0,,76,Auckland,Nil,,,,,0,0,Urban,0,,,Fine,Null
1744739.88,5910406.353,174301,,512700,1,,0,0,,North,2020/2021,SCENIC DRIVE,SHAW ROAD,,Serious Crash,No,2021,,Null,,0,,Hill Road,,,,,,Bright sun,300800,0,0,0,2,,,0,,,,,,Auckland Region,Nil,2-way,Sealed,,0,1,,70,,None,0,0,,76,Auckland,Nil,,,,,0,0,Urban,0,,,Fine,Null
1755746.166,5926574.974,174427,,508620,0,,0,1,,North,2021/2022,OCEAN VIEW ROAD,LAKE ROAD,,Serious Crash,No,2021,,East,,0,,Flat,,,,,,Dark,363400,0,0,0,2,,,0,,,1,,,Auckland Region,Nil,2-way,Sealed,,0,1,,50,,On,0,0,,76,Auckland,Unknown,,,,,0,0,Urban,0,,,Fine,Null
1760365.374,5915758.624,174466,,516003,0,,0,2,,West,2020/2021,SOUTHERN MOTORWAY,GREEN LANE EAST ON RAMP,,Serious Crash,Yes,2020,,South,,0,,Flat,,,,,,Dark,494902,0,0,0,3,,,0,,,,,,Auckland Region,Nil,1-way,Sealed,,0,1,,100,,On,0,0,,76,Auckland,Nil,,,,,0,0,Open,0,,,Fine,Null
1756041.132,5919290.542,174479,,515420,0,,0,1,,South,2021/2022,MAIDSTONE STREET,CRUMMER ROAD,,Serious Crash,No,2021,,South,,0,,Flat,,,,,,Overcast,411500,0,0,0,2,,,0,,,1,,,Auckland Region,Nil,2-way,Sealed,,0,1,,50,,Off,0,0,,76,Auckland,Nil,,,,,0,0,Urban,0,,,Fine,Null
1743719.626,5883447.507,174507,,521151,0,,0,0,,South,2021/2022,DOUGLAS ROAD,AWHITU ROAD,,Serious Crash,No,2022,,South,,0,,Flat,,,,,,Bright sun,830900,0,0,1,2,,,0,,,,,,Auckland Region,Nil,2-way,Sealed,,0,1,,100,,Off,0,0,,76,Auckland,Nil,,,,,0,0,Open,0,,,Fine,Null
1744291.254,5923563.877,174672,,513521,0,0,0,1,0,South,2021/2022,HOLMES DRIVE,OREIL AVENUE,,Serious Crash,No,2021,0,South,1,0,1,Flat,0,,0,,0,Dark,224221,0,0,0,2,0,0,0,0,0,,0,0,Auckland Region,Nil,2-way,Sealed,0,0,1,0,50,0,On,0,0,,76,Auckland,Nil,0,0,0,1,0,0,Urban,0,0,0,Fine,Null
1752554.928,5954218.709,174758,45,506201,0,,0,2,,South,2020/2021,HIBISCUS COAST HIGHWAY,WERANUI ROAD,,Serious Crash,No,2021,,North,,0,,Hill Road,,,,,,Twilight,176204,2,0,0,3,,,0,,,,,,Auckland Region,Nil,2-way,Sealed,,0,1,,80,,None,0,0,,76,Auckland,Nil,,,,,0,0,Open,0,,,Light rain,Null
1749479.584,5945830.766,174975,,505806,0,,0,0,,Null,2021/2022,HIBISCUS COAST HIGHWAY,BRIAN SMITH DRIVE,,Serious Crash,No,2022,,East,,0,,Hill Road,,,,,,Bright sun,176602,0,0,1,1,,,0,,,,,,Auckland Region,Nil,1-way,Sealed,,0,1,,50,,Off,0,0,,76,Auckland,Give way,,,,,0,0,Urban,1,,,Fine,Null