X,Y,OBJECTID,advisorySpeed,areaUnitID,bicycle,bridge,bus,carStationWagon,cliffBank,crashDirectionDescription,crashFinancialYear,crashLocation1,crashLocation2,crashRoadSideRoad,crashSeverity,crashSHDescription,crashYear,debris,directionRoleDescription,ditch,fatalCount,fence,flatHill,guardRail,holiday,houseOrBuilding,intersection,kerb,light,meshblockId,minorInjuryCount,moped,motorcycle,NumberOfLanes,objectThrownOrDropped,otherObject,otherVehicleType,overBank,parkedVehicle,pedestrian,phoneBoxEtc,postOrPole,region,roadCharacter,roadLane,roadSurface,roadworks,schoolBus,seriousInjuryCount,slipOrFlood,speedLimit,strayAnimal,streetLight,suv,taxi,temporarySpeedLimit,tlaId,tlaName,trafficControl,trafficIsland,trafficSign,train,tree,truck,unknownVehicleType,urban,vanOrUtility,vehicle,waterRiver,weatherA,weatherB
1749273.059,5943689.249,174995,,506003,0,,0,1,,Null,2021/2022,EAST COAST ROAD,SPUR ROAD,,Fatal Crash,No,2022,,South,,1,,Flat,,,,,,Bright sun,175702,2,0,0,3,,,0,,,,,,Auckland Region,Nil,2-way,Sealed,,0,0,,100,,None,0,0,,76,Auckland,Stop,,,,,1,0,Open,0,,,Fine,Null
1756272.134,5887141.909,175036,,521122,2,,0,1,,West,2021/2022,WAIAU PA ROAD,ESTUARY VIEW ROAD,,Serious Crash,No,2022,,West,,0,,Flat,,,,,,Twilight,810700,1,0,0,2,,,0,,,,,,Auckland Region,Nil,2-way,Sealed,,0,1,,80,,None,0,0,,76,Auckland,Nil,,,,,0,0,Open,0,,,Fine,Null
1765651.943,5901403.934,175040,,524604,0,0,0,4,0,Null,2021/2022,BROWNS ROAD,ROSCOMMON ROAD,,Serious Crash,No,2022,0,West,0,0,0,Flat,0,,1,,0,Dark,781200,0,0,0,2,0,0,0,0,1,,0,0,Auckland Region,Nil,2-way,Sealed,0,0,1,0,50,0,On,0,0,,76,Auckland,Traffic Signals,0,1,0,0,0,0,Urban,0,0,0,Fine,Null
1749319.719,5941290.432,175161,,506300,0,0,0,0,0,South,2021/2022,NORTHERN MOTORWAY,WILKS OBR,,Serious Crash,Yes,2022,0,South,0,0,0,Flat,1,,0,,0,Bright sun,175902,0,0,1,2,0,0,0,0,0,,0,0,Auckland Region,Nil,1-way,Sealed,0,0,1,0,100,0,Off,1,0,,76,Auckland,Nil,0,0,0,0,0,0,Open,0,0,0,Fine,Null
1740699.312,5922304.544,175248,,513701,0,,0,0,,North,2021/2022,RED HILLS ROAD,SUNNYVALE ROAD,,Serious Crash,No,2022,,North,,0,,Flat,,,,,,Bright sun,226501,0,0,0,2,,,0,,,,,,Auckland Region,Nil,2-way,Sealed,,0,1,,80,,Off,0,0,,76,Auckland,Nil,,,,,0,0,Open,1,,,Fine,Null
1756103.162,5945165.61,175327,,505902,0,0,0,1,1,Null,2021/2022,STANMORE BAY ROAD,BRIGHTSIDE ROAD,,Serious Crash,No,2022,0,East,0,0,0,Hill Road,0,,0,,0,Bright sun,174106,0,0,0,2,0,0,0,0,0,,0,0,Auckland Region,Nil,2-way,Sealed,0,0,1,0,50,0,Off,0,0,,76,Auckland,Give way,0,0,0,0,0,0,Urban,0,0,0,Fine,Null
1756229.472,5924252.388,175377,,509702,0,0,0,1,0,North,2022/2023,NORTHERN MOTORWAY,ONEPOTO STM BR,,Serious Crash,Yes,2022,0,South,0,0,0,Flat,1,,0,,0,Dark,366700,1,0,0,4,0,0,0,0,0,,0,0,Auckland Region,Nil,1-way,Sealed,0,0,2,0,80,0,On,0,0,,76,Auckland,Nil,0,0,0,0,0,0,Open,1,0,0,Fine,Null
1767929.327,5883417.227,175426,45,521111,0,0,1,0,0,East,2021/2022,HEIGHTS ROAD,BEATTY ROAD,,Serious Crash,No,2021,0,South,0,0,0,Flat,0,,0,,0,Bright sun,813800,2,0,0,2,0,0,0,0,0,,0,1,Auckland Region,Nil,2-way,Sealed,0,0,1,0,60,0,Off,0,0,,76,Auckland,Nil,0,1,0,0,0,0,Urban,0,0,0,Fine,Null
1732870.085,5929664.126,175506,,505601,0,,0,0,,Null,2021/2022,SH 16,SOLAN DRIVE,,Serious Crash,Yes,2022,,East,,0,,Flat,,,,,,Bright sun,216205,0,0,1,2,,,0,,,,,,Auckland Region,Nil,2-way,Sealed,,0,1,,60,,Off,0,0,,76,Auckland,Give way,,,,,1,0,Urban,0,,,Fine,Null
1719702.464,5949469.765,175512,,506642,0,,0,1,,North,2021/2022,SOUTH HEAD ROAD,TUPAREKURA ROAD,,Serious Crash,No,2022,,North,,0,,Hill Road,,,,,,Dark,210301,0,0,0,2,,,0,,,,,,Auckland Region,Nil,2-way,Sealed,,0,2,,80,,None,0,0,,76,Auckland,Nil,,,,,1,0,Open,0,,,Fine,Null
1746942.953,5939506.52,175541,,506614,0,0,0,1,0,Null,2021/2022,GREEN ROAD,DAIRY FLAT HIGHWAY,,Serious Crash,No,2022,0,North,0,0,0,Flat,1,,0,,0,Dark,178101,0,0,0,1,0,0,0,0,0,,0,0,Auckland Region,Nil,2-way,Sealed,0,0,1,0,80,0,On,0,0,,76,Auckland,Stop,0,0,0,0,0,0,Open,0,0,0,Light rain,Null
1746523.163,5925970.619,175551,,513432,1,,0,1,,West,2021/2022,HOBSONVILLE ROAD,BRIGHAM CREEK ROAD,,Serious Crash,No,2021,,East,,0,,Flat,,,,,,Bright sun,223005,0,0,0,2,,,0,,,,,,Auckland Region,Nil,2-way,Sealed,,0,1,,50,,Off,0,0,,76,Auckland,Nil,,,,,0,0,Urban,0,,,Fine,Null
1759922.767,5916075.899,175571,,516002,0,,0,0,,South,2021/2022,SOUTHERN MOTORWAY,GREEN LANE EAST ON RAMP,,Serious Crash,Yes,2022,,North,,0,,Flat,,,,,,Bright sun,492100,0,0,1,4,,,0,,,,,,Auckland Region,Nil,1-way,Sealed,,0,1,,100,,Off,0,0,,76,Auckland,Unknown,,,,,0,0,Open,0,,,Mist or Fog,Null
1772219.213,5913968.866,175628,,521602,0,,0,1,,Null,2021/2022,COOK STREET,RODNEY STREET,,Serious Crash,No,2022,,South,,0,,Flat,,,,,,Bright sun,649800,0,0,0,2,,,0,,,,,,Auckland Region,Nil,2-way,Sealed,,0,1,,50,,Off,1,0,,76,Auckland,Give way,,,,,0,0,Urban,0,,,Fine,Null
1751625.47,5917988.377,175656,,515001,0,0,0,0,0,West,2021/2022,GREAT NORTH ROAD ON RAMP,NORTH-WESTERN MOTORWAY,,Serious Crash,No,2022,0,East,0,0,0,Flat,1,,0,,0,Bright sun,392200,0,0,1,3,0,0,0,0,0,,0,0,Auckland Region,Motorway ramp,1-way,Sealed,0,0,1,0,80,0,Off,0,0,,76,Auckland,Unknown,0,0,0,0,0,0,Open,0,0,0,Fine,Null
1766419.811,5907629.063,175665,,523402,0,,0,1,,Null,2022/2023,EAST TAMAKI ROAD,OTARA ROAD,,Serious Crash,No,2022,,East,,0,,Flat,,,,,,Dark,699300,0,0,0,3,,,0,,,,,,Auckland Region,Nil,1-way,Sealed,,0,1,,60,,On,0,0,,76,Auckland,Traffic Signals,,,,,1,0,Urban,0,,,Light rain,Null
1754121.805,5925584.202,175672,,510500,0,0,0,2,0,East,2021/2022,PUPUKE ROAD,BANK STREET,,Serious Crash,No,2022,0,East,0,0,0,Hill Road,0,,0,,0,Bright sun,355400,0,0,1,2,0,0,0,0,1,,0,0,Auckland Region,Nil,2-way,Sealed,0,0,1,0,50,0,Off,0,0,,76,Auckland,Nil,0,0,0,0,0,0,Urban,1,1,0,Fine,Null
1782895.735,5925497.114,175738,,520801,0,0,0,0,0,South,2021/2022,CALAIS TERRACE,NATZKA ROAD,,Serious Crash,No,2022,0,North,0,0,0,Hill Road,0,,0,,0,Dark,515306,0,1,0,2,0,0,0,0,0,,0,0,Auckland Region,Nil,2-way,Sealed,0,0,1,0,50,0,None,0,0,,76,Auckland,Nil,0,0,0,1,0,0,Urban,0,0,0,Mist or Fog,Null
1751121.019,5915344.807,175792,,514401,0,,0,1,,West,2021/2022,RACECOURSE PARADE,GREAT NORTH ROAD,,Serious Crash,No,2022,,West,,0,,Flat,,,,,,Bright sun,382300,0,0,0,2,,,0,,,1,,,Auckland Region,Nil,2-way,Sealed,,0,1,,50,,Off,0,0,,76,Auckland,Nil,,,,,0,0,Urban,0,,,Fine,Null
1746478.557,5971925.521,175807,,506661,0,1,0,0,0,West,2021/2022,KAIPARA FLATS ROAD,SH 1,,Serious Crash,No,2022,0,East,0,0,0,Flat,0,,0,,0,Dark,139106,0,0,0,1,0,0,0,0,0,,0,0,Auckland Region,Bridge,2-way,Sealed,0,0,1,0,80,0,None,0,0,,76,Auckland,Nil,0,0,0,0,0,0,Open,1,0,0,Light rain,Null
1756894.396,5920125.333,176060,,514102,0,0,0,1,0,Null,2021/2022,HOBSON STREET,COOK STREET,,Serious Crash,No,2022,0,South,0,0,0,Flat,0,Queens Birthday,0,,0,Overcast,434701,0,0,0,6,0,0,0,0,0,,0,0,Auckland Region,Nil,1-way,Sealed,0,0,1,0,40,0,Off,0,0,,76,Auckland,Traffic Signals,0,0,0,1,0,0,Urban,0,0,0,Light rain,Null
1775316.204,5896213.643,176232,,525700,0,,0,0,,Null,2021/2022,OFF ROAD WALKWAY/PARK SETTLEMENT ROAD,,,Serious Crash,No,2022,,Null,,0,,Flat,,,,,,Bright sun,800305,0,0,1,0,,,0,,,1,,,Auckland Region,Nil,Off road,Sealed,,0,1,,,,None,0,0,,76,Auckland,Nil,,,,,0,0,Urban,0,,,Fine,Null
1765942.764,5910046.022,176284,,523112,0,0,0,0,0,West,2021/2022,HIGHBROOK DRIVE,EL KOBAR DRIVE,,Fatal Crash,No,2021,0,North,0,1,0,Flat,1,,0,,0,Overcast,711302,0,0,0,2,0,0,0,0,0,,0,0,Auckland Region,Nil,1-way,Sealed,0,0,1,0,60,0,Off,1,0,,76,Auckland,Nil,1,0,0,1,0,0,Urban,2,0,0,Fine,Null
1755111.664,5914105.036,176311,,518803,0,,0,2,,Null,2021/2022,MEMORIAL AVENUE,DOMINION ROAD,,Serious Crash,No,2022,,East,,0,,Flat,,,,,,Dark,580300,1,0,0,2,,,0,,,,,,Auckland Region,Nil,2-way,Sealed,,0,1,,50,,On,0,0,,76,Auckland,Traffic Signals,,,,,0,0,Urban,0,,,Fine,Null
1757000.163,5977493.147,176433,,506661,0,0,0,1,0,Null,2021/2022,POINT WELLS ROAD,OMAHA FLATS ROAD,,Serious Crash,No,2021,0,North,0,0,0,Flat,0,Labour Weekend,0,,0,Dark,138604,0,0,0,2,0,0,0,0,0,,0,1,Auckland Region,Nil,2-way,Sealed,0,0,1,0,80,0,On,0,0,,76,Auckland,Stop,0,0,0,0,0,0,Open,0,0,0,Heavy rain,Strong wind
1770630.227,5909731.796,176725,,523114,0,,0,0,,Null,2022/2023,POINT VIEW LINK,KILKENNY DRIVE,,Serious Crash,No,2022,,East,,0,,Flat,,,,,,Dark,712033,0,0,0,2,,,0,,,1,,,Auckland Region,Nil,2-way,Sealed,,0,1,,50,,On,0,0,,76,Auckland,Give way,,,,,0,0,Urban,1,,,Fine,Null
1759210.663,5908099.83,176814,,524002,0,,0,1,,North,2021/2022,MCKENZIE ROAD,KORO LANE,,Serious Crash,No,2021,,South,,0,,Flat,,,,,,Bright sun,725601,0,0,1,2,,,0,,,,,,Auckland Region,Nil,2-way,Sealed,,0,1,,60,,Off,0,0,,76,Auckland,Nil,,,,,0,0,Urban,0,,,Fine,Null
1762771.038,5912090.041,176861,,519500,0,0,0,1,0,Null,2021/2022,INDUSTRY ROAD,SOUTHDOWN LANE,,Serious Crash,No,2021,0,South,0,0,0,Flat,0,Labour Weekend,0,,0,Dark,622700,0,0,0,2,0,0,0,0,0,,0,0,Auckland Region,Nil,2-way,Sealed,0,0,1,0,50,0,On,0,0,,76,Auckland,Nil,0,0,0,1,0,0,Urban,0,0,0,Light rain,Null
1765082.731,5910080.621,176880,,521801,0,0,0,1,0,North,2022/2023,SOUTHERN MOTORWAY,TRENWITH OBR,,Serious Crash,Yes,2022,0,North,0,0,0,Flat,0,,0,,0,Dark,787700,1,0,0,4,0,0,0,0,0,,0,0,Auckland Region,Nil,1-way,Sealed,0,0,1,0,100,0,On,0,0,,76,Auckland,Nil,0,0,0,1,0,0,Open,0,0,0,Fine,Null
1768959.998,5879026.764,176881,,525922,0,,0,1,,North,2022/2023,TUAKAU ROAD,WEBB STREET,,Serious Crash,No,2022,,South,,0,,Hill Road,,,,,,Bright sun,823700,0,0,0,2,,,0,,,1,,,Auckland Region,Nil,2-way,Sealed,,0,1,,50,,None,0,0,,76,Auckland,Nil,,,,,0,0,Urban,0,,,Fine,Null
1747278.965,5919575.376,176931,,512402,0,,0,2,,Null,2021/2022,TE ATATU ROAD,TE ATATU ROAD ON RAMP,,Serious Crash,No,2021,,North,,0,,Flat,,,,,,Overcast,253700,1,0,0,6,,,0,,,,,,Auckland Region,Bridge,2-way,Sealed,,0,1,,50,,Off,0,0,,76,Auckland,Traffic Signals,,,,,0,0,Urban,0,,,Fine,Null
1751115.784,5926672.082,176991,,510010,0,,0,1,,West,2022/2023,FAIRCLOUGH ROAD,WOODHAMS STREET,,Serious Crash,No,2022,,North,,0,,Flat,,,,,,Twilight,343600,0,0,0,2,,,0,,,,,,Auckland Region,Nil,2-way,Sealed,,0,1,,50,,Off,0,0,,76,Auckland,Nil,,,,,0,0,Urban,0,,,Light rain,Null
1764150.179,5908954.14,177081,,521901,0,0,0,1,0,West,2021/2022,MANGERE ROAD,PIKI THOMPSON WAY,,Serious Crash,No,2022,0,West,0,0,1,Flat,0,,0,,0,Bright sun,785300,0,0,1,2,0,0,0,0,0,,0,0,Auckland Region,Nil,2-way,Sealed,0,0,1,0,50,0,Null,0,0,,76,Auckland,Nil,0,0,0,0,0,0,Urban,0,0,0,Fine,Null
1767322.661,5904483.192,177163,,524604,0,0,0,1,0,East,2021/2022,AMERSHAM WAY,KARORO COURT,,Serious Crash,No,2022,0,East,0,0,1,Flat,0,,0,,1,Overcast,780204,3,0,0,2,0,0,0,0,0,6,1,0,Auckland Region,Speed hump,2-way,Sealed,0,0,3,0,30,0,Off,0,0,,76,Auckland,Unknown,0,0,0,0,0,0,Urban,0,0,0,Fine,Null
1750622.951,5949476.877,177283,,505805,0,0,0,1,0,Null,2021/2022,LAKESIDE DRIVE,MCGOWAN PLACE,,Serious Crash,No,2022,0,East,0,0,0,Flat,0,,0,,0,Bright sun,171909,0,0,0,2,0,0,0,0,0,,0,0,Auckland Region,Nil,2-way,Sealed,0,0,1,0,50,0,Off,0,0,,76,Auckland,Nil,0,0,0,1,0,0,Urban,0,0,0,Fine,Null
1755053.857,5875589.637,177493,,526104,0,0,0,1,0,South,2022/2023,COLOMBO ROAD,KENDALLVALE DRIVE,,Serious Crash,No,2022,0,South,0,0,0,Flat,0,,0,,0,Overcast,835601,0,0,0,2,0,0,0,0,0,,0,1,Auckland Region,Nil,2-way,Sealed,0,0,1,0,50,0,Off,0,0,,76,Auckland,Nil,0,0,0,0,0,0,Urban,0,0,0,Light rain,Strong wind
1762823.643,5916048.293,177495,,516302,0,0,0,2,0,East,2022/2023,ABBOTTS WAY,WINSTONE DRIVE,,Serious Crash,No,2022,0,West,0,0,0,Flat,0,,0,,0,Bright sun,463708,0,0,0,2,0,0,0,0,1,,0,0,Auckland Region,Nil,2-way,Sealed,0,0,1,0,50,0,Off,0,0,,76,Auckland,Nil,0,0,0,0,0,0,Urban,0,0,0,Fine,Null
1755431.269,5930930.787,177521,,508520,0,,0,1,,North,2021/2022,LYFORD CRESCENT,TONKIN DRIVE,,Serious Crash,No,2022,,North,,0,,Flat,,,,,,Overcast,190800,0,0,0,2,,,0,,,1,,,Auckland Region,Nil,2-way,Sealed,,0,1,,50,,Off,0,0,,76,Auckland,Nil,,,,,0,0,Urban,0,,,Light rain,Null
1757363.429,5919560.279,177568,,514103,0,,0,0,,South,2021/2022,SYMONDS STREET,AIREDALE STREET,,Serious Crash,No,2022,,East,,0,,Hill Road,,,,,,Dark,436300,0,0,0,4,,,0,,,1,,,Auckland Region,Nil,2-way,Sealed,,0,1,,30,,On,0,0,,76,Auckland,Nil,,,,,1,0,Urban,0,,,Light rain,Null
1754778.622,5929666.127,177641,,508420,0,,0,1,,Null,2022/2023,TARGET ROAD,ELLICE ROAD,,Serious Crash,No,2022,,North,,0,,Hill Road,,,,,,Dark,182500,0,0,0,2,,,0,,,,,,Auckland Region,Nil,2-way,Sealed,,0,1,,50,,On,0,0,,76,Auckland,Give way,,,,,0,0,Urban,1,,,Fine,Null
1763131.256,5908039.756,177836,,524402,0,,0,1,,Null,2021/2022,MASSEY ROAD,GRAY AVENUE,,Serious Crash,No,2021,,South,,0,,Flat,,,,,,Bright sun,750000,1,0,0,4,,,0,,,2,,,Auckland Region,Nil,2-way,Sealed,,0,1,,50,,Off,0,0,,76,Auckland,Traffic Signals,,,,,0,0,Urban,0,,,Fine,Null
1769032.576,5880776.26,178134,,525922,0,,1,0,,West,2021/2022,HARRIS STREET,ROULSTON STREET,,Serious Crash,No,2022,,West,,0,,Flat,,,,,,Overcast,823100,0,0,0,2,,,0,,,1,,,Auckland Region,Nil,2-way,Sealed,,1,1,,50,,None,0,0,,76,Auckland,Unknown,,,,,0,0,Urban,0,,,Light rain,Null
1747057.187,5930974.048,178141,,509000,0,,1,1,,Null,2022/2023,PAREMOREMO ROAD,CUTTS CRESCENT,,Serious Crash,No,2022,,North,,0,,Flat,,,,,,Bright sun,179600,0,0,0,2,,,0,,,1,,,Auckland Region,Nil,2-way,Sealed,,1,1,,60,,None,0,0,,76,Auckland,Stop,,,,,0,0,Urban,0,,,Fine,Null
1747491.727,5914728.454,178289,,511100,0,,0,2,,Null,2022/2023,SABULITE ROAD,GREAT NORTH ROAD,,Serious Crash,No,2022,,North,,0,,Flat,,,,,,Overcast,285202,1,0,0,2,,,0,,,1,,,Auckland Region,Nil,2-way,Sealed,,0,1,,50,,Off,0,0,,76,Auckland,Traffic Signals,,,,,0,0,Urban,0,,,Fine,Null
1757899.819,5979904.162,178450,,506661,0,0,0,0,0,North,2022/2023,LEIGH ROAD,BIRDSALL ROAD,,Serious Crash,No,2022,0,East,0,0,0,Flat,0,,0,,0,Overcast,137601,0,0,0,2,0,0,0,0,0,,0,1,Auckland Region,Nil,2-way,Sealed,0,0,1,0,100,0,None,0,0,,76,Auckland,Nil,0,0,0,0,0,0,Open,1,0,0,Fine,Null
1755853.783,5928299.207,178661,,507900,0,0,0,1,0,North,2022/2023,NORTHERN MOTORWAY,WAIRAU OBR,,Serious Crash,Yes,2022,0,North,0,0,0,Flat,1,,0,,0,Overcast,305201,0,0,0,4,0,0,0,0,0,,0,0,Auckland Region,Nil,1-way,Sealed,0,0,1,0,100,0,Off,0,0,,76,Auckland,Nil,0,0,0,0,0,0,Open,0,0,0,Fine,Null
1742111.717,5919951.83,178667,,513621,1,,0,1,,Null,2022/2023,CROWS ROAD,PATRICK RICE DRIVE,,Serious Crash,No,2022,,North,,0,,Hill Road,,,,,,Overcast,226602,0,0,0,2,,,0,,,,,,Auckland Region,Nil,2-way,Sealed,,0,1,,50,,Off,0,0,,76,Auckland,Give way,,,,,0,0,Urban,0,,,Fine,Null
1758782.269,5976827.559,178680,,506658,0,0,0,1,0,Null,2022/2023,BROADLANDS DRIVE,BROADLANDS DRIVE,,Serious Crash,No,2022,0,East,0,0,0,Flat,0,,0,,0,Overcast,138820,0,0,0,2,0,1,0,0,0,,0,0,Auckland Region,Nil,2-way,Sealed,0,0,1,0,60,0,None,0,0,,76,Auckland,Nil,0,0,0,0,0,0,Urban,0,0,0,Light rain,Null
1756537.999,5919329.727,178909,,514200,0,0,0,1,0,North,2021/2022,NORTH-WESTERN TO NORTHERN LINK,NELSON STREET OFF RAMP,,Serious Crash,Yes,2021,0,North,0,0,0,Flat,1,,0,,0,Dark,411900,2,0,0,1,0,0,0,0,0,,0,0,Auckland Region,Underpass,1-way,Sealed,0,0,1,0,80,0,On,0,0,,76,Auckland,Nil,0,0,0,0,0,0,Open,0,0,0,Fine,Null
1765260.739,5909448.414,178915,,521803,0,0,0,1,0,North,2022/2023,SOUTHERN MOTORWAY,TAMAKI RIV BR,,Serious Crash,Yes,2022,0,South,0,0,0,Flat,1,,0,,0,Bright sun,788500,1,0,0,4,0,0,0,0,0,,0,0,Auckland Region,Nil,1-way,Sealed,0,0,1,0,100,0,Off,0,0,,76,Auckland,Nil,0,0,0,0,1,0,Open,1,0,0,Fine,Null
1747457.215,5910730.571,179008,,511901,0,,0,0,,Null,2021/2022,TITIRANGI ROAD,SOUTH TITIRANGI ROAD,,Serious Crash,No,2021,,North,,0,,Hill Road,,,,,,Overcast,294200,1,0,0,2,,,0,,,2,,,Auckland Region,Nil,2-way,Sealed,,0,1,,50,,Off,0,0,,76,Auckland,Give way,,,,,0,0,Urban,1,,,Fine,Null
1764683.409,5920074.863,179139,,516602,2,,0,0,,East,2020/2021,TAMAKI DRIVE,SAGE ROAD,,Serious Crash,No,2021,,East,,0,,Flat,,,,,,Bright sun,504400,1,0,0,2,,,0,,,1,,,Auckland Region,Nil,2-way,Sealed,,0,1,,50,,Off,0,0,,76,Auckland,Nil,,,,,0,0,Urban,0,,,Fine,Null
1769326.566,5881071.949,179188,,525922,0,,0,1,,Null,2021/2022,MANUKAU ROAD,STADIUM DRIVE,,Serious Crash,No,2022,,North,,0,,Flat,,,,,,Overcast,823800,1,0,0,2,,,0,,,,,,Auckland Region,Nil,2-way,Sealed,,0,1,,50,,Off,0,0,,76,Auckland,Give way,,,,,0,0,Urban,2,,,Fine,Null
1735613.944,5986479.948,179192,,506660,0,0,0,0,0,North,2021/2022,SH 1,CORONATION STREET,,Fatal Crash,Yes,2021,0,North,0,1,0,Flat,0,,0,,0,Dark,144000,0,0,0,2,0,0,0,0,0,,0,1,Auckland Region,Nil,2-way,Sealed,0,0,0,0,70,0,On,1,0,,76,Auckland,Nil,0,0,0,0,0,0,Urban,0,0,0,Light rain,Null
1768046.145,5906092.844,179394,,523721,0,,0,1,,Null,2021/2022,OFF ROAD - SHARED DRIVEWAY,,,Serious Crash,No,2021,,West,,0,,Flat,,Christmas New Year,,,,Bright sun,715509,0,0,0,,,,0,,,1,,,Auckland Region,Nil,Off road,Sealed,,0,2,,,,None,0,0,,76,Auckland,Nil,,,,,0,0,Urban,0,,,Fine,Null
1763759,5913726,257839,,520303,0,,0,1,,West,2012/2013,PENROSE ROAD,MOUNT WELLINGTON HIGHWAY,,Fatal Crash,No,2012,,East,,1,,Hill Road,,,,,,Overcast,627300,0,0,0,4,,,0,,,1,,,Auckland Region,Nil,2-way,Sealed,,0,0,,50,,Off,0,0,,76,Auckland,Nil,,,,,0,0,Urban,0,,,Fine,Null
1757129,5919723,257927,,514103,0,,0,1,,Null,2012/2013,QUEEN ST,TURNER ST,,Serious Crash,No,2012,,West,,0,,Hill Road,,,,,,Dark,436201,0,0,0,4,,,0,,,1,,,Auckland Region,Nil,2-way,Sealed,,0,1,,50,,On,0,0,,76,Auckland,Give way,,,,,0,0,Urban,0,,,Light rain,Null
1747775,5913479,257959,,511100,0,0,0,1,0,East,2011/2012,WEST COAST ROAD,PLEASANT ROAD,,Serious Crash,No,2012,0,East,0,0,0,Hill Road,0,Easter,0,,0,Dark,286100,0,0,0,3,0,0,0,0,0,,0,1,Auckland Region,Nil,2-way,Sealed,0,0,1,0,50,0,On,0,0,,76,Auckland,Nil,0,0,0,0,0,0,Urban,0,0,0,Fine,Null
1749478,5957492,258016,,506613,0,,0,2,,Null,2012/2013,SH 1N,PUHOI ROAD,,Serious Crash,Yes,2012,,North,,0,,Flat,,,,,,Bright sun,147000,2,0,0,2,,,0,,,,,,Auckland Region,Nil,2-way,Sealed,,0,2,,100,,Off,0,0,,76,Auckland,Stop,,,,,0,0,Open,0,,,Fine,Null
1745734,5917285,258069,,510700,0,,0,0,,North,2012/2013,EDMONTON ROAD,GREAT NORTH ROAD,,Serious Crash,No,2012,,North,,0,,Flat,,,,,,Overcast,240000,0,0,0,5,,,0,,,1,,,Auckland Region,Nil,2-way,Sealed,,0,1,,50,,Off,1,0,,76,Auckland,Nil,,,,,0,0,Urban,0,,,Fine,Null
1755765,5916217,258133,,518301,0,,0,1,,East,2012/2013,BALMORAL ROAD,DOMINION ROAD,,Serious Crash,No,2012,,West,,0,,Flat,,,,,,Overcast,555100,0,0,0,5,,,0,,,1,,,Auckland Region,Nil,2-way,Sealed,,0,1,,50,,Off,0,0,,76,Auckland,Nil,,,,,0,0,Urban,0,,,Fine,Null
1769833,5881474,258141,,525922,0,,0,1,,West,2012/2013,EAST ST,KOWHAI PLACE,,Serious Crash,No,2012,,East,,0,,Hill Road,,,,,,Twilight,816900,0,0,0,2,,,0,,,,,,Auckland Region,Nil,2-way,Sealed,,0,1,,50,,Off,1,0,,76,Auckland,Nil,,,,,0,0,Urban,0,,,Light rain,Null
1767575,5907366,258360,,523602,0,0,0,1,1,North,2011/2012,FERGUSON ROAD,CAPSTICK ROAD,,Serious Crash,No,2012,0,South,0,0,0,Hill Road,0,,0,,0,Dark,709900,0,0,0,2,0,0,0,0,0,,0,0,Auckland Region,Nil,2-way,Sealed,0,0,1,0,50,0,On,0,0,,76,Auckland,Nil,0,0,0,0,0,0,Urban,0,0,0,Light rain,Null
1761498,5906730,258392,,524112,0,0,0,1,0,Null,2011/2012,SH 20,MASSEY OFF SBD,,Serious Crash,Yes,2012,0,South,0,0,0,Hill Road,1,,0,,0,Overcast,742300,0,0,0,2,0,1,0,0,0,,0,0,Auckland Region,Motorway ramp,1-way,Sealed,0,0,1,0,100,0,Off,0,0,,76,Auckland,Nil,0,1,0,0,0,0,Open,0,0,0,Fine,Null
1771358,5903395,258537,,523819,0,0,0,0,0,South,2012/2013,MILL ROAD,REDOUBT ROAD,,Fatal Crash,No,2012,0,North,0,1,1,Hill Road,0,,0,,0,Overcast,760812,1,0,0,2,0,0,0,0,0,,0,0,Auckland Region,Nil,2-way,Sealed,0,0,2,0,80,0,Off,1,0,,76,Auckland,Nil,0,0,0,0,1,0,Open,0,0,0,Fine,Null
1764576,5905938,258903,,524303,0,0,0,1,0,North,2012/2013,STATION ROAD,HILLCREST ROAD,,Serious Crash,No,2012,0,South,0,0,0,Flat,0,,0,,0,Dark,657602,0,0,0,2,0,0,0,0,0,,0,0,Auckland Region,Nil,2-way,Sealed,0,0,1,0,50,0,On,0,0,,76,Auckland,Nil,0,0,0,1,0,0,Urban,0,0,0,Fine,Null
1758140,5920853,258949,,514101,1,,0,1,,Null,2012/2013,QUAY ST,TINLEY ST,,Serious Crash,No,2013,,West,,0,,Flat,,Easter,,,,Bright sun,438211,0,0,0,5,,,0,,,,,,Auckland Region,Nil,2-way,Sealed,,0,1,,50,,Off,0,0,,76,Auckland,Nil,,,,,0,0,Urban,0,,,Fine,Null
1739564,5920188,258981,,513702,0,0,0,2,0,West,2011/2012,MCENTEE ROAD,KAY ROAD,,Serious Crash,No,2012,0,East,0,0,0,Hill Road,0,,0,,0,Bright sun,230100,0,0,0,2,0,0,0,0,0,,0,1,Auckland Region,Nil,2-way,Sealed,0,0,1,0,100,0,Off,0,0,,76,Auckland,Nil,0,0,0,0,0,0,Open,0,0,0,Fine,Null
1772882,5891776,258990,,521301,0,0,0,1,0,North,2011/2012,SH 1N,DRURY ON NBD,,Serious Crash,Yes,2012,0,North,0,0,1,Flat,0,,0,,0,Bright sun,808702,1,0,0,2,0,0,0,0,0,,0,0,Auckland Region,Nil,1-way,Sealed,0,0,1,0,100,0,Off,0,0,,76,Auckland,Nil,0,0,0,1,0,0,Open,0,0,0,Fine,Null