X,Y,OBJECTID,advisorySpeed,areaUnitID,bicycle,bridge,bus,carStationWagon,cliffBank,crashDirectionDescription,crashFinancialYear,crashLocation1,crashLocation2,crashRoadSideRoad,crashSeverity,crashSHDescription,crashYear,debris,directionRoleDescription,ditch,fatalCount,fence,flatHill,guardRail,holiday,houseOrBuilding,intersection,kerb,light,meshblockId,minorInjuryCount,moped,motorcycle,NumberOfLanes,objectThrownOrDropped,otherObject,otherVehicleType,overBank,parkedVehicle,pedestrian,phoneBoxEtc,postOrPole,region,roadCharacter,roadLane,roadSurface,roadworks,schoolBus,seriousInjuryCount,slipOrFlood,speedLimit,strayAnimal,streetLight,suv,taxi,temporarySpeedLimit,tlaId,tlaName,trafficControl,trafficIsland,trafficSign,train,tree,truck,unknownVehicleType,urban,vanOrUtility,vehicle,waterRiver,weatherA,weatherB
1765258,5907426,259072,,522301,1,,0,0,,South,2012/2013,GREAT SOUTH ROAD,KAUTAMI AVENUE,,Serious Crash,No,2013,,South,,0,,Flat,,,,,,Bright sun,666100,0,0,0,2,,,1,,,,,,Auckland Region,Nil,2-way,Sealed,,0,1,,50,,Off,0,0,,76,Auckland,Give way,,,,,0,0,Urban,0,,,Fine,Null
1773174,5896437,259123,,525410,0,,0,2,,Null,2012/2013,CLEVEDON ROAD,WILLIS ROAD,,Serious Crash,No,2012,,South,,0,,Flat,,,,,,Dark,793100,1,0,0,2,,,0,,,,,,Auckland Region,Nil,2-way,Sealed,,0,1,,50,,On,1,0,,76,Auckland,Give way,,,,,0,0,Urban,1,,,Fine,Null
1753666,5929205,259212,,508411,0,,0,0,,Null,2012/2013,GLENFIELD ROAD,ST THOMAS MORE LANE,,Fatal Crash,No,2012,,West,,1,,Hill Road,,,,,,Bright sun,184000,0,0,0,2,,,0,,,1,,,Auckland Region,Nil,2-way,Sealed,,0,0,,50,,Off,0,0,30,76,Auckland,Give way,,,,,0,0,Urban,1,,,Fine,Null
1759181,5916738,259267,,516001,0,,0,2,,Null,2011/2012,MARKET ROAD,MARKET OFF NBD,,Serious Crash,No,2012,,South,,0,,Flat,,,,,,Bright sun,491700,0,0,0,4,,,0,,,,,,Auckland Region,Motorway ramp,2-way,Sealed,,0,1,,50,,Off,0,0,,76,Auckland,Traffic Signals,,,,,0,0,Urban,0,,,Fine,Null
1756332,5919338,259332,,514000,0,,0,1,,Null,2011/2012,KARANGAHAPE ROAD,HEREFORD ST,,Serious Crash,No,2012,,South,,0,,Flat,,,,,,Dark,413900,0,0,0,4,,,0,,,1,,,Auckland Region,Nil,2-way,Sealed,,0,1,,50,,On,0,0,,76,Auckland,Stop,,,,,0,0,Urban,0,,,Light rain,Null
1766943,5902057,259351,,524602,0,,0,0,,North,2011/2012,Z SHOPS DALGETY DRIVE,BROWNS ROAD,,Fatal Crash,No,2012,,South,,1,,Flat,,,,,,Bright sun,780407,0,0,0,0,,,0,,,1,,,Auckland Region,Nil,Off road,Sealed,,0,0,,20,,None,0,0,,76,Auckland,Nil,,,,,0,0,Urban,1,,,Fine,Null
1756493,5924785,259472,25,509702,0,,0,2,,South,2013/2014,SYLVAN AVENUE,HEATH AVENUE,,Serious Crash,No,2013,,North,,0,,Hill Road,,,,,,Dark,366602,2,0,0,2,,,0,,,,,,Auckland Region,Nil,2-way,Sealed,,0,4,,50,,On,0,0,,76,Auckland,Nil,,,,,0,0,Urban,0,,,Fine,Null
1774454,5903178,259500,,525201,0,,0,0,,East,2011/2012,BROOKBY ROAD,RICHARDSON ROAD,,Serious Crash,No,2012,,East,,0,,Flat,,,,,,Overcast,762301,1,0,2,2,,,0,,,,,,Auckland Region,Nil,2-way,Sealed,,0,1,,100,,Off,0,0,,76,Auckland,Nil,,,,,0,0,Open,0,,,Fine,Null
1758920,5920061,259652,,515902,1,,0,1,,Null,2011/2012,ST GEORGES BAY ROAD,CLEVELAND ROAD,,Serious Crash,No,2012,,West,,0,,Hill Road,,,,,,Overcast,453200,0,0,0,2,,,0,,,,,,Auckland Region,Nil,2-way,Sealed,,0,1,,50,,Off,0,0,,76,Auckland,Stop,,,,,0,0,Urban,0,,,Fine,Null
1754966,5935113,259712,,507101,0,,0,1,,North,2011/2012,GLENCOE ROAD,SARTORS AVENUE,,Serious Crash,No,2012,,South,,0,,Hill Road,,,,,,Bright sun,161701,0,0,0,3,,,0,,,1,,,Auckland Region,Nil,2-way,Sealed,,0,1,,50,,Off,0,0,,76,Auckland,Nil,,,,,0,0,Urban,0,,,Fine,Null
1752030,5939507,259764,25,506003,0,0,0,1,0,North,2012/2013,HAIGH ACCESS ROAD,EAST COAST ROAD,,Serious Crash,No,2012,0,South,0,0,0,Flat,0,,0,,0,Dark,175818,0,0,0,2,0,0,0,0,0,,0,0,Auckland Region,Nil,2-way,Sealed,0,0,2,0,80,0,None,0,0,,76,Auckland,Nil,0,0,0,1,0,0,Open,0,0,0,Fine,Null
1772532,5896834,259888,,525420,0,0,0,2,0,East,2011/2012,Z CPK ROSELAND,GREAT SOUTH ROAD,,Serious Crash,No,2012,0,East,0,0,0,Flat,0,,0,,0,Bright sun,792800,0,0,0,2,0,0,0,0,0,,0,0,Auckland Region,Nil,Off road,Sealed,0,0,1,0,50,0,Off,0,0,,76,Auckland,Nil,0,0,0,0,0,0,Urban,0,1,0,Fine,Null
1759865,5908741,259909,,524403,0,,0,0,,South,2011/2012,SH 20,WALMSLEY OBR,,Fatal Crash,Yes,2012,,South,,1,,Flat,,Christmas New Year,,,,Dark,729800,0,0,0,5,,,0,,,1,,,Auckland Region,Bridge,2-way,Sealed,,0,0,,100,,On,0,0,,76,Auckland,Nil,,,,,1,0,Open,0,,,Fine,Null
1754453,5916585,260010,,517701,0,0,0,3,0,West,2011/2012,ST LUKES ROAD,FOWLDS AVENUE,,Serious Crash,No,2012,0,East,0,0,1,Flat,0,,0,,0,Dark,536100,0,0,0,3,0,0,0,0,1,,0,0,Auckland Region,Nil,2-way,Sealed,0,0,2,0,50,0,On,0,0,,76,Auckland,Nil,0,0,0,0,0,0,Urban,0,0,0,Fine,Null
1763685,5904620,260078,,524604,0,,0,1,,North,2012/2013,SH 20,PUHINUI OBR,,Serious Crash,Yes,2012,,North,,0,,Hill Road,,,,,,Overcast,780902,0,0,0,2,,,0,,,,,,Auckland Region,Nil,1-way,Sealed,,0,1,,100,,Off,0,0,,76,Auckland,Nil,,,,,0,0,Open,0,,,Fine,Null
1742210,5948625,260279,,506614,0,,0,0,,Null,2012/2013,WERANUI ROAD,HARURU ROAD,,Fatal Crash,No,2012,,North,,1,,Flat,,,,,,Bright sun,177300,1,0,0,2,,,0,,,,,,Auckland Region,Nil,2-way,Sealed,,0,2,,100,,None,1,0,,76,Auckland,Give way,,,,,0,0,Open,1,,,Fine,Null
1766571,5899867,260311,,524713,1,,0,1,,East,2012/2013,WEYMOUTH ROAD,JOHN WALKER DRIVE,,Fatal Crash,No,2012,,West,,1,,Hill Road,,,,,,Overcast,775805,0,0,0,2,,,0,,,,,,Auckland Region,Nil,2-way,Sealed,,0,0,,50,,Off,0,0,,76,Auckland,Give way,,,,,0,0,Urban,0,,,Fine,Null
1751978,5917765,260327,,515003,0,0,0,0,0,North,2012/2013,GREAT NORTH ROAD,COWLEY ST,,Serious Crash,No,2012,0,South,0,0,0,Hill Road,0,,0,,0,Bright sun,391602,0,0,1,5,0,0,0,0,0,,0,1,Auckland Region,Nil,2-way,Sealed,0,0,1,0,50,0,Off,0,0,,76,Auckland,Nil,0,0,0,0,0,0,Urban,0,0,0,Fine,Null
1752172,5914236,260329,,514500,1,,0,1,,Null,2011/2012,TIVERTON ROAD,WHITNEY ST,,Serious Crash,No,2012,,West,,0,,Flat,,,,,,Bright sun,374800,0,0,0,2,,,0,,,,,,Auckland Region,Nil,2-way,Sealed,,0,1,,50,,Off,0,0,,76,Auckland,Give way,,,,,0,0,Urban,0,,,Fine,Null
1768743,5900079,260339,,525002,0,0,0,1,1,Null,2011/2012,PURIRI ROAD,CHURCHILL AVENUE,,Serious Crash,No,2012,0,South,0,0,0,Flat,0,,0,,0,Dark,753303,0,0,0,2,0,0,0,0,0,,0,0,Auckland Region,Nil,2-way,Sealed,0,0,2,0,50,0,On,0,0,,76,Auckland,Give way,0,0,0,0,0,0,Urban,0,0,0,Fine,Null
1741759,5990362,260349,,506660,0,0,0,0,0,North,2011/2012,MANGAWHAI ROAD,WAITEITEI ROAD,,Serious Crash,No,2012,0,South,0,0,0,Flat,0,,0,,0,Twilight,135600,0,0,0,2,0,0,0,0,0,,0,1,Auckland Region,Nil,2-way,Sealed,0,0,1,0,100,0,None,1,0,,76,Auckland,Nil,0,0,0,0,0,0,Open,0,0,0,Fine,Null
1766960,5908847,260382,,523501,0,0,0,1,0,North,2013/2014,ALEXANDER CRESCENT,FRANKLYNE ROAD N,,Fatal Crash,No,2013,0,South,0,1,0,Flat,0,,1,,0,Dark,704100,2,0,0,2,0,0,0,0,0,,0,0,Auckland Region,Nil,2-way,Sealed,0,0,0,0,50,0,On,0,0,,76,Auckland,Nil,0,0,0,0,0,0,Urban,0,0,0,Light rain,Null
1750287,5914274,260393,,511303,0,,0,1,,West,2012/2013,Z LYNMALL SC,VERONICA ST,,Serious Crash,No,2012,,West,,0,,Flat,,,,,,Bright sun,266200,0,0,0,0,,,0,,,1,,,Auckland Region,Nil,Off road,Sealed,,0,1,,20,,Off,0,0,,76,Auckland,Nil,,,,,0,0,Urban,0,,,Fine,Null
1761140,5909282,260555,,524404,1,,0,1,,East,2013/2014,FAVONA ROAD,DEWHURST PLACE,,Serious Crash,No,2013,,East,,0,,Flat,,,,,,Bright sun,729400,0,0,0,2,,,0,,,,,,Auckland Region,Nil,2-way,Sealed,,0,1,,50,,Off,0,0,,76,Auckland,Nil,,,,,0,0,Urban,0,,,Fine,Null
1747845,5914401,260609,,511100,0,,0,1,,West,2012/2013,GREAT NORTH ROAD,BRANDON ROAD,,Serious Crash,No,2012,,South,,0,,Hill Road,,,,,,Overcast,285100,0,0,0,4,,,0,,,1,,,Auckland Region,Nil,2-way,Sealed,,0,1,,50,,Off,0,0,,76,Auckland,Give way,,,,,0,0,Urban,0,,,Fine,Null
1777918,5899499,260741,,523813,0,0,0,1,0,East,2012/2013,PAPAKURA-CLEVEDON ROAD,CHURCH ROAD,,Serious Crash,No,2013,0,East,1,0,0,Hill Road,0,,0,,0,Bright sun,761500,0,0,0,2,0,0,0,0,0,,0,0,Auckland Region,Nil,2-way,Unsealed,0,0,2,0,80,0,None,1,0,,76,Auckland,Nil,0,0,0,0,0,0,Open,0,0,0,Fine,Null
1764133,5904315,260750,,522100,0,,0,1,,Null,2011/2012,PUHINUI ROAD,PUHINUI OFF SBD,,Serious Crash,Yes,2012,,South,,0,,Flat,,Easter,,,,Bright sun,659100,0,0,1,4,,,0,,,,,,Auckland Region,Motorway ramp,1-way,Sealed,,0,1,,50,,Off,0,0,,76,Auckland,Traffic Signals,,,,,0,0,Urban,0,,,Fine,Null
1760663,5906048,260797,,524200,0,0,0,1,0,East,2012/2013,MASSEY ROAD,MASCOT AVENUE,,Serious Crash,No,2013,0,West,0,0,0,Flat,0,,0,,0,Overcast,728627,1,0,0,2,0,0,0,0,1,,0,0,Auckland Region,Nil,2-way,Sealed,0,0,4,0,50,0,Off,0,0,,76,Auckland,Nil,0,0,0,0,0,0,Urban,1,0,0,Fine,Null
1758318,5919604,260813,,515902,0,0,0,1,0,South,2011/2012,LOWER DOMAIN DRIVE,LOVERS LANE,,Serious Crash,No,2012,0,North,0,0,0,Flat,0,,0,,0,Bright sun,451400,0,0,0,2,0,0,0,0,0,,0,0,Auckland Region,Nil,2-way,Sealed,0,0,1,0,40,0,None,0,0,,76,Auckland,Nil,0,0,0,1,0,0,Urban,0,0,0,Light rain,Null
1751949,5914929,260905,,514500,0,,0,2,,Null,2012/2013,BOLLARD AVENUE,METHUEN ROAD,,Serious Crash,No,2012,,North,,0,,Hill Road,,,,,,Bright sun,377500,2,0,0,2,,,0,,,,,,Auckland Region,Nil,2-way,Sealed,,0,1,,50,,Off,0,0,,76,Auckland,Stop,,,,,0,0,Urban,0,,,Fine,Null
1755777,5916443,260941,,518201,0,,0,1,,Null,2012/2013,DOMINION ROAD,DEXTER AVENUE,,Serious Crash,No,2012,,South,,0,,Flat,,,,,,Twilight,552900,0,1,0,4,,,0,,,,,,Auckland Region,Nil,2-way,Sealed,,0,1,,50,,On,0,0,,76,Auckland,Stop,,,,,0,0,Urban,0,,,Light rain,Null
1778657,5913443,261018,,523202,0,0,0,2,0,South,2012/2013,WHITFORD-MARAETAI ROAD,OKARORO DRIVE,,Serious Crash,No,2012,0,South,0,0,0,Hill Road,0,,0,,0,Bright sun,762501,0,0,0,2,0,0,0,0,0,,0,0,Auckland Region,Nil,2-way,Sealed,0,0,1,0,100,0,None,0,0,,76,Auckland,Nil,0,0,0,1,0,0,Open,0,0,0,Fine,Null
1751578,5949641,261156,,505805,0,0,0,1,0,East,2012/2013,MOANA AVENUE,KEITH MORRIS LANE,,Serious Crash,No,2012,0,South,0,0,0,Flat,0,,1,,0,Overcast,171500,0,0,0,2,0,0,0,0,0,,0,0,Auckland Region,Nil,2-way,Sealed,0,0,1,0,50,0,Off,0,0,,76,Auckland,Nil,0,0,0,1,0,0,Urban,0,0,0,Fine,Null
1772917,5888991,261179,,521302,0,,0,0,,West,2011/2012,RUNCIMAN ROAD,GREAT SOUTH ROAD,,Serious Crash,No,2012,,North,,0,,Hill Road,,,,,,Overcast,807600,0,0,0,2,,,0,,,,,,Auckland Region,Nil,2-way,Sealed,,0,1,,100,,Off,0,0,,76,Auckland,Nil,,,,,1,0,Open,0,,,Light rain,Null
1746816,5915283,261236,,511800,0,,1,0,,North,2012/2013,GREAT NORTH ROAD,AWAROA ROAD,,Serious Crash,No,2012,,South,,0,,Hill Road,,,,,,Overcast,276400,0,0,0,4,,,0,,,1,,,Auckland Region,Nil,2-way,Sealed,,0,1,,50,,Off,0,0,,76,Auckland,Nil,,,,,0,0,Urban,0,,,Heavy rain,Null
1765050,5910311,261287,,521801,0,,0,0,,North,2011/2012,SH 1N,PRINCES OBR,,Serious Crash,Yes,2012,,North,,0,,Flat,,,,,,Overcast,787700,0,0,1,3,,,0,,,,,,Auckland Region,Nil,1-way,Sealed,,0,1,,100,,Off,0,0,,76,Auckland,Nil,,,,,1,0,Open,0,,,Fine,Null
1755585,5913239,261377,,518803,0,0,0,2,0,East,2011/2012,SH 20,DOMINION OBR,,Serious Crash,Yes,2012,0,East,0,0,1,Flat,0,,1,,0,Dark,582700,1,0,0,2,0,0,0,0,0,,0,0,Auckland Region,Nil,1-way,Sealed,0,0,1,0,100,0,On,0,0,,76,Auckland,Nil,0,0,0,0,0,0,Open,0,0,0,Fine,Null
1755735,5976922,261525,,506661,0,,0,0,,North,2011/2012,LEIGH ROAD,TAKATU ROAD,,Serious Crash,No,2012,,North,,0,,Flat,,,,,,Bright sun,138202,3,0,0,2,,,0,,,,,,Auckland Region,Nil,2-way,Sealed,,0,2,,80,,None,1,0,,76,Auckland,Nil,,,,,1,0,Open,0,,,Fine,Null
1775565,5888332,261538,,521132,0,0,0,1,0,South,2011/2012,RAMARAMA ROAD,WILLOW ROAD,,Serious Crash,No,2012,0,South,0,0,0,Flat,0,,0,,0,Twilight,814304,0,0,0,2,0,0,0,0,0,,0,1,Auckland Region,Nil,2-way,Sealed,0,0,1,0,80,0,None,0,0,,76,Auckland,Nil,0,0,0,0,0,0,Open,0,0,0,Fine,Null
1769788,5881467,261707,,525910,0,,0,1,,West,2011/2012,EAST ST,KOWHAI PLACE,,Serious Crash,No,2012,,East,,0,,Hill Road,,,,,,Overcast,816703,2,0,0,2,,,0,,,,,,Auckland Region,Nil,2-way,Sealed,,0,1,,50,,Off,0,0,,76,Auckland,Nil,,,,,0,0,Urban,1,,,Light rain,Null
1756558,5924721,261867,,509702,0,0,0,0,0,Null,2012/2013,SH 1N,ONEWA ON NBD,,Serious Crash,Yes,2013,0,East,0,0,0,Flat,1,,0,,0,Dark,366602,0,0,1,1,0,0,0,0,0,,0,0,Auckland Region,Motorway ramp,1-way,Sealed,0,0,1,0,80,0,On,0,0,,76,Auckland,Nil,0,0,0,0,0,0,Open,0,0,0,Fine,Null
1734910,5943933,261963,,506646,0,0,0,0,0,South,2012/2013,PEAK ROAD,SHANKS ROAD,,Serious Crash,No,2012,0,South,0,0,0,Hill Road,0,,0,,0,Overcast,211800,0,0,0,2,0,0,0,0,0,,0,0,Auckland Region,Nil,2-way,Sealed,0,0,1,0,100,0,None,0,0,,76,Auckland,Nil,0,0,0,1,0,0,Open,1,0,0,Fine,Null
1731913,5907461,262160,,513800,0,0,0,0,1,West,2012/2013,PIHA ROAD,KAREKARE ROAD,,Serious Crash,No,2012,0,West,0,0,0,Hill Road,0,,0,,0,Bright sun,282018,0,0,1,2,0,0,0,0,0,,0,0,Auckland Region,Nil,2-way,Sealed,0,0,1,0,70,0,Off,0,0,,76,Auckland,Nil,0,0,0,0,0,0,Urban,0,0,0,Fine,Null
1766118,5906203,262168,,522202,0,0,0,1,0,South,2011/2012,GREAT SOUTH ROAD,CENTRAL AVENUE,,Serious Crash,No,2012,0,North,0,0,1,Flat,0,,0,,0,Dark,665200,1,0,0,2,0,0,0,0,0,,0,0,Auckland Region,Nil,2-way,Sealed,0,0,1,0,50,0,On,0,0,,76,Auckland,Nil,0,1,0,1,0,0,Urban,0,0,0,Fine,Null
1771077,5903852,262210,45,523818,0,,0,2,,East,2011/2012,REDOUBT ROAD,MILL ROAD,,Serious Crash,No,2012,,East,,0,,Hill Road,,,,,,Overcast,760600,0,0,0,2,,,0,,,,,,Auckland Region,Nil,2-way,Sealed,,0,1,,60,,Off,0,0,,76,Auckland,Stop,,,,,0,0,Urban,0,,,Light rain,Null
1726285,5942930,262247,,506642,0,0,0,1,0,West,2012/2013,SOUTH HEAD ROAD,PARKHURST ROAD,,Serious Crash,No,2012,0,West,0,0,1,Flat,0,,0,,0,Dark,210702,0,0,0,2,0,0,0,0,0,,0,0,Auckland Region,Nil,2-way,Sealed,0,0,1,0,100,0,None,0,0,,76,Auckland,Nil,0,0,0,0,0,0,Open,0,0,0,Fine,Null
1755758,5919335,262263,,515420,0,,0,1,,Null,2011/2012,WILLIAMSON AVENUE,MACKELVIE ST,,Serious Crash,No,2012,,West,,0,,Hill Road,,,,,,Overcast,411100,0,1,0,2,,,0,,,,,,Auckland Region,Nil,2-way,Sealed,,0,1,,50,,Off,0,0,,76,Auckland,Stop,,,,,0,0,Urban,0,,,Light rain,Null
1754325,5929854,262276,,508420,0,,0,0,,East,2011/2012,LEIDEN PLACE,KUPARI PLACE,,Serious Crash,No,2012,,West,,0,,Hill Road,,,,,,Dark,182601,0,0,1,2,,,0,,,,,,Auckland Region,Nil,2-way,Sealed,,0,1,,50,,On,0,0,,76,Auckland,Nil,,,,,0,0,Urban,0,,,Fine,Null
1748984,5935924,262293,,506300,0,0,0,2,0,Null,2012/2013,DAIRY FLAT HIGHWAY,COATESVILLE-RIVERHEAD HIG,,Serious Crash,No,2012,0,West,0,0,0,Flat,0,Labour Weekend,0,,0,Overcast,176003,0,0,0,6,0,0,0,0,0,,0,0,Auckland Region,Nil,2-way,Sealed,0,0,1,0,80,0,Off,1,0,,76,Auckland,Give way,0,0,0,0,0,0,Open,0,2,0,Fine,Null
1737955,5962577,262297,,506613,0,0,0,1,0,Null,2011/2012,WEST COAST ROAD,HAWKENS ROAD,,Serious Crash,No,2012,0,West,1,0,1,Flat,0,Christmas New Year,0,,0,Dark,146600,0,0,0,2,0,0,0,0,0,,0,0,Auckland Region,Nil,2-way,Sealed,0,0,1,0,100,0,None,0,0,,76,Auckland,Nil,0,0,0,0,0,0,Open,0,0,0,Light rain,Null
1770529,5912721,262780,,523101,0,,0,1,,West,2014/2015,CASCADES ROAD,BOTANY ROAD,,Serious Crash,No,2015,,West,,0,,Flat,,,,,,Bright sun,710517,0,0,0,3,,,0,,,1,,,Auckland Region,Nil,2-way,Sealed,,0,1,,60,,Null,0,0,,76,Auckland,Unknown,,,,,0,0,Urban,0,,,Fine,Null
1797901,5905010,262785,,525202,0,,0,0,,West,2013/2014,KAWAKAWA-ORERE ROAD,ORERE-MATINGARAHI ROAD,,Serious Crash,No,2014,,West,,0,,Flat,,,,,,Overcast,765200,0,0,1,2,,,0,,,,,,Auckland Region,Nil,2-way,Sealed,,0,1,,100,,Null,0,0,,76,Auckland,Unknown,,,,,0,0,Open,0,,,Light rain,Null
1766444,5907620,262792,,523601,0,,0,1,,Null,2013/2014,EAST TAMAKI ROAD,OTARA ROAD,,Serious Crash,No,2014,,West,,0,,Flat,,,,,,Overcast,708500,0,0,1,7,,,0,,,,,,Auckland Region,Nil,2-way,Sealed,,0,1,,60,,Null,0,0,,76,Auckland,Nil,,,,,0,0,Urban,0,,,Fine,Null
1754934,5944845,262796,,505909,0,,0,1,,North,2013/2014,WHANGAPARAOA ROAD,HIWI CRESCENT,,Serious Crash,No,2014,,North,,0,,Hill Road,,,,,,Overcast,173811,0,0,1,2,,,0,,,,,,Auckland Region,Nil,2-way,Sealed,,0,1,,50,,Null,0,0,,76,Auckland,Unknown,,,,,0,0,Urban,0,,,Fine,Null
1745559,5917554,262896,,510700,0,,0,1,,Null,2014/2015,SEL PEACOCK DRIVE,ALDERMAN DRIVE,,Serious Crash,No,2014,,South,,0,,Flat,,,,,,Dark,239900,1,0,0,4,,,0,,,,,,Auckland Region,Nil,2-way,Sealed,,0,1,,50,,On,1,0,,76,Auckland,Give way,,,,,0,0,Urban,0,,,Light rain,Null
1756743,5929884,263027,,507720,1,0,0,1,0,South,2014/2015,EAST COAST ROAD,SELWYN CRESCENT,,Serious Crash,No,2014,0,South,0,0,0,Hill Road,0,,0,,0,Overcast,311600,0,0,0,2,0,0,0,0,1,,0,0,Auckland Region,Nil,2-way,Sealed,0,0,1,0,50,0,Null,0,0,,76,Auckland,Stop,0,0,0,0,0,0,Urban,1,0,0,Light rain,Null
1768243,5913846,263055,,522810,1,,0,1,,West,2014/2015,PAKURANGA ROAD,GOSSAMER DRIVE,,Serious Crash,No,2014,,East,,0,,Flat,,,,,,Bright sun,691203,0,0,0,4,,,0,,,,,,Auckland Region,Nil,2-way,Sealed,,0,1,,60,,Null,0,0,,76,Auckland,Unknown,,,,,0,0,Urban,0,,,Fine,Null
1735312,5918173,263153,,513800,0,0,0,0,1,South,2014/2015,TE HENGA ROAD,AIO WIRA ROAD,,Serious Crash,No,2014,0,South,0,0,0,Hill Road,0,,0,,0,Overcast,281700,0,0,0,2,0,0,0,0,0,,0,0,Auckland Region,Nil,2-way,Sealed,0,0,2,0,100,0,Null,0,0,,76,Auckland,Unknown,0,0,0,0,1,0,Open,0,0,0,Fine,Null
1770274,5914653,263264,,522722,0,,0,1,,Null,2015/2016,PAKURANGA ROAD,ANGELO AVENUE,,Serious Crash,No,2015,,South,,0,,Flat,,,,,,Bright sun,681309,0,0,0,3,,,0,,,1,,,Auckland Region,Nil,2-way,Sealed,,0,1,,60,,Null,0,0,,76,Auckland,Give way,,,,,0,0,Urban,0,,,Fine,Null
1734246,5945508,263291,,506647,0,,0,0,,West,2013/2014,SH 16,PEAK ROAD,,Serious Crash,Yes,2014,,West,,0,,Flat,,,,,,Overcast,211502,0,0,1,2,,,0,,,,,,Auckland Region,Nil,2-way,Sealed,,0,1,,100,,Null,1,0,,76,Auckland,Unknown,,,,,0,0,Open,0,,,Light rain,Null
1739209,5923850,263402,,513701,0,,0,1,,South,2014/2015,AMREINS ROAD,TAUPAKI ROAD,,Serious Crash,No,2014,,South,,0,,Hill Road,,,,,,Dark,229600,0,0,1,2,,,0,,,,,,Auckland Region,Nil,2-way,Sealed,,0,1,,80,,None,0,0,,76,Auckland,Nil,,,,,0,0,Open,0,,,Fine,Null
1756448,5917806,263418,,518102,1,,0,1,,Null,2014/2015,VIEW ROAD,WYNYARD ROAD,,Serious Crash,No,2015,,West,,0,,Flat,,,,,,Bright sun,545200,0,0,0,2,,,0,,,,,,Auckland Region,Nil,2-way,Sealed,,0,1,,50,,Null,0,0,,76,Auckland,Nil,,,,,0,0,Urban,0,,,Fine,Null
1741923,5917308,263425,,513102,0,,0,1,,North,2015/2016,CANDIA ROAD,COULTER ROAD S,,Fatal Crash,No,2015,,North,,1,,Hill Road,,,,,,Overcast,238600,1,0,1,2,,,0,,,,,,Auckland Region,Nil,2-way,Sealed,,0,0,,70,,Off,0,0,,76,Auckland,Nil,,,,,0,0,Urban,0,,,Fine,Null
1755104,5918484,263483,,515500,0,,0,1,,West,2015/2016,GREAT NORTH ROAD,COLERIDGE ST,,Serious Crash,No,2015,,West,,0,,Hill Road,,,,,,Dark,418800,0,1,0,4,,,0,,,,,,Auckland Region,Nil,2-way,Sealed,,0,1,,50,,On,0,0,,76,Auckland,Give way,,,,,0,0,Urban,0,,,Fine,Null
1731543,5975098,263600,,506613,0,0,0,0,0,South,2014/2015,SH 16,LEVET ROAD,,Serious Crash,Yes,2015,0,South,0,0,0,Hill Road,0,,0,,0,Overcast,145100,0,0,1,2,0,0,0,0,0,,0,0,Auckland Region,Nil,2-way,Sealed,0,0,1,0,100,0,Null,0,0,,76,Auckland,Unknown,0,1,0,0,0,0,Open,0,0,0,Light rain,Null
1755312,5921619,263602,,515202,0,0,0,0,0,Null,2014/2015,SH 1N,SHELLY BEACH OBR,,Serious Crash,Yes,2015,0,North,0,0,0,Hill Road,1,,0,,0,Bright sun,423600,0,0,0,5,0,0,0,0,0,,0,0,Auckland Region,Nil,1-way,Sealed,0,0,1,0,80,0,Null,0,0,,76,Auckland,Unknown,0,0,0,0,0,0,Open,1,0,0,Fine,Null
1760965,5919957,263653,,516400,1,,0,1,,Null,2014/2015,TAMAKI DRIVE,NGAPIPI ROAD,,Serious Crash,No,2014,,West,,0,,Flat,,,,,,Dark,496500,0,0,0,2,,,0,,,,,,Auckland Region,Nil,2-way,Sealed,,0,1,,50,,On,0,0,,76,Auckland,Give way,,,,,0,0,Urban,0,,,Fine,Null
1770102,5899988,263721,,523817,0,,0,0,,West,2014/2015,TRIMDON ST,SHIFNAL DRIVE,,Serious Crash,No,2015,,West,,0,,Flat,,,,,,Overcast,759738,0,0,0,2,,,0,,,1,,,Auckland Region,Nil,2-way,Sealed,,0,1,,50,,Null,0,0,,76,Auckland,Nil,,,,,0,0,Urban,1,,,Fine,Null
1756998,5920769,263795,,514102,0,0,0,1,0,Null,2014/2015,NELSON ST,WYNDHAM ST,,Serious Crash,No,2015,0,West,0,0,0,Flat,0,,0,,0,Dark,432603,0,0,0,5,0,1,0,0,0,,0,0,Auckland Region,Nil,1-way,Sealed,0,0,1,0,50,0,On,0,0,,76,Auckland,Nil,0,0,0,0,0,0,Urban,0,0,0,Fine,Null
1755105,5921398,263824,,515202,0,0,0,0,0,North,2014/2015,CURRAN ST,SARSFIELD ST,,Serious Crash,No,2015,0,North,0,0,0,Flat,0,,0,,0,Dark,423800,0,0,0,2,0,0,0,1,0,,0,0,Auckland Region,Nil,1-way,Sealed,0,0,1,0,50,0,On,1,0,,76,Auckland,Unknown,0,0,0,1,0,0,Urban,0,0,0,Light rain,Null
1742062,5943836,263844,,506614,0,0,0,0,1,East,2013/2014,KAHIKATEA FLAT ROAD,HULL ROAD,,Fatal Crash,No,2014,0,East,1,1,0,Flat,0,,0,,0,Dark,177801,0,0,1,2,0,0,0,0,0,,0,0,Auckland Region,Nil,2-way,Sealed,0,0,0,0,100,0,None,0,0,,76,Auckland,Unknown,0,0,0,0,0,0,Open,0,0,0,Fine,Null