X,Y,OBJECTID,advisorySpeed,areaUnitID,bicycle,bridge,bus,carStationWagon,cliffBank,crashDirectionDescription,crashFinancialYear,crashLocation1,crashLocation2,crashRoadSideRoad,crashSeverity,crashSHDescription,crashYear,debris,directionRoleDescription,ditch,fatalCount,fence,flatHill,guardRail,holiday,houseOrBuilding,intersection,kerb,light,meshblockId,minorInjuryCount,moped,motorcycle,NumberOfLanes,objectThrownOrDropped,otherObject,otherVehicleType,overBank,parkedVehicle,pedestrian,phoneBoxEtc,postOrPole,region,roadCharacter,roadLane,roadSurface,roadworks,schoolBus,seriousInjuryCount,slipOrFlood,speedLimit,strayAnimal,streetLight,suv,taxi,temporarySpeedLimit,tlaId,tlaName,trafficControl,trafficIsland,trafficSign,train,tree,truck,unknownVehicleType,urban,vanOrUtility,vehicle,waterRiver,weatherA,weatherB
1756908,5918184,263849,,518101,1,,0,1,,Null,2014/2015,MOUNT EDEN ROAD,SYLVAN AVENUE,,Serious Crash,No,2015,,South,,0,,Flat,,,,,,Bright sun,542502,0,0,0,3,,,0,,,,,,Auckland Region,Nil,2-way,Sealed,,0,1,,50,,Null,0,0,,76,Auckland,Stop,,,,,0,0,Urban,0,,,Fine,Null
1748984,5935924,263901,,506300,0,,0,2,,Null,2015/2016,DAIRY FLAT HIGHWAY,COATESVILLE-RIVERHEAD HIG,,Serious Crash,No,2015,,North,,0,,Flat,,,,,,Overcast,176003,1,0,0,2,,,0,,,,,,Auckland Region,Nil,2-way,Sealed,,0,1,,80,,None,0,0,,76,Auckland,Give way,,,,,0,0,Open,0,,,Fine,Null
1756953,5918615,263924,,515600,0,,0,1,,South,2015/2016,MOUNT EDEN ROAD,NEW NORTH ROAD,,Serious Crash,No,2015,,South,,0,,Hill Road,,,,,,Overcast,421200,0,0,1,4,,,0,,,,,,Auckland Region,Nil,2-way,Sealed,,0,1,,50,,Off,0,0,,76,Auckland,Unknown,,,,,0,0,Urban,0,,,Light rain,Null
1755223,5914469,263950,,518500,0,,0,2,,Null,2014/2015,DOMINION ROAD,KEYSTONE AVENUE,,Serious Crash,No,2015,,South,,0,,Hill Road,,,,,,Bright sun,560800,0,0,0,4,,,0,,,,,,Auckland Region,Nil,2-way,Sealed,,0,1,,50,,Null,0,0,,76,Auckland,Stop,,,,,0,0,Urban,0,,,Light rain,Null
1766816,5907947,264006,,523501,0,,0,1,,South,2014/2015,BAIRDS ROAD,KELPIE LANE,,Serious Crash,No,2014,,South,,0,,Flat,,,,,,Bright sun,700602,0,0,0,2,,,0,,,1,,,Auckland Region,Nil,2-way,Sealed,,0,1,,50,,Null,0,0,,76,Auckland,Nil,,,,,0,0,Urban,0,,,Fine,Null
1761342,5885143,264060,,521121,0,0,0,0,0,East,2014/2015,GLENBROOK ROAD,KINGSEAT ROAD,,Serious Crash,No,2015,0,West,0,0,1,Flat,0,,0,,0,Overcast,811300,0,0,0,2,0,0,0,0,0,,0,0,Auckland Region,Nil,2-way,Sealed,0,0,1,0,100,0,Null,1,0,,76,Auckland,Unknown,0,0,0,0,0,0,Open,0,0,0,Mist or Fog,Null
1748754,5969358,264061,,505500,0,0,0,1,0,North,2015/2016,SH 1N,WECH DRIVE N,,Serious Crash,Yes,2015,0,North,0,0,0,Hill Road,0,,0,,0,Overcast,141200,0,0,0,2,0,0,0,0,0,,0,0,Auckland Region,Nil,2-way,Sealed,0,0,1,0,80,0,Off,0,0,,76,Auckland,Nil,0,0,0,1,0,0,Open,0,0,0,Heavy rain,Null
1767907,5905650,264144,,523721,0,0,0,2,0,Null,2014/2015,BOUNDARY ROAD,ISRAEL AVENUE,,Fatal Crash,No,2014,0,East,0,1,0,Flat,0,,0,,0,Dark,715507,1,0,0,2,0,0,0,0,0,,0,0,Auckland Region,Nil,2-way,Sealed,0,0,1,0,50,0,On,0,0,,76,Auckland,Give way,1,0,0,0,0,0,Urban,0,0,0,Fine,Null
1755243,5920854,264188,,515202,0,,0,1,,Null,2015/2016,JERVOIS ROAD,SHELLY BEACH ROAD,,Serious Crash,No,2015,,North,,0,,Flat,,,,,,Overcast,424500,0,0,0,4,,,0,,,1,,,Auckland Region,Nil,2-way,Sealed,,0,1,,50,,Null,0,0,,76,Auckland,Traffic Signals,,,,,0,0,Urban,0,,,Fine,Null
1742427,5917119,264232,,513220,0,0,0,1,0,South,2014/2015,SIMPSON ROAD,LAKE PANORAMA DRIVE,,Serious Crash,No,2014,0,North,1,0,1,Hill Road,0,,0,,0,Dark,238702,1,0,0,2,0,0,0,0,0,,0,0,Auckland Region,Nil,2-way,Sealed,0,0,1,0,50,0,None,0,0,,76,Auckland,Give way,0,0,0,0,0,0,Urban,0,0,0,Fine,Null
1764772,5916037,264255,,520301,0,,0,1,,Null,2014/2015,COLLEGE ROAD,MORRIN ROAD,,Serious Crash,No,2014,,North,,0,,Flat,,,,,,Overcast,465302,0,0,1,2,,,0,,,,,,Auckland Region,Nil,2-way,Sealed,,0,1,,50,,Null,0,0,,76,Auckland,Give way,,,,,0,0,Urban,0,,,Light rain,Null
1765507,5907053,264320,,522301,0,,0,1,,North,2014/2015,GREAT SOUTH ROAD,EAST TAMAKI ROAD,,Serious Crash,No,2014,,South,,0,,Flat,,,,,,Bright sun,666200,0,0,0,5,,,0,,,1,,,Auckland Region,Nil,2-way,Sealed,,0,1,,50,,Off,0,0,,76,Auckland,Nil,,,,,0,0,Urban,0,,,Fine,Null
1767430,5904936,264358,,524603,0,,0,2,,Null,2013/2014,GREAT SOUTH ROAD,TE IRIRANGI DRIVE,,Serious Crash,No,2014,,South,,0,,Flat,,,,,,Dark,780304,0,0,0,4,,,0,,,,,,Auckland Region,Nil,2-way,Sealed,,0,2,,50,,On,0,0,,76,Auckland,Traffic Signals,,,,,0,0,Urban,0,,,Fine,Null
1781355,5894143,264394,,521132,0,,0,0,,East,2014/2015,HUNUA ROAD,PONGA ROAD,,Fatal Crash,No,2014,,East,,1,,Hill Road,,,,,,Dark,816305,0,0,0,2,,,0,,,1,,,Auckland Region,Nil,2-way,Sealed,,0,0,,80,,On,1,0,,76,Auckland,Nil,,,,,0,0,Open,0,,,Fine,Null
1754102,5918427,264399,,515431,0,,0,1,,Null,2014/2015,GREAT NORTH ROAD,STADIUM ROAD,,Serious Crash,No,2015,,West,,0,,Flat,,,,,,Dark,406300,0,0,0,2,,,0,,,1,,,Auckland Region,Motorway ramp,2-way,Sealed,,0,1,,50,,On,0,0,,76,Auckland,Traffic Signals,,,,,0,0,Urban,0,,,Fine,Null
1753635,5930322,264502,,508803,0,0,0,2,0,North,2014/2015,CARIBBEAN DRIVE,GOLDFINCH RISE,,Serious Crash,No,2015,0,North,0,0,0,Flat,0,,0,,0,Dark,180832,1,0,0,2,0,0,0,0,1,,0,0,Auckland Region,Nil,2-way,Sealed,0,0,2,0,50,0,On,0,0,,76,Auckland,Nil,0,1,0,1,0,0,Urban,0,0,0,Fine,Null
1769597,5916572,264529,,522604,1,,0,0,,Null,2015/2016,ARGO DRIVE,PEGASUS PLACE,,Serious Crash,No,2015,,South,,0,,Flat,,,,,,Bright sun,677600,0,0,0,2,,,0,,,,,,Auckland Region,Nil,2-way,Sealed,,0,1,,50,,Null,0,0,,76,Auckland,Give way,,,,,0,0,Urban,1,,,Fine,Null
1784525,5906002,264548,,525201,0,0,0,1,0,West,2014/2015,CLEVEDON-KAWAKAWA ROAD,EYRES ROAD,,Serious Crash,No,2014,0,East,0,0,0,Hill Road,0,,0,,0,Dark,764100,0,0,0,2,0,0,0,0,0,,0,0,Auckland Region,Nil,2-way,Sealed,0,0,1,0,100,0,None,0,0,,76,Auckland,Unknown,0,0,0,1,0,0,Open,0,0,0,Heavy rain,Null
1758245,5945303,264558,,505902,0,0,0,1,0,West,2013/2014,WHANGAPARAOA ROAD,CROWN ROAD,,Serious Crash,No,2014,0,North,0,0,1,Hill Road,0,,0,,0,Dark,174702,0,0,0,2,0,0,0,0,0,,0,1,Auckland Region,Nil,2-way,Sealed,0,0,1,0,50,0,On,0,0,,76,Auckland,Unknown,0,0,0,0,0,0,Urban,0,0,0,Fine,Null
1759534,5910253,264572,,524002,0,0,0,2,0,Null,2014/2015,MAHUNGA DRIVE,RIMU OFF SBD,,Serious Crash,Yes,2015,0,South,0,0,0,Hill Road,1,,0,,0,Dark,722400,0,0,0,4,0,0,0,0,0,,0,0,Auckland Region,Motorway ramp,2-way,Sealed,0,0,1,0,50,0,On,0,0,,76,Auckland,Give way,1,0,0,0,0,0,Urban,0,0,0,Fine,Null
1761244,5906147,264594,,524200,0,0,0,2,0,West,2015/2016,MASSEY ROAD,FRIESIAN DRIVE,,Serious Crash,No,2015,0,West,0,0,0,Flat,0,,0,,0,Dark,728200,1,0,0,2,0,0,0,0,1,,0,0,Auckland Region,Nil,2-way,Sealed,0,0,1,0,50,0,On,0,0,,76,Auckland,Unknown,0,0,0,0,0,0,Urban,0,0,0,Fine,Null
1764843,5906636,264651,,522201,0,,0,1,,North,2013/2014,SHIRLEY ROAD,TRIMMER TERRACE,,Serious Crash,No,2013,,South,,0,,Flat,,,,,,Bright sun,661800,0,0,0,2,,,0,,,1,,,Auckland Region,Nil,2-way,Sealed,,0,1,,50,,Off,0,0,,76,Auckland,Nil,,,,,0,0,Urban,0,,,Fine,Null
1766991,5912531,264786,,522910,0,0,0,1,0,South,2014/2015,TI RAKAU DRIVE,ROSEBURN PLACE,,Serious Crash,No,2014,0,South,0,0,1,Flat,0,,0,,0,Dark,686000,0,0,0,4,0,0,0,0,0,,0,0,Auckland Region,Nil,2-way,Sealed,0,0,1,0,60,0,On,0,0,,76,Auckland,Unknown,0,0,0,1,0,0,Urban,0,0,0,Null,Strong wind
1765138,5905799,264859,,522202,0,,0,2,,Null,2013/2014,ST GEORGE ST,CARTERS LANE,,Serious Crash,No,2014,,West,,0,,Flat,,,,,,Overcast,664700,0,0,0,2,,,0,,,,,,Auckland Region,Nil,2-way,Sealed,,0,1,,50,,Null,0,0,,76,Auckland,Nil,,,,,0,0,Urban,0,,,Fine,Null
1769751.56,5877675.122,264885,,525922,0,0,0,1,1,West,2013/2014,RAY WRIGHT ROAD,TUAKAU ROAD,,Fatal Crash,No,2013,0,East,0,1,0,Hill Road,0,,0,,0,Dark,824602,0,0,0,2,0,0,0,0,0,,0,1,Auckland Region,Nil,2-way,Sealed,0,0,2,0,100,0,None,0,0,,76,Auckland,Unknown,0,0,0,0,0,0,Open,0,0,0,Heavy rain,Null
1760718,5907278,264952,,524112,0,0,0,0,0,North,2013/2014,SH 20,BADER OBR,,Serious Crash,Yes,2014,0,South,0,0,0,Flat,0,,0,,0,Dark,737500,0,0,0,2,0,0,0,0,0,,0,0,Auckland Region,Nil,1-way,Sealed,0,0,1,0,100,0,On,0,0,,76,Auckland,Nil,0,0,0,0,1,0,Open,1,1,0,Fine,Null
1744814,5911602,265001,,512902,0,0,0,0,0,South,2012/2013,SHAW ROAD,NOLA ROAD,,Serious Crash,No,2013,0,North,0,0,0,Hill Road,0,,0,,0,Overcast,279700,0,0,1,2,0,1,0,0,0,,0,0,Auckland Region,Nil,2-way,Sealed,0,0,1,0,70,0,Off,0,0,,76,Auckland,Nil,0,0,0,0,0,0,Urban,0,0,0,Fine,Null
1754666,5920862,265191,,515301,1,,0,0,,Null,2014/2015,JERVOIS ROAD,ALBANY ROAD,,Serious Crash,No,2014,,West,,0,,Flat,,,,,,Overcast,427300,0,0,0,2,,,0,,,1,,,Auckland Region,Nil,2-way,Sealed,,0,1,,50,,Null,0,0,,76,Auckland,Stop,,,,,0,0,Urban,0,,,Fine,Null
1732733,5944607,265282,65,506646,0,,0,1,,South,2014/2015,SH 16,BARR ROAD,,Serious Crash,Yes,2014,,South,,0,,Flat,,Christmas New Year,,,,Bright sun,211503,0,0,1,2,,,0,,,,,,Auckland Region,Nil,2-way,Sealed,,0,2,,100,,Null,0,0,,76,Auckland,Unknown,,,,,0,0,Open,0,,,Fine,Null
1754613,5930760,265517,,508520,0,0,0,1,0,South,2014/2015,SH 1N,UPPER HWY ON SBD,,Serious Crash,Yes,2014,0,South,0,0,0,Hill Road,1,,0,,0,Dark,191104,0,0,0,2,0,0,0,0,0,,0,0,Auckland Region,Nil,2-way,Sealed,0,0,2,0,100,0,On,0,0,,76,Auckland,Unknown,0,0,0,0,1,0,Open,0,0,0,Fine,Null
1751357,5946739,265545,,506001,0,,0,0,,East,2014/2015,WHANGAPARAOA ROAD,TAWHANA CRESCENT,,Serious Crash,No,2014,,West,,0,,Hill Road,,,,,,Bright sun,175501,0,0,1,2,,,0,,,,,,Auckland Region,Nil,2-way,Sealed,,0,1,,60,,Null,0,0,,76,Auckland,Unknown,,,,,1,0,Urban,0,,,Fine,Null
1767572,5881832,265590,,525921,0,0,0,2,0,Null,2014/2015,HELVETIA ROAD,BIRDWOOD ROAD,,Serious Crash,No,2014,0,South,0,0,0,Flat,0,,0,,0,Dark,820506,0,0,0,2,0,0,0,0,1,,0,0,Auckland Region,Nil,2-way,Sealed,0,0,1,0,50,0,On,0,0,,76,Auckland,Stop,0,0,0,0,0,0,Urban,0,0,0,Fine,Null
1763765,5905118,265746,,524303,0,0,0,1,0,Null,2013/2014,FERNDOWN AVENUE,DAPHNE ROAD,,Serious Crash,No,2013,0,South,0,0,0,Flat,0,,0,,0,Bright sun,746308,0,0,0,2,0,0,0,0,0,,0,0,Auckland Region,Nil,2-way,Sealed,0,0,1,0,50,0,Off,0,0,,76,Auckland,Nil,0,0,0,1,0,0,Urban,1,0,0,Fine,Null
1755654,5918239,265862,,517500,0,0,0,0,0,North,2013/2014,BOND ST,NEW NORTH ROAD,,Serious Crash,No,2013,0,North,0,0,0,Hill Road,0,,0,,0,Overcast,529700,0,0,1,2,0,0,0,0,0,,0,0,Auckland Region,Nil,2-way,Sealed,0,0,1,0,50,0,Off,0,0,,76,Auckland,Nil,0,0,0,0,0,0,Urban,0,0,0,Light rain,Null
1750939,5927323,265920,,510010,1,,0,1,,Null,2014/2015,PARAGON AVENUE,MELBA ST,,Serious Crash,No,2014,,West,,0,,Flat,,,,,,Dark,341002,0,0,0,2,,,0,,,,,,Auckland Region,Nil,2-way,Sealed,,0,1,,50,,On,0,0,,76,Auckland,Give way,,,,,0,0,Urban,0,,,Fine,Null
1737957,5929258,266250,,505602,0,,0,0,,West,2013/2014,SH 16,MATUA ROAD E,,Fatal Crash,Yes,2014,,West,,1,,Flat,,,,,,Bright sun,214900,0,0,0,2,,,0,,,1,,,Auckland Region,Nil,2-way,Sealed,,0,0,,60,,Off,0,0,,76,Auckland,Unknown,,,,,1,0,Urban,0,,,Fine,Null
1746356,5955854,266348,,506613,0,0,0,0,0,East,2013/2014,KRIPPNER ROAD,GRANT RIDGE ROAD,,Serious Crash,No,2014,0,East,0,0,1,Hill Road,0,,0,,0,Bright sun,146901,0,0,1,1,0,0,0,1,0,,0,0,Auckland Region,Nil,1-way,Unsealed,0,0,1,0,100,0,None,0,0,,76,Auckland,Nil,0,0,0,0,0,0,Open,0,0,0,Fine,Null
1769322,5915852,266578,,522711,0,,0,0,,South,2013/2014,PIGEON MOUNTAIN ROAD,HIMALAYA DRIVE,,Serious Crash,No,2014,,North,,0,,Hill Road,,,,,,Twilight,679812,0,0,1,2,,,0,,,,,,Auckland Region,Nil,2-way,Sealed,,0,1,,50,,On,0,0,,76,Auckland,Give way,,,,,0,0,Urban,0,,,Fine,Null
1756527,5918905,266755,,514200,0,,0,0,,Null,2013/2014,NEWTON ROAD,PIWAKAWAKA ST,,Serious Crash,No,2014,,East,,0,,Flat,,,,,,Bright sun,412800,0,0,0,4,,,0,,,1,,,Auckland Region,Nil,2-way,Sealed,,0,1,,50,,None,0,0,,76,Auckland,Traffic Signals,,,,,0,0,Urban,1,,,Fine,Null
1755120,5914103,266899,,518803,1,,0,0,,Null,2014/2015,DOMINION ROAD,MEMORIAL AVENUE,,Serious Crash,No,2014,,North,,0,,Flat,,,,,,Bright sun,581200,0,0,0,2,,,0,,,,,,Auckland Region,Nil,2-way,Sealed,,0,1,,50,,Off,1,0,,76,Auckland,Stop,,,,,0,0,Urban,0,,,Fine,Null
1763074,5907946,266916,,524301,0,0,0,3,0,Null,2014/2015,MASSEY ROAD,VINE ST,,Serious Crash,No,2015,0,North,0,0,0,Flat,0,,0,,0,Dark,747500,1,0,0,2,0,0,0,0,0,,0,0,Auckland Region,Nil,2-way,Sealed,0,0,1,0,50,0,On,0,0,,76,Auckland,Give way,1,0,0,0,0,0,Urban,0,0,0,Light rain,Null
1755398,5921283,266938,,515202,0,0,0,2,0,West,2015/2016,EMMETT ST,SHELLY BEACH ROAD,,Serious Crash,No,2016,0,East,0,0,0,Flat,0,Queens Birthday,0,,0,Dark,424400,1,0,0,2,0,0,0,0,1,,0,0,Auckland Region,Nil,2-way,Sealed,0,0,1,0,50,0,On,0,0,,76,Auckland,Stop,0,0,0,0,0,0,Urban,0,0,0,Fine,Null
1764130,5909656,266952,,521901,0,,0,2,,Null,2016/2017,HALL AVENUE,QUEEN ST,,Serious Crash,No,2016,,North,,0,,Flat,,,,,,Bright sun,784500,0,0,0,2,,,0,,,1,,,Auckland Region,Nil,2-way,Sealed,,0,1,,50,,Null,0,0,,76,Auckland,Stop,,,,,0,0,Urban,0,,,Fine,Null
1772451,5905695,267031,,523713,0,,0,0,,East,2017/2018,Z OFF ROAD FLAT BUSH SCHO,MCQUOIDS ROAD,,Serious Crash,No,2017,,North,,0,,Hill Road,,,,,,Overcast,717201,0,0,0,0,,,1,,,,,,Auckland Region,Nil,Off road,Unsealed,,0,1,,100,,Null,0,0,30,76,Auckland,Unknown,,,,,0,0,Open,0,,,Fine,Null
1746356,5940017,267038,,506614,0,,0,1,,Null,2017/2018,DAIRY FLAT HIGHWAY,BLACKBRIDGE ROAD,,Serious Crash,No,2017,,South,,0,,Hill Road,,,,,,Bright sun,178003,0,0,0,2,,,0,,,,,,Auckland Region,Nil,2-way,Sealed,,0,2,,100,,Null,0,0,,76,Auckland,Stop,,,,,0,0,Open,1,,,Fine,Null
1747274,5921343,267076,,512300,0,,0,1,,South,2017/2018,TE ATATU ROAD,TAIKATA ROAD,,Serious Crash,No,2017,,North,,0,,Flat,,,,,,Bright sun,250101,0,0,0,2,,,0,,,1,,,Auckland Region,Nil,2-way,Sealed,,0,1,,50,,Null,0,0,,76,Auckland,Unknown,,,,,0,0,Urban,0,,,Fine,Null
1776900,5906274,267126,65,523202,0,0,0,1,0,Null,2016/2017,WHITFORD PARK ROAD,RIDGELINE WAY,,Serious Crash,No,2017,0,North,0,0,1,Flat,0,,0,,0,Overcast,716500,0,0,0,2,0,0,0,0,0,,0,0,Auckland Region,Nil,2-way,Sealed,0,0,1,0,100,0,Null,0,0,,76,Auckland,Nil,0,0,0,1,0,0,Open,0,0,0,Light rain,Null
1751391,5916230,267187,,514401,0,,0,1,,South,2016/2017,GREAT NORTH ROAD,ROBERTON ROAD,,Serious Crash,No,2017,,South,,0,,Flat,,,,,,Bright sun,383100,0,0,0,4,,,0,,,1,,,Auckland Region,Nil,2-way,Sealed,,0,1,,50,,Null,0,1,,76,Auckland,Unknown,,,,,0,0,Urban,0,,,Fine,Null
1764406,5909626,267190,,521802,0,0,0,1,0,West,2017/2018,HIGH ST,CHURCH ST,,Serious Crash,No,2017,0,East,0,0,0,Flat,0,,0,,0,Overcast,787800,0,0,0,2,0,0,0,0,1,,0,0,Auckland Region,Nil,2-way,Sealed,0,0,1,0,50,0,Null,0,0,10,76,Auckland,Nil,0,0,0,0,1,0,Urban,0,0,0,Light rain,Null
1754852,5929565,267228,,508420,0,,0,2,,North,2016/2017,TARGET ROAD,KAIMAHI ROAD,,Serious Crash,No,2017,,North,,0,,Flat,,,,,,Overcast,183800,2,0,0,2,,,0,,,,,,Auckland Region,Nil,2-way,Sealed,,0,3,,50,,Null,0,0,,76,Auckland,Nil,,,,,0,0,Urban,0,,,Fine,Null
1747418,5916257,267296,,511601,0,0,0,1,0,East,2016/2017,Z DRIVEWAY,BARRYS ROAD,,Serious Crash,No,2017,0,South,0,0,1,Hill Road,0,,0,,0,Dark,274402,0,0,0,,0,0,0,0,0,,0,0,Auckland Region,Nil,Off road,Sealed,0,0,1,0,50,0,None,0,0,,76,Auckland,Unknown,0,0,0,0,0,0,Urban,0,0,0,Fine,Null
1766086,5903991,267315,,524604,0,,0,2,,Null,2017/2018,PLUNKET AVENUE,SH 20,,Serious Crash,No,2017,,South,,0,,Flat,,,,,,Bright sun,780209,0,0,0,1,,,0,,,,,,Auckland Region,Nil,1-way,Sealed,,0,1,,50,,Null,0,0,,76,Auckland,Stop,,,,,0,0,Urban,0,,,Fine,Null
1749187,5911531,267336,,512100,0,,0,1,,North,2017/2018,LA ROSA ST,GODLEY ROAD,,Serious Crash,No,2017,,South,,0,,Flat,,,,,,Bright sun,289800,0,0,0,2,,,0,,,1,,,Auckland Region,Nil,2-way,Sealed,,0,1,,50,,Null,0,0,,76,Auckland,Unknown,,,,,0,0,Urban,0,,,Fine,Null
1766500,5879132,267357,,521112,0,,0,0,,East,2015/2016,WAIUKU ROAD,DOUGLAS ROAD,,Fatal Crash,No,2016,,East,,1,,Hill Road,,,,,,Dark,825900,0,0,0,2,,,0,,,,,,Auckland Region,Nil,2-way,Sealed,,0,1,,100,,Off,2,0,,76,Auckland,Unknown,,,,,0,0,Open,0,,,Heavy rain,Null
1764343,5906776,267409,,522201,0,0,0,2,0,West,2016/2017,SWAFFIELD ROAD,ROSS AVENUE,,Serious Crash,No,2017,0,West,0,0,0,Flat,0,,0,,0,Dark,661000,2,0,0,2,0,0,0,0,1,,0,0,Auckland Region,Nil,2-way,Sealed,0,0,1,0,50,0,On,0,0,,76,Auckland,Unknown,0,0,0,0,0,0,Urban,0,0,0,Light rain,Null
1745674,5913930,267424,,512906,0,,0,1,,Null,2017/2018,WEST COAST ROAD,SUNVUE ROAD,,Serious Crash,No,2017,,West,,0,,Flat,,,,,,Bright sun,278511,0,0,1,2,,,0,,,,,,Auckland Region,Nil,2-way,Sealed,,0,1,,50,,Null,0,0,,76,Auckland,Give way,,,,,0,0,Urban,0,,,Fine,Null
1759626,5912242,267704,,519820,0,,0,2,,Null,2016/2017,CHURCH ST,VICTORIA ST,,Serious Crash,No,2017,,North,,0,,Flat,,,,,,Bright sun,602100,0,0,0,2,,,0,,,,,,Auckland Region,Nil,2-way,Sealed,,0,1,,50,,Null,0,0,,76,Auckland,Stop,,,,,0,0,Urban,0,,,Fine,Null
1772155,5894136,267722,,525530,0,,0,1,,South,2017/2018,JOANNE PLACE,CHICHESTER DRIVE,,Serious Crash,No,2017,,South,,0,,Flat,,,,,,Overcast,804100,0,0,0,2,,,0,,,2,,,Auckland Region,Nil,2-way,Sealed,,0,2,,50,,Null,0,0,,76,Auckland,Unknown,,,,,0,0,Urban,0,,,Fine,Null
1772237,5915029,267731,,521501,0,,0,1,,South,2017/2018,PICTON ST,MOORE ST,,Serious Crash,No,2017,,South,,0,,Flat,,,,,,Bright sun,652200,0,0,0,2,,,0,,,1,,,Auckland Region,Nil,2-way,Sealed,,0,1,,50,,Null,0,0,,76,Auckland,Give way,,,,,0,0,Urban,0,,,Fine,Frost
1755800,5911754,267747,,519002,0,,0,1,,West,2016/2017,HILLSBOROUGH ROAD,ALEX BOYD LINK,,Serious Crash,No,2017,,East,,0,,Hill Road,,,,,,Bright sun,592300,0,0,0,2,,,0,,,,,,Auckland Region,Nil,2-way,Sealed,,0,1,,50,,Null,0,0,,76,Auckland,Nil,,,,,1,0,Urban,0,,,Fine,Null
1744216,5921922,267760,,513512,1,,0,1,,Null,2016/2017,MAKORA ROAD,TRIANGLE ROAD,,Serious Crash,No,2017,,East,,0,,Hill Road,,,,,,Bright sun,225702,0,0,0,2,,,0,,,,,,Auckland Region,Nil,2-way,Sealed,,0,1,,50,,Null,0,0,,76,Auckland,Give way,,,,,0,0,Urban,0,,,Fine,Null
1764078,5906616,267790,,524303,0,,0,1,,North,2017/2018,Z DRIVEWAY STATION ROAD,ASHLYNNE AVENUE,,Serious Crash,No,2017,,North,,0,,Flat,,,,,,Bright sun,657100,0,0,0,0,,,0,,,1,,,Auckland Region,Nil,Off road,Sealed,,0,1,,10,,Null,0,0,,76,Auckland,Nil,,,,,0,0,Urban,0,,,Fine,Null
1766722,5920304,267967,35,516800,0,0,1,0,0,Null,2016/2017,RIDDELL ROAD,GLOVER ROAD,,Serious Crash,No,2017,0,North,0,0,0,Flat,0,,0,,0,Dark,512100,0,0,0,2,0,0,0,0,0,,0,1,Auckland Region,Nil,2-way,Sealed,0,0,2,0,50,0,On,0,0,,76,Auckland,Stop,0,0,0,0,0,0,Urban,0,0,0,Fine,Null
1757286,5918957,267975,,514301,0,0,0,0,0,North,2016/2017,GRAFTON ON SBD,SH 1N,,Serious Crash,Yes,2017,0,South,0,0,0,Flat,1,Easter,0,,0,Overcast,441300,0,0,1,2,0,0,0,0,0,,0,0,Auckland Region,Motorway ramp,1-way,Sealed,0,0,1,0,80,0,Null,0,0,,76,Auckland,Unknown,0,0,0,0,0,0,Open,0,0,0,Light rain,Null
1751527,5916405,267983,45,514401,0,,0,1,,Null,2017/2018,GREAT NORTH ROAD,BLOCKHOUSE BAY ROAD,,Serious Crash,No,2017,,South,,0,,Flat,,,,,,Overcast,383600,0,0,0,1,,,0,,,,,,Auckland Region,Nil,1-way,Sealed,,0,1,,50,,Null,0,0,,76,Auckland,Traffic Signals,,,,,0,0,Urban,1,,,Light rain,Null
1758727,5913268,268053,,519710,0,0,0,1,0,Null,2016/2017,MOUNT SMART ROAD,SELWYN ST,,Serious Crash,No,2017,0,East,0,0,1,Flat,0,,1,,0,Bright sun,595400,3,0,0,2,0,1,0,0,0,,0,0,Auckland Region,Nil,2-way,Sealed,0,0,1,0,50,0,Null,0,0,,76,Auckland,Give way,0,0,0,0,0,0,Urban,0,0,0,Fine,Null
1739927,5964275,268137,,506613,0,0,0,0,0,West,2016/2017,WEST COAST ROAD,OLD WOODCOCKS ROAD,,Serious Crash,No,2017,0,East,0,0,1,Hill Road,0,,0,,0,Bright sun,145400,0,0,1,2,0,0,0,0,0,,0,0,Auckland Region,Nil,2-way,Sealed,0,0,1,0,100,0,Null,0,0,,76,Auckland,Unknown,0,0,0,1,0,0,Open,0,0,0,Fine,Null
1747563,5919528,268187,,512300,0,0,0,2,0,Null,2015/2016,SH 16,TE ATATU ON EBD EAST,,Serious Crash,Yes,2016,0,East,0,0,0,Hill Road,1,,0,,0,Dark,252000,1,0,0,4,0,0,0,0,0,,0,0,Auckland Region,Nil,1-way,Sealed,0,0,1,0,100,0,On,0,0,,76,Auckland,Nil,0,0,0,0,0,0,Open,0,0,0,Fine,Null
1756921,5927269,268222,,507900,0,,0,0,,Null,2017/2018,NGAIO ST,TAHAROTO ROAD,,Serious Crash,No,2017,,South,,0,,Hill Road,,,,,,Bright sun,303600,0,0,0,2,,,0,,,1,,,Auckland Region,Nil,2-way,Sealed,,0,1,,50,,Null,1,0,,76,Auckland,Give way,,,,,0,0,Urban,0,,,Fine,Null
1754898,5926649,268229,,508610,0,,0,1,,North,2016/2017,LYNDEN AVENUE,LIDDELL ST,,Serious Crash,No,2017,,North,,0,,Flat,,,,,,Bright sun,203200,1,0,1,2,,,0,,,,,,Auckland Region,Nil,2-way,Sealed,,0,1,,50,,Null,0,0,,76,Auckland,Nil,,,,,0,0,Urban,0,,,Fine,Null