X,Y,OBJECTID,advisorySpeed,areaUnitID,bicycle,bridge,bus,carStationWagon,cliffBank,crashDirectionDescription,crashFinancialYear,crashLocation1,crashLocation2,crashRoadSideRoad,crashSeverity,crashSHDescription,crashYear,debris,directionRoleDescription,ditch,fatalCount,fence,flatHill,guardRail,holiday,houseOrBuilding,intersection,kerb,light,meshblockId,minorInjuryCount,moped,motorcycle,NumberOfLanes,objectThrownOrDropped,otherObject,otherVehicleType,overBank,parkedVehicle,pedestrian,phoneBoxEtc,postOrPole,region,roadCharacter,roadLane,roadSurface,roadworks,schoolBus,seriousInjuryCount,slipOrFlood,speedLimit,strayAnimal,streetLight,suv,taxi,temporarySpeedLimit,tlaId,tlaName,trafficControl,trafficIsland,trafficSign,train,tree,truck,unknownVehicleType,urban,vanOrUtility,vehicle,waterRiver,weatherA,weatherB
1760285,5915378,268231,,519400,0,,0,1,,Null,2016/2017,GREAT SOUTH ROAD,CAMPBELL ROAD,,Serious Crash,No,2017,,North,,0,,Flat,,,,,,Bright sun,617400,0,0,1,5,,,0,,,,,,Auckland Region,Nil,2-way,Sealed,,0,1,,50,,Null,0,0,,76,Auckland,Traffic Signals,,,,,0,0,Urban,0,,,Fine,Null
1741777,5915133,268240,,513020,0,,0,1,,North,2017/2018,HENDERSON VALLEY ROAD,GUM ROAD,,Serious Crash,No,2017,,North,,0,,Flat,,,,,,Overcast,280103,0,0,0,2,,,0,,,1,,,Auckland Region,Nil,2-way,Sealed,,0,1,,70,,Null,0,0,40,76,Auckland,Unknown,,,,,0,0,Urban,0,,,Fine,Null
1748789,5935758,268258,,509000,0,,0,1,,East,2016/2017,COATESVILLE-RIVERHEAD HIG,OBRIEN ROAD,,Serious Crash,No,2017,,East,,0,,Hill Road,,,,,,Bright sun,179301,2,0,0,2,,,0,,,,,,Auckland Region,Nil,2-way,Sealed,,0,1,,80,,Null,1,0,,76,Auckland,Stop,,,,,0,0,Open,0,,,Fine,Null
1760824,5915600,268260,,516003,0,,0,0,,Null,2016/2017,MITCHELSON ST,MORRIN ST,,Serious Crash,No,2017,,North,,0,,Flat,,,,,,Bright sun,494902,0,0,1,2,,,0,,,,,,Auckland Region,Nil,2-way,Sealed,,0,1,,50,,Null,0,0,,76,Auckland,Unknown,,,,,0,0,Urban,0,,,Fine,Null
1740331,5918059,268328,,513102,0,,0,0,,North,2016/2017,CHRISTIAN ROAD,ONEILLS ROAD,,Serious Crash,No,2017,,South,,0,,Hill Road,,,,,,Dark,237700,0,0,1,2,,,0,,,,,,Auckland Region,Nil,2-way,Sealed,,0,1,,50,,Off,0,0,,76,Auckland,Unknown,,,,,0,0,Urban,0,,,Fine,Null
1733152,5929686,268404,,505601,0,0,0,1,0,Null,2016/2017,SH 16,MURIWAI ROAD,,Serious Crash,Yes,2017,0,West,0,0,1,Flat,0,Easter,0,,0,Dark,216208,2,0,0,2,0,0,0,0,0,,0,0,Auckland Region,Nil,2-way,Sealed,0,0,2,0,70,0,On,0,0,50,76,Auckland,Stop,0,1,0,0,0,0,Urban,1,0,0,Fine,Null
1749276,5943680,268452,,506003,0,0,0,0,1,Null,2016/2017,EAST COAST ROAD,SPUR ROAD,,Serious Crash,No,2017,0,West,0,0,0,Flat,0,,0,,0,Dark,175813,1,0,0,2,0,0,0,0,0,,0,0,Auckland Region,Nil,2-way,Sealed,0,0,1,0,80,0,On,0,0,,76,Auckland,Stop,0,0,0,0,0,0,Open,1,0,0,Fine,Null
1747267,5919699,268493,,512300,0,,0,1,,South,2016/2017,TE ATATU ROAD,TE ATATU ON EBD WEST,,Serious Crash,No,2017,,North,,0,,Hill Road,,,,,,Overcast,251700,0,0,1,3,,,0,,,,,,Auckland Region,Motorway ramp,1-way,Sealed,,0,1,,50,,Off,0,0,,76,Auckland,Nil,,,,,0,0,Urban,2,,,Fine,Null
1769925,5917833,268512,,522601,0,0,0,1,0,South,2016/2017,CLOVELLY ROAD,MCCRYSTAL AVENUE,,Serious Crash,No,2017,0,North,0,0,1,Hill Road,0,,1,,0,Dark,676104,2,0,0,2,0,0,0,0,0,,0,0,Auckland Region,Nil,2-way,Sealed,0,0,1,0,50,0,On,0,0,,76,Auckland,Unknown,0,0,0,0,0,0,Urban,0,0,0,Fine,Null
1759457,5924585,268524,,508120,0,0,0,3,0,West,2017/2018,ROBERTS AVENUE,CASSINO ST,,Serious Crash,No,2017,0,East,0,0,0,Flat,0,,0,,0,Twilight,318100,0,0,0,2,0,0,0,0,2,,0,0,Auckland Region,Nil,2-way,Sealed,0,0,1,0,50,0,On,0,0,,76,Auckland,Unknown,0,0,0,0,0,0,Urban,0,0,0,Fine,Null
1756108,5979377,268545,,506661,0,0,0,0,1,West,2017/2018,LEIGH ROAD,SCHOLLUM ROAD,,Serious Crash,No,2017,0,East,0,0,0,Hill Road,0,Labour Weekend,0,,0,Dark,137502,0,0,0,2,0,0,0,0,0,,0,0,Auckland Region,Nil,2-way,Sealed,0,0,1,0,100,0,None,0,0,,76,Auckland,Unknown,0,0,0,1,0,0,Open,1,0,0,Fine,Null
1755345,5931857,268557,,508805,0,,0,0,,Null,2017/2018,EAST COAST ROAD,SUNSET ROAD,,Serious Crash,No,2017,,North,,0,,Flat,,,,,,Dark,180827,0,0,1,2,,,0,,,,,,Auckland Region,Nil,1-way,Sealed,,0,1,,50,,On,1,0,,76,Auckland,Give way,,,,,0,0,Urban,0,,,Fine,Null
1755711,5926456,268576,,509702,0,,0,2,,Null,2017/2018,LAKE ROAD,TONAR ST,,Serious Crash,No,2017,,South,,0,,Flat,,,,,,Twilight,364200,0,0,1,2,,,0,,,,,,Auckland Region,Nil,2-way,Sealed,,0,1,,50,,On,0,0,,76,Auckland,Give way,,,,,0,0,Urban,0,,,Fine,Null
1756154,5923977,268635,,509800,0,,0,3,,Null,2016/2017,SH 1N,WEIGH BRIDGE,,Serious Crash,Yes,2017,,South,,0,,Flat,,,,,,Dark,361200,0,0,0,4,,,0,,,,,,Auckland Region,Nil,1-way,Sealed,,0,1,,80,,On,0,0,,76,Auckland,Unknown,,,,,0,0,Open,1,,,Fine,Null
1752414,5917851,268647,,515003,1,,0,1,,South,2016/2017,CARRINGTON ROAD,SUTHERLAND ROAD,,Serious Crash,No,2017,,South,,0,,Flat,,,,,,Overcast,391602,0,0,0,2,,,0,,,,,,Auckland Region,Nil,2-way,Sealed,,0,1,,50,,Null,0,0,,76,Auckland,Unknown,,,,,0,0,Urban,0,,,Mist or Fog,Null
1786114,5925113,268695,15,520801,0,,0,0,,South,2016/2017,TRIG HILL ROAD,WOOLLAMS ROAD,,Serious Crash,No,2017,,North,,0,,Flat,,,,,,Twilight,515607,0,1,0,2,,,0,,,,,,Auckland Region,Nil,2-way,Unsealed,,0,1,,20,,None,0,0,,76,Auckland,Nil,,,,,0,0,Urban,0,,,Fine,Null
1753915,5924806,268718,,510401,0,0,0,1,0,Null,2017/2018,BIRKENHEAD AVENUE,ONEWA ROAD,,Serious Crash,No,2017,0,West,0,0,0,Hill Road,0,,0,,0,Dark,350905,0,0,0,5,0,0,0,0,0,,0,1,Auckland Region,Nil,2-way,Sealed,0,0,1,0,50,0,On,0,0,,76,Auckland,Traffic Signals,0,0,0,0,0,0,Urban,0,0,0,Light rain,Null
1757054,5917596,268720,,518102,0,,0,0,,Null,2017/2018,HILLSIDE CRESCENT,MOUNT EDEN ROAD,,Serious Crash,No,2017,,South,,0,,Flat,,,,,,Bright sun,546700,0,0,1,2,,,0,,,,,,Auckland Region,Nil,2-way,Sealed,,0,1,,50,,Null,0,0,,76,Auckland,Give way,,,,,0,0,Urban,1,,,Fine,Null
1738407,5927651,268786,65,505605,0,,0,1,,East,2017/2018,WAITAKERE ROAD,FARRAND ROAD,,Serious Crash,No,2017,,South,,0,,Flat,,,,,,Overcast,215100,0,0,0,2,,,0,,,,,,Auckland Region,Nil,2-way,Sealed,,0,2,,100,,Null,0,0,,76,Auckland,Unknown,,,,,1,0,Open,0,,,Light rain,Null
1756663,5913761,268800,,518701,0,0,0,1,0,Null,2017/2018,MOUNT EDEN ROAD,MOUNT ALBERT ROAD,,Serious Crash,No,2017,0,West,0,0,0,Flat,0,,0,,0,Overcast,568300,1,0,0,4,0,0,0,0,0,,0,0,Auckland Region,Nil,2-way,Sealed,0,0,1,0,50,0,Null,0,0,,76,Auckland,Traffic Signals,0,0,0,1,0,0,Urban,0,0,0,Fine,Null
1766730,5900874,268861,,524720,0,,0,2,,Null,2017/2018,WORDSWORTH ROAD,ROWANDALE AVENUE,,Serious Crash,No,2017,,East,,0,,Flat,,,,,,Bright sun,775901,1,0,0,2,,,0,,,,,,Auckland Region,Nil,2-way,Sealed,,0,1,,50,,Null,0,0,,76,Auckland,Give way,,,,,0,0,Urban,0,,,Fine,Null
1764105,5910894,268919,,520500,0,,0,0,,South,2017/2018,MOUNT WELLINGTON HIGHWAY,MEADOW ST,,Serious Crash,No,2017,,South,,0,,Flat,,,,,,Twilight,638100,0,0,0,2,,,0,,,1,,,Auckland Region,Nil,2-way,Sealed,,0,1,,50,,On,0,0,,76,Auckland,Unknown,,,,,0,0,Urban,1,,,Fine,Null
1753222,5918394,268952,,515002,0,,0,0,,Null,2017/2018,GREAT NORTH ROAD,MOTIONS ROAD,,Serious Crash,No,2017,,East,,0,,Flat,,,,,,Overcast,390501,0,0,2,3,,,0,,,,,,Auckland Region,Nil,2-way,Sealed,,0,1,,50,,Null,0,0,,76,Auckland,Traffic Signals,,,,,0,0,Urban,0,,,Fine,Null
1766130,5900633,268959,,524713,0,,0,1,,East,2017/2018,WORDSWORTH ROAD,ROSCOMMON ROAD,,Serious Crash,No,2017,,East,,0,,Flat,,,,,,Dark,775817,0,0,0,2,,,0,,,1,,,Auckland Region,Nil,2-way,Sealed,,0,1,,50,,On,0,0,,76,Auckland,Unknown,,,,,0,0,Urban,0,,,Fine,Null
1753180,5933659,268975,,508804,0,,0,1,,North,2017/2018,SH 1N,GREVILLE OFF SBD,,Serious Crash,Yes,2017,,South,,0,,Hill Road,,,,,,Overcast,180605,0,0,0,2,,,0,,,,,,Auckland Region,Nil,1-way,Sealed,,0,1,,100,,Null,0,0,,76,Auckland,Unknown,,,,,1,0,Open,0,,,Fine,Null
1749596,5879731,269005,,521151,0,,0,0,,South,2016/2017,PARAKAU ROAD,AWHITU ROAD,,Fatal Crash,No,2017,,West,,1,,Hill Road,,,,,,Dark,830800,2,0,0,2,,,0,,,,,,Auckland Region,Nil,2-way,Sealed,,0,1,,100,,None,0,0,,76,Auckland,Unknown,,,,,0,0,Open,1,,,Fine,Null
1768082,5900493,269026,,525101,0,,0,0,,Null,2017/2018,COXHEAD ROAD,WEYMOUTH ROAD,,Serious Crash,No,2017,,South,,0,,Flat,,,,,,Twilight,771200,0,0,1,2,,,0,,,,,,Auckland Region,Nil,2-way,Sealed,,0,1,,50,,On,0,0,,76,Auckland,Give way,,,,,0,0,Urban,0,,,Fine,Null
1768868,5900010,269059,,525101,0,,0,1,,South,2016/2017,RIMU ROAD,PURIRI ROAD,,Serious Crash,No,2017,,North,,0,,Hill Road,,,,,,Bright sun,770100,0,0,1,2,,,0,,,,,,Auckland Region,Nil,2-way,Sealed,,0,2,,50,,Null,0,0,,76,Auckland,Nil,,,,,0,0,Urban,0,,,Fine,Null
1755905,5913689,269126,,518803,1,0,0,1,0,South,2017/2018,FROST ROAD,BRITTON AVENUE,,Serious Crash,No,2017,0,South,0,0,0,Hill Road,0,,0,,0,Overcast,581400,0,0,0,2,0,0,0,0,1,,0,0,Auckland Region,Nil,2-way,Sealed,0,0,1,0,50,0,Null,0,0,,76,Auckland,Unknown,0,0,0,0,0,0,Urban,0,0,0,Fine,Null
1764319,5908844,269149,,521901,1,,0,1,,Null,2016/2017,GREAT SOUTH ROAD,NGAIO ST,,Serious Crash,No,2017,,North,,0,,Flat,,,,,,Overcast,785200,0,0,0,4,,,0,,,,,,Auckland Region,Nil,2-way,Sealed,,0,1,,50,,Off,0,0,,76,Auckland,Stop,,,,,0,0,Urban,0,,,Fine,Null
1761353,5917606,269218,,516202,0,,0,1,,South,2016/2017,BENSON ROAD,UPLAND ROAD,,Serious Crash,No,2017,,East,,0,,Flat,,,,,,Bright sun,488300,0,0,1,2,,,0,,,,,,Auckland Region,Nil,2-way,Sealed,,0,1,,50,,Null,0,0,,76,Auckland,Give way,,,,,0,0,Urban,0,,,Fine,Null
1756404,5924499,269254,85,509702,0,,0,3,,North,2016/2017,SH 1N,OLD ONEWA OBR,,Serious Crash,Yes,2016,,South,,0,,Flat,,,,,,Dark,366700,0,0,0,3,,,0,,,,,,Auckland Region,Nil,1-way,Sealed,,0,1,,100,,On,0,0,,76,Auckland,Unknown,,,,,0,0,Open,0,,,Light rain,Strong wind
1761601,5907424,269264,,524520,0,0,0,1,0,East,2015/2016,BUCKLAND ROAD,WICKMAN WAY,,Fatal Crash,No,2016,0,West,0,1,1,Flat,0,,0,,0,Dark,734300,1,0,0,2,0,0,0,0,0,,0,0,Auckland Region,Nil,2-way,Sealed,0,0,1,0,50,0,On,1,0,,76,Auckland,Nil,0,0,0,0,0,0,Urban,0,0,0,Fine,Null
1740845,5928494,269276,45,505604,0,,0,2,,South,2016/2017,OLD NORTH ROAD,OLD RAILWAY ROAD,,Serious Crash,No,2016,,South,,0,,Flat,,,,,,Overcast,214502,2,0,0,2,,,0,,,,,,Auckland Region,Nil,2-way,Sealed,,0,1,,80,,Null,0,0,,76,Auckland,Unknown,,,,,0,0,Open,0,,,Light rain,Null
1755963,5928116,269317,,507900,0,,0,1,,South,2015/2016,SH 1N,TRISTRAM ON SBD,,Serious Crash,Yes,2016,,North,,0,,Flat,,,,,,Dark,305202,1,0,0,4,,,0,,,,,,Auckland Region,Nil,1-way,Sealed,,0,1,,100,,On,1,0,,76,Auckland,Unknown,,,,,0,0,Open,0,,,Light rain,Null
1749646,5958452,269395,,506613,0,,0,1,,North,2015/2016,01N-0373,HUNGRY CREEK ROAD,,Fatal Crash,Yes,2015,,North,,1,,Flat,,,,,,Dark,147106,2,0,1,2,,,0,,,,,,Auckland Region,Nil,2-way,Sealed,,0,0,,100,,None,1,0,,76,Auckland,Nil,,,,,0,0,Open,0,,,Fine,Null
1778026,5901612,269417,,525201,0,0,0,1,0,West,2014/2015,CLEVEDON-TAKANINI ROAD,PARISH LINE ROAD,,Serious Crash,No,2015,0,West,0,0,0,Flat,0,,0,,0,Overcast,762302,0,0,0,2,0,0,0,0,0,,0,1,Auckland Region,Nil,2-way,Sealed,0,0,1,0,100,0,Null,0,0,,76,Auckland,Unknown,0,0,0,0,0,0,Open,0,0,0,Fine,Null
1759066,5915555,269568,,519300,0,,0,1,,Null,2015/2016,Z CPK CAMPBELL PARK TENNI,30 M N GREEN LANE W,,Serious Crash,No,2016,,East,,0,,Flat,,,,,,Bright sun,622900,0,0,0,,,,0,,,1,,,Auckland Region,Nil,Off road,Sealed,,0,1,,50,,Null,0,0,,76,Auckland,Unknown,,,,,0,0,Urban,0,,,Fine,Null
1757111,5928611,269602,,507800,0,0,0,2,0,North,2016/2017,SHAKESPEARE ROAD,TREVAUGHN GLADE,,Serious Crash,No,2016,0,South,0,0,0,Flat,0,,0,,0,Bright sun,307400,0,0,0,2,0,0,0,0,1,,0,0,Auckland Region,Nil,2-way,Sealed,0,0,1,0,50,0,Null,1,0,,76,Auckland,Unknown,0,0,0,0,0,0,Urban,0,0,0,Fine,Null
1769928,5879177,269736,,525922,0,0,0,2,0,South,2015/2016,BUCKLAND ROAD,KITCHENER ROAD,,Serious Crash,No,2015,0,South,0,0,0,Hill Road,0,,0,,0,Overcast,823600,0,0,0,1,0,0,0,0,1,1,0,0,Auckland Region,Nil,2-way,Sealed,0,0,2,0,70,0,None,0,0,,76,Auckland,Unknown,0,0,0,0,0,0,Urban,0,0,0,Light rain,Null
1763080,5912937,269763,,520402,0,0,0,0,0,West,2016/2017,ARANUI ROAD,RUAWAI ROAD,,Serious Crash,No,2016,0,South,0,0,0,Flat,0,,0,,0,Dark,642500,0,0,0,2,0,0,0,0,2,,0,0,Auckland Region,Nil,2-way,Sealed,0,0,3,0,50,0,On,3,0,,76,Auckland,Unknown,0,0,0,0,0,0,Urban,0,0,0,Light rain,Null
1760676,5907071,269790,,524112,0,,0,1,,Null,2014/2015,BADER DRIVE,ASHGROVE ROAD,,Serious Crash,No,2015,,West,,0,,Flat,,,,,,Dark,742101,1,0,0,4,,,0,,,,,,Auckland Region,Nil,2-way,Sealed,,0,3,,50,,On,0,0,,76,Auckland,Give way,,,,,0,0,Urban,0,,,Fine,Null
1769615,5908511,269945,,523115,0,,0,3,,Null,2014/2015,TE IRIRANGI DRIVE,ACCENT DRIVE,,Serious Crash,No,2015,,West,,0,,Flat,,,,,,Twilight,711912,1,0,0,6,,,0,,,,,,Auckland Region,Nil,2-way,Sealed,,0,1,,80,,On,0,0,,76,Auckland,Traffic Signals,,,,,0,0,Open,0,,,Fine,Null
1752171,5916376,270202,,517901,0,0,0,2,0,East,2016/2017,FAIRLEIGH AVENUE,JERRAM ST,,Serious Crash,No,2016,0,East,0,0,0,Flat,0,,0,,0,Overcast,523100,0,0,0,2,0,0,0,0,1,,0,0,Auckland Region,Nil,2-way,Sealed,0,0,1,0,50,0,Null,0,0,,76,Auckland,Unknown,0,0,0,0,0,0,Urban,0,0,0,Fine,Null
1762895,5909261,270293,,524402,0,0,0,1,0,Null,2015/2016,JAMES FLETCHER DRIVE,KAHU ST,,Serious Crash,No,2016,0,East,0,0,0,Flat,0,,0,,0,Bright sun,749800,0,0,0,2,0,0,0,0,0,,0,0,Auckland Region,Nil,2-way,Sealed,0,0,1,0,50,0,Null,0,0,,76,Auckland,Give way,1,0,0,0,1,0,Urban,0,0,0,Fine,Null
1757321,5918866,270310,,514302,0,,0,0,,South,2016/2017,SH 1N,GRAFTON OBR,,Serious Crash,Yes,2016,,South,,0,,Flat,,,,,,Overcast,441700,1,0,0,4,,,0,,,,,,Auckland Region,Nil,1-way,Sealed,,0,1,,80,,Null,0,0,,76,Auckland,Unknown,,,,,1,0,Open,2,,,Fine,Null
1757012,5920810,270328,,514101,0,,0,1,,Null,2015/2016,FANSHAWE ST,NELSON ST,,Serious Crash,No,2016,,West,,0,,Flat,,,,,,Dark,433003,1,0,0,4,,,0,,,2,,,Auckland Region,Nil,2-way,Sealed,,0,1,,50,,On,0,1,,76,Auckland,Traffic Signals,,,,,0,0,Urban,0,,,Fine,Null
1746758,5917472,270366,,512500,0,0,0,0,0,South,2016/2017,TE ATATU ROAD,MCLEOD ROAD,,Serious Crash,No,2016,0,North,0,0,0,Hill Road,0,,0,,0,Dark,257500,1,0,0,2,0,0,0,0,1,,0,0,Auckland Region,Nil,2-way,Sealed,0,0,1,0,50,0,On,0,0,,76,Auckland,Unknown,0,0,0,0,1,0,Urban,1,0,0,Fine,Null
1762776,5912427,270374,,519500,0,,0,1,,South,2016/2017,GREAT SOUTH ROAD,CHURCH ST,,Serious Crash,No,2016,,North,,0,,Flat,,,,,,Overcast,622700,0,0,1,2,,,0,,,,,,Auckland Region,Nil,2-way,Sealed,,0,1,,50,,Null,0,0,,76,Auckland,Unknown,,,,,0,0,Urban,0,,,Fine,Null
1767162,5905416,270397,,524603,0,,0,1,,South,2016/2017,GREAT SOUTH ROAD,PUHINUI ROAD,,Serious Crash,No,2016,,North,,0,,Flat,,,,,,Overcast,780205,0,0,0,2,,,0,,,,,,Auckland Region,Nil,2-way,Sealed,,0,1,,60,,Null,0,0,,76,Auckland,Nil,,,,,0,0,Urban,1,,,Fine,Null
1758033,5927318,270414,,508010,0,,0,1,,East,2015/2016,ANZAC ST,LAKE ROAD,,Serious Crash,No,2015,,East,,0,,Flat,,,,,,Bright sun,327000,0,0,1,2,,,0,,,,,,Auckland Region,Nil,2-way,Sealed,,0,1,,50,,Null,0,0,,76,Auckland,Nil,,,,,0,0,Urban,0,,,Fine,Null
1783934,5924492,270491,55,520801,0,,0,1,,North,2016/2017,OBRIEN ROAD,GORDONS ROAD,,Serious Crash,No,2016,,North,,0,,Flat,,,,,,Bright sun,515610,1,0,0,2,,,0,,,,,,Auckland Region,Nil,2-way,Sealed,,0,1,,60,,Null,0,0,,76,Auckland,Unknown,,,,,0,0,Urban,1,,,Fine,Null
1744199,5918401,270497,,513302,0,0,0,1,0,West,2016/2017,SWANSON ROAD,RATHGAR ROAD,,Serious Crash,No,2016,0,South,0,0,0,Flat,0,,0,,0,Dark,233400,1,0,0,2,0,0,0,0,0,,0,0,Auckland Region,Nil,2-way,Sealed,0,0,1,0,50,0,On,0,0,,76,Auckland,Unknown,0,0,0,1,0,0,Urban,0,0,0,Fine,Null
1750943,5918013,270569,,514801,0,,0,1,,East,2015/2016,SH 16,ROSEBANK BR,,Serious Crash,Yes,2016,,East,,0,,Flat,,,,,,Overcast,390402,0,0,1,4,,,0,,,,,,Auckland Region,Nil,1-way,Sealed,,0,1,,100,,Null,0,0,80,76,Auckland,Unknown,,,,,0,0,Open,0,,,Fine,Null
1754967,5920892,270585,,515201,1,,0,1,,Null,2016/2017,JERVOIS ROAD,HAMILTON ROAD,,Serious Crash,No,2016,,East,,0,,Flat,,,,,,Overcast,423500,0,0,0,4,,,0,,,,,,Auckland Region,Nil,2-way,Sealed,,0,1,,50,,Off,0,0,,76,Auckland,Nil,,,,,0,0,Urban,0,,,Fine,Null
1772139,5897169,270600,,525420,0,,0,3,,Null,2015/2016,GREAT SOUTH ROAD,YOUNGS ROAD,,Serious Crash,No,2016,,West,,0,,Flat,,,,,,Twilight,790700,0,0,0,2,,,0,,,,,,Auckland Region,Nil,2-way,Sealed,,0,1,,50,,On,0,0,,76,Auckland,Stop,,,,,0,0,Urban,0,,,Fine,Null
1742880,5970209,270609,,506613,0,0,0,0,0,East,2016/2017,KAIPARA FLATS ROAD,NEWTON ROAD,,Serious Crash,No,2016,0,East,0,0,0,Flat,0,,0,,0,Bright sun,145800,0,0,0,2,0,0,0,0,0,,0,0,Auckland Region,Nil,2-way,Sealed,0,0,1,0,100,0,Null,0,0,,76,Auckland,Unknown,0,0,0,1,1,0,Open,0,0,0,Fine,Null
1759252,5908200,270616,,524122,0,,0,1,,South,2015/2016,MCKENZIE ROAD,TARATA CRESCENT,,Serious Crash,No,2016,,South,,0,,Flat,,,,,,Dark,737700,0,0,0,2,,,0,,,1,,,Auckland Region,Nil,2-way,Sealed,,0,1,,50,,On,0,0,,76,Auckland,Nil,,,,,0,0,Urban,0,,,Fine,Null
1753882,5928840,270684,,508320,0,0,0,2,0,South,2015/2016,WELDENE AVENUE,HOGANS ROAD,,Serious Crash,No,2015,0,East,0,0,0,Flat,0,Christmas New Year,0,,1,Bright sun,197100,0,0,0,2,0,0,0,0,1,,0,0,Auckland Region,Nil,2-way,Sealed,0,0,1,0,50,0,Off,0,0,,76,Auckland,Unknown,0,0,0,0,0,0,Urban,0,0,0,Fine,Null
1755666,5935215,270720,,507101,0,,0,0,,South,2015/2016,BEACH ROAD,INVERNESS ROAD,,Serious Crash,No,2016,,South,,0,,Flat,,,,,,Overcast,161600,0,0,0,2,,,0,,,1,,,Auckland Region,Nil,2-way,Sealed,,0,1,,50,,Null,0,0,,76,Auckland,Unknown,,,,,0,0,Urban,1,,,Light rain,Null
1745763,5931828,270763,,506400,0,,0,1,,West,2015/2016,RIDGE ROAD,WAKE ROAD,,Serious Crash,No,2016,,West,,0,,Hill Road,,,,,,Dark,216901,0,0,1,2,,,0,,,,,,Auckland Region,Nil,2-way,Sealed,,0,1,,100,,None,0,0,,76,Auckland,Unknown,,,,,0,0,Open,0,,,Fine,Null
1754708,5936289,270764,,507000,0,,0,1,,Null,2016/2017,TOPLISS DRIVE,COTTAM GROVE,,Serious Crash,No,2016,,Null,,0,,Flat,,,,,,Overcast,164101,0,0,0,2,,,0,,,1,,,Auckland Region,Nil,2-way,Sealed,,0,1,,50,,Null,0,0,,76,Auckland,Give way,,,,,0,0,Urban,0,,,Fine,Null
1758195,5913579,270767,,518600,0,,0,1,,Null,2016/2017,MANUKAU ROAD,TURAMA ROAD,,Serious Crash,No,2016,,North,,0,,Flat,,,,,,Bright sun,567300,0,0,0,2,,,0,,,1,,,Auckland Region,Nil,2-way,Sealed,,0,1,,50,,Null,0,0,,76,Auckland,Stop,,,,,0,0,Urban,0,,,Fine,Null
1761927,5916915,270828,,516003,1,,0,0,,Null,2015/2016,REMUERA ROAD,PUKEORA AVENUE,,Serious Crash,No,2016,,East,,0,,Flat,,,,,,Overcast,495300,0,0,0,4,,,0,,,,,,Auckland Region,Nil,2-way,Sealed,,0,1,,50,,Null,1,0,,76,Auckland,Stop,,,,,0,0,Urban,0,,,Fine,Null
1762269,5882766,270831,,521121,0,,0,0,,Null,2016/2017,PATUMAHOE ROAD,MAUKU ROAD,,Serious Crash,No,2016,,East,,0,,Flat,,,,,,Overcast,811300,0,0,0,2,,,0,,,1,,,Auckland Region,Nil,2-way,Sealed,,0,1,,50,,Null,1,0,,76,Auckland,Nil,,,,,0,0,Urban,0,,,Fine,Null
1743835,5914912,270908,,513020,0,0,0,2,0,West,2016/2017,FOREST HILL ROAD,PINE AVENUE,,Serious Crash,No,2016,0,East,2,0,0,Hill Road,0,,0,,0,Overcast,281201,3,0,0,2,0,0,0,0,0,,0,0,Auckland Region,Nil,2-way,Sealed,0,0,1,0,50,0,Null,0,0,,76,Auckland,Unknown,0,0,0,0,0,0,Urban,0,0,0,Light rain,Null
1764455,5918328,270993,,516602,0,,0,1,,South,2015/2016,KOHIMARAMA ROAD,WHYTEHEAD CRESCENT S,,Serious Crash,No,2016,,North,,0,,Hill Road,,,,,,Overcast,508200,0,1,0,2,,,0,,,,,,Auckland Region,Nil,2-way,Sealed,,0,1,,50,,Null,0,0,,76,Auckland,Unknown,,,,,0,0,Urban,0,,,Light rain,Null
1823508,5980670,271021,,521000,0,,0,0,,North,2014/2015,MEDLAND ROAD,SHOAL BAY ROAD,,Serious Crash,No,2015,,South,,0,,Hill Road,,,,,,Overcast,439304,0,0,1,1,,,0,,,,,,Auckland Region,Nil,2-way,Sealed,,0,1,,100,,Null,0,0,,76,Auckland,Nil,,,,,0,0,Open,0,,,Fine,Null
1756755,5920775,271054,,514101,0,,0,2,,East,2015/2016,FANSHAWE ST,HALSEY ST,,Serious Crash,No,2015,,East,,0,,Flat,,,,,,Bright sun,440114,0,0,0,4,,,0,,,,,,Auckland Region,Nil,2-way,Sealed,,0,1,,50,,Null,0,0,,76,Auckland,Unknown,,,,,0,0,Urban,0,,,Fine,Null
1751127,5932383,271089,,508806,0,,0,1,,South,2014/2015,ALBANY HIGHWAY,WENTWORTH PARK,,Serious Crash,No,2015,,South,,0,,Flat,,,,,,Bright sun,179902,0,0,0,2,,,0,,,1,,,Auckland Region,Nil,2-way,Sealed,,0,1,,50,,Null,0,0,,76,Auckland,Nil,,,,,0,0,Urban,0,,,Fine,Null
1770447,5909338,271096,,523114,0,,0,0,,South,2014/2015,MIDDLEFIELD DRIVE,GILFORD PLACE,,Serious Crash,No,2015,,South,,0,,Flat,,,,,,Bright sun,712102,0,0,0,1,,,0,,,1,,,Auckland Region,Nil,2-way,Sealed,,0,1,,50,,Null,0,0,,76,Auckland,Nil,,,,,1,0,Urban,0,,,Fine,Null
1747676,5962551,271109,,506613,0,0,0,0,0,South,2015/2016,SH 1N,MOIRS HILL ROAD,,Serious Crash,Yes,2015,0,North,0,0,0,Flat,1,,0,,0,Overcast,147107,0,0,0,2,0,0,0,0,0,,0,0,Auckland Region,Nil,2-way,Sealed,0,0,1,0,100,0,Null,0,0,,76,Auckland,Unknown,0,0,0,0,0,0,Open,1,0,0,Light rain,Null