X,Y,OBJECTID,advisorySpeed,areaUnitID,bicycle,bridge,bus,carStationWagon,cliffBank,crashDirectionDescription,crashFinancialYear,crashLocation1,crashLocation2,crashRoadSideRoad,crashSeverity,crashSHDescription,crashYear,debris,directionRoleDescription,ditch,fatalCount,fence,flatHill,guardRail,holiday,houseOrBuilding,intersection,kerb,light,meshblockId,minorInjuryCount,moped,motorcycle,NumberOfLanes,objectThrownOrDropped,otherObject,otherVehicleType,overBank,parkedVehicle,pedestrian,phoneBoxEtc,postOrPole,region,roadCharacter,roadLane,roadSurface,roadworks,schoolBus,seriousInjuryCount,slipOrFlood,speedLimit,strayAnimal,streetLight,suv,taxi,temporarySpeedLimit,tlaId,tlaName,trafficControl,trafficIsland,trafficSign,train,tree,truck,unknownVehicleType,urban,vanOrUtility,vehicle,waterRiver,weatherA,weatherB
1754085,5924814,271117,,510500,0,,0,1,,East,2015/2016,ONEWA ROAD,BIRKENHEAD AVENUE,,Serious Crash,No,2015,,East,,0,,Hill Road,,,,,,Bright sun,355800,0,0,0,4,,,0,,,1,,,Auckland Region,Nil,2-way,Sealed,,0,1,,50,,Null,0,0,,76,Auckland,Unknown,,,,,0,0,Urban,0,,,Fine,Null
1758259,5916754,271163,,519200,0,,0,0,,North,2015/2016,MANUKAU ROAD,BRACKEN AVENUE,,Serious Crash,No,2015,,North,,0,,Flat,,,,,,Bright sun,614301,2,1,0,4,,,0,,,2,,,Auckland Region,Nil,2-way,Sealed,,0,1,,50,,Null,1,0,,76,Auckland,Nil,,,,,0,0,Urban,0,,,Fine,Null
1754363,5931452,271173,,508805,0,,0,1,,South,2014/2015,PARKWAY DRIVE,CONSTELLATION DRIVE,,Serious Crash,No,2015,,South,,0,,Flat,,,,,,Dark,180826,0,0,0,2,,,0,,,1,,,Auckland Region,Nil,2-way,Sealed,,0,1,,50,,On,0,0,,76,Auckland,Unknown,,,,,0,0,Urban,0,,,Fine,Null
1747167,5913263,271223,,511100,0,,0,2,,Null,2015/2016,CAPTAIN SCOTT ROAD,SAVOY ROAD,,Serious Crash,No,2016,,North,,0,,Flat,,,,,,Bright sun,287500,0,0,0,2,,,0,,,,,,Auckland Region,Nil,2-way,Sealed,,0,1,,50,,Null,0,0,,76,Auckland,Give way,,,,,0,0,Urban,0,,,Fine,Null
1746002,5910960,271261,,512600,0,,0,2,,East,2014/2015,SCENIC DRIVE,KONINI ROAD,,Serious Crash,No,2015,,East,,0,,Hill Road,,,,,,Dark,299800,0,0,0,,,,0,,,,,,Auckland Region,Nil,2-way,Sealed,,0,1,,50,,On,0,0,,76,Auckland,Nil,,,,,0,0,Urban,0,,,Heavy rain,Null
1750767,5968227,271290,,506613,0,0,0,0,0,South,2015/2016,HEPBURN CREEK ROAD,WILSON ROAD,,Serious Crash,No,2015,0,South,0,0,1,Hill Road,0,,0,,0,Bright sun,146101,0,0,0,1,0,0,1,0,0,,0,0,Auckland Region,Nil,1-way,Unsealed,0,0,1,0,80,0,Null,0,0,,76,Auckland,Unknown,0,0,0,0,0,0,Open,0,0,0,Fine,Null
1755615,5918351,271339,,515500,1,,0,0,,South,2015/2016,BOND ST,SEDDON ST,,Serious Crash,No,2015,,South,,0,,Null,,,,,,Bright sun,419400,0,0,0,2,,,0,,,,,,Auckland Region,Bridge,2-way,Sealed,,0,1,,50,,Null,0,0,,76,Auckland,Unknown,,,,,0,0,Urban,0,,,Fine,Null
1766760,5912927,271367,,522910,0,,0,1,,South,2015/2016,Z DRIVEWAY,REEVES ROAD,,Serious Crash,No,2015,,East,,0,,Flat,,,,,,Bright sun,684000,0,0,0,1,,,0,,,1,,,Auckland Region,Nil,1-way,Sealed,,0,1,,50,,Null,0,0,,76,Auckland,Unknown,,,,,0,0,Urban,0,,,Fine,Null
1761986,5913436,271513,,520202,0,,0,1,,North,2015/2016,PENROSE ROAD,GREAT SOUTH ROAD,,Serious Crash,No,2015,,South,,0,,Null,,,,,,Unknown,612400,0,0,1,3,,,0,,,,,,Auckland Region,Nil,1-way,Sealed,,0,1,,50,,Off,0,0,,76,Auckland,Unknown,,,,,0,0,Urban,0,,,Light rain,Null
1751878,5917560,271790,,514900,0,,0,1,,North,2018/2019,GREAT NORTH ROAD,HERDMAN ST,,Serious Crash,No,2018,,South,,0,,Flat,,,,,,Bright sun,385803,0,0,1,4,,,0,,,,,,Auckland Region,Nil,2-way,Sealed,,0,1,,50,,Null,0,0,,76,Auckland,Unknown,,,,,0,0,Urban,0,,,Fine,Null
1733100,5918672,271829,,506656,0,0,0,1,0,East,2018/2019,BETHELLS ROAD,TE AUTE RIDGE ROAD,,Serious Crash,No,2018,0,West,0,0,0,Flat,0,,0,,0,Dark,219503,2,0,0,2,0,0,0,0,0,,0,1,Auckland Region,Nil,2-way,Sealed,0,0,1,0,70,0,None,0,0,,76,Auckland,Unknown,0,0,0,0,0,0,Urban,0,0,0,Fine,Null
1766739.326,5901626.342,271899,,524712,0,0,0,1,0,North,2018/2019,WHITE ROAD, HEALY ROAD,,Serious Crash,No,2019,0,South,0,0,1,Flat,0,,0,,0,Dark,779200,0,0,0,2,0,0,0,0,1,,0,0,Auckland Region,Nil,2-way,Sealed,0,0,1,0,50,0,On,0,0,,76,Auckland,Unknown,0,0,0,1,0,0,Urban,1,0,0,Fine,Null
1748069.309,5914213.547,271922,,511100,0,,0,1,,East,2018/2019,GREAT NORTH ROAD,WESTECH PLACE,,Serious Crash,No,2019,,East,,0,,Hill Road,,,,,,Twilight,285403,1,0,0,4,,,0,,,,,,Auckland Region,Nil,2-way,Sealed,,0,1,,50,,On,0,0,,76,Auckland,Unknown,,,,,0,0,Urban,1,,,Fine,Null
1769315,5907462,272127,,523711,1,,0,0,,Null,2018/2019,TE IRIRANGI DRIVE,ORMISTON ROAD,,Serious Crash,No,2018,,North,,0,,Flat,,,,,,Bright sun,712801,0,0,0,2,,,0,,,,,,Auckland Region,Nil,2-way,Sealed,,0,1,,80,,Null,1,0,,76,Auckland,Give way,,,,,0,0,Open,0,,,Fine,Null
1760232.624,5905925.873,272195,,524200,0,,0,1,,West,2018/2019,CYCLAMEN RD,PENINSULA RD,,Serious Crash,No,2019,,West,,0,,Flat,,,,,,Overcast,728614,0,0,1,2,,,0,,,,,,Auckland Region,Nil,2-way,Sealed,,0,1,,50,,Off,0,0,,76,Auckland,Nil,,,,,0,0,Urban,0,,,Fine,Null
1766572.9,5913052.854,272238,,522920,0,,0,1,,Null,2018/2019,TI RAKAU DRIVE,PALM AVENUE,,Serious Crash,No,2019,,North,,0,,Flat,,,,,,Dark,683900,0,1,0,2,,,0,,,,,,Auckland Region,Nil,2-way,Sealed,,0,1,,60,,On,0,0,,76,Auckland,Give way,,,,,0,0,Urban,0,,,Fine,Null
1738751.919,5928518.794,272250,,505602,0,0,0,1,0,South,2018/2019,ACCESS RD,GRIVELLE STREET,,Serious Crash,No,2019,0,South,0,0,1,Flat,0,,0,,0,Overcast,215000,0,0,0,2,0,0,0,0,0,,0,1,Auckland Region,Nil,2-way,Sealed,0,0,1,0,70,0,Off,0,0,,76,Auckland,Unknown,0,0,0,0,0,0,Urban,0,0,0,Light rain,Null
1759882.487,5911784.349,272259,,520000,0,,0,2,,Null,2018/2019,NEILSON STREET,ALFRED STREET,,Serious Crash,No,2019,,East,,0,,Flat,,,,,,Dark,607800,1,0,0,4,,,0,,,,,,Auckland Region,Nil,2-way,Sealed,,0,1,,50,,On,0,0,,76,Auckland,Give way,,,,,0,0,Urban,0,,,Fine,Null
1758109.455,5918673.294,272312,,517400,1,,0,0,,Null,2018/2019,CARLTON GORE ROAD,FOOTBALL ROAD,,Serious Crash,No,2019,,East,,0,,Hill Road,,Queens Birthday,,,,Overcast,450100,0,0,0,2,,,0,,,,,,Auckland Region,Nil,2-way,Sealed,,0,1,,50,,Off,1,0,,76,Auckland,Stop,,,,,0,0,Urban,0,,,Light rain,Null
1755868.626,5945105.385,272371,,505908,0,0,0,0,0,West,2018/2019,BRIGHTSIDE RD (STANMORE BAY),Glanville Close,,Serious Crash,No,2019,0,East,0,0,0,Flat,0,,0,,0,Dark,173714,0,0,0,2,0,0,0,0,0,,0,0,Auckland Region,Nil,2-way,Sealed,0,0,2,0,50,0,On,0,0,,76,Auckland,Unknown,0,1,0,1,0,0,Urban,1,0,0,Fine,Null
1756039,5929446,272416,,508510,0,0,0,2,0,North,2018/2019,FORREST HILL ROAD,SEINE ROAD,,Serious Crash,No,2018,0,North,0,0,0,Flat,0,,0,,0,Dark,194700,0,0,0,3,0,1,0,0,1,,0,0,Auckland Region,Nil,2-way,Sealed,0,0,1,0,50,0,On,1,0,,76,Auckland,Unknown,0,1,0,0,0,0,Urban,0,0,0,Light rain,Null
1755665,5919792,272500,,514000,0,,0,1,,Null,2018/2019,PONSONBY ROAD,ANGLESEA ST,,Serious Crash,No,2018,,North,,0,,Flat,,,,,,Overcast,414000,0,0,1,4,,,0,,,,,,Auckland Region,Nil,2-way,Sealed,,0,1,,40,,Null,0,0,,76,Auckland,Stop,,,,,0,0,Urban,0,,,Fine,Null
1750309.542,5914159.17,272618,,511303,0,,0,0,,South,2019/2020,VERONICA ST,VIC WATSON WAY,,Serious Crash,No,2019,,North,,0,,Flat,,,,,,Bright sun,266100,0,0,0,2,,,0,,,1,,,Auckland Region,Nil,2-way,Sealed,,0,1,,50,,Off,0,0,,76,Auckland,Nil,,,,,0,0,Urban,1,,,Fine,Null
1760900.04,5917996.815,272772,,516201,0,,0,2,,North,2018/2019,ORAKEI ROAD,DELL AVENUE,,Fatal Crash,No,2019,,South,,1,,Flat,,,,,,Overcast,486500,1,0,0,2,,,0,,,,,,Auckland Region,Nil,2-way,Sealed,,0,0,,50,,Off,0,0,,76,Auckland,Nil,,,,,0,0,Urban,0,,,Fine,Null
1751579.293,5916617.388,272894,,514900,0,0,0,2,0,Null,2018/2019,GREAT NORTH ROAD,FAIRLANDS AVENUE,,Serious Crash,No,2019,0,North,0,0,0,Flat,0,,0,,0,Overcast,384902,0,0,0,2,0,0,0,0,1,,0,0,Auckland Region,Nil,2-way,Sealed,0,0,1,0,50,0,Off,0,0,,76,Auckland,Give way,0,0,0,0,0,0,Urban,0,0,0,Fine,Null
1823297.58,5977515.363,272970,,521000,0,0,0,0,0,West,2019/2020,SHOAL BAY RD (GBI),CAPE BARRIER ROAD,,Serious Crash,No,2019,0,North,0,0,0,Flat,0,,0,,0,Dark,439311,1,0,0,1,0,0,0,1,0,,0,0,Auckland Region,Nil,1-way,Sealed,0,0,1,0,100,0,None,1,0,,76,Auckland,Unknown,0,0,0,0,0,0,Open,0,0,1,Fine,Null
1763481.72,5905527.221,273006,,524303,0,,0,1,,Null,2019/2020,FERNDOWN AVENUE,CARINGBAH DRIVE,,Serious Crash,No,2020,,North,,0,,Flat,,,,,,Overcast,746317,0,0,1,2,,,0,,,,,,Auckland Region,Nil,2-way,Sealed,,0,1,,50,,Off,0,0,40,76,Auckland,Give way,,,,,0,0,Urban,0,,,Fine,Strong wind
1763342.938,5918231.466,273065,,516301,0,,1,1,,South,2018/2019,GOWING DRIVE,TIPENE PLACE,,Fatal Crash,No,2019,,South,,1,,Hill Road,,,,,,Bright sun,460602,1,0,0,2,,,0,,,,,,Auckland Region,Nil,2-way,Sealed,,0,2,,50,,Off,0,0,,76,Auckland,Nil,,,,,0,0,Urban,0,,,Fine,Null
1750660.436,5950272.777,273073,,505805,0,,0,0,,Null,2018/2019,OFF ROAD SHARED DRIVEWAY,,,Serious Crash,No,2019,,East,,0,,Flat,,,,,,Bright sun,171305,0,0,0,0,,,0,,,1,,,Auckland Region,Nil,Off road,Sealed,,0,1,,50,,None,1,0,,76,Auckland,Nil,,,,,0,0,Urban,0,,,Fine,Null
1766578.764,5903858.502,273094,,524604,0,0,0,0,0,East,2019/2020,020-0000-D,LAMBIE DRIVE OFF RAMP,,Serious Crash,Yes,2019,0,North,0,0,0,Flat,1,,0,,0,Bright sun,780210,0,0,1,2,0,0,0,0,0,,0,0,Auckland Region,Nil,1-way,Sealed,0,0,1,0,100,0,Off,0,0,,76,Auckland,Unknown,0,0,0,0,0,0,Open,0,0,0,Fine,Null
1755299.874,5935948.332,273109,,507101,0,,0,1,,East,2019/2020,CARLISLE RD,FINCHLEY ROAD,,Serious Crash,No,2019,,East,,0,,Flat,,,,,,Bright sun,159202,0,0,0,2,,,0,,,,,,Auckland Region,Nil,2-way,Sealed,,0,1,,50,,Off,0,0,,76,Auckland,Unknown,,,,,0,0,Urban,1,,,Fine,Null
1775900.334,5881924.652,273114,,521160,0,,0,2,,West,2019/2020,MILL ROAD,BOMBAY OFF RAMP,,Serious Crash,No,2019,,West,,0,,Flat,,,,,,Overcast,827603,0,0,0,2,,,0,,,,,,Auckland Region,Nil,2-way,Sealed,,0,3,,70,,Off,0,0,,76,Auckland,Nil,,,,,0,0,Urban,0,,,Fine,Null
1756773.043,5919134.001,273139,,514200,0,0,0,1,0,West,2018/2019,IAN MCKINNON DR,UPPER QUEEN STREET,,Serious Crash,No,2019,0,East,0,0,0,Hill Road,0,,0,,0,Overcast,412900,0,0,0,3,0,0,0,0,0,,0,0,Auckland Region,Nil,2-way,Sealed,0,0,1,0,50,0,Off,0,0,,76,Auckland,Unknown,0,0,0,1,0,0,Urban,0,0,0,Heavy rain,Null
1758986,5912619,273163,,519820,0,,0,1,,South,2018/2019,ONEHUNGA MALL,GREY ST,,Serious Crash,No,2018,,South,,0,,Flat,,,,,,Dark,600500,1,0,0,2,,,0,,,1,,,Auckland Region,Nil,2-way,Sealed,,0,1,,50,,On,0,0,,76,Auckland,Unknown,,,,,0,0,Urban,0,,,Light rain,Null
1749894,5915620,273181,,514802,0,,0,0,,West,2018/2019,RIVERSDALE ROAD,ST DAVIDS ST,,Serious Crash,No,2018,,South,,0,,Flat,,,,,,Bright sun,386401,0,0,0,2,,,0,,,1,,,Auckland Region,Nil,2-way,Sealed,,0,1,,50,,Null,1,0,,76,Auckland,Nil,,,,,0,0,Urban,0,,,Fine,Null
1769724.486,5914055.026,273287,,522722,0,,0,2,,North,2018/2019,AVIEMORE DRIVE,ABERFELDY AVENUE,,Serious Crash,No,2019,,South,,0,,Flat,,,,,,Bright sun,681319,0,0,0,2,,,0,,,,,,Auckland Region,Nil,2-way,Sealed,,0,2,,50,,Off,0,0,,76,Auckland,Give way,,,,,0,0,Urban,0,,,Fine,Null
1769943,5898497,273390,,523920,0,,0,1,,Null,2018/2019,BRYLEE DRIVE,PALANDO PLACE,,Serious Crash,No,2018,,South,,0,,Flat,,,,,,Dark,767912,0,0,1,2,,,0,,,,,,Auckland Region,Nil,2-way,Sealed,,0,1,,50,,On,0,0,,76,Auckland,Nil,,,,,0,0,Urban,0,,,Light rain,Null
1770207,5911000,273544,,523109,0,,0,1,,Null,2017/2018,TOWN CENTRE DRIVE,TE IRIRANGI DRIVE,,Serious Crash,No,2018,,South,,0,,Flat,,,,,,Dark,711709,0,0,0,6,,,0,,,1,,,Auckland Region,Nil,2-way,Sealed,,0,1,,80,,On,0,0,,76,Auckland,Traffic Signals,,,,,0,0,Open,0,,,Fine,Null
1756919,5920173,273564,,514102,0,,0,1,,North,2018/2019,HOBSON ST,COOK ST,,Serious Crash,No,2018,,South,,0,,Flat,,,,,,Bright sun,434200,0,0,1,6,,,0,,,,,,Auckland Region,Nil,1-way,Sealed,,0,1,,50,,Null,0,0,,76,Auckland,Unknown,,,,,0,0,Urban,0,,,Fine,Null
1744488,5974601,273637,,506661,0,,0,0,,North,2018/2019,SH 1N,KRAACK ROAD,,Serious Crash,Yes,2018,,South,,0,,Hill Road,,,,,,Bright sun,138900,0,0,1,2,,,0,,,,,,Auckland Region,Nil,2-way,Sealed,,0,1,,80,,Null,0,0,,76,Auckland,Unknown,,,,,0,0,Open,1,,,Fine,Null
1753688,5945719,273642,,505906,0,0,0,2,0,West,2018/2019,WHANGAPARAOA ROAD,DOBELL ROAD,,Serious Crash,No,2018,0,East,0,0,0,Hill Road,0,,0,,0,Dark,173806,0,0,0,2,0,0,0,0,1,1,0,0,Auckland Region,Nil,2-way,Sealed,0,0,1,0,60,0,On,0,0,,76,Auckland,Unknown,0,0,0,0,0,0,Urban,0,0,0,Fine,Null
1774064.22,5896700.058,273701,,525620,0,0,0,0,0,Null,2018/2019,KELVIN ROAD,WILLIS ROAD,,Serious Crash,No,2019,0,North,0,0,0,Flat,0,,0,,0,Dark,797300,0,0,1,2,0,0,0,0,0,,0,0,Auckland Region,Nil,2-way,Sealed,0,0,1,0,50,0,On,0,0,,76,Auckland,Unknown,0,0,0,0,0,0,Urban,0,0,0,Fine,Null
1751440.012,5947830.035,273789,,505807,0,0,0,1,0,South,2019/2020,HIBISCUS COAST HIGHWAY,RIVER ROAD,,Serious Crash,No,2019,0,North,0,0,0,Hill Road,0,,0,,0,Dark,172502,0,0,0,2,0,0,0,0,0,,0,1,Auckland Region,Nil,2-way,Sealed,0,0,1,0,50,0,On,0,0,,76,Auckland,Unknown,0,0,0,0,0,0,Urban,0,0,0,Fine,Null
1755718,5918747,273923,,515500,0,,0,1,,Null,2018/2019,GREAT NORTH ROAD,ARIKI ST,,Serious Crash,No,2018,,East,,0,,Flat,,,,,,Dark,418300,0,1,0,4,,,0,,,,,,Auckland Region,Nil,2-way,Sealed,,0,1,,50,,On,0,0,,76,Auckland,Stop,,,,,0,0,Urban,0,,,Fine,Null
1760342,5919941,274465,,516400,0,0,0,0,0,West,2017/2018,TAMAKI DRIVE,NGAPIPI ROAD,,Serious Crash,No,2018,0,West,0,0,0,Flat,0,,0,,1,Bright sun,455000,0,1,0,4,0,0,0,0,0,,0,0,Auckland Region,Nil,2-way,Sealed,0,0,1,0,50,0,Null,0,0,,76,Auckland,Unknown,0,0,0,0,0,0,Urban,0,0,0,Fine,Null
1757188,5916137,274623,,518202,0,,0,1,,Null,2018/2019,WINDMILL ROAD,HASBURY AVENUE,,Serious Crash,No,2018,,East,,0,,Flat,,,,,,Bright sun,550800,0,0,0,2,,,0,,,,,,Auckland Region,Nil,1-way,Sealed,,0,1,,50,,Null,0,0,,76,Auckland,Give way,,,,,0,0,Urban,1,,,Fine,Null
1767604,5906514,274636,,523601,1,,0,1,,South,2018/2019,BAIRDS ROAD,INGRAM CRESCENT,,Serious Crash,No,2018,,North,,0,,Flat,,,,,,Bright sun,706600,0,0,0,2,,,0,,,,,,Auckland Region,Nil,2-way,Sealed,,0,1,,50,,Null,0,0,,76,Auckland,Unknown,,,,,0,0,Urban,0,,,Fine,Null
1783302,5925703,274778,,520801,0,,0,1,,North,2018/2019,Z STORAGE FACILITY,OSTEND ROAD,,Serious Crash,No,2018,,North,,0,,Flat,,,,,,Overcast,515401,0,0,0,,,,0,,,1,,,Auckland Region,Nil,Off road,Unsealed,,0,1,,10,,Null,0,0,,76,Auckland,Unknown,,,,,0,0,Urban,0,,,Fine,Null
1749809,5935106,274899,,509000,0,0,0,0,0,South,2017/2018,DAIRY FLAT HIGHWAY,HOBSON ROAD,,Fatal Crash,No,2018,0,North,1,1,1,Hill Road,0,,0,,0,Bright sun,179301,0,0,1,3,0,0,0,0,0,,0,0,Auckland Region,Nil,2-way,Sealed,0,0,0,0,80,0,Null,0,0,,76,Auckland,Unknown,0,1,0,0,0,0,Open,0,0,0,Fine,Null
1774132,5897266,274926,,525630,1,,0,0,,North,2018/2019,COSGRAVE ROAD,CLEVEDON ROAD,,Serious Crash,No,2018,,North,,0,,Flat,,,,,,Bright sun,795802,0,0,0,2,,,0,,,,,,Auckland Region,Nil,2-way,Sealed,,0,1,,50,,Null,0,0,,76,Auckland,Unknown,,,,,1,0,Urban,0,,,Fine,Null
1757499,5944417,275064,,505902,0,,0,0,,South,2017/2018,RAWHITI ROAD,BRIXTON ROAD,,Serious Crash,No,2018,,South,,0,,Flat,,,,,,Dark,174515,0,0,0,2,,,0,,,1,,,Auckland Region,Nil,2-way,Sealed,,0,1,,50,,On,0,0,,76,Auckland,Unknown,,,,,0,0,Urban,1,,,Fine,Null
1768819,5902578,275323,,524901,0,,0,2,,North,2018/2019,DAVID AVENUE,LAWRENCE CRESCENT,,Serious Crash,No,2018,,South,,0,,Flat,,,,,,Overcast,755100,3,0,0,2,,,0,,,,,,Auckland Region,Nil,2-way,Sealed,,0,1,,50,,Null,0,0,,76,Auckland,Unknown,,,,,0,0,Urban,0,,,Fine,Null
1753133,5930405,275485,,508803,0,0,0,1,0,South,2018/2019,UNSWORTH DRIVE,RIFLEMAN RISE,,Serious Crash,No,2018,0,North,0,0,0,Hill Road,0,,0,,0,Dark,180854,1,0,0,2,0,0,0,0,0,,0,0,Auckland Region,Nil,2-way,Sealed,0,0,1,0,50,0,On,0,0,,76,Auckland,Unknown,0,0,0,1,0,0,Urban,0,0,0,Fine,Null
1754826.861,5912355.591,275573,,519002,0,,0,2,,Null,2018/2019,RICHARDSON ROAD,NASH ROAD,,Serious Crash,No,2019,,North,,0,,Hill Road,,,,,,Dark,589600,1,0,0,2,,,0,,,,,,Auckland Region,Nil,2-way,Sealed,,0,1,,50,,On,0,0,,76,Auckland,Unknown,,,,,0,0,Urban,0,,,Fine,Null
1769348,5904262,275734,,523820,0,0,0,0,0,Null,2017/2018,GOODWOOD DRIVE,EWHURST PLACE,,Serious Crash,No,2018,0,North,0,0,0,Hill Road,0,,0,,0,Dark,760117,1,0,0,2,0,0,0,0,0,,0,0,Auckland Region,Nil,2-way,Sealed,0,0,1,0,50,0,On,1,0,,76,Auckland,Give way,0,0,0,1,0,0,Urban,0,0,0,Light rain,Null
1753491,5943892,275739,,506002,0,0,0,1,0,North,2018/2019,DUCK CREEK ROAD,SNAPPER ROAD,,Serious Crash,No,2018,0,South,0,0,0,Flat,0,Labour Weekend,0,,1,Dark,175805,1,0,0,2,0,0,0,0,0,,0,0,Auckland Region,Nil,2-way,Sealed,0,0,1,0,50,0,On,0,0,,76,Auckland,Stop,0,0,0,1,0,0,Urban,0,0,0,Fine,Null
1761753,5883078,275752,,521121,0,0,0,1,0,South,2018/2019,KINGSEAT ROAD,PAMELA CHRISTINE ROAD,,Fatal Crash,No,2018,0,North,0,1,1,Flat,0,,0,,0,Dark,811300,0,0,0,2,0,0,0,0,0,,0,0,Auckland Region,Nil,2-way,Sealed,0,0,0,0,70,0,On,0,0,,76,Auckland,Nil,0,0,0,0,0,0,Urban,0,0,0,Fine,Null
1764131,5920267,275860,,516601,1,0,0,1,0,East,2018/2019,TAMAKI DRIVE,KOHIMARAMA ROAD,,Serious Crash,No,2018,0,West,0,0,0,Flat,0,,0,,0,Bright sun,503900,0,0,0,2,0,0,0,0,0,,0,0,Auckland Region,Nil,2-way,Sealed,0,0,1,0,50,0,Null,0,0,,76,Auckland,Unknown,0,0,0,0,0,0,Urban,0,1,0,Fine,Null
1756835,5919834,275945,,514102,1,,0,1,,North,2018/2019,VINCENT ST,PITT ST,,Serious Crash,No,2018,,North,,0,,Hill Road,,,,,,Overcast,435100,0,0,0,3,,,0,,,,,,Auckland Region,Nil,2-way,Sealed,,0,1,,50,,Null,0,0,,76,Auckland,Nil,,,,,0,0,Urban,0,,,Fine,Null
1751789.911,5917565.916,276185,,514900,0,,0,0,,South,2020/2021,SH 20,GREAT NORTH ROAD ON RAMP,,Serious Crash,Yes,2020,,North,,0,,Hill Road,,,,,,Bright sun,385802,0,0,0,2,,,0,,,,,,Auckland Region,Tunnel,1-way,Sealed,,0,1,,80,,On,0,0,,76,Auckland,Nil,,,,,0,0,Open,1,,,Fine,Null
1734438.897,5928294.054,276189,,506652,0,0,0,1,0,West,2019/2020,FOSTER ROAD,AWA ROAD,,Serious Crash,No,2020,0,West,0,0,0,Hill Road,0,,0,,0,Bright sun,219301,0,0,0,2,0,0,0,0,0,,0,1,Auckland Region,Nil,2-way,Sealed,0,0,1,0,80,0,None,0,0,,76,Auckland,Nil,0,0,0,0,0,0,Open,0,0,0,Fine,Null
1752208.896,5918529.395,276198,,515001,0,,0,0,,Null,2020/2021,POINT CHEVALIER ROAD,SMALE STREET ,,Serious Crash,No,2021,,North,,0,,Flat,,,,,,Bright sun,391900,0,0,1,2,,,0,,,,,,Auckland Region,Nil,2-way,Sealed,,0,1,,50,,Off,0,0,,76,Auckland,Give way,,,,,0,0,Urban,0,,,Fine,Null
1765671.285,5917841.819,276242,,517001,0,0,0,1,1,Null,2019/2020,LINE ROAD,WEYBRIDGE CRESCENT,,Serious Crash,No,2020,0,North,0,0,0,Hill Road,0,,0,,0,Bright sun,470900,0,0,0,2,0,0,0,0,0,,0,0,Auckland Region,Nil,2-way,Sealed,2,0,1,0,50,0,Off,0,0,30,76,Auckland,Nil,0,0,0,0,0,0,Urban,0,0,0,Fine,Null
1773142.105,5895892.449,276266,,525410,1,,0,0,,South,2020/2021,RAILWAY STREET WEST,CHAPEL STREET,,Serious Crash,No,2021,,South,,0,,Flat,,,,,,Bright sun,793200,0,0,0,2,,,0,,,,,,Auckland Region,Nil,2-way,Sealed,,0,1,,50,,Off,0,0,,76,Auckland,Nil,,,,,0,0,Urban,1,,,Fine,Null
1760902.622,5907487.416,276439,,524510,0,,0,0,,Null,2019/2020,ROBERTSON ROAD,KIVELL CLOSE,,Serious Crash,No,2020,,South,,0,,Flat,,,,,,Dark,736900,0,0,1,1,,,0,,,,,,Auckland Region,Nil,2-way,Sealed,,0,1,,50,,On,1,0,,76,Auckland,Give way,,,,,0,0,Urban,0,,,Fine,Null
1763020.592,5916038.166,276502,,516302,0,,0,0,,West,2021/2022,ABBOTTS WAY,BALLARAT STREET,,Serious Crash,No,2021,,West,,0,,Flat,,,,,,Bright sun,463602,0,0,0,2,,,0,,,1,,,Auckland Region,Nil,2-way,Sealed,,0,1,,50,,Off,1,0,,76,Auckland,Nil,,,,,0,0,Urban,0,,,Fine,Null
1765706.354,5898959.348,276605,,524811,0,0,0,3,0,South,2020/2021,ETHERTON DRIVE,SPARROW PLACE,,Serious Crash,No,2021,0,North,0,0,0,Flat,0,,0,,0,Overcast,773814,2,0,0,2,0,0,0,0,2,,0,0,Auckland Region,Nil,2-way,Sealed,0,0,2,0,50,0,Off,0,0,,76,Auckland,Nil,0,0,0,0,0,0,Urban,0,0,0,Fine,Null
1763692.162,5904634.525,276626,,522100,0,,0,1,,North,2020/2021,SOUTH-WESTERN MOTORWAY,PUHINUI ROAD-SH 20B OFF RAMP,,Serious Crash,Yes,2021,,South,,0,,Flat,,,,,,Bright sun,781001,1,0,0,2,,,0,,,,,,Auckland Region,Nil,1-way,Sealed,,0,1,,100,,Off,1,0,,76,Auckland,Nil,,,,,0,0,Open,0,,,Fine,Null
1767684.326,5907719.618,276673,,523502,0,,0,1,,Null,2020/2021,EAST TAMAKI ROAD,HILLS ROAD,,Serious Crash,No,2021,,East,,0,,Flat,,,,,,Bright sun,701900,0,1,0,2,,,0,,,,,,Auckland Region,Nil,1-way,Sealed,,0,1,,60,,Off,0,0,,76,Auckland,Traffic Signals,,,,,0,0,Urban,0,,,Fine,Null
1741328.786,5928890.127,276805,,505604,0,0,0,1,0,West,2020/2021,OLD RAILWAY ROAD,COATESVILLE-RIVERHEAD HIGHWAY,,Serious Crash,No,2021,0,West,0,0,0,Flat,0,,0,,0,Twilight,214300,0,0,0,2,0,0,0,0,0,,0,0,Auckland Region,Nil,2-way,Sealed,0,0,1,0,60,0,Off,0,0,,76,Auckland,Nil,0,0,0,0,0,0,Urban,0,0,0,Fine,Null