X,Y,OBJECTID,advisorySpeed,areaUnitID,bicycle,bridge,bus,carStationWagon,cliffBank,crashDirectionDescription,crashFinancialYear,crashLocation1,crashLocation2,crashRoadSideRoad,crashSeverity,crashSHDescription,crashYear,debris,directionRoleDescription,ditch,fatalCount,fence,flatHill,guardRail,holiday,houseOrBuilding,intersection,kerb,light,meshblockId,minorInjuryCount,moped,motorcycle,NumberOfLanes,objectThrownOrDropped,otherObject,otherVehicleType,overBank,parkedVehicle,pedestrian,phoneBoxEtc,postOrPole,region,roadCharacter,roadLane,roadSurface,roadworks,schoolBus,seriousInjuryCount,slipOrFlood,speedLimit,strayAnimal,streetLight,suv,taxi,temporarySpeedLimit,tlaId,tlaName,trafficControl,trafficIsland,trafficSign,train,tree,truck,unknownVehicleType,urban,vanOrUtility,vehicle,waterRiver,weatherA,weatherB
1751176.967,5945169.319,276909,,506003,0,0,0,1,1,North,2020/2021,SPUR ROAD,LENNON ACCESS ROAD,,Serious Crash,No,2020,0,South,0,0,0,Hill Road,0,,0,,0,Dark,175702,0,0,0,2,0,0,0,0,0,,0,0,Auckland Region,Nil,2-way,Sealed,0,0,1,0,80,0,None,0,0,,76,Auckland,Nil,0,0,0,0,0,0,Open,0,0,0,Fine,Null
1751687.138,5949773.399,277060,,505805,0,,0,1,,Null,2020/2021,HIBISCUS COAST HIGHWAY,OREWA SQUARE,,Serious Crash,No,2020,,North,,0,,Flat,,,,,,Bright sun,171500,0,0,0,2,,,0,,,1,,,Auckland Region,Nil,1-way,Sealed,,0,1,,30,,Off,0,0,,76,Auckland,Nil,,,,,0,0,Urban,0,,,Fine,Null
1741500.249,5918928.735,277259,,513101,0,0,0,1,0,Null,2020/2021,NORTH CANDIA ROAD,SWANSON ROAD,,Serious Crash,No,2020,0,North,0,0,0,Flat,0,,0,,0,Dark,238200,0,0,0,3,0,0,0,0,0,,0,0,Auckland Region,Nil,2-way,Sealed,0,0,2,0,50,0,On,0,0,,76,Auckland,Give way,0,0,0,1,0,0,Urban,0,0,0,Fine,Null
1747174.686,5911572.106,277333,,511901,0,0,0,0,0,Null,2020/2021,DAFFODIL STREET,KAWAKA STREET,,Serious Crash,No,2021,0,North,0,0,0,Hill Road,0,,0,,0,Overcast,294802,4,0,0,2,0,0,0,0,0,,0,0,Auckland Region,Nil,2-way,Sealed,0,0,1,0,50,0,On,1,0,,76,Auckland,Give way,0,0,0,1,0,0,Urban,0,0,0,Light rain,Null
1756769.892,5915704.709,277347,,518301,1,,0,1,,Null,2019/2020,MOUNT EDEN ROAD,WAIRIKI ROAD,,Serious Crash,No,2020,,South,,0,,Hill Road,,,,,,Bright sun,556600,0,0,0,3,,,0,,,,,,Auckland Region,Nil,2-way,Sealed,,0,1,,50,,Off,0,0,,76,Auckland,Nil,,,,,0,0,Urban,0,,,Fine,Null
1755776.706,5926602.682,277417,,508620,0,,0,1,,North,2020/2021,NORTHCOTE ROAD,LAKE ROAD,,Serious Crash,No,2021,,North,,0,,Flat,,,,,,Bright sun,363400,0,0,1,2,,,0,,,,,,Auckland Region,Nil,2-way,Sealed,,0,1,,50,,Off,0,0,,76,Auckland,Unknown,,,,,0,0,Urban,0,,,Fine,Null
1773659.894,5914314.456,277566,,521502,0,0,0,2,0,South,2020/2021,PAH ROAD,SHELLY BEACH PARADE,,Serious Crash,No,2021,0,South,0,0,0,Flat,0,,0,,0,Twilight,655400,1,0,0,2,0,0,0,0,1,,0,1,Auckland Region,Nil,2-way,Sealed,0,0,1,0,50,0,On,0,0,,76,Auckland,Nil,0,0,0,0,0,0,Urban,0,0,0,Fine,Null
1765108.509,5905028.768,277590,,522400,1,,0,1,,North,2019/2020,CAMBRIDGE TERRACE,BRIDGE STREET,,Serious Crash,No,2020,,North,,0,,Flat,,,,,,Bright sun,673301,0,0,0,2,,,0,,,,,,Auckland Region,Nil,2-way,Sealed,,0,1,,50,,Off,0,0,,76,Auckland,Nil,,,,,0,0,Urban,0,,,Fine,Null
1763025.353,5920585.142,277611,,516500,1,,0,1,,West,2020/2021,TAMAKI DRIVE,ATKIN AVENUE,,Serious Crash,No,2021,,East,,0,,Flat,,,,,,Dark,500600,0,0,0,2,,,0,,,,,,Auckland Region,Nil,2-way,Sealed,,0,1,,50,,On,0,0,,76,Auckland,Unknown,,,,,0,0,Urban,0,,,Fine,Null
1745300.666,5919758.444,277612,,513301,0,0,0,2,0,Null,2020/2021,UNIVERSAL DRIVE,LINCOLN ROAD,,Serious Crash,No,2021,0,East,0,0,0,Flat,0,,1,,1,Overcast,232001,0,0,0,6,0,0,0,0,0,,0,0,Auckland Region,Nil,2-way,Sealed,0,0,1,0,50,0,Off,0,0,,76,Auckland,Traffic Signals,0,0,0,0,0,0,Urban,0,0,0,Fine,Null
1739740.362,5930750.382,277631,,505604,0,0,0,2,0,North,2020/2021,OLD NORTH ROAD,TERRY SMYTH DRIVE,,Serious Crash,No,2021,0,South,0,0,1,Hill Road,0,,0,,0,Twilight,213700,1,0,0,2,0,0,0,0,0,,0,0,Auckland Region,Nil,2-way,Sealed,0,0,1,0,80,0,Off,0,0,,76,Auckland,Nil,0,0,0,0,0,0,Open,0,0,0,Fine,Null
1768953.67,5902428.697,277633,,524901,0,0,0,2,0,South,2020/2021,DAVID AVENUE,LAWRENCE CRESCENT,,Serious Crash,No,2021,0,North,0,0,0,Flat,0,,0,,0,Dark,755200,1,0,0,2,0,0,0,0,1,,0,0,Auckland Region,Nil,2-way,Sealed,0,0,1,0,50,0,On,0,0,,76,Auckland,Nil,1,0,0,0,0,0,Urban,1,0,0,Fine,Null
1719180.107,5976134.605,277644,,506613,0,0,0,0,1,South,2020/2021,RUN ROAD,BURMA ROAD,,Serious Crash,No,2021,0,East,0,0,0,Hill Road,0,,0,,0,Bright sun,144900,0,0,0,2,0,0,0,0,0,,0,0,Auckland Region,Nil,2-way,Unsealed,0,0,1,0,100,0,None,1,0,,76,Auckland,Nil,0,0,0,0,0,0,Open,0,0,0,Fine,Null
1756716.074,5927497.618,277663,,507900,0,,1,1,,Null,2020/2021,TAHAROTO ROAD,NORTHCOTE ROAD,,Serious Crash,No,2021,,South,,0,,Flat,,,,,,Bright sun,304400,1,0,0,4,,,0,,,,,,Auckland Region,Nil,1-way,Sealed,,0,3,,50,,Off,0,0,,76,Auckland,Traffic Signals,,,,,0,0,Urban,0,,,Fine,Null
1743674.23,5916391.319,277770,,513011,0,0,0,0,0,Null,2021/2022,SAN BERNADINO DRIVE,SAN PEDRO PLACE,,Serious Crash,No,2021,0,East,0,0,0,Flat,0,,0,,0,Dark,280707,0,0,0,2,0,0,0,0,0,,0,0,Auckland Region,Nil,2-way,Sealed,0,0,1,0,50,0,On,1,0,,76,Auckland,Give way,0,0,0,1,0,0,Urban,1,0,0,Fine,Null
1742680.38,5915496.649,277904,,513020,0,,0,2,,East,2020/2021,HENDERSON VALLEY ROAD,CANDIA ROAD,,Serious Crash,No,2021,,West,,0,,Flat,,,,,,Overcast,280901,0,0,0,2,,,0,,,,,,Auckland Region,Nil,2-way,Sealed,,0,1,,70,,Off,0,0,,76,Auckland,Nil,,,,,0,0,Urban,0,,,Fine,Null
1768263.923,5905509.26,277907,,523721,0,0,0,1,0,West,2021/2022,BOUNDARY ROAD,TOWNLEY PLACE,,Serious Crash,No,2021,0,East,0,0,0,Flat,0,,0,,0,Overcast,715514,0,0,0,2,0,0,0,0,1,,0,0,Auckland Region,Nil,2-way,Sealed,0,0,1,0,50,0,Off,0,0,,76,Auckland,Nil,0,0,0,0,0,0,Urban,2,0,0,Fine,Null
1769721.389,5914062.808,277944,,522722,1,,0,1,,North,2020/2021,AVIEMORE DRIVE,ABERFELDY AVENUE,,Serious Crash,No,2021,,North,,0,,Flat,,,,,,Overcast,681319,0,0,0,2,,,0,,,,,,Auckland Region,Nil,2-way,Sealed,,0,1,,50,,Off,0,0,,76,Auckland,Nil,,,,,0,0,Urban,0,,,Fine,Null
1757451.915,5912508.433,278027,,519810,0,0,0,1,0,North,2020/2021,QUEENSTOWN ROAD,BEL AIR DRIVE,,Serious Crash,No,2021,0,South,0,0,1,Flat,0,,0,,0,Bright sun,596700,0,0,0,3,0,0,0,0,0,,0,1,Auckland Region,Motorway ramp,2-way,End of seal,0,0,1,0,50,0,Off,0,0,,76,Auckland,Nil,0,0,0,0,0,0,Urban,0,0,0,Fine,Frost
1748142.938,5914143.403,278040,,511100,0,,0,0,,Null,2020/2021,GREAT NORTH ROAD,ARCHIBALD ROAD,,Serious Crash,No,2021,,South,,0,,Flat,,,,,,Bright sun,285403,0,0,0,2,,,0,,,1,,,Auckland Region,Nil,1-way,Sealed,,0,1,,50,,Off,0,0,,76,Auckland,Traffic Signals,,,,,0,0,Urban,1,,,Fine,Null
1761127.313,5908336.42,278055,35,524405,0,,0,1,,South,2020/2021,GADSBY ROAD,BUKEM PLACE,,Serious Crash,No,2020,,East,,0,,Flat,,,,,,Dark,730708,0,0,0,2,,,0,,,,,,Auckland Region,Nil,2-way,Sealed,,0,1,,50,,On,0,0,,76,Auckland,Nil,,,,,0,0,Urban,0,,,Fine,Null
1753036.809,5924743.549,278104,,510402,0,,0,0,,East,2020/2021,MOKOIA ROAD,ROSEBERRY AVENUE,,Serious Crash,No,2021,,West,,0,,Flat,,,,,,Dark,352400,0,0,0,2,,,0,,,1,,,Auckland Region,Nil,2-way,Sealed,,0,1,,50,,On,0,0,,76,Auckland,Nil,,,,,0,0,Urban,1,,,Fine,Null
1742509.865,5924617.483,278113,,513410,0,,0,1,,South,2020/2021,FRED TAYLOR DRIVE,KAKANO ROAD,,Serious Crash,No,2021,,North,,0,,Flat,,,,,,Dark,220400,1,0,0,2,,,0,,,,,,Auckland Region,Nil,2-way,Sealed,,0,1,,80,,On,1,0,,76,Auckland,Nil,,,,,0,0,Open,0,,,Fine,Null
1767890.685,5882726.475,278194,,521111,0,0,0,1,0,North,2020/2021,BEATTY ROAD,KEITH ROAD,,Serious Crash,No,2021,0,South,1,0,0,Hill Road,0,,0,,0,Dark,826601,1,0,0,2,0,0,0,0,0,1,0,0,Auckland Region,Nil,2-way,Sealed,0,0,1,0,60,0,None,0,0,,76,Auckland,Nil,0,0,0,0,0,0,Urban,0,0,0,Fine,Null
1768141.427,5912219.51,278270,,523000,0,0,0,1,0,South,2020/2021,GOSSAMER DRIVE,MANAPOURI PLACE,,Serious Crash,No,2021,0,South,0,0,1,Flat,0,Queens Birthday,0,,1,Dark,688400,0,0,0,2,0,0,0,0,0,,0,0,Auckland Region,Nil,2-way,Sealed,0,0,1,0,50,0,On,0,0,,76,Auckland,Nil,0,0,0,1,0,0,Urban,0,0,0,Light rain,Null
1766505.68,5905972.308,278365,,522302,0,,0,1,,South,2020/2021,GREAT SOUTH ROAD,NICHOLSON AVENUE,,Serious Crash,No,2020,,North,,0,,Flat,,,,,,Overcast,669100,0,0,0,2,,,0,,,1,,,Auckland Region,Nil,2-way,Sealed,,0,1,,50,,Off,0,0,40,76,Auckland,Traffic Signals,,,,,0,0,Urban,0,,,Fine,Null
1772825.898,5896151.722,278377,,525410,0,,0,1,,North,2020/2021,GREAT SOUTH ROAD,WOOD STREET,,Serious Crash,No,2020,,West,,0,,Flat,,,,,,Overcast,792100,0,0,0,2,,,0,,,1,,,Auckland Region,Nil,2-way,Sealed,,0,1,,50,,Off,0,0,,76,Auckland,Nil,,,,,0,0,Urban,0,,,Heavy rain,Strong wind
1769705.245,5905552.388,278437,,523712,0,,0,0,,Null,2020/2021,DONEGAL PARK DRIVE,TEELIN PLACE,,Serious Crash,No,2021,,North,,0,,Flat,,,,,,Twilight,713209,0,0,1,2,,,0,,,,,,Auckland Region,Nil,2-way,Sealed,,0,1,,50,,On,1,0,,76,Auckland,Nil,,,,,0,0,Urban,0,,,Fine,Null
1755101.09,5914337.049,278443,,518803,0,,0,1,,Null,2020/2021,MOUNT ROSKILL ROAD,MOUNT ALBERT ROAD,,Serious Crash,No,2020,,South,,0,,Hill Road,,,,,,Dark,580000,0,0,0,2,,,0,,,1,,,Auckland Region,Nil,2-way,Sealed,,0,1,,50,,On,0,0,,76,Auckland,Stop,,,,,0,0,Urban,0,,,Fine,Null
1746002.358,5917093.51,278459,,510700,0,,0,2,,East,2020/2021,GREAT NORTH ROAD,MONTEL AVENUE,,Fatal Crash,No,2020,,West,,1,,Hill Road,,,,,,Bright sun,240505,0,0,0,3,,,0,,,,,,Auckland Region,Nil,2-way,Sealed,,0,0,,50,,Off,0,0,,76,Auckland,Nil,,,,,0,0,Urban,0,,,Fine,Null
1762288.232,5913492.085,278624,,520402,0,,0,1,,South,2020/2021,SOUTHERN MOTORWAY,PENROSE OBR,,Serious Crash,Yes,2021,,South,,0,,Flat,,,,,,Bright sun,642200,0,0,1,3,,,0,,,,,,Auckland Region,Nil,1-way,Sealed,,0,1,,100,,Off,0,0,,76,Auckland,Nil,,,,,0,0,Open,0,,,Fine,Strong wind
1744888.028,5916162.027,278657,,510800,0,0,0,1,0,North,2020/2021,HENDERSON VALLEY ROAD,GARELJA ROAD,,Serious Crash,No,2020,0,South,0,0,0,Flat,0,,0,,0,Overcast,242501,1,0,0,2,0,0,0,0,0,,0,0,Auckland Region,Nil,2-way,Sealed,0,0,1,0,50,0,Off,1,0,,76,Auckland,Nil,0,0,0,0,0,0,Urban,0,1,0,Light rain,Null
1753619.688,5912586.68,278782,,518901,0,0,0,0,0,South,2020/2021,PENNEY AVENUE,DOUG GOODWIN PLACE,,Serious Crash,No,2020,0,West,0,0,1,Hill Road,0,,0,,0,Overcast,585600,0,0,1,2,0,0,0,0,0,,0,0,Auckland Region,Nil,2-way,Sealed,0,0,1,0,50,0,Off,0,0,,76,Auckland,Nil,0,0,0,0,0,0,Urban,0,0,0,Heavy rain,Strong wind
1776491.293,5908827.978,278806,,523202,0,,0,0,,East,2020/2021,TRIG ROAD,PUKETIRO ROAD,,Serious Crash,No,2020,,East,,0,,Flat,,,,,,Overcast,716401,0,0,1,2,,,0,,,,,,Auckland Region,Nil,2-way,Sealed,,0,1,,80,,Off,0,0,,76,Auckland,Nil,,,,,0,0,Open,1,,,Fine,Null
1763079.665,5911968.085,278854,,519500,0,0,0,1,0,North,2020/2021,GREAT SOUTH ROAD,SYLVIA PARK ROAD,,Serious Crash,No,2021,0,North,0,0,0,Flat,0,,0,,1,Overcast,622800,2,0,0,4,0,0,0,0,0,,0,0,Auckland Region,Nil,2-way,Sealed,0,0,1,0,50,0,Off,0,0,,76,Auckland,Nil,0,0,0,0,1,0,Urban,0,1,0,Light rain,Null
1751544.612,5912341.347,278934,25,514700,1,,0,1,,Null,2020/2021,KINROSS STREET,BLOCKHOUSE BAY ROAD,,Serious Crash,No,2021,,North,,0,,Flat,,,,,,Overcast,368300,0,0,0,4,,,0,,,,,,Auckland Region,Nil,2-way,Sealed,,0,1,,50,,On,0,0,,76,Auckland,Give way,,,,,0,0,Urban,0,,,Fine,Null
1751629.554,5918096.17,278950,55,515001,0,0,0,0,0,North,2019/2020,GREAT NORTH ROAD ON RAMP,GREAT NORTH ROAD,,Serious Crash,No,2020,0,West,0,0,0,Flat,1,,0,,0,Overcast,392200,0,0,1,2,0,0,0,0,0,,0,0,Auckland Region,Motorway ramp,1-way,Sealed,0,0,1,0,100,0,On,0,0,,76,Auckland,Nil,0,0,0,0,0,0,Open,0,0,0,Fine,Null
1766217.073,5914695.515,278975,,520601,1,,0,0,,North,2020/2021,DUNKIRK ROAD,MATAPAN ROAD,,Serious Crash,No,2020,,North,,0,,Flat,,,,,,Overcast,633100,0,0,0,2,,,0,,,,,,Auckland Region,Nil,2-way,Sealed,,0,1,,50,,Off,0,0,,76,Auckland,Nil,,,,,0,0,Urban,1,,,Fine,Null
1753150.34,5928767.38,279016,,508412,0,,0,1,,Null,2020/2021,MANUKA ROAD,EASTON PARK PARADE,,Serious Crash,No,2021,,West,,0,,Hill Road,,,,,,Bright sun,184400,0,0,1,3,,,0,,,,,,Auckland Region,Nil,2-way,Sealed,,0,1,,50,,Off,0,0,,76,Auckland,Traffic Signals,,,,,0,0,Urban,0,,,Fine,Null
1745189.847,5918777.005,279046,,513302,0,,0,1,,South,2020/2021,LINCOLN ROAD,FAIRDENE AVENUE,,Serious Crash,No,2020,,North,,0,,Flat,,,,,,Overcast,230802,0,0,0,4,,,0,,,1,,,Auckland Region,Nil,2-way,Sealed,,0,1,,50,,Off,0,0,,76,Auckland,Nil,,,,,0,0,Urban,0,,,Fine,Null
1749424.952,5913918.346,279139,,511302,0,0,0,1,0,Null,2020/2021,GREAT NORTH ROAD,RATA STREET,,Serious Crash,No,2020,0,East,0,0,0,Flat,1,,0,,0,Dark,268900,0,0,0,7,0,0,0,0,0,,0,0,Auckland Region,Nil,2-way,Sealed,0,0,1,0,50,0,On,0,0,,76,Auckland,Traffic Signals,0,1,0,0,0,0,Urban,0,0,0,Fine,Null
1767971.444,5900455.884,279157,,525001,0,,0,0,,Null,2020/2021,CLENDON PLACE,WEYMOUTH ROAD,,Fatal Crash,No,2021,,West,,1,,Flat,,,,,,Bright sun,752500,0,0,0,2,,,0,,,1,,,Auckland Region,Nil,2-way,Sealed,,0,0,,50,,Off,1,0,,76,Auckland,Give way,,,,,0,0,Urban,0,,,Fine,Null
1772560.57,5896996.963,279203,,525630,0,,0,2,,Null,2020/2021,OLD WAIROA ROAD,PORCHESTER ROAD,,Serious Crash,No,2021,,West,,0,,Flat,,,,,,Dark,794100,1,0,0,1,,,0,,,,,,Auckland Region,Nil,2-way,Sealed,,0,4,,50,,On,0,0,,76,Auckland,Give way,,,,,0,0,Urban,0,,,Fine,Null
1775298.659,5897510.612,279234,,523813,0,,0,0,,East,2021/2022,PAPAKURA-CLEVEDON ROAD,PAKARAKA DRIVE,,Serious Crash,No,2021,,West,,0,,Hill Road,,,,,,Dark,761602,0,0,0,2,,,0,,,1,,,Auckland Region,Nil,2-way,Sealed,,0,1,,100,,None,0,0,,76,Auckland,Unknown,,,,,0,0,Open,1,,,Fine,Null
1748426.362,5930936.846,279439,55,509000,0,0,0,0,0,North,2020/2021,PAREMOREMO ROAD,HARDENS LANE,,Serious Crash,No,2020,0,South,0,0,0,Flat,0,,0,,0,Overcast,179703,0,0,1,2,0,0,0,0,0,,0,1,Auckland Region,Nil,2-way,Sealed,0,0,1,0,80,0,Off,0,0,,76,Auckland,Nil,0,0,0,1,0,0,Open,0,0,0,Fine,Null
1762215.701,5907008.888,279519,,524302,0,,0,1,,South,2021/2022,MASSEY ROAD,BUCKLAND ROAD,,Serious Crash,No,2021,,North,,0,,Flat,,,,,,Dark,743200,0,0,0,2,,,0,,,1,,,Auckland Region,Nil,2-way,Sealed,,0,1,,50,,On,0,0,,76,Auckland,Nil,,,,,0,0,Urban,0,,,Fine,Null
1744192.025,5921936.547,279572,45,513512,0,0,0,0,0,North,2020/2021,TRIANGLE ROAD,MAKORA ROAD,,Fatal Crash,No,2021,0,West,0,1,0,Hill Road,0,,0,,0,Dark,225402,0,0,0,2,0,0,0,0,0,,0,1,Auckland Region,Nil,2-way,Sealed,0,0,1,0,50,0,On,0,0,,76,Auckland,Nil,0,0,0,0,0,0,Urban,1,0,0,Heavy rain,Null
1751638.682,5912836.158,279619,,514700,0,0,0,1,0,North,2020/2021,BLOCKHOUSE BAY ROAD,BOLTON STREET,,Serious Crash,No,2020,0,South,0,0,0,Hill Road,0,,0,,0,Bright sun,370300,0,0,0,2,0,0,0,0,1,,0,0,Auckland Region,Nil,2-way,Sealed,0,0,1,0,50,0,Off,0,0,,76,Auckland,Nil,0,0,0,0,0,0,Urban,1,0,0,Fine,Null
1779089.166,5894319.46,279674,65,521301,0,0,0,0,0,East,2020/2021,HUNUA ROAD,HAYS CREEK ROAD,,Serious Crash,No,2021,0,West,1,0,1,Hill Road,0,,0,,0,Bright sun,816403,0,0,0,2,0,0,0,0,0,,0,1,Auckland Region,Nil,2-way,Sealed,0,0,1,0,80,0,None,0,0,,76,Auckland,Nil,0,0,0,1,1,0,Open,0,0,0,Heavy rain,Null
1734900.966,5938783.232,279693,,506653,0,0,0,0,0,South,2020/2021,PEAK ROAD,CHATHAM ROAD,,Serious Crash,No,2020,1,West,0,0,0,Flat,0,,0,,0,Bright sun,217601,0,0,1,1,0,0,0,0,0,,0,0,Auckland Region,Bridge,1-way,Sealed,0,0,1,0,80,0,Off,1,0,,76,Auckland,Nil,0,0,0,0,0,0,Open,0,0,0,Fine,Null
1746908.822,5913207.954,279767,,511002,0,,0,0,,South,2020/2021,GLENDALE ROAD,LEVY ROAD,,Serious Crash,No,2021,,South,,0,,Flat,,,,,,Dark,284302,0,0,1,2,,,0,,,,,,Auckland Region,Nil,2-way,Sealed,,0,1,,50,,On,0,0,,76,Auckland,Nil,,,,,0,0,Urban,1,,,Light rain,Null
1766965.879,5892370.998,279811,,521202,0,0,0,1,0,East,2020/2021,LINWOOD ROAD,DYKE ROAD,,Serious Crash,No,2021,0,West,0,0,0,Flat,0,,0,,0,Dark,807000,1,0,0,2,0,0,0,1,0,,1,0,Auckland Region,Nil,2-way,Sealed,0,0,1,0,80,0,On,0,0,,76,Auckland,Nil,0,0,0,0,0,0,Open,0,0,0,Mist or Fog,Null
1753806.212,5925954.012,279920,,508220,0,,0,1,,Null,2020/2021,GLENFIELD ROAD,PARK HILL ROAD,,Serious Crash,No,2021,,North,,0,,Flat,,,,,,Bright sun,189600,0,0,1,2,,,0,,,,,,Auckland Region,Nil,2-way,Sealed,,0,1,,50,,None,0,0,,76,Auckland,Give way,,,,,0,0,Urban,0,,,Fine,Null
1764607.458,5905879.424,280032,,522100,0,0,0,0,0,South,2020/2021,STATION ROAD,HILLCREST ROAD,,Serious Crash,No,2020,0,North,0,0,0,Flat,0,,0,,0,Bright sun,657700,0,0,0,2,0,0,0,0,0,,0,1,Auckland Region,Nil,2-way,Sealed,0,0,1,0,50,0,Off,0,0,,76,Auckland,Nil,0,0,0,0,0,0,Urban,1,0,0,Fine,Null
1754444.476,5875132.52,280038,,526105,0,,0,1,,North,2021/2022,COLOMBO ROAD,KAIWAKA ROAD,,Serious Crash,No,2021,,North,,0,,Flat,,,,,,Bright sun,835502,0,0,1,2,,,0,,,,,,Auckland Region,Nil,2-way,Sealed,,0,1,,50,,Off,0,0,,76,Auckland,Nil,,,,,0,0,Urban,0,,,Fine,Null
1728974.441,5940116.453,280188,,506800,0,,0,1,,South,2020/2021,MILL ROAD,PARKHURST ROAD,,Fatal Crash,Yes,2020,,North,,1,,Flat,,,,,,Twilight,209000,0,0,0,2,,,0,,,1,,,Auckland Region,Nil,2-way,Sealed,,0,0,,50,,On,0,0,,76,Auckland,Nil,,,,,0,0,Urban,0,,,Fine,Null
1748722.179,5960947.379,280215,,506613,0,0,0,1,0,South,2020/2021,SH 1,SCHOLLUM ACCESS ROAD,,Serious Crash,Yes,2020,0,South,0,0,0,Flat,1,,0,,0,Dark,147107,0,0,0,2,0,0,0,0,0,,0,0,Auckland Region,Nil,2-way,Sealed,0,0,1,0,100,0,None,0,0,70,76,Auckland,Nil,0,0,0,0,0,0,Open,0,0,0,Fine,Strong wind
1768053.497,5905592.091,280246,,523721,0,0,0,0,0,Null,2020/2021,BOUNDARY ROAD,SANDRINE AVENUE,,Fatal Crash,No,2020,0,East,0,1,0,Flat,0,,0,,0,Twilight,715507,0,0,1,2,0,0,0,0,0,,0,0,Auckland Region,Nil,2-way,Sealed,0,0,0,0,50,0,Off,0,0,,76,Auckland,Give way,0,0,0,1,0,0,Urban,0,0,0,Fine,Null
1754292.606,5914905.071,280263,,518802,0,,0,0,,South,2019/2020,SANDRINGHAM ROAD EXTENSION,SHEPPARD AVENUE,,Serious Crash,No,2019,,North,,0,,Flat,,,,,,Bright sun,577400,0,1,0,2,,,0,,,,,,Auckland Region,Nil,2-way,Sealed,,0,1,,50,,None,0,0,,76,Auckland,Nil,,,,,0,0,Urban,0,,,Fine,Null
1779516.877,5900483.085,280294,,521301,0,0,0,1,0,South,2020/2021,PAPAKURA-CLEVEDON ROAD,CREIGHTONS ROAD,,Serious Crash,No,2021,0,North,0,0,1,Flat,0,,0,,0,Bright sun,763800,0,0,0,2,0,0,0,0,0,,0,0,Auckland Region,Nil,2-way,Sealed,0,0,1,0,100,0,None,0,0,,76,Auckland,Nil,0,0,0,0,0,0,Open,0,0,0,Fine,Strong wind
1752390.267,5918145.657,280308,,515001,0,,0,0,,Null,2020/2021,POINT CHEVALIER ROAD,GREAT NORTH ROAD,,Serious Crash,No,2021,,South,,0,,Flat,,,,,,Overcast,392400,0,0,1,2,,,0,,,,,,Auckland Region,Nil,2-way,Sealed,,0,1,,50,,None,0,0,,76,Auckland,Give way,,,,,0,0,Urban,1,,,Fine,Null
1743350.693,5912500.093,280368,,512902,0,0,0,1,0,South,2020/2021,PARKER ROAD,WEST COAST ROAD,,Serious Crash,No,2021,0,North,0,0,0,Hill Road,0,,0,,0,Dark,279400,0,0,0,2,0,0,0,0,0,,0,1,Auckland Region,Nil,2-way,Sealed,0,0,1,0,70,0,Off,0,0,,76,Auckland,Nil,0,0,0,0,0,0,Urban,0,0,0,Fine,Null
1761595.949,5908011.199,280390,,524510,0,0,0,0,0,North,2020/2021,CHELBURN CRESCENT,CLYRO PLACE,,Serious Crash,No,2020,0,East,0,0,0,Flat,0,,0,,0,Bright sun,734101,0,0,0,2,0,0,1,0,0,,0,1,Auckland Region,Nil,2-way,Sealed,0,0,1,0,50,0,Off,0,0,,76,Auckland,Nil,0,0,0,0,0,0,Urban,0,0,0,Fine,Null
1748837.879,5957670.246,280531,35,506613,0,,0,0,,North,2020/2021,PUHOI ROAD,SLOWATER LANE,,Serious Crash,No,2021,,North,,0,,Hill Road,,,,,,Bright sun,147000,0,0,1,2,,,0,,,,,,Auckland Region,Nil,2-way,Sealed,,0,1,,50,,None,0,0,,76,Auckland,Nil,,,,,0,0,Urban,0,,,Fine,Null
1758196.338,5920103.747,280617,,514103,1,0,0,0,0,North,2020/2021,STANLEY STREET,ALTEN ROAD,,Fatal Crash,Yes,2021,0,North,0,1,0,Flat,0,,0,,1,Overcast,438203,0,0,0,2,0,0,0,0,0,,0,0,Auckland Region,Nil,1-way,Sealed,0,0,0,0,50,0,Off,0,0,,76,Auckland,Nil,0,0,0,0,1,0,Urban,0,0,0,Fine,Null
1770513.328,5898766.731,280693,,523920,0,,0,1,,North,2020/2021,GREAT SOUTH ROAD,MARU ROAD,,Serious Crash,No,2021,,South,,0,,Flat,,,,,,Bright sun,768008,0,0,1,2,,,0,,,,,,Auckland Region,Nil,2-way,Sealed,,0,1,,50,,Off,0,0,,76,Auckland,Nil,,,,,0,0,Urban,0,,,Fine,Null
1765342.678,5908569.646,280714,,523403,0,0,0,0,0,West,2020/2021,FIRTH CRESCENT,WYMONDLEY ROAD,,Serious Crash,No,2020,0,South,0,0,0,Flat,0,,0,,0,Dark,699600,0,0,1,2,0,0,0,0,0,,0,1,Auckland Region,Nil,2-way,Sealed,0,0,1,0,50,0,On,0,0,,76,Auckland,Nil,0,0,0,0,0,0,Urban,0,0,0,Fine,Null
1773674,5895969,402836,,525510,0,,0,1,,East,2011/2012,SETTLEMENT ROAD,SMITHS AVENUE,,Serious Crash,No,2012,,East,,0,,Flat,,,,,,Bright sun,800600,0,0,1,2,,,0,,,,,,Auckland Region,Nil,2-way,Sealed,,0,2,,50,,Off,0,0,,76,Auckland,Nil,,,,,0,0,Urban,0,,,Fine,Null
1745187,5933872,403025,55,506653,0,0,0,1,0,South,2011/2012,COATESVILLE-RIVERHEAD HIG,SUNNYSIDE ROAD,,Fatal Crash,No,2012,0,North,1,1,1,Flat,0,,0,,0,Dark,217201,1,0,0,2,0,0,0,0,0,,0,1,Auckland Region,Nil,2-way,Sealed,0,0,0,0,80,0,None,0,0,,76,Auckland,Nil,0,0,0,1,0,0,Open,0,0,0,Fine,Null