X,Y,OBJECTID,advisorySpeed,areaUnitID,bicycle,bridge,bus,carStationWagon,cliffBank,crashDirectionDescription,crashFinancialYear,crashLocation1,crashLocation2,crashRoadSideRoad,crashSeverity,crashSHDescription,crashYear,debris,directionRoleDescription,ditch,fatalCount,fence,flatHill,guardRail,holiday,houseOrBuilding,intersection,kerb,light,meshblockId,minorInjuryCount,moped,motorcycle,NumberOfLanes,objectThrownOrDropped,otherObject,otherVehicleType,overBank,parkedVehicle,pedestrian,phoneBoxEtc,postOrPole,region,roadCharacter,roadLane,roadSurface,roadworks,schoolBus,seriousInjuryCount,slipOrFlood,speedLimit,strayAnimal,streetLight,suv,taxi,temporarySpeedLimit,tlaId,tlaName,trafficControl,trafficIsland,trafficSign,train,tree,truck,unknownVehicleType,urban,vanOrUtility,vehicle,waterRiver,weatherA,weatherB
1771484,5912914,403184,,523106,0,0,0,1,0,West,2011/2012,MILLHOUSE DRIVE,NORTHPARK AVENUE,,Serious Crash,No,2012,0,East,0,0,0,Flat,0,,0,,0,Dark,711151,0,0,0,2,0,0,0,0,0,,0,0,Auckland Region,Nil,2-way,Sealed,0,0,1,0,50,0,On,0,0,,76,Auckland,Nil,0,0,0,1,0,0,Urban,0,0,0,Fine,Null
1748633,5913877,403647,,511302,0,,0,1,,West,2012/2013,GREAT NORTH ROAD,FRUITVALE ROAD,,Serious Crash,No,2012,,West,,0,,Flat,,,,,,Dark,269200,0,0,0,4,,,0,,,1,,,Auckland Region,Nil,2-way,Sealed,,0,1,,50,,On,0,0,,76,Auckland,Nil,,,,,0,0,Urban,0,,,Fine,Null
1754265,5918551,404001,,515431,0,,0,1,,Null,2011/2012,GREAT NORTH ROAD,TUARANGI ROAD S,,Serious Crash,No,2012,,South,,0,,Flat,,,,,,Dark,405300,0,0,1,5,,,0,,,,,,Auckland Region,Nil,2-way,Sealed,,0,1,,50,,On,0,0,,76,Auckland,Give way,,,,,0,0,Urban,0,,,Fine,Null
1771711,5895894,404227,,525540,0,,0,0,,East,2012/2013,ELLIOT ST,RUSHGREEN AVENUE,,Serious Crash,No,2012,,West,,0,,Flat,,,,,,Bright sun,806203,0,0,0,2,,,0,,,1,,,Auckland Region,Nil,2-way,Sealed,,0,1,,50,,None,0,0,,76,Auckland,Nil,,,,,0,0,Urban,1,,,Fine,Null
1751579,5914776,404329,,514402,0,,0,1,,Null,2012/2013,BLOCKHOUSE BAY ROAD,NEW WINDSOR ROAD,,Serious Crash,No,2012,,South,,0,,Flat,,Labour Weekend,,,,Overcast,380503,0,0,1,2,,,0,,,,,,Auckland Region,Nil,2-way,Sealed,,0,1,,50,,Off,0,0,,76,Auckland,Stop,,,,,0,0,Urban,0,,,Fine,Null
1759643,5884571,404442,,521121,0,0,0,2,0,East,2011/2012,GLENBROOK ROAD,BLOMFIELD LANE,,Fatal Crash,No,2012,0,West,2,1,1,Flat,0,,0,,0,Overcast,811200,1,0,0,2,0,0,0,0,0,,0,0,Auckland Region,Nil,2-way,Sealed,0,0,0,0,100,0,None,0,0,,76,Auckland,Nil,0,0,0,0,1,0,Open,0,0,0,Fine,Null
1757830,5920089,404576,,514103,0,,0,1,,South,2011/2012,SYMONDS ST,ALFRED ST,,Serious Crash,No,2012,,North,,0,,Flat,,,,,,Twilight,437500,0,0,0,4,,,0,,,1,,,Auckland Region,Nil,2-way,Sealed,,0,1,,50,,On,0,0,,76,Auckland,Traffic Signals,,,,,0,0,Urban,0,,,Fine,Null
1739885,5917439,404857,,513102,0,0,0,1,0,West,2011/2012,CHRISTIAN ROAD,ONEILLS ROAD,,Serious Crash,No,2012,0,East,0,0,0,Hill Road,0,,0,,0,Bright sun,237700,1,0,0,2,0,0,0,0,0,,0,1,Auckland Region,Nil,2-way,Sealed,0,0,2,0,80,0,Off,0,0,,76,Auckland,Nil,0,0,0,0,0,0,Open,0,0,0,Fine,Null
1756936,5918249,404909,,518101,0,,0,1,,Null,2011/2012,MOUNT EDEN ROAD,ENFIELD ST,,Serious Crash,No,2012,,South,,0,,Flat,,,,,,Twilight,542502,0,1,0,2,,,0,,,,,,Auckland Region,Nil,2-way,Sealed,,0,1,,50,,On,0,0,,76,Auckland,Nil,,,,,0,0,Urban,0,,,Fine,Null
1728889,5931671,404941,,506652,0,,0,1,,South,2012/2013,SH 16,PULPIT ROCK ROAD,,Fatal Crash,Yes,2012,,South,,1,,Flat,,,,,,Overcast,218101,0,0,1,2,,,0,,,,,,Auckland Region,Nil,2-way,Sealed,,0,1,,100,,None,0,0,,76,Auckland,Nil,,,,,0,0,Open,0,,,Fine,Null
1769469,5904654,405259,,523820,0,0,0,1,0,Null,2011/2012,REDOUBT ROAD,ALEXIA PLACE,,Serious Crash,No,2012,0,West,0,0,0,Flat,0,,0,,0,Dark,760000,0,0,0,2,0,0,0,0,0,,0,1,Auckland Region,Nil,2-way,Sealed,0,0,1,0,50,0,On,0,0,,76,Auckland,Give way,0,0,0,1,0,0,Urban,0,0,0,Fine,Null
1750425,5911744,405293,,512100,0,,0,3,,Null,2012/2013,GODLEY ROAD,CONNAUGHT ST,,Serious Crash,No,2012,,North,,0,,Flat,,,,,,Overcast,289400,0,0,1,3,,,0,,,,,,Auckland Region,Nil,2-way,Sealed,,0,1,,50,,None,0,0,,76,Auckland,Give way,,,,,0,0,Urban,0,,,Fine,Null
1760359,5912281,405464,,520000,0,,0,0,,South,2011/2012,CAPTAIN SPRINGS ROAD,CHURCH ST,,Serious Crash,No,2012,,South,,0,,Flat,,,,,,Overcast,607500,0,0,0,2,,,0,,,1,,,Auckland Region,Nil,2-way,Sealed,,0,1,,50,,Off,1,0,,76,Auckland,Nil,,,,,0,0,Urban,0,,,Fine,Null
1753765,5915595,405542,,517800,0,0,0,1,0,South,2011/2012,MOUNT ALBERT ROAD,HIGHLAND ROAD,,Serious Crash,No,2012,0,South,0,0,0,Flat,0,,0,,0,Dark,528700,0,0,0,2,0,0,0,0,0,,0,1,Auckland Region,Nil,2-way,Sealed,0,0,1,0,50,0,On,0,0,,76,Auckland,Nil,0,0,0,0,0,0,Urban,0,0,0,Fine,Null
1764350,5913591,405555,,520500,0,0,0,2,0,Null,2011/2012,CARBINE ROAD,SOUTH EASTERN HIGHWAY,,Fatal Crash,No,2012,0,East,0,1,1,Flat,0,,0,,0,Dark,638700,2,0,0,6,0,0,0,0,0,,1,1,Auckland Region,Nil,2-way,Sealed,0,0,0,0,50,0,On,0,0,,76,Auckland,Traffic Signals,0,1,0,0,0,0,Urban,0,0,0,Fine,Null
1719011,5950497,405815,,506642,0,0,0,1,0,North,2011/2012,SOUTH HEAD ROAD,SHELLY BEACH ROAD,,Serious Crash,No,2012,0,North,1,0,1,Flat,0,,0,,0,Bright sun,210301,0,0,0,2,0,0,0,0,0,,0,0,Auckland Region,Nil,2-way,Sealed,0,0,1,0,100,0,Off,0,0,,76,Auckland,Nil,0,0,0,0,0,0,Open,0,0,0,Fine,Null
1756170,5913090,406181,,518701,0,0,0,1,0,North,2011/2012,SH 20,HAYR OBR,,Serious Crash,Yes,2012,0,East,0,0,0,Flat,0,,0,,0,Bright sun,569800,1,0,0,2,0,0,0,0,0,,0,1,Auckland Region,Nil,1-way,Sealed,0,0,1,0,100,0,Off,0,0,,76,Auckland,Nil,0,0,0,0,1,0,Open,0,0,0,Fine,Null
1758244,5916571,406197,,519200,0,,0,0,,Null,2011/2012,MANUKAU ROAD,EPSOM AVENUE,,Serious Crash,No,2012,,North,,0,,Flat,,,,,,Bright sun,614702,0,1,0,2,,,0,,,,,,Auckland Region,Nil,2-way,Sealed,,0,1,,50,,Off,0,0,,76,Auckland,Give way,,,,,0,0,Urban,1,,,Fine,Null
1760528,5916812,406276,,516002,0,,0,1,,Null,2012/2013,REMUERA ROAD,COTTER AVENUE,,Serious Crash,No,2012,,East,,0,,Flat,,,,,,Dark,493300,0,0,0,4,,,0,,,1,,,Auckland Region,Nil,2-way,Sealed,,0,1,,50,,On,0,0,,76,Auckland,Stop,,,,,0,0,Urban,0,,,Fine,Null
1763439,5904031,406297,,524604,0,,0,1,,East,2012/2013,SH 20B,PRICES ROAD,,Serious Crash,Yes,2012,,East,,0,,Flat,,,,,,Dark,780902,1,0,0,2,,,0,,,,,,Auckland Region,Nil,2-way,Sealed,,0,2,,50,,On,1,0,,76,Auckland,Nil,,,,,0,0,Urban,0,,,Light rain,Null
1744882,5939010,406405,,506614,0,,0,1,,Null,2011/2012,BLACKBRIDGE ROAD,ESCOTT ROAD,,Serious Crash,No,2012,,West,,0,,Flat,,,,,,Bright sun,178003,0,0,0,2,,,0,,,,,,Auckland Region,Nil,2-way,Sealed,,0,1,,80,,Off,1,0,,76,Auckland,Give way,,,,,0,0,Open,0,,,Fine,Null
1768038,5880765,406407,,525921,0,0,0,1,0,West,2012/2013,WEST ST,PATERSON AVENUE,,Serious Crash,No,2012,0,East,0,0,0,Flat,0,,0,,0,Bright sun,821002,0,0,0,2,0,0,0,0,0,,0,0,Auckland Region,Nil,2-way,Sealed,0,0,1,0,50,0,Off,0,0,,76,Auckland,Nil,0,0,0,1,0,0,Urban,0,0,0,Fine,Null
1745544,5919745,406541,,513301,0,,0,0,,East,2012/2013,UNIVERSAL DRIVE,SOLJAN DRIVE,,Serious Crash,No,2012,,East,,0,,Flat,,,,,,Bright sun,230401,0,0,1,2,,,0,,,,,,Auckland Region,Nil,2-way,Sealed,,0,1,,50,,Off,1,0,,76,Auckland,Nil,,,,,0,0,Urban,0,,,Fine,Null
1767522,5904977,406544,,524603,0,,0,1,,East,2012/2013,TE IRIRANGI DRIVE,GREAT SOUTH ROAD,,Serious Crash,No,2012,,East,,0,,Flat,,,,,,Dark,780304,0,0,0,2,,,0,,,1,,,Auckland Region,Nil,1-way,Sealed,,0,1,,50,,On,0,0,,76,Auckland,Nil,,,,,0,0,Urban,0,,,Heavy rain,Null
1745203,5918893,406684,,513302,0,,0,1,,North,2011/2012,LINCOLN ROAD,FAIRDENE AVENUE,,Serious Crash,No,2012,,North,,0,,Flat,,,,,,Bright sun,232205,1,0,0,4,,,0,,,,,,Auckland Region,Nil,2-way,Sealed,,0,1,,50,,Off,1,0,,76,Auckland,Nil,,,,,0,0,Urban,0,,,Fine,Null
1756729,5920856,406771,,514101,1,0,0,1,0,East,2012/2013,VIADUCT HARBOUR AVENUE,HALSEY ST,,Serious Crash,No,2012,0,West,0,0,0,Flat,0,,0,,0,Overcast,440114,0,0,0,2,0,0,0,0,0,,0,0,Auckland Region,Nil,2-way,Sealed,0,0,1,0,50,0,Off,0,0,,76,Auckland,Nil,0,0,0,0,0,0,Urban,0,1,0,Fine,Null
1745808,5916311,406804,,510800,0,,0,1,,East,2012/2013,VIEW ROAD,LAVELLE ROAD,,Serious Crash,No,2012,,West,,0,,Hill Road,,,,,,Dark,244200,1,0,0,2,,,0,,,,,,Auckland Region,Nil,2-way,Sealed,,0,1,,50,,On,1,0,,76,Auckland,Nil,,,,,0,0,Urban,0,,,Fine,Null
1768148,5907749,406946,,523711,0,,0,1,,Null,2012/2013,PRESTON ROAD,ORMISTON ROAD,,Serious Crash,No,2012,,South,,0,,Flat,,,,,,Dark,713600,0,0,1,4,,,0,,,,,,Auckland Region,Nil,2-way,Sealed,,0,1,,50,,On,0,0,,76,Auckland,Traffic Signals,,,,,0,0,Urban,0,,,Fine,Null
1748451,5918870,407051,,514801,0,,0,0,,Null,2012/2013,SH 16,PATIKI ON WBD,,Serious Crash,Yes,2012,,West,,0,,Hill Road,,,,,,Bright sun,389300,0,0,0,3,,,0,,,,,,Auckland Region,Nil,1-way,Sealed,,0,1,,100,,Off,0,0,,76,Auckland,Nil,,,,,0,0,Open,1,,,Fine,Null
1748318,5913984,407181,,511700,0,,0,1,,West,2012/2013,GREAT NORTH ROAD,AOTEA ROAD,,Fatal Crash,No,2012,,East,,1,,Flat,,,,,,Dark,270202,0,0,0,6,,,0,,,1,,,Auckland Region,Nil,2-way,Sealed,,0,0,,50,,On,0,0,,76,Auckland,Nil,,,,,0,0,Urban,0,,,Heavy rain,Strong wind
1742253,5920138,407195,,513621,0,,0,1,,Null,2012/2013,BIRDWOOD ROAD,CROWS ROAD,,Fatal Crash,No,2012,,West,,1,,Hill Road,,,,,,Bright sun,226602,0,0,1,2,,,0,,,,,,Auckland Region,Nil,2-way,Sealed,,0,0,,50,,Off,0,0,,76,Auckland,Stop,,,,,0,0,Urban,0,,,Fine,Null
1769333,5911466,407252,,523107,0,,0,2,,Null,2012/2013,TI RAKAU DRIVE,BURSWOOD DRIVE E,,Serious Crash,No,2012,,East,,0,,Flat,,,,,,Bright sun,711702,1,0,0,6,,,0,,,,,,Auckland Region,Nil,2-way,Sealed,,0,1,,50,,Off,0,0,,76,Auckland,Traffic Signals,,,,,0,0,Urban,0,,,Fine,Null
1760158,5915499,407556,,519400,0,,0,1,,North,2013/2014,GREAT SOUTH ROAD,MATAI ROAD,,Serious Crash,No,2014,,North,,0,,Flat,,,,,,Bright sun,617100,1,0,1,6,,,0,,,,,,Auckland Region,Nil,2-way,Sealed,,0,1,,50,,Null,0,0,,76,Auckland,Unknown,,,,,0,0,Urban,0,,,Fine,Null
1754188,5875134,407565,,526104,0,0,0,1,0,West,2012/2013,KAIWAKA ROAD,KATHLEEN REECE PLACE,,Fatal Crash,No,2013,0,East,0,1,0,Flat,0,,0,,0,Dark,835405,0,0,0,2,0,0,0,0,1,,0,0,Auckland Region,Nil,2-way,Sealed,0,0,0,0,50,0,On,0,0,,76,Auckland,Nil,0,0,0,0,1,0,Urban,0,0,0,Fine,Null
1746529,5916450,407575,,511601,0,,0,1,,South,2013/2014,GREAT NORTH ROAD,TE ATATU ROAD,,Serious Crash,No,2013,,North,,0,,Flat,,,,,,Bright sun,274505,0,0,0,3,,,0,,,1,,,Auckland Region,Nil,2-way,Sealed,,0,1,,50,,Off,0,0,,76,Auckland,Traffic Signals,,,,,0,0,Urban,0,,,Fine,Null
1769339,5907508,407626,,523713,0,,0,0,,North,2012/2013,TE IRIRANGI DRIVE,ORMISTON ROAD,,Serious Crash,No,2013,,South,,0,,Flat,,,,,,Bright sun,712302,0,0,0,3,,,0,,,,,,Auckland Region,Nil,2-way,Sealed,,0,1,,80,,Off,2,0,,76,Auckland,Nil,,,,,1,0,Open,0,,,Fine,Null
1755017,5919815,407782,,515302,0,,0,1,,Null,2012/2013,RICHMOND ROAD,LINCOLN ST,,Serious Crash,No,2013,,South,,0,,Flat,,,,,,Bright sun,431400,0,0,1,2,,,0,,,,,,Auckland Region,Nil,2-way,Sealed,,0,1,,50,,Off,0,0,,76,Auckland,Give way,,,,,0,0,Urban,0,,,Fine,Null
1759116,5913921,407845,,519300,0,,0,2,,East,2013/2014,CAMPBELL ROAD,MARIRI ROAD,,Serious Crash,No,2013,,West,,0,,Hill Road,,,,,,Bright sun,624900,0,0,0,2,,,0,,,,,,Auckland Region,Nil,2-way,Sealed,,0,1,,50,,Off,0,0,,76,Auckland,Nil,,,,,0,0,Urban,0,,,Fine,Null
1771345,5900037,407898,,523911,1,,0,0,,Null,2012/2013,PORCHESTER ROAD,POPES ROAD,,Fatal Crash,No,2013,,North,,1,,Flat,,,,,,Overcast,767202,0,0,0,2,,,0,,,,,,Auckland Region,Nil,2-way,Sealed,,0,0,,80,,Off,0,0,,76,Auckland,Stop,,,,,1,0,Open,0,,,Light rain,Null
1745617,5915651,407902,,511800,0,0,0,1,0,North,2012/2013,MILLBROOK ROAD,AWAROA ROAD,,Serious Crash,No,2013,0,South,0,0,0,Flat,0,,0,,0,Dark,277600,0,0,0,2,0,0,0,0,1,,0,0,Auckland Region,Nil,2-way,Sealed,0,0,1,0,50,0,On,0,0,,76,Auckland,Nil,0,0,0,0,1,0,Urban,0,0,0,Light rain,Null
1759944,5924178,408016,,509300,0,,0,1,,Null,2012/2013,LAKE ROAD,ARAMOANA AVENUE,,Serious Crash,No,2013,,South,,0,,Flat,,,,,,Dark,340400,1,0,0,2,,,0,,,,,,Auckland Region,Nil,2-way,Sealed,,0,2,,50,,On,0,0,,76,Auckland,Stop,,,,,0,0,Urban,0,,,Fine,Null
1738975,5918681,408079,,513702,1,,0,0,,North,2013/2014,AWHIORANGI PROMENADE,SCENIC DRIVE,,Serious Crash,No,2013,,North,,0,,Flat,,,,,,Bright sun,237203,0,0,0,2,,,0,,,,,,Auckland Region,Nil,2-way,Sealed,,0,1,,50,,Off,0,0,,76,Auckland,Nil,,,,,0,0,Urban,1,,,Fine,Null
1761865,5882930,408084,,521121,0,,0,0,,North,2013/2014,KINGSEAT ROAD,MAUKU ROAD,,Serious Crash,No,2014,,South,,0,,Flat,,,,,,Dark,811700,1,0,0,2,,,0,,,,,,Auckland Region,Nil,2-way,Sealed,,0,1,,100,,On,0,0,,76,Auckland,Unknown,,,,,0,0,Open,2,,,Null,Null
1753738,5918364,408144,,515002,0,,0,1,,West,2012/2013,GREAT NORTH ROAD,ST LUKES ROAD,,Serious Crash,No,2012,,West,,0,,Flat,,,,,,Bright sun,390501,0,0,1,4,,,0,,,,,,Auckland Region,Nil,2-way,Sealed,,0,1,,50,,Off,0,0,,76,Auckland,Nil,,,,,0,0,Urban,0,,,Fine,Null
1783959,5889939,408208,,521132,0,0,0,1,0,South,2013/2014,GELLING ROAD,ALDRIDGE ROAD,,Serious Crash,No,2014,0,North,1,0,0,Hill Road,0,,0,,0,Overcast,815304,0,0,1,2,0,0,0,0,0,,0,0,Auckland Region,Nil,2-way,Sealed,0,0,1,0,100,0,Null,0,0,,76,Auckland,Unknown,0,0,0,0,0,0,Open,0,0,0,Fine,Null
1763993,5904256,408223,,524604,0,,0,2,,Null,2012/2013,SH 20B,PUHINUI LINK ROSCOMMON,,Serious Crash,Yes,2013,,West,,0,,Flat,,,,,,Bright sun,781100,1,0,0,6,,,0,,,,,,Auckland Region,Motorway ramp,2-way,Sealed,,0,1,,50,,Off,0,0,,76,Auckland,Traffic Signals,,,,,0,0,Urban,0,,,Fine,Null
1755958,5979351,408356,,506661,0,0,0,0,0,East,2012/2013,LEIGH ROAD,OMAHA VALLEY ROAD,,Serious Crash,No,2013,0,North,1,0,0,Hill Road,0,,0,,0,Overcast,137502,0,0,0,2,0,0,0,0,0,,0,0,Auckland Region,Nil,2-way,Sealed,0,0,1,0,100,0,None,0,0,,76,Auckland,Nil,0,0,0,0,0,0,Open,1,0,0,Light rain,Null
1764371,5910174,408371,,521801,0,0,0,3,0,East,2012/2013,PRINCES ST,CHURCH ST,,Serious Crash,No,2012,0,West,0,0,0,Flat,0,,0,,0,Bright sun,787400,1,0,0,3,0,0,0,0,0,,0,0,Auckland Region,Nil,2-way,Sealed,0,0,1,0,50,0,Off,0,0,,76,Auckland,Traffic Signals,0,0,0,0,2,0,Urban,0,3,0,Fine,Null
1765427,5913860,408521,,520602,0,,0,2,,Null,2013/2014,LAGOON DRIVE,CHURCH CRESCENT,,Serious Crash,No,2013,,South,,0,,Flat,,,,,,Bright sun,629600,0,0,0,2,,,0,,,,,,Auckland Region,Nil,2-way,Sealed,,0,1,,50,,Off,0,0,,76,Auckland,Traffic Signals,,,,,0,0,Urban,0,,,Fine,Null
1771986,5890172,408859,,521203,0,,0,3,,Null,2013/2014,SH 22,JESMOND ROAD,,Serious Crash,Yes,2013,,East,,0,,Flat,,,,,,Bright sun,807400,1,0,0,2,,,0,,,,,,Auckland Region,Nil,2-way,Sealed,,0,1,,100,,Off,0,0,,76,Auckland,Stop,,,,,0,0,Open,0,,,Fine,Null
1754466,5929164,408870,,508320,0,,0,1,,Null,2013/2014,VIEW ROAD,MERTON AVENUE,,Serious Crash,No,2013,,West,,0,,Flat,,,,,,Bright sun,196401,0,0,1,2,,,0,,,,,,Auckland Region,Nil,2-way,Sealed,,0,1,,50,,Off,0,0,,76,Auckland,Nil,,,,,0,0,Urban,0,,,Fine,Null
1751262,5951027,409021,,505804,0,,0,1,,Null,2012/2013,HIBISCUS COAST HIGHWAY,OLD NORTH ROAD,,Serious Crash,No,2012,,South,,0,,Hill Road,,,,,,Overcast,170900,0,0,0,2,,,0,,,1,,,Auckland Region,Nil,2-way,Sealed,,0,1,,70,,Off,0,0,,76,Auckland,Stop,,,,,0,0,Urban,0,,,Fine,Null
1753139,5934047,409046,,508704,0,,0,0,,South,2014/2015,SH 1N,MCCLYMONTS OBR,,Serious Crash,Yes,2014,,South,,0,,Hill Road,,,,,,Bright sun,179119,0,0,1,3,,,0,,,,,,Auckland Region,Nil,1-way,Sealed,,0,1,,100,,Null,0,0,,76,Auckland,Nil,,,,,0,0,Open,0,,,Fine,Null
1756431,5927790,409081,,507900,0,0,0,1,0,Null,2014/2015,SHAKESPEARE ROAD,WAIRAU ROAD,,Serious Crash,No,2014,0,West,0,0,0,Flat,0,,0,,0,Dark,305202,1,0,0,5,0,0,0,0,0,,0,1,Auckland Region,Nil,2-way,Sealed,0,0,2,0,50,0,On,0,0,,76,Auckland,Traffic Signals,1,0,0,0,0,0,Urban,0,0,0,Fine,Strong wind
1768845,5899545,409225,,525002,0,,0,2,,Null,2012/2013,MAHIA ROAD,FIELDS ROAD,,Serious Crash,No,2012,,East,,0,,Flat,,,,,,Overcast,754100,1,0,0,2,,,0,,,,,,Auckland Region,Nil,2-way,Sealed,,0,2,,50,,Off,0,0,,76,Auckland,Stop,,,,,0,0,Urban,0,,,Fine,Null
1755880,5918904,409267,,515500,0,,0,1,,North,2013/2014,GREAT NORTH ROAD,SUSSEX ST,,Serious Crash,No,2014,,South,,0,,Flat,,,,,,Dark,418000,0,0,0,2,,,0,,,1,,,Auckland Region,Nil,2-way,Sealed,,0,1,,50,,On,0,0,,76,Auckland,Traffic Signals,,,,,0,0,Urban,0,,,Fine,Null
1749965,5916623,409284,,514801,0,0,0,1,0,East,2013/2014,ROSEBANK ROAD,MEAD ST,,Serious Crash,No,2014,0,East,0,0,1,Flat,0,,0,,0,Bright sun,389101,0,0,0,2,0,0,0,0,0,,0,0,Auckland Region,Nil,2-way,Sealed,0,0,2,0,50,0,Off,0,0,,76,Auckland,Stop,0,0,0,0,0,0,Urban,0,0,0,Fine,Null
1768986,5882220,409436,,525910,0,0,0,1,0,Null,2013/2014,PAERATA ROAD,CAPE HILL ROAD,,Serious Crash,No,2013,0,South,0,0,0,Flat,0,,1,,0,Dark,817600,0,0,0,2,0,0,0,0,0,,0,0,Auckland Region,Nil,2-way,Sealed,0,0,1,0,50,0,On,0,0,,76,Auckland,Give way,0,0,0,0,0,0,Urban,0,0,0,Fine,Null
1747054,5919221,409515,,512402,0,,0,1,,South,2013/2014,TE ATATU ROAD,JAEMONT AVENUE N,,Serious Crash,No,2013,,South,,0,,Flat,,,,,,Dark,254400,0,0,1,4,,,0,,,,,,Auckland Region,Nil,2-way,Sealed,,0,1,,50,,On,0,0,,76,Auckland,Nil,,,,,0,0,Urban,0,,,Heavy rain,Null
1756082,5932415,409530,,507400,0,,1,1,,West,2013/2014,MAXWELTON DRIVE,MAYFAIR CRESCENT E,,Serious Crash,No,2013,,West,,0,,Flat,,,,,,Bright sun,152200,1,0,0,2,,,0,,,,,,Auckland Region,Nil,2-way,Sealed,,0,1,,50,,Off,0,0,,76,Auckland,Nil,,,,,0,0,Urban,0,,,Fine,Null
1755449,5929255,409562,,508510,0,,0,1,,North,2011/2012,SH 1N,TRISTRAM OBR,,Serious Crash,Yes,2012,,South,,0,,Flat,,,,,,Bright sun,194300,0,0,1,2,,,0,,,,,,Auckland Region,Nil,1-way,Sealed,,0,1,,100,,Off,0,0,,76,Auckland,Nil,,,,,0,0,Open,0,,,Fine,Null
1754942,5918308,409582,,515500,0,,0,1,,West,2013/2014,SH 16,BOND OBR,,Serious Crash,Yes,2013,,East,,0,,Flat,,,,,,Overcast,418800,0,0,0,4,,,0,,,,,,Auckland Region,Nil,1-way,Sealed,,0,1,,100,,Off,0,0,,76,Auckland,Nil,,,,,0,0,Open,1,,,Light rain,Null
1745242,5919188,409599,,513302,0,,0,1,,Null,2013/2014,LINCOLN ROAD,POMARIA ROAD,,Serious Crash,No,2013,,East,,0,,Flat,,Christmas New Year,,,,Dark,230701,0,0,0,5,,,0,,,,,,Auckland Region,Nil,2-way,Sealed,,0,1,,50,,On,1,0,,76,Auckland,Traffic Signals,,,,,0,0,Urban,0,,,Fine,Null
1766061,5906949,409701,,522301,0,,0,1,,South,2012/2013,WINTERE ROAD,HOTEO AVENUE,,Serious Crash,No,2013,,North,,0,,Flat,,Queens Birthday,,,,Bright sun,667200,0,0,0,2,,,0,,,1,,,Auckland Region,Nil,2-way,Sealed,,0,1,,50,,Off,0,0,,76,Auckland,Nil,,,,,0,0,Urban,0,,,Fine,Null
1755244,5916368,409738,,517703,1,,0,1,,West,2013/2014,BALMORAL ROAD,ARABI ST,,Serious Crash,No,2013,,West,,0,,Flat,,,,,,Bright sun,537602,0,0,0,4,,,0,,,,,,Auckland Region,Nil,2-way,Sealed,,0,1,,50,,Off,0,0,,76,Auckland,Give way,,,,,0,0,Urban,0,,,Fine,Null
1763724,5913744,409773,,520303,0,,0,2,,West,2012/2013,PENROSE ROAD,MOUNT WELLINGTON HIGHWAY,,Serious Crash,No,2013,,West,,0,,Flat,,,,,,Bright sun,627300,1,0,0,4,,,0,,,,,,Auckland Region,Nil,2-way,Sealed,,0,1,,50,,Off,0,0,,76,Auckland,Nil,,,,,0,0,Urban,0,,,Fine,Null
1754214,5924810,409792,,510500,0,,0,1,,West,2012/2013,ONEWA ROAD,AORANGI PLACE,,Serious Crash,No,2013,,West,,0,,Hill Road,,,,,,Overcast,357300,0,0,1,3,,,0,,,,,,Auckland Region,Nil,2-way,Sealed,,0,1,,50,,Off,0,0,,76,Auckland,Nil,,,,,0,0,Urban,0,,,Fine,Null
1745498,5917440,409832,,510700,0,,0,1,,South,2012/2013,RATANUI ST,ALDERMAN DRIVE,,Serious Crash,No,2012,,North,,0,,Flat,,,,,,Bright sun,239900,0,0,0,2,,,0,,,1,,,Auckland Region,Nil,2-way,Sealed,,0,1,,50,,Off,0,0,,76,Auckland,Give way,,,,,0,0,Urban,0,,,Fine,Null
1755979,5944173,409847,,505909,0,0,0,0,0,West,2013/2014,Z CPK MCDONALDS,LINK CRESCENT,,Fatal Crash,No,2013,0,West,0,1,0,Flat,0,,0,,0,Bright sun,174007,1,0,0,1,0,1,0,0,0,,0,0,Auckland Region,Nil,Off road,Sealed,0,0,1,0,50,0,Null,0,0,,76,Auckland,Unknown,0,0,0,0,0,0,Urban,1,0,0,Fine,Null
1767260,5906483,409949,,522302,0,0,0,1,0,North,2012/2013,SH 1N,TE IRIRANGI OBR,,Fatal Crash,Yes,2013,0,North,0,1,0,Flat,1,,0,,0,Bright sun,670200,2,0,0,3,0,0,0,0,0,,0,1,Auckland Region,Nil,1-way,Sealed,0,0,1,0,100,0,Off,0,0,,76,Auckland,Nil,0,0,0,0,0,0,Open,1,0,0,Fine,Null
1767121,5917684,410111,,517002,1,,0,1,,South,2012/2013,TANIWHA ST,SILVERTON AVENUE,,Serious Crash,No,2013,,South,,0,,Hill Road,,,,,,Bright sun,472800,0,0,0,2,,,0,,,,,,Auckland Region,Nil,2-way,Sealed,,0,1,,50,,Off,0,0,,76,Auckland,Stop,,,,,0,0,Urban,0,,,Fine,Null
1742835,5919028,410229,,513213,0,,0,0,,Null,2013/2014,SWANSON ROAD,ARMADA DRIVE,,Fatal Crash,No,2013,,West,,1,,Flat,,,,,,Bright sun,235200,0,0,0,2,,,0,,,,,,Auckland Region,Nil,2-way,Sealed,,0,1,,50,,Off,0,0,,76,Auckland,Traffic Signals,,,,,0,0,Urban,2,,,Fine,Null