X,Y,OBJECTID,advisorySpeed,areaUnitID,bicycle,bridge,bus,carStationWagon,cliffBank,crashDirectionDescription,crashFinancialYear,crashLocation1,crashLocation2,crashRoadSideRoad,crashSeverity,crashSHDescription,crashYear,debris,directionRoleDescription,ditch,fatalCount,fence,flatHill,guardRail,holiday,houseOrBuilding,intersection,kerb,light,meshblockId,minorInjuryCount,moped,motorcycle,NumberOfLanes,objectThrownOrDropped,otherObject,otherVehicleType,overBank,parkedVehicle,pedestrian,phoneBoxEtc,postOrPole,region,roadCharacter,roadLane,roadSurface,roadworks,schoolBus,seriousInjuryCount,slipOrFlood,speedLimit,strayAnimal,streetLight,suv,taxi,temporarySpeedLimit,tlaId,tlaName,trafficControl,trafficIsland,trafficSign,train,tree,truck,unknownVehicleType,urban,vanOrUtility,vehicle,waterRiver,weatherA,weatherB
1767647,5883350,410237,35,521111,0,0,0,1,0,East,2013/2014,HEIGHTS ROAD,OSTRICH FARM ROAD,,Serious Crash,No,2013,0,North,0,0,0,Hill Road,0,,0,,0,Dark,826601,1,0,0,2,0,0,0,0,0,,0,0,Auckland Region,Nil,2-way,Sealed,0,0,1,0,100,0,None,0,0,,76,Auckland,Nil,0,0,0,1,0,0,Open,0,0,0,Fine,Null
1733565,5945318,410246,55,506647,0,,0,0,,West,2013/2014,SH 16,HENLEY ROAD,,Fatal Crash,Yes,2013,,North,,1,,Flat,,,,,,Bright sun,211502,0,0,0,2,,,0,,,,,,Auckland Region,Nil,2-way,Sealed,,0,0,,100,,Null,1,0,,76,Auckland,Unknown,,,,,0,0,Open,0,,,Fine,Null
1751629,5934054,410291,,508701,0,,0,2,,Null,2012/2013,DAIRY FLAT HIGHWAY,ALBANY HIGHWAY,,Serious Crash,No,2012,,South,,0,,Flat,,,,,,Twilight,178800,0,0,0,2,,,0,,,,,,Auckland Region,Nil,2-way,Sealed,,0,1,,50,,On,0,0,,76,Auckland,Traffic Signals,,,,,0,0,Urban,0,,,Fine,Null
1755222,5914463,410454,,518500,0,,0,1,,Null,2012/2013,DOMINION ROAD,JASPER AVENUE,,Serious Crash,No,2013,,North,,0,,Hill Road,,,,,,Bright sun,561000,0,0,1,5,,,0,,,,,,Auckland Region,Nil,2-way,Sealed,,0,1,,50,,Off,0,0,,76,Auckland,Stop,,,,,0,0,Urban,0,,,Fine,Null
1759995,5905545,410462,,524200,0,,0,1,,South,2012/2013,NAYLORS DRIVE,WALDOS WAY S,,Serious Crash,No,2012,,North,,0,,Flat,,,,,,Dark,728608,0,0,0,2,,,0,,,1,,,Auckland Region,Nil,2-way,Sealed,,0,1,,50,,On,0,0,,76,Auckland,Nil,,,,,0,0,Urban,0,,,Fine,Null
1714752,5957321,410469,,506642,0,0,0,1,0,North,2012/2013,SOUTH HEAD ROAD,TARAWERA ROAD,,Fatal Crash,No,2013,0,West,0,1,0,Flat,0,,0,,0,Bright sun,210000,0,0,0,2,0,1,0,0,0,,0,0,Auckland Region,Nil,2-way,Sealed,0,0,0,0,100,0,None,0,0,,76,Auckland,Nil,0,0,0,0,0,0,Open,0,0,0,Fine,Null
1757050,5919046,410479,,514200,0,,0,1,,South,2013/2014,SYMONDS ST,ALEX EVANS ST,,Serious Crash,No,2013,,South,,0,,Flat,,,,,,Bright sun,412302,0,0,0,6,,,0,,,1,,,Auckland Region,Nil,2-way,Sealed,,0,1,,50,,Off,0,0,,76,Auckland,Traffic Signals,,,,,0,0,Urban,0,,,Fine,Null
1772598,5896718,410537,,525420,0,,0,1,,East,2012/2013,OSHANNESSEY ST,GREAT SOUTH ROAD,,Serious Crash,No,2013,,East,,0,,Flat,,,,,,Bright sun,792800,0,0,0,2,,,0,,,1,,,Auckland Region,Nil,2-way,Sealed,,0,1,,50,,Off,0,0,,76,Auckland,Nil,,,,,0,0,Urban,0,,,Fine,Null
1760181,5980718,410653,80,506661,0,0,0,1,1,East,2011/2012,LEIGH ROAD,COXHEAD CREEK ROAD,,Serious Crash,No,2012,0,West,0,0,0,Hill Road,0,,0,,0,Dark,137702,0,0,0,2,0,0,0,0,0,,0,0,Auckland Region,Nil,2-way,Sealed,0,0,1,0,100,0,None,0,0,,76,Auckland,Nil,0,0,0,0,0,0,Open,0,0,0,Fine,Null
1754325,5916746,410683,,517701,0,0,0,2,0,Null,2013/2014,ST LUKES ROAD,MORNINGSIDE DRIVE,,Serious Crash,No,2013,0,West,0,0,0,Flat,0,,0,,0,Bright sun,536100,0,0,0,4,0,0,0,0,0,,0,0,Auckland Region,Nil,2-way,Sealed,0,0,1,0,50,0,Off,0,0,,76,Auckland,Traffic Signals,1,0,0,0,0,0,Urban,0,1,0,Fine,Null
1752657,5937558,410846,,506300,0,0,0,1,0,North,2012/2013,EAST COAST ROAD,OKURA RIVER ROAD,,Serious Crash,No,2012,0,North,0,0,0,Hill Road,0,,0,,0,Overcast,176105,0,0,0,2,0,0,0,0,0,,0,0,Auckland Region,Nil,2-way,Sealed,0,0,1,0,80,0,Off,0,0,,76,Auckland,Nil,0,0,0,1,0,0,Open,0,0,0,Fine,Null
1773336,5897806,410880,,523912,0,0,0,2,0,South,2013/2014,GROVE ROAD,FREYBERG ROAD,,Serious Crash,No,2013,0,South,0,0,0,Flat,0,,0,,0,Dark,765500,1,0,0,2,0,0,0,0,0,,0,1,Auckland Region,Nil,2-way,Sealed,0,0,1,0,70,0,On,0,0,,76,Auckland,Nil,0,0,0,0,0,0,Urban,0,0,0,Fine,Null
1743550,5947702,410914,,506614,0,0,0,0,0,West,2012/2013,WAINUI ROAD,JOBLIN ROAD,,Serious Crash,No,2012,0,West,1,0,0,Hill Road,0,,0,,0,Bright sun,177702,0,0,1,2,0,0,0,0,0,,0,0,Auckland Region,Nil,2-way,Sealed,0,0,1,0,100,0,None,0,0,,76,Auckland,Nil,0,0,0,0,0,0,Open,0,0,0,Fine,Null
1764252,5920195,411363,,516601,1,,0,0,,Null,2013/2014,AVERILL AVENUE,TAMAKI DRIVE,,Serious Crash,No,2013,,West,,0,,Flat,,,,,,Bright sun,504100,0,0,0,2,,,0,,,,,,Auckland Region,Nil,2-way,Sealed,,0,1,,50,,Off,0,0,,76,Auckland,Stop,,,,,0,0,Urban,1,,,Fine,Null
1757582,5919251,411402,,514301,0,,0,1,,North,2013/2014,GRAFTON ROAD,PARK ROAD,,Serious Crash,No,2013,,North,,0,,Flat,,,,,,Twilight,441000,0,0,0,2,,,0,,,1,,,Auckland Region,Nil,2-way,Sealed,,0,1,,50,,On,0,0,,76,Auckland,Nil,,,,,0,0,Urban,0,,,Fine,Null
1755718,5918747,411503,,515500,0,,0,1,,Null,2013/2014,GREAT NORTH ROAD,ARIKI ST,,Serious Crash,No,2013,,East,,0,,Flat,,,,,,Bright sun,418300,0,0,0,2,,,0,,,1,,,Auckland Region,Nil,2-way,Sealed,,0,1,,50,,Off,0,0,,76,Auckland,Stop,,,,,0,0,Urban,0,,,Fine,Null
1762878,5918937,411505,,516400,0,0,0,1,1,West,2012/2013,KEPA ROAD,COLENSO PLACE,,Serious Crash,No,2013,0,East,0,0,0,Flat,0,,0,,0,Dark,497800,1,0,0,2,0,0,0,0,0,,0,0,Auckland Region,Nil,2-way,Sealed,0,0,3,0,50,0,On,0,0,,76,Auckland,Nil,0,0,0,0,0,0,Urban,0,0,0,Fine,Null
1771345,5900037,411521,,523911,0,,0,1,,Null,2012/2013,PORCHESTER ROAD,POPES ROAD,,Serious Crash,No,2013,,South,,0,,Flat,,,,,,Overcast,767202,0,0,0,2,,,0,,,,,,Auckland Region,Nil,2-way,Sealed,,0,1,,80,,Off,1,0,,76,Auckland,Stop,,,,,0,0,Open,0,,,Fine,Null
1748528,5918503,411532,,514801,0,,0,0,,South,2012/2013,PATIKI ROAD,PATIKI ON WBD,,Serious Crash,No,2013,,North,,0,,Flat,,,,,,Bright sun,389300,0,0,0,2,,,0,,,,,,Auckland Region,Nil,2-way,Sealed,,0,1,,50,,Off,1,0,,76,Auckland,Nil,,,,,1,0,Urban,0,,,Fine,Null
1756147,5928449,411647,,507900,0,,0,1,,South,2012/2013,FORREST HILL ROAD,CURREY CRESCENT,,Serious Crash,No,2013,,North,,0,,Hill Road,,,,,,Dark,306900,0,0,1,2,,,0,,,,,,Auckland Region,Nil,2-way,Sealed,,0,1,,50,,On,0,0,,76,Auckland,Nil,,,,,0,0,Urban,0,,,Fine,Null
1736792,5982126,411728,,505300,0,,0,0,,South,2011/2012,SH 1N,SH 16,,Serious Crash,Yes,2012,,South,,0,,Flat,,Queens Birthday,,,,Twilight,143200,0,0,1,2,,,0,,,,,,Auckland Region,Nil,2-way,Sealed,,0,1,,50,,Off,0,0,,76,Auckland,Nil,,,,,0,0,Urban,1,,,Fine,Null
1756268,5919214,411744,,515500,0,,0,0,,Null,2011/2012,NEWTON ROAD,ABBEY ST,,Serious Crash,No,2012,,North,,0,,Hill Road,,,,,,Dark,417500,0,0,0,4,,,0,,,1,,,Auckland Region,Nil,2-way,Sealed,,0,1,,50,,On,0,0,,76,Auckland,Nil,,,,,1,0,Urban,0,,,Fine,Null
1744883,5919528,411777,,513301,0,,0,1,,North,2012/2013,KINGDALE ROAD,POMARIA ROAD,,Serious Crash,No,2013,,North,,0,,Flat,,,,,,Dark,234602,0,0,0,2,,,0,,,1,,,Auckland Region,Nil,2-way,Sealed,,0,1,,50,,On,0,0,,76,Auckland,Nil,,,,,0,0,Urban,0,,,Light rain,Null
1767987,5903921,411888,,524602,0,,0,1,,East,2012/2013,20 LINK 1 SBD,SH 20,,Serious Crash,Yes,2012,,East,,0,,Flat,,,,,,Dark,780506,2,0,0,3,,,0,,,,,,Auckland Region,Nil,2-way,Sealed,,0,1,,100,,On,1,0,,76,Auckland,Nil,,,,,0,0,Open,1,,,Fine,Null
1779743,5915963,411903,,523300,0,,0,2,,West,2013/2014,WHITFORD-MARAETAI ROAD,KEANES ROAD,,Serious Crash,No,2013,,West,,0,,Hill Road,,,,,,Bright sun,719400,2,0,0,2,,,0,,,,,,Auckland Region,Nil,2-way,Sealed,,0,1,,80,,Off,0,0,,76,Auckland,Nil,,,,,0,0,Open,0,,,Fine,Null
1759458,5903006,411981,,524200,0,,0,1,,East,2012/2013,ANDREW MCKEE AVENUE,GEORGE BOLT MEMORIAL DRIV,,Serious Crash,No,2013,,East,,0,,Flat,,,,,,Bright sun,727200,0,0,0,1,,,0,,,1,,,Auckland Region,Nil,1-way,Sealed,,0,1,,30,,Off,0,0,,76,Auckland,Nil,,,,,0,0,Urban,0,,,Fine,Null
1756305,5919313,411992,,514000,0,,0,1,,East,2011/2012,KARANGAHAPE ROAD,PONSONBY ROAD,,Serious Crash,No,2012,,East,,0,,Flat,,Queens Birthday,,,,Dark,413800,0,1,0,4,,,0,,,,,,Auckland Region,Nil,2-way,Sealed,,0,1,,50,,On,0,0,,76,Auckland,Nil,,,,,0,0,Urban,0,,,Fine,Null
1754222,5933139,412042,,508804,1,,0,1,,Null,2014/2015,ROSEDALE ROAD,HUGH GREEN DRIVE,,Serious Crash,No,2015,,South,,0,,Hill Road,,,,,,Twilight,180701,0,0,0,2,,,0,,,,,,Auckland Region,Nil,2-way,Sealed,,0,1,,50,,Off,0,0,,76,Auckland,Give way,,,,,0,0,Urban,0,,,Fine,Null
1754863,5918787,412273,,515410,1,0,0,1,0,North,2014/2015,SURREY CRESCENT,GREAT NORTH ROAD,,Serious Crash,No,2014,0,South,0,0,0,Flat,0,,0,,0,Bright sun,404500,0,0,0,4,0,0,0,0,0,,0,0,Auckland Region,Nil,2-way,Sealed,0,0,1,0,50,0,Off,0,0,,76,Auckland,Nil,0,0,0,0,0,0,Urban,0,1,0,Fine,Null
1740845,5928494,412275,45,505604,0,,0,0,,South,2014/2015,OLD NORTH ROAD,OLD RAILWAY ROAD,,Serious Crash,No,2014,,North,,0,,Flat,,Christmas New Year,,,,Bright sun,214502,0,0,1,2,,,0,,,,,,Auckland Region,Nil,2-way,Sealed,,0,1,,80,,None,1,0,,76,Auckland,Nil,,,,,0,0,Open,0,,,Fine,Null
1761574,5906671,412386,,524112,0,0,0,1,0,North,2014/2015,SH 20,MASSEY OBR,,Serious Crash,Yes,2014,0,South,0,0,0,Flat,1,,0,,0,Dark,742300,0,0,0,2,0,0,0,0,0,,0,0,Auckland Region,Nil,1-way,Sealed,0,0,2,0,100,0,On,0,0,,76,Auckland,Unknown,0,0,0,0,0,0,Open,0,0,0,Fine,Null
1765920,5907869,412405,,523402,0,0,0,1,0,North,2014/2015,SH 1N,EAST TAMAKI OBR,,Fatal Crash,Yes,2015,0,South,0,1,0,Flat,1,Christmas New Year,0,,0,Twilight,699000,4,0,0,3,0,0,0,0,0,,0,0,Auckland Region,Nil,1-way,Sealed,0,0,0,0,100,0,Off,0,0,,76,Auckland,Nil,0,0,0,0,0,0,Open,0,0,0,Fine,Null
1757523,5926353,412506,,507900,0,,0,2,,North,2014/2015,BARRYS POINT ROAD,ESMONDE ROAD,,Serious Crash,No,2014,,West,,0,,Flat,,,,,,Overcast,304100,0,0,0,2,,,0,,,,,,Auckland Region,Nil,2-way,Sealed,,0,1,,50,,Null,0,0,,76,Auckland,Unknown,,,,,0,0,Urban,1,,,Fine,Null
1755257,5875981,412610,,526104,0,,0,2,,Null,2013/2014,WAIUKU ROAD,COLOMBO ROAD,,Serious Crash,No,2014,,West,,0,,Flat,,,,,,Overcast,835601,0,0,0,2,,,0,,,,,,Auckland Region,Nil,2-way,Sealed,,0,1,,70,,Null,1,0,,76,Auckland,Give way,,,,,0,0,Urban,0,,,Fine,Null
1742597,5912419,412697,,512902,0,0,0,1,0,South,2014/2015,WEST COAST ROAD,KAURI LOOP ROAD N,,Serious Crash,No,2015,0,North,0,0,0,Hill Road,0,,0,,0,Overcast,279300,0,0,0,2,0,0,0,0,0,,0,0,Auckland Region,Nil,2-way,Sealed,0,0,1,0,70,0,Null,0,0,,76,Auckland,Unknown,0,0,0,1,0,0,Urban,0,0,0,Fine,Null
1735426,5929938,412752,,505605,0,,0,2,,East,2015/2016,SH 16,MATUA ROAD W,,Serious Crash,Yes,2015,,West,,0,,Flat,,,,,,Bright sun,215800,0,0,0,2,,,0,,,,,,Auckland Region,Nil,2-way,Sealed,,0,2,,100,,Null,0,0,,76,Auckland,Unknown,,,,,0,0,Open,0,,,Fine,Null
1765166,5919720,412753,,516700,1,,0,1,,Null,2015/2016,AUCKLAND ROAD,DINGLE ROAD,,Serious Crash,No,2015,,South,,0,,Flat,,,,,,Overcast,508900,0,0,0,2,,,0,,,,,,Auckland Region,Nil,2-way,Sealed,,0,1,,50,,Null,0,0,,76,Auckland,Give way,,,,,0,0,Urban,0,,,Fine,Null
1765961,5899036,412762,,524812,0,0,0,1,0,North,2015/2016,WEYMOUTH ROAD,ETHERTON DRIVE,,Serious Crash,No,2015,0,East,0,0,1,Flat,0,,0,,0,Dark,774002,0,0,0,2,0,0,0,0,0,,0,0,Auckland Region,Nil,2-way,Sealed,0,0,1,0,50,0,On,0,0,,76,Auckland,Nil,0,0,0,1,0,0,Urban,0,0,0,Light rain,Null
1749787,5957171,412937,,506613,0,,0,3,,South,2014/2015,SH 1N,PUHOI ROAD,,Serious Crash,Yes,2014,,North,,0,,Flat,,,,,,Dark,147000,0,0,0,2,,,0,,,,,,Auckland Region,Nil,2-way,Sealed,,0,1,,100,,On,0,0,,76,Auckland,Unknown,,,,,0,0,Open,0,,,Heavy rain,Null
1758062,5914336,412940,,519300,1,,0,0,,North,2014/2015,MANUKAU ROAD,GOODLAND ST,,Serious Crash,No,2014,,North,,0,,Flat,,,,,,Bright sun,624500,0,0,0,4,,,0,,,,,,Auckland Region,Nil,2-way,Sealed,,0,1,,50,,Off,0,0,,76,Auckland,Nil,,,,,0,0,Urban,1,,,Fine,Null
1769904,5908045,413203,,523713,0,,0,1,,South,2013/2014,CHAPEL ROAD,STANCOMBE ROAD,,Fatal Crash,No,2014,,North,,1,,Flat,,,,,,Dark,712302,1,0,0,2,,,0,,,,,,Auckland Region,Nil,2-way,Sealed,,0,0,,60,,None,1,0,,76,Auckland,Nil,,,,,0,0,Urban,0,,,Fine,Null
1761261,5914562,413276,,520202,0,,0,0,,North,2014/2015,SH 1N,PENROSE INT N,,Serious Crash,Yes,2015,,South,,0,,Flat,,,,,,Bright sun,612100,0,0,1,3,,,0,,,,,,Auckland Region,Nil,1-way,Sealed,,0,1,,100,,Null,0,0,,76,Auckland,Unknown,,,,,0,0,Open,0,,,Fine,Null
1754417,5919873,413353,,515410,0,,0,0,,West,2013/2014,RICHMOND ROAD,WESTMORELAND ST WEST,,Serious Crash,No,2014,,North,,0,,Flat,,,,,,Bright sun,402200,0,0,0,2,,,0,,,1,,,Auckland Region,Nil,2-way,Sealed,,0,1,,50,,Off,0,0,,76,Auckland,Nil,,,,,1,0,Urban,0,,,Fine,Null
1755895,5916871,413428,,518201,0,,1,1,,North,2015/2016,DOMINION ROAD,MILTON ROAD,,Serious Crash,No,2015,,South,,0,,Flat,,,,,,Dark,549100,0,0,0,4,,,0,,,,,,Auckland Region,Nil,2-way,Sealed,,0,1,,50,,Off,0,0,,76,Auckland,Stop,,,,,0,0,Urban,0,,,Fine,Null
1731443,5926318,413457,,506652,0,,0,0,,Null,2015/2016,MURIWAI ROAD,SCHOOL ROAD,,Serious Crash,No,2015,,North,,0,,Hill Road,,,,,,Overcast,218602,0,0,0,2,,,0,,,,,,Auckland Region,Nil,2-way,Sealed,,0,1,,100,,Null,0,0,,76,Auckland,Give way,,,,,0,0,Open,1,,,Light rain,Null
1766382,5901188,413461,,524711,0,0,0,0,0,West,2013/2014,BURBANK AVENUE,DAGENHAM ST,,Serious Crash,No,2014,0,West,0,0,0,Flat,0,,0,,0,Dark,774802,0,0,0,2,0,0,0,0,1,,0,0,Auckland Region,Nil,2-way,Sealed,0,0,1,0,50,0,On,1,0,,76,Auckland,Nil,0,0,0,0,1,0,Urban,0,0,0,Fine,Null
1751291,5915034,413563,,514401,0,0,0,2,0,Null,2014/2015,ST JUDE ST,GEDDES TERRACE,,Serious Crash,No,2014,0,East,0,0,0,Hill Road,0,,0,,0,Bright sun,382800,1,0,1,2,0,0,0,0,0,,0,0,Auckland Region,Nil,2-way,Sealed,0,0,1,0,50,0,Off,0,0,,76,Auckland,Give way,0,0,0,0,0,0,Urban,0,1,0,Fine,Null
1766093,5907666,413791,,522301,0,0,0,2,0,South,2013/2014,SH 1N,OTARA ON NBD,,Fatal Crash,Yes,2014,0,South,0,1,0,Flat,1,,0,,0,Dark,666700,0,0,0,3,0,0,0,0,0,,0,0,Auckland Region,Nil,1-way,Sealed,0,0,1,0,100,0,On,0,0,,76,Auckland,Nil,0,0,0,0,0,0,Open,0,0,0,Light rain,Null
1772062,5893989,413812,,521201,0,0,0,0,0,Null,2015/2016,PARK ESTATE ROAD,PARK ESTATE OBR,,Serious Crash,No,2015,0,West,0,0,1,Hill Road,0,,0,,0,Dark,806800,0,0,1,2,0,0,0,0,0,,0,0,Auckland Region,Bridge,2-way,Sealed,0,0,1,0,70,0,None,0,0,,76,Auckland,Unknown,0,0,0,0,0,0,Urban,0,0,0,Fine,Null
1765023,5917048,413822,,517201,0,,0,1,,South,2015/2016,FELTON MATHEW AVENUE,FARMHOUSE LANE,,Serious Crash,No,2015,,North,,0,,Hill Road,,,,,,Dark,464200,0,0,0,2,,,0,,,1,,,Auckland Region,Nil,2-way,Sealed,,0,1,,50,,On,0,0,,76,Auckland,Nil,,,,,0,0,Urban,0,,,Fine,Null
1757970,5928741,413839,,507800,1,0,0,1,0,East,2014/2015,KITCHENER ROAD,SYLVAN PARK AVENUE,,Serious Crash,No,2015,0,West,0,0,0,Flat,0,,0,,0,Bright sun,309800,0,0,0,2,0,0,0,0,1,,0,0,Auckland Region,Nil,2-way,Sealed,0,0,1,0,50,0,Null,0,0,,76,Auckland,Nil,0,0,0,0,0,0,Urban,0,0,0,Fine,Null
1740740,5928663,413889,,505604,0,0,0,1,0,South,2014/2015,OLD NORTH ROAD,OLD RAILWAY ROAD,,Serious Crash,No,2014,0,North,1,0,0,Flat,0,,0,,0,Dark,214501,0,0,0,2,0,0,0,0,0,,0,0,Auckland Region,Nil,2-way,Sealed,0,0,2,0,80,0,On,0,0,,76,Auckland,Unknown,0,0,0,0,0,0,Open,0,0,0,Fine,Null
1763159,5912858,413945,,520500,0,,0,2,,North,2013/2014,SH 1N,MT WGTN OBR,,Serious Crash,Yes,2013,,South,,0,,Flat,,,,,,Bright sun,637400,0,0,0,3,,,0,,,,,,Auckland Region,Nil,1-way,Sealed,,0,1,,100,,Off,0,0,,76,Auckland,Nil,,,,,1,0,Open,1,,,Fine,Null
1724202,5942714,414070,,506642,0,0,0,0,1,South,2014/2015,EVANS ROAD,SOUTH HEAD ROAD,,Serious Crash,No,2014,0,South,0,0,0,Flat,0,,0,,0,Bright sun,210400,0,0,0,1,0,0,0,0,0,,0,0,Auckland Region,Nil,2-way,Unsealed,0,0,1,0,100,0,None,1,0,,76,Auckland,Nil,0,0,0,0,0,0,Open,0,0,0,Fine,Null
1753112,5934396,414122,,508704,0,0,0,1,0,North,2014/2015,SH 1N,MCCLYMONTS OBR,,Serious Crash,Yes,2014,0,South,0,0,0,Hill Road,0,,0,,1,Overcast,179116,0,0,0,3,0,0,0,0,0,,0,0,Auckland Region,Nil,1-way,Sealed,0,0,1,0,100,0,Null,0,0,,76,Auckland,Unknown,0,0,0,0,0,0,Open,0,0,0,Fine,Null
1766881,5903851,414164,,524604,0,,0,1,,Null,2014/2015,LAMBIE DRIVE,LAMBIE OFF WBD,,Serious Crash,No,2015,,South,,0,,Flat,,,,,,Overcast,780210,0,0,0,4,,,0,,,,,,Auckland Region,Motorway ramp,2-way,Sealed,,0,1,,50,,Null,0,0,,76,Auckland,Traffic Signals,,,,,0,0,Urban,1,,,Light rain,Null
1775205,5909697,414191,,523202,0,0,0,1,0,West,2014/2015,WHITFORD-MARAETAI ROAD,TRIG ROAD W,,Serious Crash,No,2015,0,North,0,0,0,Flat,0,,0,,0,Overcast,716401,0,0,0,2,0,0,0,0,0,,0,0,Auckland Region,Nil,2-way,Sealed,0,0,1,0,70,0,Null,0,0,,76,Auckland,Unknown,0,0,0,1,0,0,Urban,0,0,0,Heavy rain,Null
1755141,5933633,414245,,507300,0,,0,1,,South,2013/2014,BROWNS BAY ROAD,GANNET POINT,,Serious Crash,No,2013,,North,,0,,Hill Road,,,,,,Dark,155701,0,0,0,2,,,0,,,1,,,Auckland Region,Nil,2-way,Sealed,,0,1,,50,,On,0,0,,76,Auckland,Nil,,,,,0,0,Urban,0,,,Fine,Null
1758151,5915728,414378,,519300,0,,0,0,,Null,2013/2014,MANUKAU ROAD,KING EDWARD AVENUE,,Serious Crash,No,2014,,North,,0,,Flat,,,,,,Bright sun,622900,0,0,0,4,,,0,,,1,,,Auckland Region,Nil,2-way,Sealed,,0,1,,50,,Off,0,0,,76,Auckland,Give way,,,,,1,0,Urban,0,,,Fine,Null
1750613,5914600,414469,,514402,0,,0,1,,East,2013/2014,GREAT NORTH ROAD,PORTAGE ROAD,,Serious Crash,No,2014,,East,,0,,Hill Road,,,,,,Bright sun,381301,0,0,0,2,,,0,,,1,,,Auckland Region,Nil,2-way,Sealed,,0,1,,50,,Null,0,0,,76,Auckland,Unknown,,,,,0,0,Urban,0,,,Fine,Null
1750556,5940133,414525,,506003,0,0,0,1,0,South,2013/2014,EAST COAST ROAD,WORSNOP WAY,,Serious Crash,No,2014,0,North,0,0,0,Flat,1,,0,,0,Dark,175817,0,0,0,2,0,0,0,0,0,,0,0,Auckland Region,Nil,2-way,Sealed,0,0,1,0,100,0,None,0,0,,76,Auckland,Unknown,0,0,0,0,0,0,Open,0,0,0,Fine,Null
1755307,5913659,414555,,518803,0,0,0,1,1,Null,2014/2015,DENBIGH AVENUE,SOMERSET ROAD,,Serious Crash,No,2014,0,West,0,0,0,Flat,0,,0,,0,Dark,581600,0,0,0,2,0,0,0,0,0,,0,1,Auckland Region,Nil,2-way,Sealed,0,0,1,0,50,0,On,0,0,,76,Auckland,Give way,1,0,0,1,0,0,Urban,0,0,0,Fine,Null
1770545,5901517,414612,,523816,0,0,0,1,0,West,2014/2015,ALFRISTON ROAD,SENATOR DRIVE,,Serious Crash,No,2014,0,East,0,0,1,Flat,0,,0,,0,Dark,759715,0,0,0,2,0,0,0,0,0,,0,0,Auckland Region,Nil,2-way,Sealed,0,0,1,0,50,0,On,0,0,,76,Auckland,Nil,1,0,0,0,0,0,Urban,0,0,0,Fine,Null
1768488,5909142,414767,,523112,0,,0,2,,Null,2013/2014,SPRINGS ROAD,KERWYN AVENUE,,Serious Crash,No,2014,,North,,0,,Flat,,,,,,Overcast,711600,1,0,0,4,,,0,,,,,,Auckland Region,Nil,2-way,Sealed,,0,1,,60,,Null,1,0,,76,Auckland,Traffic Signals,,,,,0,0,Urban,1,,,Fine,Null
1766743,5905835,414815,,522302,1,,0,0,,East,2013/2014,GREAT SOUTH ROAD,ALLENBY ROAD,,Serious Crash,No,2014,,East,,0,,Flat,,,,,,Twilight,669300,0,0,0,2,,,0,,,,,,Auckland Region,Nil,2-way,Sealed,,0,1,,50,,Off,0,0,,76,Auckland,Nil,,,,,0,0,Urban,1,,,Fine,Null
1754282,5931108,414877,,508420,0,0,0,1,0,North,2014/2015,SH 1N,SUNSET OBR,,Fatal Crash,Yes,2014,0,North,0,1,0,Hill Road,1,,0,,0,Overcast,182001,0,0,0,2,0,0,0,0,0,,0,0,Auckland Region,Nil,2-way,Sealed,0,0,0,0,100,0,Null,0,0,,76,Auckland,Nil,0,0,0,0,0,0,Open,0,0,0,Fine,Strong wind
1754928,5929998,414967,,508420,0,,0,1,,West,2014/2015,SUNNYNOOK ROAD,LINK DRIVE,,Serious Crash,No,2015,,East,,0,,Hill Road,,,,,,Bright sun,183800,0,0,0,2,,,0,,,1,,,Auckland Region,Nil,2-way,Sealed,,0,1,,50,,Null,0,0,,76,Auckland,Unknown,,,,,0,0,Urban,0,,,Fine,Null
1764242,5912337,414977,,520500,0,,0,1,,South,2014/2015,SH 1N,MT WGTN OBR,,Serious Crash,Yes,2014,,North,,0,,Flat,,,,,,Bright sun,639500,0,0,1,3,,,0,,,,,,Auckland Region,Nil,1-way,Sealed,,0,1,,100,,Null,0,0,,76,Auckland,Unknown,,,,,0,0,Open,0,,,Fine,Null
1729883,5969254,414993,,506613,0,0,0,1,0,North,2014/2015,SH 16,OGLE ROAD,,Serious Crash,Yes,2015,0,South,0,0,0,Hill Road,0,,0,,0,Overcast,145200,1,0,0,2,0,0,0,0,0,,0,0,Auckland Region,Nil,2-way,Sealed,0,0,1,0,100,0,Null,0,0,,76,Auckland,Unknown,0,0,0,1,0,0,Open,0,0,0,Fine,Null
1745756,5920558,415052,,513301,0,,0,2,,Null,2014/2015,SH 16,LINCOLN ON EBD,,Serious Crash,Yes,2014,,South,,0,,Flat,,,,,,Dark,230200,1,0,0,4,,,0,,,,,,Auckland Region,Nil,2-way,Sealed,,0,1,,100,,On,0,0,,76,Auckland,Traffic Signals,,,,,0,0,Open,0,,,Fine,Null
1768490,5911664,415217,,523112,0,,0,1,,Null,2014/2015,TI RAKAU DRIVE,TRUGOOD DRIVE,,Serious Crash,No,2014,,West,,0,,Flat,,,,,,Twilight,711404,1,0,0,4,,,0,,,,,,Auckland Region,Nil,2-way,Sealed,,0,1,,50,,On,0,0,,76,Auckland,Traffic Signals,,,,,1,0,Urban,0,,,Fine,Null