X,Y,OBJECTID,advisorySpeed,areaUnitID,bicycle,bridge,bus,carStationWagon,cliffBank,crashDirectionDescription,crashFinancialYear,crashLocation1,crashLocation2,crashRoadSideRoad,crashSeverity,crashSHDescription,crashYear,debris,directionRoleDescription,ditch,fatalCount,fence,flatHill,guardRail,holiday,houseOrBuilding,intersection,kerb,light,meshblockId,minorInjuryCount,moped,motorcycle,NumberOfLanes,objectThrownOrDropped,otherObject,otherVehicleType,overBank,parkedVehicle,pedestrian,phoneBoxEtc,postOrPole,region,roadCharacter,roadLane,roadSurface,roadworks,schoolBus,seriousInjuryCount,slipOrFlood,speedLimit,strayAnimal,streetLight,suv,taxi,temporarySpeedLimit,tlaId,tlaName,trafficControl,trafficIsland,trafficSign,train,tree,truck,unknownVehicleType,urban,vanOrUtility,vehicle,waterRiver,weatherA,weatherB
1769445,5914605,415287,,522721,1,,0,1,,West,2014/2015,PAKURANGA ROAD,PIGEON MOUNTAIN ROAD,,Serious Crash,No,2014,,East,,0,,Hill Road,,,,,,Bright sun,680727,0,0,0,6,,,0,,,,,,Auckland Region,Nil,2-way,Sealed,,0,1,,50,,Null,0,0,,76,Auckland,Unknown,,,,,0,0,Urban,0,,,Fine,Null
1772814,5896180,415308,,525410,1,0,0,0,0,South,2014/2015,GREAT SOUTH ROAD,BROADWAY S,,Serious Crash,No,2015,0,North,0,0,0,Flat,0,,0,,0,Overcast,792100,0,0,0,2,0,0,0,0,1,,0,0,Auckland Region,Nil,2-way,Sealed,0,0,1,0,50,0,Null,0,0,,76,Auckland,Nil,0,0,0,0,1,0,Urban,0,0,0,Fine,Null
1748844,5917392,415351,,514801,0,,0,1,,South,2014/2015,ROSEBANK ROAD,TIMOTHY PLACE,,Serious Crash,No,2014,,South,,0,,Flat,,,,,,Bright sun,389300,1,0,0,2,,,0,,,,,,Auckland Region,Nil,2-way,Sealed,,0,1,,50,,Off,0,0,,76,Auckland,Nil,,,,,0,0,Urban,1,,,Fine,Null
1765858,5900547,415471,,524821,0,0,0,0,0,North,2014/2015,FROBISHER WAY,GLENNIS PLACE,,Serious Crash,No,2014,0,South,0,0,0,Flat,0,,0,,0,Dark,774405,0,0,0,2,0,0,0,0,0,,0,0,Auckland Region,Nil,2-way,Sealed,0,0,1,0,50,0,On,0,0,,76,Auckland,Nil,0,0,0,1,0,0,Urban,1,0,0,Fine,Null
1747291,5919660,415473,,512300,0,0,0,2,0,South,2014/2015,SH 16,TE ATATU ROAD,,Serious Crash,Yes,2014,0,North,0,0,0,Flat,1,,0,,0,Dark,252000,1,0,0,2,0,0,0,0,0,,0,0,Auckland Region,Nil,1-way,Sealed,0,0,1,0,100,0,On,0,0,80,76,Auckland,Unknown,0,0,0,0,0,0,Open,0,0,0,Fine,Null
1783926,5914076,415523,,525201,0,0,0,1,1,North,2013/2014,MARAETAI COAST ROAD,NORTH ROAD,,Serious Crash,No,2014,0,North,0,0,0,Hill Road,0,,0,,0,Overcast,762600,0,0,0,2,0,0,0,0,0,,0,0,Auckland Region,Nil,2-way,Sealed,0,0,1,0,100,0,Null,0,0,,76,Auckland,Nil,0,0,0,0,0,0,Open,0,0,0,Fine,Null
1755375,5921974,415632,,515202,0,0,0,0,0,North,2014/2015,SH 1N,SHELLY BEACH OBR,,Serious Crash,Yes,2014,0,North,0,0,0,Hill Road,1,,0,,0,Bright sun,423600,0,0,2,4,0,0,0,0,0,,0,0,Auckland Region,Nil,1-way,Sealed,0,0,2,0,80,0,Null,0,0,,76,Auckland,Nil,0,0,0,0,1,0,Open,0,0,0,Fine,Null
1756924,5927266,415647,,507900,0,,0,2,,South,2014/2015,TAHAROTO ROAD,NGAIO ST,,Serious Crash,No,2014,,North,,0,,Flat,,,,,,Overcast,304600,0,0,0,5,,,0,,,,,,Auckland Region,Nil,2-way,Sealed,,0,1,,50,,Null,1,0,,76,Auckland,Unknown,,,,,0,0,Urban,0,,,Fine,Null
1766141,5899344,415755,,524812,0,,0,2,,South,2014/2015,WEYMOUTH ROAD,HANAN PLACE,,Serious Crash,No,2014,,South,,0,,Flat,,,,,,Bright sun,774003,1,0,0,2,,,0,,,,,,Auckland Region,Nil,2-way,Sealed,,0,1,,50,,Off,0,0,,76,Auckland,Nil,,,,,0,0,Urban,0,,,Fine,Null
1764478,5912940,415833,,520500,0,0,0,1,0,Null,2014/2015,SOUTH-EASTERN HIGHWAY,CARBINE ROAD,,Serious Crash,No,2014,0,West,0,0,0,Flat,0,,0,,0,Dark,639100,0,0,0,5,0,0,0,0,0,,0,1,Auckland Region,Nil,2-way,Sealed,0,0,1,0,50,0,On,0,0,,76,Auckland,Traffic Signals,0,0,0,0,0,0,Urban,0,0,0,Fine,Null
1762271,5907061,415849,,524520,0,,0,2,,Null,2013/2014,MASSEY ROAD,BUCKLAND ROAD,,Serious Crash,No,2014,,North,,0,,Flat,,,,,,Bright sun,735200,0,0,0,4,,,0,,,,,,Auckland Region,Nil,2-way,Sealed,,0,1,,50,,Null,0,0,,76,Auckland,Traffic Signals,,,,,0,0,Urban,0,,,Fine,Null
1747280,5919581,415945,,512402,0,,0,0,,Null,2014/2015,TE ATATU ROAD,TE ATATU ON WBD,,Serious Crash,No,2014,,North,,0,,Flat,,,,,,Bright sun,253700,0,0,1,4,,,0,,,,,,Auckland Region,Bridge,2-way,Sealed,,0,1,,50,,Null,0,0,,76,Auckland,Traffic Signals,,,,,0,0,Urban,1,,,Fine,Null
1775008,5895900,415985,,525700,0,,0,0,,South,2014/2015,Z DWY 17 GALILEE AVE,IGLOO PLACE,,Serious Crash,No,2014,,East,,0,,Flat,,,,,,Bright sun,800309,0,0,0,0,,,0,,,1,,,Auckland Region,Nil,Off road,Sealed,,0,1,,50,,Null,0,0,,76,Auckland,Nil,,,,,0,0,Urban,1,,,Fine,Null
1740724,5983560,416036,,506660,0,0,0,0,0,Null,2013/2014,WHANGARIPO VALLEY ROAD,WAITEITEI ROAD,,Serious Crash,No,2014,0,North,1,0,0,Flat,0,,0,,0,Overcast,136301,0,0,1,2,0,0,0,0,0,,0,0,Auckland Region,Nil,2-way,Sealed,0,0,1,0,100,0,None,0,0,,76,Auckland,Give way,0,0,0,0,0,0,Open,0,0,0,Fine,Null
1780626,5926167,416263,,520801,0,,0,1,,East,2014/2015,HAMILTON ROAD,BLAKE ST,,Serious Crash,No,2014,,East,,0,,Flat,,,,,,Overcast,516603,2,0,0,2,,,0,,,,,,Auckland Region,Nil,2-way,Sealed,,0,1,,50,,Null,1,0,,76,Auckland,Unknown,,,,,0,0,Urban,0,,,Fine,Null
1748367,5935669,416303,55,506653,0,0,0,1,0,East,2013/2014,COATESVILLE-RIVERHEAD HIG,SCREEN ROAD,,Serious Crash,No,2014,0,South,1,0,0,Hill Road,0,,0,,0,Dark,217210,2,0,0,2,0,0,0,0,0,,0,0,Auckland Region,Nil,2-way,Sealed,0,0,1,0,80,0,None,0,0,,76,Auckland,Nil,0,0,0,0,0,0,Open,0,0,0,Heavy rain,Null
1753967,5928713,416345,,508320,1,,0,1,,Null,2013/2014,ONDINE PLACE,WELDENE AVENUE,,Serious Crash,No,2014,,West,,0,,Flat,,,,,,Overcast,197100,0,0,0,2,,,0,,,,,,Auckland Region,Nil,2-way,Sealed,,0,1,,50,,Null,0,0,,76,Auckland,Nil,,,,,0,0,Urban,0,,,Fine,Null
1770022,5914705,416388,,522722,0,,0,0,,West,2015/2016,PAKURANGA ROAD,HUTCHINSON ROAD,,Serious Crash,No,2015,,West,,0,,Flat,,,,,,Bright sun,681308,0,0,1,4,,,0,,,,,,Auckland Region,Nil,2-way,Sealed,,0,1,,60,,Null,0,0,,76,Auckland,Nil,,,,,0,0,Urban,1,,,Fine,Null
1745807,5920218,416516,,513301,1,,0,1,,Null,2013/2014,CENTRAL PARK DRIVE,TONY ST,,Serious Crash,No,2014,,East,,0,,Flat,,,,,,Dark,230301,0,0,0,2,,,0,,,,,,Auckland Region,Nil,2-way,Sealed,,0,1,,50,,On,0,0,,76,Auckland,Give way,,,,,0,0,Urban,0,,,Light rain,Null
1752957,5927070,416647,,508210,0,,0,1,,East,2014/2015,SEAVIEW ROAD,VALLEY VIEW ROAD,,Fatal Crash,No,2014,,West,,1,,Hill Road,,,,,,Dark,188002,0,0,0,2,,,0,,,,,,Auckland Region,Nil,2-way,Sealed,,0,0,,50,,On,0,0,,76,Auckland,Nil,,,,,0,0,Urban,0,,,Fine,Null
1764637,5911669,416713,,520500,0,1,0,1,0,East,2015/2016,PANAMA ROAD,HILLSIDE ROAD,,Serious Crash,No,2016,0,East,0,0,0,Flat,0,,0,,1,Dark,636200,0,0,0,2,0,0,0,0,0,,0,0,Auckland Region,Bridge,2-way,Sealed,0,0,1,0,50,0,On,0,0,,76,Auckland,Unknown,0,0,0,0,0,0,Urban,0,0,0,Fine,Null
1752779,5928735,416772,,508411,0,,0,0,,North,2016/2017,Z DRIVEWAY,BAYVIEW ROAD,,Serious Crash,No,2016,,North,,0,,Hill Road,,,,,,Overcast,184906,0,0,0,1,,,0,,,1,,,Auckland Region,Nil,Null,Sealed,,0,2,,50,,Off,0,0,,76,Auckland,Unknown,,,,,0,0,Urban,1,,,Fine,Null
1758106,5913543,416829,,518600,0,0,0,1,0,West,2016/2017,Z ROYD OAK MALL,MANUKAU ROAD,,Serious Crash,No,2016,0,East,0,0,0,Flat,0,,0,,0,Overcast,567300,0,0,0,0,0,0,0,0,0,,0,1,Auckland Region,Nil,Off road,Sealed,0,0,1,0,50,0,Off,0,0,,76,Auckland,Nil,1,0,0,0,0,0,Urban,0,0,0,Fine,Null
1753832,5926714,416902,,508220,0,0,0,2,0,South,2015/2016,GLENFIELD ROAD,CORONATION ROAD,,Serious Crash,No,2016,0,North,0,0,0,Flat,0,,0,,0,Bright sun,189400,0,0,0,2,0,0,0,0,1,,0,0,Auckland Region,Nil,2-way,Sealed,0,0,1,0,50,0,Null,0,0,,76,Auckland,Unknown,0,0,0,0,1,0,Urban,0,0,0,Fine,Null
1769621,5901749,416945,,523814,0,0,0,1,0,South,2015/2016,SH 1N,HILL OBR,,Serious Crash,Yes,2016,0,South,0,0,0,Hill Road,0,,0,,0,Dark,759507,0,0,0,3,0,0,0,0,0,,0,1,Auckland Region,Nil,1-way,Sealed,0,0,1,0,100,0,On,0,0,,76,Auckland,Unknown,0,0,0,0,0,0,Open,0,0,0,Light rain,Null
1765432,5917076,416947,,517001,1,,0,1,,Null,2015/2016,TANIWHA ST,BRADLEY LANE,,Serious Crash,No,2016,,East,,0,,Flat,,,,,,Bright sun,476000,0,0,0,1,,,0,,,,,,Auckland Region,Nil,1-way,Sealed,,0,1,,50,,Null,0,0,,76,Auckland,Give way,,,,,0,0,Urban,0,,,Fine,Null
1771058,5898250,416953,,523912,0,,0,1,,Null,2015/2016,GREAT SOUTH ROAD,BEACH ROAD,,Serious Crash,No,2016,,East,,0,,Flat,,,,,,Bright sun,767705,0,0,1,2,,,0,,,,,,Auckland Region,Nil,2-way,Sealed,,0,1,,50,,Null,0,0,,76,Auckland,Stop,,,,,0,0,Urban,0,,,Fine,Null
1759492,5918574,417089,,515901,0,,0,1,,West,2015/2016,SHORE ROAD,HAPUA ST,,Serious Crash,No,2016,,West,,0,,Flat,,,,,,Bright sun,456702,0,0,0,2,,,0,,,1,,,Auckland Region,Nil,2-way,Sealed,,0,1,,50,,Null,0,0,,76,Auckland,Unknown,,,,,0,0,Urban,0,,,Fine,Null
1767086,5903515,417143,,524602,0,,0,1,,Null,2014/2015,DRUCES ROAD,TREVOR HOSKEN DRIVE,,Serious Crash,No,2014,,South,,0,,Flat,,,,,,Dark,780411,0,0,0,2,,,0,,,1,,,Auckland Region,Nil,2-way,Sealed,,0,1,,50,,On,0,0,,76,Auckland,Give way,,,,,0,0,Urban,0,,,Fine,Null
1757626,5919848,417161,,514103,1,,1,0,,North,2014/2015,SYMONDS ST,WAKEFIELD ST,,Serious Crash,No,2014,,North,,0,,Flat,,,,,,Bright sun,436901,0,0,0,2,,,0,,,,,,Auckland Region,Nil,2-way,Sealed,,0,1,,50,,Null,0,0,,76,Auckland,Unknown,,,,,0,0,Urban,0,,,Fine,Null
1769910,5899366,417452,,523911,0,0,0,1,0,Null,2015/2016,GREAT SOUTH ROAD,SPARTAN ROAD,,Serious Crash,No,2016,0,East,0,0,0,Flat,0,,0,,0,Dark,766500,0,0,0,4,0,0,0,0,0,,0,0,Auckland Region,Nil,2-way,Sealed,0,0,1,0,70,0,On,0,0,,76,Auckland,Stop,1,1,0,0,0,0,Urban,0,0,0,Fine,Null
1748500,5961371,417490,,506613,0,,0,2,,South,2015/2016,SH 1N,SCHOLLUM ACCESS ROAD,,Fatal Crash,Yes,2016,,North,,1,,Hill Road,,,,,,Bright sun,147107,0,0,2,3,,,0,,,,,,Auckland Region,Nil,2-way,Sealed,,0,2,,100,,Null,0,0,,76,Auckland,Unknown,,,,,0,0,Open,0,,,Fine,Null
1756723,5920438,417582,,514102,0,,0,1,,Null,2015/2016,WELLESLEY ST WEST,SALE ST,,Serious Crash,No,2016,,East,,0,,Hill Road,,,,,,Bright sun,433700,0,0,1,2,,,0,,,,,,Auckland Region,Nil,2-way,Sealed,,0,1,,50,,Null,0,0,,76,Auckland,Nil,,,,,0,0,Urban,0,,,Fine,Null
1753608,5927003,417613,,508310,0,0,0,1,0,South,2015/2016,GLENFIELD ROAD,ROBERTS ROAD,,Serious Crash,No,2016,0,North,0,0,0,Hill Road,0,,0,,0,Dark,202400,0,0,1,2,0,0,0,0,1,,0,0,Auckland Region,Nil,2-way,Sealed,0,0,1,0,50,0,On,1,0,,76,Auckland,Nil,0,0,0,0,0,0,Urban,0,0,0,Fine,Null
1755388,5920500,417678,,515302,0,0,0,2,0,East,2015/2016,Z CARPARK,BAYARD ST,,Serious Crash,No,2016,0,North,0,0,0,Flat,0,,0,,0,Bright sun,430000,0,0,0,,0,1,0,0,1,,0,0,Auckland Region,Nil,Off road,Sealed,0,0,1,0,50,0,Null,0,0,,76,Auckland,Nil,0,0,0,0,0,0,Urban,0,0,0,Fine,Null
1762064,5906868,417817,,524520,0,,0,1,,Null,2015/2016,MASSEY ROAD,JOHN ST,,Serious Crash,No,2016,,North,,0,,Flat,,,,,,Dark,735400,4,0,0,2,,,0,,,,,,Auckland Region,Nil,2-way,Sealed,,0,2,,50,,On,0,0,,76,Auckland,Nil,,,,,0,0,Urban,1,,,Fine,Null
1758175,5913696,417848,,518600,0,,0,1,,Null,2016/2017,MANUKAU ROAD,RAURENGA AVENUE,,Serious Crash,No,2016,,North,,0,,Flat,,,,,,Dark,567300,0,0,1,2,,,0,,,,,,Auckland Region,Nil,2-way,Sealed,,0,1,,50,,On,0,0,,76,Auckland,Stop,,,,,0,0,Urban,0,,,Mist or Fog,Null
1752142,5933575,417861,,508701,0,,0,0,,Null,2015/2016,ALBANY EXPRESSWAY,UNIVERSITY AVENUE,,Serious Crash,No,2016,,North,,0,,Flat,,,,,,Twilight,178800,0,0,1,4,,,0,,,,,,Auckland Region,Nil,2-way,Sealed,,0,1,,80,,On,0,0,,76,Auckland,Traffic Signals,,,,,0,0,Open,0,,,Fine,Null
1761749,5906566,417878,,524112,0,,0,1,,Null,2016/2017,MASSEY ROAD,MASSEY OFF SBD,,Serious Crash,No,2016,,North,,0,,Flat,,,,,,Overcast,742300,0,0,0,5,,,0,,,,,,Auckland Region,Motorway ramp,2-way,Sealed,,0,2,,50,,Off,0,0,,76,Auckland,Traffic Signals,,,,,0,0,Urban,1,,,Fine,Null
1757327,5915582,417949,,515802,0,,0,1,,South,2015/2016,ST ANDREWS ROAD,MERIVALE AVENUE,,Serious Crash,No,2016,,North,,0,,Hill Road,,,,,,Bright sun,447700,0,0,1,2,,,0,,,,,,Auckland Region,Nil,2-way,Sealed,,0,1,,50,,Null,0,0,,76,Auckland,Unknown,,,,,0,0,Urban,0,,,Fine,Null
1760336,5903358,417975,,524200,0,0,0,1,0,Null,2016/2017,HAPE DRIVE,LAURENCE STEVENS DRIVE,,Serious Crash,No,2016,0,South,0,0,0,Flat,0,,0,,1,Overcast,727200,1,0,0,2,0,0,0,0,0,,0,0,Auckland Region,Nil,2-way,Sealed,0,0,1,0,50,0,Null,0,0,,76,Auckland,Give way,0,0,0,1,0,0,Urban,0,0,0,Light rain,Null
1757049,5917816,417985,,518101,1,,0,0,,Null,2016/2017,MOUNT EDEN ROAD,PUKA ST,,Serious Crash,No,2016,,North,,0,,Hill Road,,,,,,Dark,546200,0,0,0,2,,,0,,,,,,Auckland Region,Nil,2-way,Sealed,,0,1,,50,,On,0,0,,76,Auckland,Stop,,,,,0,0,Urban,1,,,Fine,Null
1746013,5926069,417994,,513410,0,,0,0,,Null,2014/2015,BRIGHAM CREEK ROAD,BRIGHAM ON EBD,,Serious Crash,No,2015,,West,,0,,Flat,,,,,,Bright sun,223801,0,0,1,2,,,0,,,,,,Auckland Region,Nil,2-way,Sealed,,0,1,,50,,Null,0,0,,76,Auckland,Give way,,,,,0,0,Urban,0,,,Fine,Null
1729605,5971329,418005,,506613,0,0,0,1,0,South,2015/2016,SH 16,NAUMAI ROAD,,Serious Crash,Yes,2016,0,South,0,0,0,Flat,0,,0,,0,Bright sun,145200,0,0,0,2,0,0,0,0,0,,0,1,Auckland Region,Nil,2-way,Sealed,0,0,1,0,100,0,Null,0,0,,76,Auckland,Unknown,0,0,0,0,0,0,Open,0,0,0,Fine,Null
1756123,5930258,418057,,508520,0,,0,0,,Null,2015/2016,FORREST HILL ROAD,BLAKEBOROUGH DRIVE,,Serious Crash,No,2016,,South,,0,,Hill Road,,,,,,Twilight,148802,0,0,0,3,,,0,,,1,,,Auckland Region,Nil,2-way,Sealed,,0,1,,50,,Off,0,0,,76,Auckland,Give way,,,,,0,0,Urban,1,,,Fine,Null
1764475,5912951,418111,,520500,0,0,0,1,0,Null,2015/2016,CARBINE ROAD,SOUTH-EASTERN HIGHWAY,,Serious Crash,No,2015,0,North,0,0,0,Flat,0,,0,,0,Dark,639100,0,0,0,2,0,0,0,0,0,,0,1,Auckland Region,Nil,2-way,Sealed,0,0,1,0,50,0,On,0,0,,76,Auckland,Traffic Signals,0,0,0,0,0,0,Urban,0,0,0,Fine,Null
1759064,5908921,418136,,524002,0,0,0,1,0,North,2015/2016,MOUNTAIN ROAD,PUTINI ROAD,,Serious Crash,No,2015,0,North,0,0,0,Flat,0,Christmas New Year,0,,0,Bright sun,724700,0,0,0,2,0,0,0,0,0,,0,1,Auckland Region,Nil,2-way,Sealed,0,0,1,0,50,0,Null,0,0,,76,Auckland,Unknown,0,0,0,0,0,0,Urban,0,0,0,Fine,Null
1756129,5875880,418198,,521152,0,0,0,0,0,East,2016/2017,WAIUKU ROAD,MASTERS ROAD,,Serious Crash,No,2016,0,West,0,0,1,Hill Road,0,,0,,0,Dark,832900,0,0,0,2,0,0,0,0,0,,0,1,Auckland Region,Nil,2-way,Sealed,0,0,1,0,100,0,None,0,0,,76,Auckland,Unknown,0,0,0,1,0,0,Open,1,0,0,Fine,Null
1786143,5925740,418275,,520801,0,,0,0,,South,2015/2016,VICTORIA ROAD SOUTH,HOBSON TERRACE,,Fatal Crash,No,2015,,East,,1,,Hill Road,,,,,,Bright sun,515707,0,0,0,2,,,1,,,,,,Auckland Region,Nil,2-way,Sealed,,0,0,,50,,Null,0,0,,76,Auckland,Nil,,,,,0,0,Urban,0,,,Fine,Null
1768440,5905340,418276,,523722,1,,0,1,,Null,2015/2016,TE IRIRANGI DRIVE,OTHELLO DRIVE,,Serious Crash,No,2015,,East,,0,,Flat,,,,,,Bright sun,715910,0,0,0,2,,,0,,,,,,Auckland Region,Nil,2-way,Sealed,,0,1,,60,,Off,0,0,,76,Auckland,Give way,,,,,0,0,Urban,0,,,Fine,Null
1745056,5923706,418281,,513521,0,,0,2,,Null,2016/2017,ELIZABETH DRIVE,MOIRE ROAD,,Serious Crash,No,2016,,East,,0,,Flat,,,,,,Bright sun,224215,0,0,0,2,,,0,,,,,,Auckland Region,Nil,2-way,Sealed,,0,1,,50,,Null,0,0,,76,Auckland,Give way,,,,,0,0,Urban,0,,,Fine,Null
1753916,5925311,418289,,510401,0,,0,1,,Null,2016/2017,BIRKENHEAD AVENUE,RECREATION DRIVE,,Serious Crash,No,2016,,North,,0,,Flat,,,,,,Overcast,354900,0,0,0,1,,,0,,,,,,Auckland Region,Nil,2-way,Sealed,,0,2,,50,,Null,0,0,,76,Auckland,Give way,,,,,1,0,Urban,0,,,Light rain,Null
1769855,5907851,418309,,523713,0,,0,3,,South,2015/2016,CHAPEL ROAD,STANCOMBE ROAD,,Serious Crash,No,2016,,South,,0,,Flat,,,,,,Overcast,712302,1,0,0,2,,,0,,,,,,Auckland Region,Nil,2-way,Sealed,,0,1,,60,,Null,0,0,,76,Auckland,Unknown,,,,,0,0,Urban,0,,,Light rain,Null
1743011,5922373,418317,,513610,0,0,0,1,0,North,2015/2016,DON BUCK ROAD,TRIANGLE ROAD,,Serious Crash,No,2016,0,North,0,0,1,Flat,0,,0,,0,Bright sun,226505,0,0,0,2,0,0,0,0,0,1,0,0,Auckland Region,Nil,2-way,Sealed,0,0,1,0,50,0,Null,0,0,,76,Auckland,Unknown,0,0,0,0,0,0,Urban,0,0,0,Fine,Null
1770336,5898027,418360,,523920,0,,0,0,,North,2015/2016,SH 1N,PAHUREHURE NO 1 BR,,Fatal Crash,Yes,2016,,North,,1,,Flat,,,,,,Overcast,767919,0,0,1,2,,,0,,,,,,Auckland Region,Nil,1-way,Sealed,,0,0,,100,,Off,0,0,80,76,Auckland,Unknown,,,,,1,0,Open,0,,,Fine,Null
1761143,5885119,418398,,521122,0,,0,0,,East,2015/2016,GLENBROOK ROAD,KINGSEAT ROAD,,Serious Crash,No,2015,,East,,0,,Flat,,,,,,Overcast,810904,0,0,2,2,,,0,,,,,,Auckland Region,Nil,2-way,Sealed,,0,1,,100,,Off,0,0,,76,Auckland,Unknown,,,,,0,0,Open,0,,,Fine,Null
1759412,5916214,418426,,519200,0,,0,2,,Null,2015/2016,GREAT SOUTH ROAD,OTAHURI CRESCENT N,,Serious Crash,No,2015,,South,,0,,Flat,,,,,,Overcast,615900,0,0,0,2,,,0,,,,,,Auckland Region,Nil,2-way,Sealed,,0,1,,50,,Null,0,0,,76,Auckland,Stop,,,,,0,0,Urban,1,,,Light rain,Null
1768699,5905220,418470,,523722,0,,0,1,,South,2014/2015,HOLLYFORD DRIVE,TE IRIRANGI DRIVE,,Serious Crash,No,2015,,South,,0,,Hill Road,,,,,,Bright sun,716007,0,0,0,3,,,0,,,1,,,Auckland Region,Nil,2-way,Sealed,,0,1,,50,,Off,0,0,,76,Auckland,Nil,,,,,0,0,Urban,0,,,Fine,Null
1763900,5912488,418507,,520500,0,,0,2,,Null,2015/2016,MOUNT WELLINGTON HIGHWAY,MT WGTN OFF NBD,,Serious Crash,No,2015,,North,,0,,Flat,,,,,,Dark,637300,2,0,0,4,,,0,,,,,,Auckland Region,Motorway ramp,2-way,Sealed,,0,2,,50,,On,0,0,,76,Auckland,Traffic Signals,,,,,0,0,Urban,0,,,Fine,Null
1763605,5908804,418543,,521901,0,0,0,2,0,West,2016/2017,MANGERE ROAD,GOLF AVENUE,,Fatal Crash,No,2016,0,North,0,1,1,Flat,0,,0,,0,Bright sun,786100,0,0,0,4,0,0,0,0,0,,0,0,Auckland Region,Nil,2-way,Sealed,0,0,0,0,50,0,Null,0,0,,76,Auckland,Nil,0,0,0,0,0,0,Urban,0,0,0,Fine,Null
1761303,5914460,418555,,520202,0,0,0,3,1,North,2016/2017,SH 1N,PENROSE INT N,,Serious Crash,Yes,2016,0,South,0,0,0,Flat,1,,0,,0,Overcast,612501,0,0,0,3,0,0,0,0,0,,0,0,Auckland Region,Nil,1-way,Sealed,0,0,1,0,100,0,Null,1,0,,76,Auckland,Unknown,0,0,0,0,0,0,Open,0,0,0,Light rain,Strong wind
1763813,5910220,418566,,521901,0,,0,0,,North,2016/2017,GREAT SOUTH ROAD,ALBION ROAD,,Serious Crash,No,2016,,South,,0,,Flat,,,,,,Bright sun,782000,0,0,1,2,,,0,,,,,,Auckland Region,Nil,2-way,Sealed,,0,1,,50,,Null,1,0,,76,Auckland,Unknown,,,,,0,0,Urban,0,,,Fine,Null
1758329,5918379,418587,,517400,0,,0,1,,Null,2015/2016,KHYBER PASS ROAD,KINGDON ST,,Serious Crash,No,2016,,East,,0,,Flat,,,,,,Dark,451000,0,1,0,4,,,0,,,,,,Auckland Region,Nil,2-way,Sealed,,0,1,,50,,On,0,0,,76,Auckland,Stop,,,,,0,0,Urban,0,,,Light rain,Null
1764675,5919708,418607,,516602,1,,0,1,,Null,2015/2016,ALLUM ST,MELANESIA ROAD,,Serious Crash,No,2016,,East,,0,,Flat,,,,,,Twilight,504601,0,0,0,2,,,0,,,,,,Auckland Region,Nil,2-way,Sealed,,0,1,,50,,Off,0,0,,76,Auckland,Stop,,,,,0,0,Urban,0,,,Mist or Fog,Null
1770063,5910436,418611,,523113,0,0,0,1,0,North,2015/2016,TE IRIRANGI DRIVE,KELLAWAY DRIVE,,Serious Crash,No,2015,0,North,0,0,0,Flat,0,,0,,0,Overcast,711742,0,0,0,4,0,0,0,0,0,,0,0,Auckland Region,Nil,2-way,Sealed,0,0,1,0,80,0,Null,0,0,,76,Auckland,Unknown,0,0,0,1,0,0,Open,0,0,0,Fine,Null
1761055,5911864,418656,,520000,0,,0,1,,Null,2015/2016,NEILSON ST,EDINBURGH ST,,Serious Crash,No,2016,,East,,0,,Flat,,Easter,,,,Overcast,608000,0,0,1,2,,,0,,,,,,Auckland Region,Nil,2-way,Sealed,,0,1,,50,,Null,0,0,,76,Auckland,Nil,,,,,0,0,Urban,0,,,Light rain,Null
1758110,5920471,418660,,514103,0,,0,0,,North,2015/2016,ANZAC AVENUE,PARLIAMENT ST,,Serious Crash,No,2016,,North,,0,,Flat,,,,,,Bright sun,438406,0,0,1,4,,,0,,,,,,Auckland Region,Nil,2-way,Sealed,,0,1,,50,,Null,1,0,,76,Auckland,Unknown,,,,,0,0,Urban,0,,,Fine,Null
1760298,5908594,418737,,524403,0,,0,1,,South,2016/2017,HARRIET ST,TILBERG ST,,Serious Crash,No,2016,,South,,0,,Flat,,,,,,Bright sun,729902,0,0,0,1,,,0,,,1,,,Auckland Region,Nil,1-way,Sealed,,0,1,,50,,Null,0,0,,76,Auckland,Unknown,,,,,0,0,Urban,0,,,Fine,Null
1758713,5919712,418787,,515902,1,,0,1,,Null,2016/2017,PARNELL ROAD,GIBRALTAR CRESCENT,,Serious Crash,No,2016,,North,,0,,Flat,,,,,,Overcast,452600,0,0,0,2,,,0,,,,,,Auckland Region,Nil,2-way,Sealed,,0,1,,50,,Null,0,0,,76,Auckland,Stop,,,,,0,0,Urban,0,,,Fine,Null
1769840,5912921,418802,,522722,0,,0,1,,West,2015/2016,CASCADES ROAD,AVIEMORE DRIVE,,Serious Crash,No,2015,,West,,0,,Flat,,,,,,Dark,681334,1,0,0,2,,,0,,,,,,Auckland Region,Nil,2-way,Sealed,,0,1,,60,,On,0,0,,76,Auckland,Unknown,,,,,0,0,Urban,1,,,Light rain,Null
1753956,5912009,418838,,519001,0,,0,0,,West,2014/2015,STRANOLAR DRIVE,CULDAFF PLACE,,Serious Crash,No,2015,,East,,0,,Hill Road,,,,,,Bright sun,589001,0,0,0,2,,,0,,,1,,,Auckland Region,Nil,2-way,Sealed,,0,1,,50,,Null,0,0,,76,Auckland,Nil,,,,,0,0,Urban,1,,,Fine,Null