X,Y,OBJECTID,advisorySpeed,areaUnitID,bicycle,bridge,bus,carStationWagon,cliffBank,crashDirectionDescription,crashFinancialYear,crashLocation1,crashLocation2,crashRoadSideRoad,crashSeverity,crashSHDescription,crashYear,debris,directionRoleDescription,ditch,fatalCount,fence,flatHill,guardRail,holiday,houseOrBuilding,intersection,kerb,light,meshblockId,minorInjuryCount,moped,motorcycle,NumberOfLanes,objectThrownOrDropped,otherObject,otherVehicleType,overBank,parkedVehicle,pedestrian,phoneBoxEtc,postOrPole,region,roadCharacter,roadLane,roadSurface,roadworks,schoolBus,seriousInjuryCount,slipOrFlood,speedLimit,strayAnimal,streetLight,suv,taxi,temporarySpeedLimit,tlaId,tlaName,trafficControl,trafficIsland,trafficSign,train,tree,truck,unknownVehicleType,urban,vanOrUtility,vehicle,waterRiver,weatherA,weatherB
1764336,5917704,426594,,517201,0,0,0,2,0,South,2017/2018,ST JOHNS ROAD,GOWING DRIVE,,Serious Crash,No,2018,0,South,0,0,0,Flat,0,,0,,0,Bright sun,464300,0,0,0,2,0,0,0,0,1,,0,0,Auckland Region,Nil,2-way,Sealed,0,0,1,0,50,0,Null,0,0,,76,Auckland,Unknown,0,0,0,0,0,0,Urban,0,0,0,Fine,Null
1767118,5901682,426664,,524720,0,0,0,1,0,West,2017/2018,GLOUCESTER ROAD,BERKELEY ROAD,,Serious Crash,No,2017,0,West,0,0,0,Flat,0,,0,,0,Dark,778700,0,0,0,2,0,0,0,0,0,,0,1,Auckland Region,Nil,2-way,Sealed,0,0,1,0,50,0,On,0,0,,76,Auckland,Unknown,0,0,0,0,0,0,Urban,0,0,0,Fine,Null
1758257,5927626,426676,,508010,1,,0,1,,South,2016/2017,HURSTMERE ROAD,THE PROMENADE,,Serious Crash,No,2017,,North,,0,,Flat,,,,,,Twilight,326700,0,0,0,2,,,0,,,,,,Auckland Region,Nil,2-way,Sealed,,0,1,,50,,None,0,0,,76,Auckland,Unknown,,,,,0,0,Urban,0,,,Heavy rain,Null
1764133,5904315,426677,,522100,0,,0,2,,Null,2017/2018,PUHINUI ROAD,PUHINUI ON SBD,,Serious Crash,Yes,2017,,South,,0,,Flat,,,,,,Dark,659100,4,0,0,2,,,0,,,,,,Auckland Region,Motorway ramp,1-way,Sealed,,0,2,,50,,On,0,0,,76,Auckland,Traffic Signals,,,,,0,0,Urban,0,,,Fine,Null
1741207,5915146,426706,,513020,0,,0,2,,North,2017/2018,HENDERSON VALLEY ROAD,GUM ROAD,,Serious Crash,No,2017,,East,,0,,Hill Road,,,,,,Overcast,280000,1,0,0,2,,,0,,,,,,Auckland Region,Nil,2-way,Sealed,,0,1,,50,,Null,0,0,,76,Auckland,Unknown,,,,,0,0,Urban,0,,,Light rain,Null
1765581,5904903,426714,,524603,0,0,0,1,0,East,2016/2017,PUHINUI ROAD,RANFURLY ROAD,,Serious Crash,No,2017,0,West,0,0,0,Flat,0,,0,,0,Dark,673402,0,0,0,2,0,0,0,0,0,,0,1,Auckland Region,Nil,2-way,Sealed,0,0,1,0,50,0,On,0,0,,76,Auckland,Unknown,0,0,0,0,0,0,Urban,0,0,0,Fine,Null
1759574,5907392,426774,,524122,0,,0,0,,West,2017/2018,IDLEWILD AVENUE,ORVILLE PLACE,,Fatal Crash,No,2018,,West,,1,,Flat,,,,,,Overcast,738300,0,0,0,2,,,0,,,1,,,Auckland Region,Nil,2-way,Sealed,,0,0,,50,,Null,0,0,,76,Auckland,Unknown,,,,,0,0,Urban,1,,,Fine,Null
1755854,5916724,426802,,518201,0,,0,1,,Null,2018/2019,HERBERT ROAD,DOMINION ROAD,,Serious Crash,No,2018,,South,,0,,Flat,,,,,,Overcast,549200,0,1,0,4,,,0,,,,,,Auckland Region,Nil,2-way,Sealed,,0,1,,50,,Null,0,0,,76,Auckland,Stop,,,,,0,0,Urban,0,,,Fine,Strong wind
1755219,5920872,426806,,515202,0,,0,1,,West,2016/2017,JERVOIS ROAD,SHELLY BEACH ROAD,,Serious Crash,No,2017,,South,,0,,Flat,,,,,,Bright sun,424500,0,0,1,5,,,0,,,,,,Auckland Region,Nil,2-way,Sealed,,0,1,,50,,Null,0,0,,76,Auckland,Unknown,,,,,0,0,Urban,0,,,Fine,Null
1765609,5917987,426889,,516900,0,0,0,3,0,West,2018/2019,WEST TAMAKI ROAD,LINE ROAD,,Serious Crash,No,2018,0,East,0,0,0,Flat,0,,0,,0,Overcast,466003,0,0,0,2,0,0,0,0,3,,0,0,Auckland Region,Nil,2-way,Sealed,0,0,1,0,50,0,Null,0,0,,76,Auckland,Unknown,0,0,0,0,0,0,Urban,1,0,0,Fine,Null
1766442,5906483,426969,,522302,0,0,0,1,0,East,2017/2018,TUI ROAD,FRASER ROAD,,Serious Crash,No,2017,0,East,0,0,0,Flat,0,,0,,0,Dark,668901,0,0,0,2,0,0,0,0,0,,0,1,Auckland Region,Nil,2-way,Sealed,0,0,1,0,50,0,On,0,0,,76,Auckland,Unknown,0,0,0,0,0,0,Urban,0,0,0,Fine,Null
1756134,5934851,426997,,507200,0,,0,0,,South,2017/2018,MIRWILL ROAD,BEECHWOOD ROAD,,Serious Crash,No,2017,,East,,0,,Flat,,,,,,Bright sun,157800,0,0,0,2,,,0,,,1,,,Auckland Region,Nil,2-way,Sealed,,0,1,,50,,Null,0,0,,76,Auckland,Nil,,,,,0,0,Urban,1,,,Fine,Null
1755983,5920521,427050,,514000,1,,0,1,,Null,2017/2018,CASCADE ST,COLLEGE HILL,,Serious Crash,No,2018,,East,,0,,Hill Road,,,,,,Bright sun,416000,0,0,0,2,,,0,,,,,,Auckland Region,Nil,1-way,Sealed,,0,1,,50,,Null,0,0,,76,Auckland,Stop,,,,,0,0,Urban,0,,,Fine,Null
1755551,5935810,427094,,507000,0,,0,1,,West,2016/2017,CARLISLE ROAD,WOODLANDS CRESCENT,,Serious Crash,No,2017,,East,,0,,Flat,,,,,,Overcast,163300,0,0,0,2,,,0,,,1,,,Auckland Region,Nil,2-way,Sealed,,0,1,,50,,Null,0,0,,76,Auckland,Unknown,,,,,0,0,Urban,0,,,Fine,Null
1763716,5913456,427170,,520402,0,0,0,1,0,North,2017/2018,MOUNT WELLINGTON HIGHWAY,HAMLIN ROAD,,Serious Crash,No,2018,0,South,0,0,0,Flat,0,,0,,0,Dark,640300,2,0,0,4,0,0,0,0,0,,0,1,Auckland Region,Nil,2-way,Sealed,0,0,1,0,50,0,On,0,0,,76,Auckland,Unknown,0,0,0,0,0,0,Urban,0,0,0,Fine,Null
1773135,5896434,427251,,525410,0,,0,1,,Null,2017/2018,PRICTOR ST,CLEVEDON ROAD,,Serious Crash,No,2017,,West,,0,,Hill Road,,,,,,Bright sun,793100,0,0,0,2,,,0,,,1,,,Auckland Region,Nil,2-way,Sealed,,0,1,,50,,Off,0,0,,76,Auckland,Give way,,,,,0,0,Urban,0,,,Fine,Null
1753559,5927929,427283,,508210,0,0,1,1,0,Null,2016/2017,GLENFIELD ROAD,KAIPATIKI ROAD,,Serious Crash,No,2017,0,West,0,0,0,Flat,0,,0,,0,Overcast,186500,0,0,0,2,0,0,0,0,1,2,0,0,Auckland Region,Nil,2-way,Sealed,0,0,2,0,50,0,Null,0,0,,76,Auckland,Nil,0,0,0,0,0,0,Urban,0,0,0,Fine,Null
1757166,5920505,427373,,514102,0,,0,1,,East,2018/2019,VICTORIA ST WEST,FEDERAL ST,,Serious Crash,No,2018,,West,,0,,Hill Road,,,,,,Bright sun,433401,0,0,0,2,,,0,,,1,,,Auckland Region,Nil,2-way,Sealed,,0,1,,50,,Null,0,0,,76,Auckland,Traffic Signals,,,,,0,0,Urban,0,,,Fine,Null
1747749,5969564,427419,,505500,0,,0,2,,Null,2017/2018,WOODCOCKS ROAD,MANSEL DRIVE,,Serious Crash,No,2017,,East,,0,,Hill Road,,,,,,Bright sun,146002,2,0,0,2,,,0,,,,,,Auckland Region,Nil,2-way,Sealed,,0,1,,50,,Null,0,0,,76,Auckland,Give way,,,,,0,0,Urban,0,,,Fine,Null
1767265,5907649,427425,,523501,0,,0,1,,West,2016/2017,EAST TAMAKI ROAD,FERGUSON ROAD,,Serious Crash,No,2017,,East,,0,,Hill Road,,,,,,Overcast,700602,0,0,0,4,,,0,,,1,,,Auckland Region,Nil,2-way,Sealed,,0,1,,60,,Null,0,0,,76,Auckland,Unknown,,,,,0,0,Urban,0,,,Light rain,Null
1761475,5912119,427440,,519500,0,0,0,2,0,South,2016/2017,Z CAR PARK,NEILSON ST,,Serious Crash,No,2017,0,North,0,0,0,Flat,0,Easter,0,,0,Dark,622400,0,0,0,,0,0,0,0,1,,0,0,Auckland Region,Nil,Off road,Sealed,0,0,1,0,50,0,On,0,0,,76,Auckland,Unknown,0,0,0,1,0,0,Urban,0,0,0,Light rain,Null
1758906,5918239,427531,,516101,0,,0,1,,East,2017/2018,MIDDLETON ROAD,ADA ST,,Serious Crash,No,2018,,South,,0,,Hill Road,,Easter,,,,Bright sun,481400,1,0,0,2,,,0,,,,,,Auckland Region,Nil,2-way,Sealed,,0,1,,50,,Null,1,0,,76,Auckland,Unknown,,,,,0,0,Urban,0,,,Fine,Null
1754048,5917153,427590,,517600,0,,0,0,,South,2017/2018,ST LUKES ROAD,NEW NORTH ROAD,,Fatal Crash,No,2018,,North,,1,,Flat,,,,,,Bright sun,534900,0,0,0,4,,,0,,,1,,,Auckland Region,Nil,2-way,Sealed,,0,0,,50,,Null,0,0,,76,Auckland,Unknown,,,,,1,0,Urban,0,,,Fine,Null
1759374,5925774,427612,,508020,1,,0,1,,Null,2016/2017,LAKE ROAD,ST LEONARDS ROAD,,Serious Crash,No,2017,,South,,0,,Hill Road,,,,,,Bright sun,321900,0,0,0,2,,,0,,,,,,Auckland Region,Nil,2-way,Sealed,,0,1,,50,,Null,0,0,,76,Auckland,Stop,,,,,0,0,Urban,0,,,Fine,Null
1766221,5899443,427711,,524812,1,,0,1,,South,2017/2018,WEYMOUTH ROAD,DAMIAN WAY,,Serious Crash,No,2017,,South,,0,,Flat,,Christmas New Year,,,,Overcast,774003,0,0,0,2,,,0,,,,,,Auckland Region,Nil,2-way,Sealed,,0,1,,50,,Null,0,0,,76,Auckland,Nil,,,,,0,0,Urban,0,,,Fine,Null
1748226,5961137,427749,35,506613,0,0,0,0,0,South,2017/2018,SH 1N,SCHOLLUM ACCESS ROAD,,Serious Crash,Yes,2017,0,South,0,0,0,Hill Road,1,,0,,0,Bright sun,147107,1,0,0,2,0,0,0,0,0,,0,0,Auckland Region,Nil,2-way,Sealed,0,0,1,0,100,0,Null,0,0,,76,Auckland,Unknown,0,0,0,0,1,0,Open,1,0,0,Fine,Null
1758087,5944881,427788,,505902,0,0,0,1,0,West,2016/2017,WHANGAPARAOA ROAD,TIRI ROAD,,Serious Crash,No,2017,0,East,0,0,0,Flat,0,Easter,0,,0,Dark,174405,0,0,1,2,0,0,0,0,1,,0,0,Auckland Region,Nil,2-way,Sealed,0,0,1,0,50,0,On,0,0,,76,Auckland,Unknown,0,0,0,0,0,0,Urban,0,0,0,Fine,Null
1743192,5922656,427823,,513511,0,0,0,0,0,Null,2018/2019,DON BUCK ROAD,ROYAL ROAD,,Serious Crash,No,2018,0,South,0,0,0,Hill Road,0,,0,,0,Dark,224305,0,0,0,2,0,0,0,0,0,,0,1,Auckland Region,Nil,2-way,Sealed,0,0,1,0,50,0,On,0,0,,76,Auckland,Give way,0,0,0,0,0,0,Urban,1,0,0,Fine,Null
1756894,5919452,427891,,514200,0,,0,1,,Null,2016/2017,KARANGAHAPE ROAD,ST KEVINS ARCADE,,Serious Crash,No,2017,,West,,0,,Flat,,,,,,Bright sun,412200,0,0,0,4,,,0,,,1,,,Auckland Region,Nil,2-way,Sealed,,0,1,,50,,Null,0,0,,76,Auckland,Nil,,,,,0,0,Urban,0,,,Fine,Null
1766249,5914914,427902,,520601,0,0,0,0,0,South,2017/2018,DUNKIRK ROAD,ALAMEIN ROAD,,Serious Crash,No,2017,0,North,0,0,0,Flat,0,,0,,0,Bright sun,632600,0,0,1,2,0,0,0,0,1,,0,0,Auckland Region,Nil,2-way,Sealed,0,0,1,0,50,0,Null,0,0,,76,Auckland,Unknown,0,0,0,0,0,0,Urban,0,0,0,Fine,Null
1770856,5900823,427963,,523816,0,,0,0,,East,2016/2017,NERISSA PLACE,FOXLAW ST,,Serious Crash,No,2017,,West,,0,,Flat,,,,,,Bright sun,759730,0,0,0,2,,,0,,,1,,,Auckland Region,Nil,2-way,Sealed,,0,1,,50,,Null,0,0,,76,Auckland,Unknown,,,,,0,0,Urban,1,,,Fine,Null
1742031,5948636,428046,,506614,0,0,0,1,0,West,2016/2017,HARURU ROAD,WERANUI ROAD,,Serious Crash,No,2017,0,East,0,0,0,Hill Road,0,,0,,0,Dark,177000,0,0,0,2,0,0,0,0,0,,0,1,Auckland Region,Nil,2-way,Sealed,0,0,1,0,100,0,None,0,0,,76,Auckland,Unknown,0,1,0,1,0,0,Open,0,0,0,Fine,Null
1748323,5961841,428086,,506613,0,0,0,3,0,North,2017/2018,SH 1N,SCHOLLUM ACCESS ROAD,,Serious Crash,Yes,2017,0,North,0,0,0,Hill Road,1,,0,,0,Overcast,146800,0,0,0,3,0,0,0,0,0,,0,0,Auckland Region,Nil,2-way,Sealed,0,0,2,0,100,0,Null,0,0,,76,Auckland,Unknown,0,0,0,0,0,0,Open,0,0,0,Light rain,Null
1771031,5903877,428229,,523819,0,,0,2,,North,2017/2018,REDOUBT ROAD,MILL ROAD,,Serious Crash,No,2017,,West,,0,,Hill Road,,,,,,Bright sun,760500,0,0,0,2,,,0,,,,,,Auckland Region,Nil,2-way,Sealed,,0,1,,80,,Null,0,0,,76,Auckland,Unknown,,,,,0,0,Open,0,,,Fine,Null
1761759,5906577,428235,,524520,0,,0,2,,North,2016/2017,MASSEY ROAD,MASSEY ON SBD,,Serious Crash,No,2017,,South,,0,,Flat,,,,,,Overcast,736300,0,0,0,4,,,0,,,,,,Auckland Region,Nil,2-way,Sealed,,0,1,,50,,Null,0,0,30,76,Auckland,Unknown,,,,,1,0,Urban,0,,,Light rain,Strong wind
1754124,5919522,428282,,515100,0,,0,1,,Null,2017/2018,WARNOCK ST,MAXWELL AVENUE,,Serious Crash,No,2017,,South,,0,,Hill Road,,,,,,Overcast,398400,0,1,0,2,,,0,,,,,,Auckland Region,Nil,2-way,Sealed,,0,1,,50,,Null,0,0,,76,Auckland,Nil,,,,,0,0,Urban,0,,,Fine,Null
1757049,5931881,428296,,507500,0,,1,0,,West,2016/2017,BEACH ROAD,THE ESPLANADE,,Serious Crash,No,2017,,West,,0,,Hill Road,,,,,,Bright sun,149000,0,0,0,2,,,0,,,1,,,Auckland Region,Nil,2-way,Sealed,,0,1,,50,,Null,0,0,,76,Auckland,Unknown,,,,,0,0,Urban,0,,,Fine,Null
1751380,5877316,428420,75,521151,0,,0,1,,North,2017/2018,AWHITU ROAD,MARAE O REHIA ROAD,,Serious Crash,No,2018,,South,,0,,Flat,,,,,,Overcast,831200,3,0,0,2,,,0,,,,,,Auckland Region,Nil,2-way,Sealed,,0,2,,100,,Null,0,0,,76,Auckland,Unknown,,,,,0,0,Open,1,,,Heavy rain,Null
1765207,5906216,428421,,522202,0,,0,1,,Null,2017/2018,KOLMAR ROAD,WILMAY AVENUE,,Serious Crash,No,2018,,West,,0,,Flat,,,,,,Bright sun,663800,0,0,1,2,,,0,,,,,,Auckland Region,Nil,2-way,Sealed,,0,1,,50,,Null,0,0,,76,Auckland,Give way,,,,,0,0,Urban,0,,,Fine,Null
1748783,5937039,428538,,506300,0,0,0,1,1,Null,2017/2018,DAIRY FLAT HIGHWAY,POTTER ROAD,,Serious Crash,No,2017,0,South,0,0,0,Hill Road,0,,0,,0,Overcast,176004,0,0,0,3,0,0,0,0,0,,0,0,Auckland Region,Nil,2-way,Sealed,0,0,1,0,100,0,Null,0,0,,76,Auckland,Nil,0,0,0,0,0,0,Open,0,0,0,Light rain,Null
1768248,5903745,428603,,523820,0,0,0,1,0,South,2017/2018,SH 1N,LINK 1N SBD OBR,,Serious Crash,Yes,2017,0,South,0,0,0,Hill Road,1,,0,,0,Bright sun,760142,0,0,0,3,0,0,0,0,0,,0,0,Auckland Region,Nil,1-way,Sealed,0,0,1,0,100,0,Null,0,0,,76,Auckland,Unknown,0,0,0,0,0,0,Open,0,0,0,Fine,Null
1739614,5918968,428660,,513702,0,,0,0,,Null,2016/2017,SCENIC DRIVE,WAITAKERE ROAD,,Serious Crash,No,2017,,East,,0,,Hill Road,,,,,,Overcast,237100,0,1,0,2,,,0,,,,,,Auckland Region,Nil,2-way,Sealed,,0,1,,70,,Null,0,0,,76,Auckland,Give way,,,,,0,0,Urban,1,,,Fine,Null
1758561,5919959,428956,,515902,0,,0,1,,West,2016/2017,HEATHER ST,PARNELL ROAD,,Serious Crash,No,2017,,West,,0,,Flat,,,,,,Twilight,452400,0,0,0,2,,,0,,,1,,,Auckland Region,Nil,2-way,Sealed,,0,1,,50,,On,0,0,,76,Auckland,Unknown,,,,,0,0,Urban,0,,,Fine,Null
1770740,5897245,428980,,523912,0,,0,0,,South,2017/2018,SH 1N,PAHUREHURE NO 1 BR,,Serious Crash,Yes,2018,,North,,0,,Flat,,,,,,Bright sun,767803,0,0,1,2,,,0,,,,,,Auckland Region,Nil,1-way,Sealed,,0,1,,100,,Null,0,0,80,76,Auckland,Unknown,,,,,1,0,Open,0,,,Fine,Null
1763979,5913625,428997,,520402,0,,1,1,,Null,2018/2019,WAIPUNA ROAD,MUSKET PLACE,,Serious Crash,No,2018,,West,,0,,Flat,,,,,,Bright sun,640600,1,0,0,4,,,0,,,,,,Auckland Region,Nil,2-way,Sealed,,0,1,,50,,Null,0,0,,76,Auckland,Traffic Signals,,,,,0,0,Urban,0,,,Fine,Null
1742778,5918138,429208,,513214,0,0,0,0,0,Null,2016/2017,METCALFE ROAD,RANUI AVENUE,,Serious Crash,No,2017,0,North,0,0,1,Hill Road,0,,0,,0,Bright sun,236302,0,1,0,2,0,0,0,0,0,,0,0,Auckland Region,Nil,2-way,Sealed,0,0,1,0,50,0,Null,0,0,,76,Auckland,Give way,0,0,0,0,0,0,Urban,0,0,0,Fine,Null
1782156,5901515,429232,,525201,0,,0,0,,Null,2016/2017,MONUMENT ROAD,TOURIST ROAD,,Fatal Crash,No,2017,,South,,1,,Flat,,,,,,Bright sun,764000,1,0,0,2,,,0,,,,,,Auckland Region,Nil,2-way,Sealed,,0,1,,100,,Null,1,0,,76,Auckland,Stop,,,,,0,0,Open,1,,,Fine,Null
1768120,5903067,429237,,524602,1,,0,1,,North,2017/2018,GREAT SOUTH ROAD,RATA VINE DRIVE,,Serious Crash,No,2017,,North,,0,,Flat,,Christmas New Year,,,,Dark,780407,0,0,0,2,,,0,,,,,,Auckland Region,Nil,2-way,Sealed,,0,1,,50,,On,0,0,,76,Auckland,Unknown,,,,,0,0,Urban,0,,,Fine,Null
1768943,5893144,429249,75,521202,0,0,0,0,0,West,2016/2017,LINWOOD ROAD,WALTERS ROAD,,Fatal Crash,No,2017,0,East,0,1,0,Hill Road,1,,0,,0,Dark,807000,5,0,0,2,0,0,0,0,0,,0,0,Auckland Region,Nil,2-way,Sealed,0,0,1,0,100,0,None,0,0,,76,Auckland,Nil,0,0,0,0,0,0,Open,1,0,0,Mist or Fog,Strong wind
1758201,5920264,429328,,514103,0,,0,0,,North,2017/2018,BEACH ROAD,CHURCHILL ST,,Serious Crash,No,2017,,South,,0,,Flat,,,,,,Bright sun,438309,0,0,1,4,,,0,,,,,,Auckland Region,Nil,2-way,Sealed,,0,1,,50,,Null,0,0,,76,Auckland,Nil,,,,,0,0,Urban,1,,,Fine,Null
1786293,5891570,429431,,521132,0,0,0,1,0,North,2017/2018,HUNUA ROAD,GELLING ROAD,,Serious Crash,No,2017,0,South,0,0,0,Hill Road,0,,0,,0,Dark,815605,0,0,0,2,0,1,0,0,0,,0,1,Auckland Region,Nil,2-way,Sealed,0,0,1,0,100,0,None,0,0,,76,Auckland,Unknown,0,0,0,0,0,0,Open,0,0,0,Mist or Fog,Null
1764781,5906404,429468,,522201,0,0,0,1,0,North,2016/2017,CORONATION ROAD,COATES ROAD,,Serious Crash,No,2017,0,North,0,0,0,Flat,0,,0,,0,Overcast,662100,0,0,0,2,0,0,0,0,0,,0,0,Auckland Region,Nil,2-way,Sealed,0,0,1,0,50,0,Null,0,0,,76,Auckland,Unknown,0,1,0,0,0,0,Urban,0,0,0,Light rain,Null
1747519,5914683,429483,,511100,0,0,0,1,0,South,2017/2018,GREAT NORTH ROAD,SABULITE ROAD,,Serious Crash,No,2017,0,North,0,0,1,Hill Road,0,,0,,0,Dark,285202,0,0,0,4,0,0,0,0,0,,0,0,Auckland Region,Nil,2-way,Sealed,0,0,1,0,50,0,On,0,0,,76,Auckland,Unknown,0,0,0,0,0,0,Urban,0,0,0,Light rain,Null
1746739,5918813,429587,,512401,0,,0,1,,West,2017/2018,EDMONTON ROAD,FLANSHAW ROAD,,Serious Crash,No,2018,,East,,0,,Flat,,,,,,Bright sun,255600,0,0,1,2,,,0,,,,,,Auckland Region,Nil,2-way,Sealed,,0,1,,50,,Null,0,0,,76,Auckland,Nil,,,,,0,0,Urban,0,,,Fine,Null
1771570,5894936,429622,,525530,0,,0,1,,South,2017/2018,SH 1N,BEACH OBR,,Serious Crash,Yes,2017,,South,,0,,Flat,,,,,,Overcast,804901,0,0,1,2,,,0,,,,,,Auckland Region,Nil,1-way,Sealed,,0,1,,100,,Null,0,0,,76,Auckland,Unknown,,,,,0,0,Open,0,,,Fine,Null
1745787,5919466,429670,,513301,0,,0,3,,North,2016/2017,CENTRAL PARK DRIVE,CLEMWAY PLACE,,Serious Crash,No,2017,,North,,0,,Flat,,,,,,Bright sun,230602,3,0,0,2,,,0,,,,,,Auckland Region,Nil,2-way,Sealed,,0,1,,50,,Null,1,0,,76,Auckland,Unknown,,,,,0,0,Urban,0,,,Fine,Null
1751565,5915247,429799,,514401,0,,0,1,,Null,2017/2018,NEW NORTH ROAD,BLOCKHOUSE BAY ROAD,,Serious Crash,No,2017,,South,,0,,Hill Road,,,,,,Dark,382600,0,0,0,1,,,0,,,1,,,Auckland Region,Nil,1-way,Sealed,,0,1,,50,,On,0,0,,76,Auckland,Give way,,,,,0,0,Urban,0,,,Light rain,Null
1762716,5912520,429819,,519500,0,0,0,1,0,South,2017/2018,GREAT SOUTH ROAD,CHURCH ST,,Fatal Crash,No,2017,0,South,0,1,0,Flat,0,,0,,0,Dark,622700,0,0,0,4,0,0,0,0,0,,0,0,Auckland Region,Nil,2-way,Sealed,0,0,0,0,50,0,On,0,0,,76,Auckland,Unknown,0,0,0,1,0,0,Urban,0,0,0,Fine,Null
1735970,5984994,429905,,506660,0,0,0,0,0,North,2016/2017,SH 1N,LOVERS LANE N,,Serious Crash,Yes,2017,0,North,0,0,0,Flat,0,,0,,0,Bright sun,143800,0,0,1,2,0,1,0,0,0,,0,0,Auckland Region,Nil,2-way,Sealed,0,0,1,0,100,0,Null,0,0,,76,Auckland,Unknown,0,0,0,0,0,0,Open,0,0,0,Fine,Null
1769204,5913372,429908,,522723,1,0,0,1,0,South,2017/2018,CASCADES ROAD,STUDFALL ST,,Serious Crash,No,2017,0,North,0,0,0,Flat,0,,0,,0,Overcast,682600,0,0,0,2,0,0,0,0,1,,0,0,Auckland Region,Nil,2-way,Sealed,0,0,1,0,50,0,Off,0,0,,76,Auckland,Unknown,0,0,0,0,0,0,Urban,0,0,0,Light rain,Null
1729850,5957672,429938,,506613,0,0,0,1,0,West,2017/2018,SH 16,BARR ROAD,,Serious Crash,Yes,2017,0,North,0,0,0,Flat,0,,0,,0,Dark,146300,0,0,0,2,0,0,0,0,0,,0,0,Auckland Region,Nil,2-way,Sealed,0,0,1,0,100,0,None,0,0,,76,Auckland,Unknown,0,0,0,0,0,0,Open,1,0,0,Light rain,Null
1761429,5906037,429939,,524200,0,0,0,3,0,South,2016/2017,RETREAT DRIVE,PRANGLEY AVENUE,,Serious Crash,No,2017,0,North,0,0,0,Hill Road,0,Queens Birthday,0,,0,Dark,728809,0,0,0,2,0,0,0,0,1,,0,0,Auckland Region,Nil,2-way,Sealed,0,0,1,0,50,0,On,0,0,,76,Auckland,Unknown,0,0,0,0,0,0,Urban,0,0,0,Mist or Fog,Frost
1750056,5916457,429940,,514801,0,,0,0,,Null,2017/2018,ROSEBANK ROAD,FONTEYN ST,,Serious Crash,No,2017,,North,,0,,Flat,,,,,,Bright sun,389101,0,0,0,2,,,0,,,,,,Auckland Region,Nil,2-way,Sealed,,0,1,,50,,Null,0,0,,76,Auckland,Stop,,,,,0,0,Urban,2,,,Fine,Null
1779925,5927105,429953,,520801,0,0,0,0,0,East,2016/2017,OCEAN VIEW ROAD,MOA AVENUE,,Serious Crash,No,2017,0,East,0,0,0,Hill Road,1,,0,,0,Bright sun,516405,0,1,0,2,0,0,0,0,0,,0,0,Auckland Region,Nil,2-way,Sealed,0,0,1,0,50,0,Null,0,0,,76,Auckland,Unknown,0,0,0,0,0,0,Urban,0,0,0,Fine,Null
1765280,5915046,430133,,520601,0,,0,1,,Null,2018/2019,PILKINGTON ROAD,STEWART AVENUE,,Serious Crash,No,2018,,South,,0,,Flat,,,,,,Dark,630700,0,0,1,2,,,0,,,,,,Auckland Region,Nil,2-way,Sealed,,0,1,,50,,On,0,0,,76,Auckland,Nil,,,,,0,0,Urban,0,,,Fine,Null
1750179,5933931,430193,,508701,0,0,0,1,0,North,2016/2017,THE AVENUE,PAREMOREMO ROAD,,Serious Crash,No,2017,0,East,0,0,0,Hill Road,0,Christmas New Year,0,,0,Overcast,178701,0,0,0,2,0,0,0,0,0,,0,1,Auckland Region,Nil,2-way,Sealed,0,0,1,0,50,0,Null,0,0,,76,Auckland,Unknown,0,0,0,0,0,0,Urban,0,0,0,Light rain,Null
1754209,5935596,430203,,508704,0,,0,2,,North,2017/2018,EAST COAST ROAD,SARTORS AVENUE,,Serious Crash,No,2017,,South,,0,,Flat,,,,,,Overcast,178602,0,0,0,2,,,0,,,,,,Auckland Region,Nil,2-way,Sealed,,0,1,,50,,Off,0,0,,76,Auckland,Unknown,,,,,0,0,Urban,0,,,Fine,Null
1773430,5881502,430212,,521160,0,0,0,1,0,West,2016/2017,PUKEKOHE EAST ROAD,MORGAN ROAD E,,Fatal Crash,No,2017,0,East,0,2,0,Hill Road,0,,0,,0,Bright sun,827300,0,0,0,2,0,0,0,0,0,,0,0,Auckland Region,Nil,2-way,Sealed,0,0,0,0,100,0,Null,0,0,,76,Auckland,Unknown,0,0,0,1,0,0,Open,0,0,0,Fine,Null
1774097,5897359,430273,,525630,0,0,0,1,0,North,2016/2017,COSGRAVE ROAD,CLEVEDON ROAD,,Serious Crash,No,2017,0,South,0,0,0,Flat,0,Easter,0,,0,Dark,795900,0,0,0,2,0,0,0,0,0,,0,0,Auckland Region,Nil,2-way,Sealed,0,0,1,0,50,0,On,0,0,,76,Auckland,Unknown,0,0,0,1,0,0,Urban,0,0,0,Fine,Null
1728562,5966688,430322,55,506613,0,,0,2,,West,2017/2018,SH 16,MANGAKURA BR,,Serious Crash,Yes,2017,,North,,0,,Hill Road,,Christmas New Year,,,,Twilight,146200,1,0,0,2,,,0,,,,,,Auckland Region,Nil,2-way,Sealed,,0,1,,100,,None,0,0,,76,Auckland,Unknown,,,,,0,0,Open,0,,,Fine,Null