X,Y,OBJECTID,advisorySpeed,areaUnitID,bicycle,bridge,bus,carStationWagon,cliffBank,crashDirectionDescription,crashFinancialYear,crashLocation1,crashLocation2,crashRoadSideRoad,crashSeverity,crashSHDescription,crashYear,debris,directionRoleDescription,ditch,fatalCount,fence,flatHill,guardRail,holiday,houseOrBuilding,intersection,kerb,light,meshblockId,minorInjuryCount,moped,motorcycle,NumberOfLanes,objectThrownOrDropped,otherObject,otherVehicleType,overBank,parkedVehicle,pedestrian,phoneBoxEtc,postOrPole,region,roadCharacter,roadLane,roadSurface,roadworks,schoolBus,seriousInjuryCount,slipOrFlood,speedLimit,strayAnimal,streetLight,suv,taxi,temporarySpeedLimit,tlaId,tlaName,trafficControl,trafficIsland,trafficSign,train,tree,truck,unknownVehicleType,urban,vanOrUtility,vehicle,waterRiver,weatherA,weatherB
1791051,5909109,430404,,525202,0,,0,2,,East,2017/2018,CLEVEDON-KAWAKAWA ROAD,PIRO BR,,Serious Crash,No,2018,,East,,0,,Flat,,,,,,Overcast,764800,3,0,0,2,,,0,,,,,,Auckland Region,Nil,2-way,Sealed,,0,1,,100,,Null,0,0,,76,Auckland,Unknown,,,,,0,0,Open,0,,,Fine,Null
1769862,5914774,430500,,522722,0,,0,3,,Null,2017/2018,BUCKLANDS BEACH ROAD,PAKURANGA ROAD,,Serious Crash,No,2018,,North,,0,,Flat,,,,,,Bright sun,681324,0,0,0,5,,,0,,,1,,,Auckland Region,Nil,2-way,Sealed,,0,1,,50,,Null,0,0,,76,Auckland,Stop,,,,,0,0,Urban,0,,,Fine,Null
1743187,5918619,430520,,513213,0,,0,1,,Null,2017/2018,METCALFE ROAD,DUXFIELD DRIVE,,Serious Crash,No,2018,,West,,0,,Flat,,,,,,Bright sun,235907,0,0,1,2,,,0,,,,,,Auckland Region,Nil,2-way,Sealed,,0,1,,50,,Null,0,0,,76,Auckland,Give way,,,,,0,0,Urban,0,,,Fine,Null
1753466,5946031,430527,,505906,0,0,0,2,0,South,2018/2019,WHANGAPARAOA ROAD,SHADON PLACE,,Fatal Crash,No,2018,0,South,0,1,2,Hill Road,0,,0,,0,Overcast,173306,0,0,0,2,0,0,0,1,1,,0,0,Auckland Region,Nil,2-way,Sealed,0,0,0,0,60,0,Null,0,0,,76,Auckland,Unknown,0,0,0,1,0,0,Urban,0,0,0,Fine,Null
1763607,5879492,430573,,521121,0,0,0,1,0,West,2018/2019,UNION ROAD,PATUMAHOE ROAD,,Serious Crash,No,2018,0,East,1,0,0,Flat,0,,0,,0,Overcast,812201,0,0,0,2,0,0,0,0,0,,0,0,Auckland Region,Nil,2-way,Sealed,0,0,1,0,100,0,Null,0,0,,76,Auckland,Unknown,0,0,0,0,0,0,Open,0,0,0,Fine,Null
1765861,5907938,430656,,522301,0,0,0,1,0,North,2017/2018,SH 1N,OTARA ON NBD,,Serious Crash,Yes,2017,0,North,0,0,0,Flat,1,,0,,0,Dark,666700,0,0,0,3,0,0,0,0,0,,0,0,Auckland Region,Nil,1-way,Sealed,0,0,1,0,100,0,On,0,0,,76,Auckland,Unknown,0,0,0,0,0,0,Open,0,0,0,Fine,Null
1759098,5913911,430705,,519300,1,,0,1,,Null,2016/2017,CAMPBELL ROAD,MARIRI ROAD,,Serious Crash,No,2017,,West,,0,,Flat,,,,,,Bright sun,624900,0,0,0,2,,,0,,,,,,Auckland Region,Nil,2-way,Sealed,,0,1,,50,,Null,0,0,,76,Auckland,Stop,,,,,0,0,Urban,0,,,Fine,Null
1764874,5903299,430806,,524604,0,,0,1,,South,2018/2019,ROSCOMMON ROAD,VOGLER DRIVE,,Serious Crash,No,2018,,North,,0,,Flat,,,,,,Dark,781200,0,0,0,2,,,0,,,1,,,Auckland Region,Nil,1-way,Sealed,,0,1,,60,,On,0,0,,76,Auckland,Unknown,,,,,0,0,Urban,0,,,Light rain,Null
1766731,5903274,430834,,524602,0,0,0,2,0,North,2017/2018,HOBILL AVENUE,JOVAL PLACE,,Serious Crash,No,2018,0,North,0,0,0,Hill Road,0,,0,,0,Dark,780404,1,0,0,2,0,0,0,0,1,,0,0,Auckland Region,Nil,2-way,Sealed,0,0,1,0,50,0,On,0,0,,76,Auckland,Nil,0,0,0,0,0,0,Urban,2,0,0,Fine,Null
1739970,5920244,430836,,513621,0,,0,0,,West,2017/2018,SUNNYVALE ROAD,CROWS ROAD,,Serious Crash,No,2018,,East,,0,,Flat,,,,,,Bright sun,237403,0,0,1,2,,,0,,,,,,Auckland Region,Nil,2-way,Sealed,,0,1,,80,,Null,0,0,,76,Auckland,Unknown,,,,,0,0,Open,1,,,Fine,Null
1743248,5922098,430849,,513631,0,,0,1,,Null,2018/2019,TRIANGLE ROAD,GARTON DRIVE,,Serious Crash,No,2018,,West,,0,,Hill Road,,,,,,Dark,227006,0,0,1,2,,,0,,,,,,Auckland Region,Nil,2-way,Sealed,,0,1,,50,,On,0,0,,76,Auckland,Stop,,,,,0,0,Urban,0,,,Fine,Null
1749565,5946543,430868,,505806,1,0,0,0,0,South,2018/2019,WAINUI ROAD,WATERLOO ROAD,,Serious Crash,No,2018,0,East,0,0,0,Flat,0,,0,,0,Bright sun,176504,0,0,0,2,0,0,0,0,1,,0,0,Auckland Region,Nil,2-way,Sealed,0,0,1,0,50,0,Null,0,0,,76,Auckland,Unknown,0,0,0,0,1,0,Urban,0,0,0,Fine,Null
1752859,5911671,430945,,518902,0,0,0,2,0,South,2017/2018,HALSEY DRIVE,IBERIA PLACE,,Serious Crash,No,2017,0,North,0,0,0,Hill Road,0,,0,,1,Twilight,587802,0,0,0,2,0,0,0,0,1,,0,0,Auckland Region,Nil,2-way,Sealed,0,0,1,0,50,0,Off,0,0,,76,Auckland,Unknown,0,0,0,0,0,0,Urban,0,0,0,Light rain,Null
1753127,5935783,431179,,508703,0,0,0,2,0,West,2017/2018,FAIRVIEW AVENUE,HORNBILL DRIVE,,Serious Crash,No,2018,0,East,0,0,0,Hill Road,0,,0,,0,Bright sun,178503,0,0,0,2,0,0,0,0,1,,0,0,Auckland Region,Nil,2-way,Sealed,0,0,1,0,50,0,Null,0,0,,76,Auckland,Unknown,0,0,0,0,0,0,Urban,0,0,0,Fine,Null
1744640,5919803,431291,,513301,0,,0,0,,Null,2017/2018,UNIVERSAL DRIVE,RATHGAR ROAD,,Serious Crash,No,2017,,North,,0,,Flat,,,,,,Bright sun,233500,0,0,0,2,,,0,,,1,,,Auckland Region,Nil,2-way,Sealed,,0,1,,50,,Null,0,0,,76,Auckland,Give way,,,,,0,0,Urban,1,,,Fine,Null
1764133,5904315,431482,,522100,0,,0,2,,Null,2018/2019,PUHINUI OFF SBD,PUHINUI ROAD,,Serious Crash,Yes,2018,,South,,0,,Flat,,,,,,Bright sun,659100,0,0,0,2,,,0,,,,,,Auckland Region,Motorway ramp,1-way,Sealed,,0,1,,50,,Null,0,0,,76,Auckland,Traffic Signals,,,,,0,0,Urban,0,,,Fine,Strong wind
1762491,5912772,431574,,519500,0,0,0,0,1,Null,2016/2017,SOUTH-EASTERN HIGHWAY,GREAT SOUTH ROAD,,Serious Crash,No,2017,0,South,0,0,0,Flat,0,,0,,1,Dark,622200,0,0,0,3,0,0,0,0,0,,0,1,Auckland Region,Nil,1-way,Sealed,0,0,1,0,50,0,On,0,0,,76,Auckland,Traffic Signals,0,0,0,0,0,0,Urban,1,0,0,Fine,Null
1766904,5907658,431648,,523501,0,,0,2,,Null,2017/2018,EAST TAMAKI ROAD,BAIRDS ROAD,,Serious Crash,No,2017,,East,,0,,Flat,,,,,,Dark,700602,3,0,0,4,,,0,,,,,,Auckland Region,Nil,1-way,Sealed,,0,1,,60,,On,0,0,,76,Auckland,Traffic Signals,,,,,0,0,Urban,0,,,Fine,Null
1755950,5935174,431740,,507101,0,,0,1,,East,2018/2019,Z CARPARK,GLEN ROAD,,Serious Crash,No,2018,,East,,0,,Null,,,,,,Overcast,161100,0,0,0,,,,0,,,1,,,Auckland Region,Nil,Off road,Sealed,,0,1,,50,,Null,0,0,,76,Auckland,Unknown,,,,,0,0,Urban,0,,,Null,Null
1764711,5920076,431807,,516602,0,0,0,1,0,East,2017/2018,TAMAKI DRIVE,SAGE ROAD,,Serious Crash,No,2017,0,East,0,0,0,Flat,0,,0,,1,Overcast,504400,1,0,0,2,0,0,0,0,0,1,0,0,Auckland Region,Nil,2-way,Sealed,0,0,1,0,50,0,Null,0,0,,76,Auckland,Unknown,0,0,0,1,0,0,Urban,0,0,0,Fine,Null
1774225,5909485,431820,75,523202,0,,0,0,,East,2016/2017,WHITFORD ROAD,WADES ROAD,,Serious Crash,No,2017,,East,,0,,Hill Road,,,,,,Bright sun,717600,0,0,0,2,,,0,,,,,,Auckland Region,Nil,2-way,Sealed,,0,1,,80,,Null,0,0,,76,Auckland,Unknown,,,,,1,0,Open,1,,,Fine,Null
1768825,5902753,431837,,524602,0,0,0,1,0,North,2016/2017,SH 1N,ORAMS OBR,,Serious Crash,Yes,2017,0,North,0,0,0,Flat,1,,0,,0,Dark,780504,2,0,0,3,0,0,0,0,0,,0,0,Auckland Region,Nil,1-way,Sealed,0,0,1,0,100,0,On,0,0,,76,Auckland,Unknown,0,0,0,0,0,0,Open,0,0,0,Light rain,Null
1734311,5959533,431976,,506613,0,,0,0,,East,2017/2018,WEST COAST ROAD,KOMOKORIKI HILL ROAD,,Serious Crash,No,2018,,East,,0,,Hill Road,,,,,,Overcast,146400,0,0,1,2,,,0,,,,,,Auckland Region,Nil,2-way,Sealed,,0,1,,100,,Null,0,0,,76,Auckland,Unknown,,,,,0,0,Open,0,,,Fine,Null
1739756,5894553,431981,,521151,0,,0,0,,North,2017/2018,MANUKAU HEADS ROAD,J IRWIN ROAD,,Serious Crash,No,2018,,North,,0,,Flat,,Easter,,,,Overcast,829500,0,0,1,2,,,0,,,,,,Auckland Region,Nil,2-way,Sealed,,0,1,,100,,Null,0,0,,76,Auckland,Unknown,,,,,0,0,Open,0,,,Fine,Null
1762373,5914851,432024,,520302,0,,0,0,,Null,2017/2018,ELLERSLIE-PANMURE HIGHWAY,BALLARAT ST,,Serious Crash,No,2018,,West,,0,,Flat,,,,,,Bright sun,625104,0,0,1,4,,,0,,,,,,Auckland Region,Nil,2-way,Sealed,,0,1,,50,,Null,1,0,,76,Auckland,Stop,,,,,0,0,Urban,0,,,Fine,Null
1739961,5964291,432206,,506613,0,0,0,0,0,West,2017/2018,WEST COAST ROAD,OLD WOODCOCKS ROAD,,Serious Crash,No,2018,0,North,0,0,1,Hill Road,0,Easter,0,,0,Bright sun,145400,0,0,1,2,0,0,0,0,0,,0,0,Auckland Region,Nil,2-way,Sealed,0,0,1,0,100,0,Null,0,0,,76,Auckland,Unknown,0,0,0,0,0,0,Open,1,0,0,Fine,Null
1767579,5905452,432246,,523722,0,0,0,1,0,North,2017/2018,SH 1N,TE IRIRANGI OFF SBD,,Serious Crash,Yes,2018,0,South,0,0,0,Flat,0,,0,,0,Dark,715701,1,0,0,4,0,0,0,0,0,,0,0,Auckland Region,Nil,1-way,Sealed,0,0,1,0,100,0,On,0,0,,76,Auckland,Unknown,0,0,0,1,0,0,Open,0,0,0,Fine,Null
1737990,5921787,432304,75,505700,0,,0,2,,South,2018/2019,WAITAKERE ROAD,HUNTER ROAD,,Fatal Crash,No,2018,,North,,1,,Flat,,,,,,Bright sun,216601,0,0,0,2,,,0,,,,,,Auckland Region,Nil,2-way,Sealed,,0,1,,80,,Null,0,0,,76,Auckland,Unknown,,,,,0,0,Open,0,,,Fine,Null
1768623,5909749,432311,,523112,0,,0,1,,Null,2017/2018,SMALES ROAD,SPRINGS ROAD,,Serious Crash,No,2018,,North,,0,,Flat,,Queens Birthday,,,,Dark,711600,1,0,0,2,,,0,,,,,,Auckland Region,Nil,2-way,Sealed,,0,1,,60,,On,1,0,,76,Auckland,Traffic Signals,,,,,0,0,Urban,0,,,Light rain,Null
1746217,5883727,432603,,521151,0,,0,1,,South,2017/2018,AWHITU ROAD,COOPER ROAD,,Serious Crash,No,2018,,South,,0,,Hill Road,,,,,,Bright sun,830500,1,0,0,1,,,0,,,,,,Auckland Region,Nil,2-way,Sealed,,0,2,,100,,Null,0,0,,76,Auckland,Unknown,,,,,0,0,Open,1,,,Fine,Null
1740053,5929447,432619,,505604,0,0,0,0,0,West,2017/2018,RIVERHEAD ROAD,OLD NORTH ROAD,,Serious Crash,No,2018,0,East,0,0,1,Flat,0,,0,,1,Bright sun,214204,0,0,0,2,0,0,0,0,0,,0,0,Auckland Region,Nil,2-way,Sealed,0,0,1,0,80,0,Null,1,0,,76,Auckland,Unknown,0,0,0,0,0,0,Open,0,0,0,Fine,Null
1768329,5900594,432792,,525101,0,,0,0,,Null,2017/2018,WEYMOUTH ROAD,BOWATER PLACE,,Serious Crash,No,2018,,West,,0,,Hill Road,,Easter,,,,Dark,771200,0,0,1,2,,,0,,,,,,Auckland Region,Nil,2-way,Sealed,,0,1,,50,,On,0,0,,76,Auckland,Give way,,,,,1,0,Urban,0,,,Fine,Null
1761908,5906136,432904,,524200,0,,0,1,,South,2018/2019,TIDAL ROAD,CINNAMON ROAD,,Serious Crash,No,2018,,South,,0,,Flat,,,,,,Dark,728700,0,0,0,2,,,0,,,,,,Auckland Region,Nil,2-way,Sealed,,0,1,,50,,On,0,0,,76,Auckland,Unknown,,,,,0,0,Urban,0,,,Fine,Null
1738007,5929253,432923,,505602,0,,0,0,,Null,2017/2018,SH 16,MATUA ROAD,,Serious Crash,Yes,2018,,East,,0,,Flat,,Easter,,,,Dark,215904,0,0,0,2,,,0,,,1,,,Auckland Region,Nil,2-way,Sealed,,0,1,,60,,None,0,0,,76,Auckland,Stop,,,,,0,0,Urban,1,,,Fine,Null
1769355,5900092,432929,,525002,0,0,0,1,0,South,2017/2018,GREAT SOUTH ROAD,KEVALE PLACE,,Serious Crash,No,2018,0,South,0,0,0,Flat,0,Easter,0,,0,Bright sun,753900,0,0,1,2,0,0,0,0,0,,0,1,Auckland Region,Nil,2-way,Sealed,0,0,1,0,50,0,Null,0,0,,76,Auckland,Unknown,0,0,0,0,0,0,Urban,0,0,0,Fine,Null
1756676,5924845,433039,,509702,0,,0,1,,South,2017/2018,SH 1N,EXMOUTH FTBR,,Serious Crash,Yes,2018,,South,,0,,Flat,,,,,,Overcast,366602,0,0,3,3,,,0,,,,,,Auckland Region,Nil,1-way,Sealed,,0,1,,100,,Null,0,0,,76,Auckland,Unknown,,,,,0,0,Open,0,,,Heavy rain,Null
1762359,5907996,433075,,524530,1,,0,1,,East,2017/2018,TENNESSEE AVENUE,FARMER ST,,Serious Crash,No,2018,,East,,0,,Flat,,,,,,Bright sun,732300,0,0,0,2,,,0,,,,,,Auckland Region,Nil,2-way,Sealed,,0,1,,50,,Null,0,0,,76,Auckland,Nil,,,,,0,0,Urban,0,,,Fine,Null
1742942,5922265,433125,,513610,0,,0,1,,South,2017/2018,DON BUCK ROAD,TRIANGLE ROAD,,Serious Crash,No,2018,,South,,0,,Flat,,,,,,Bright sun,226505,1,0,1,2,,,0,,,,,,Auckland Region,Nil,2-way,Sealed,,0,1,,50,,Null,0,0,,76,Auckland,Nil,,,,,0,0,Urban,0,,,Fine,Null
1760511,5912338,433308,,520000,0,,0,1,,East,2018/2019,CHURCH ST,MALVERN ROAD,,Serious Crash,No,2018,,West,,0,,Flat,,,,,,Overcast,607500,0,0,0,2,,,0,,,1,,,Auckland Region,Nil,2-way,Sealed,,0,1,,50,,Null,0,0,,76,Auckland,Unknown,,,,,0,0,Urban,0,,,Light rain,Null
1759051,5919348,433343,,515902,0,,0,1,,Null,2017/2018,ST STEPHENS AVENUE,BRIGHTON ROAD,,Serious Crash,No,2018,,West,,0,,Flat,,,,,,Bright sun,454600,0,0,1,2,,,0,,,,,,Auckland Region,Nil,2-way,Sealed,,0,1,,50,,Null,0,0,,76,Auckland,Give way,,,,,0,0,Urban,0,,,Fine,Null
1750357,5928378,433432,,509100,0,0,0,0,0,West,2018/2019,UPPER HARBOUR DRIVE,SHELTER DRIVE,,Serious Crash,No,2018,0,West,0,0,1,Flat,0,,0,,0,Overcast,181400,0,0,0,2,0,0,0,0,0,,0,0,Auckland Region,Nil,2-way,Sealed,0,0,1,0,70,0,Null,0,0,,76,Auckland,Unknown,0,1,0,0,1,0,Urban,0,0,0,Fine,Null
1744421,5914603,433476,,512905,0,0,0,1,0,Null,2018/2019,PARRS CROSS ROAD,BRUCE MCLAREN ROAD,,Fatal Crash,No,2018,0,South,0,1,0,Flat,1,,0,,0,Dark,278903,2,0,0,2,0,0,0,0,0,,0,0,Auckland Region,Nil,2-way,Sealed,0,0,2,0,50,0,On,0,0,,76,Auckland,Stop,0,0,0,1,0,0,Urban,0,0,0,Fine,Null
1752582,5954266,433534,35,505803,0,0,0,2,0,South,2017/2018,HIBISCUS COAST HIGHWAY,WAIWERA OBR,,Serious Crash,No,2018,0,North,0,0,0,Hill Road,1,,0,,0,Overcast,170603,0,0,0,2,0,0,0,0,0,,0,0,Auckland Region,Nil,2-way,Sealed,0,0,1,0,80,0,Null,0,0,,76,Auckland,Unknown,0,0,0,0,0,0,Open,0,0,0,Light rain,Null
1757729,5912206,433559,,519810,0,0,0,1,0,West,2017/2018,SH 20,BEACHCROFT FTBR,,Serious Crash,Yes,2018,0,South,0,0,0,Hill Road,1,,0,,0,Bright sun,596700,2,0,0,4,0,0,0,0,0,,0,0,Auckland Region,Motorway ramp,1-way,Sealed,0,0,1,0,100,0,Off,0,0,,76,Auckland,Unknown,0,0,0,0,0,0,Open,1,0,0,Fine,Null
1763261,5908247,433609,,524301,1,,0,0,,Null,2017/2018,MASSEY ROAD,SAVILL DRIVE,,Serious Crash,No,2018,,West,,0,,Flat,,,,,,Bright sun,748600,0,0,0,2,,,0,,,,,,Auckland Region,Nil,2-way,Sealed,,0,1,,50,,Null,1,0,30,76,Auckland,Traffic Signals,,,,,0,0,Urban,0,,,Fine,Null
1760746,5917511,433622,,516202,0,,0,1,,Null,2017/2018,ORAKEI ROAD,KOMARU ST,,Serious Crash,No,2018,,North,,0,,Flat,,,,,,Overcast,490300,0,1,0,2,,,0,,,,,,Auckland Region,Nil,2-way,Sealed,,0,1,,50,,Null,0,0,,76,Auckland,Stop,,,,,0,0,Urban,0,,,Light rain,Null
1777194,5879815,433643,,521160,0,0,0,0,0,North,2017/2018,SH 1N,RIDGE ON NBD,,Serious Crash,Yes,2018,0,North,0,0,0,Flat,1,,0,,0,Twilight,828204,0,0,0,3,0,0,0,0,0,,0,1,Auckland Region,Nil,2-way,Sealed,0,0,1,0,100,0,On,0,0,,76,Auckland,Unknown,0,0,0,0,1,0,Open,0,0,0,Fine,Null
1747840,5966635,433669,,506613,0,0,0,2,0,Null,2017/2018,SH 1N,SATELLITE STATION ROAD,,Serious Crash,Yes,2018,0,South,1,0,0,Flat,0,,0,,0,Dark,146004,1,0,0,2,0,0,0,0,0,,0,0,Auckland Region,Nil,2-way,Sealed,0,0,1,0,100,0,Off,0,0,,76,Auckland,Nil,0,0,0,0,0,0,Open,0,0,0,Fine,Null
1756310,5926476,433779,,509702,0,,0,1,,North,2018/2019,AKORANGA DRIVE,KITEWAO ST,,Serious Crash,No,2018,,North,,0,,Flat,,,,,,Dark,364500,0,0,0,2,,,0,,,1,,,Auckland Region,Nil,2-way,Sealed,,0,1,,50,,On,0,0,,76,Auckland,Unknown,,,,,0,0,Urban,0,,,Fine,Null
1772834,5907380,433815,,523713,0,,0,1,,East,2018/2019,ORMISTON ROAD,JEFFS ROAD,,Serious Crash,No,2018,,East,,0,,Flat,,,,,,Bright sun,712600,1,0,1,3,,,0,,,,,,Auckland Region,Nil,2-way,Sealed,,0,1,,100,,Null,0,0,,76,Auckland,Unknown,,,,,0,0,Open,0,,,Fine,Null
1756961,5920349,433819,,514102,0,,0,0,,West,2018/2019,WELLESLEY ST WEST,HOBSON ST,,Serious Crash,No,2018,,East,,0,,Hill Road,,,,,,Overcast,434101,0,0,1,5,,,0,,,1,,,Auckland Region,Nil,2-way,Sealed,,0,1,,50,,Null,0,0,,76,Auckland,Unknown,,,,,0,0,Urban,0,,,Fine,Null
1757299,5918889,433930,,514301,0,0,0,1,0,Null,2017/2018,SH 1N,GRAFTON ON SBD,,Serious Crash,Yes,2018,0,South,0,0,0,Flat,1,,0,,0,Dark,441600,0,0,0,3,0,0,0,0,0,,0,0,Auckland Region,Nil,1-way,Sealed,0,0,1,0,80,0,On,0,0,,76,Auckland,Nil,0,0,0,0,0,0,Open,0,0,0,Fine,Null
1758260,5913331,433935,,519710,0,,0,1,,South,2018/2019,MANUKAU ROAD,SYMONDS ST,,Serious Crash,No,2018,,South,,0,,Flat,,,,,,Twilight,596300,0,0,1,2,,,0,,,,,,Auckland Region,Nil,2-way,Sealed,,0,1,,50,,On,0,0,,76,Auckland,Nil,,,,,0,0,Urban,0,,,Fine,Null
1756739,5929864,433982,,507720,1,,0,1,,South,2018/2019,EAST COAST ROAD,SELWYN CRESCENT,,Serious Crash,No,2018,,South,,0,,Hill Road,,,,,,Bright sun,311600,0,0,0,2,,,0,,,,,,Auckland Region,Nil,2-way,Sealed,,0,1,,50,,Null,0,0,,76,Auckland,Nil,,,,,0,0,Urban,0,,,Fine,Null
1757544,5913603,434010,,518702,0,,0,2,,West,2017/2018,MOUNT ALBERT ROAD,PAH ROAD,,Serious Crash,No,2018,,West,,0,,Flat,,,,,,Overcast,567600,0,0,1,4,,,0,,,,,,Auckland Region,Nil,2-way,Sealed,,0,1,,50,,Null,0,0,,76,Auckland,Nil,,,,,0,0,Urban,0,,,Fine,Null
1756691,5929631,434080,,507720,0,,0,1,,North,2017/2018,EAST COAST ROAD,MARSH AVENUE,,Serious Crash,No,2018,,North,,0,,Flat,,Easter,,,,Bright sun,311900,0,0,1,2,,,0,,,,,,Auckland Region,Nil,2-way,Sealed,,0,1,,50,,Null,0,0,,76,Auckland,Unknown,,,,,0,0,Urban,0,,,Fine,Null
1762640,5916115,434093,,516302,0,0,0,1,0,West,2017/2018,ABBOTTS WAY,KENNETH SMALL PLACE,,Serious Crash,No,2018,0,East,0,0,1,Flat,0,,0,,0,Dark,463703,0,0,0,2,0,0,0,0,0,,0,0,Auckland Region,Nil,2-way,Sealed,0,0,1,0,50,0,On,0,0,,76,Auckland,Unknown,0,0,0,1,0,0,Urban,0,0,0,Fine,Null
1774180,5899086,434116,,523813,0,0,0,0,0,East,2017/2018,HAMLIN ROAD,MILL ROAD,,Serious Crash,No,2018,0,West,0,0,1,Flat,0,,0,,0,Overcast,761601,0,0,1,2,0,0,0,0,0,,0,0,Auckland Region,Bridge,2-way,Sealed,0,0,1,0,100,0,Null,0,0,,76,Auckland,Unknown,0,0,0,0,0,0,Open,0,0,0,Fine,Null
1773628,5902150,434122,,523813,0,,0,1,,South,2017/2018,ALFRISTON ROAD,BROOKBY ROAD,,Serious Crash,No,2018,,North,,0,,Flat,,,,,,Dark,761000,0,0,0,2,,,0,,,,,,Auckland Region,Nil,2-way,Sealed,,0,1,,80,,None,1,0,,76,Auckland,Nil,,,,,0,0,Open,0,,,Fine,Null
1755879,5914319,434249,,518500,0,,0,2,,West,2018/2019,SCOUT AVENUE,MCCULLOUGH AVENUE,,Serious Crash,No,2018,,West,,0,,Flat,,,,,,Overcast,562800,0,0,0,2,,,0,,,,,,Auckland Region,Nil,2-way,Sealed,,0,1,,50,,Null,0,0,,76,Auckland,Unknown,,,,,0,0,Urban,0,,,Light rain,Null
1759839,5916935,434349,,516102,1,,0,1,,East,2018/2019,REMUERA ROAD,PERE ST,,Serious Crash,No,2018,,East,,0,,Flat,,,,,,Overcast,485100,0,0,0,4,,,0,,,,,,Auckland Region,Nil,2-way,Sealed,,0,1,,50,,Null,0,0,,76,Auckland,Unknown,,,,,0,0,Urban,0,,,Fine,Null
1755691,5928111,434389,,507900,0,,0,1,,Null,2017/2018,PORANA ROAD,CHERRY LANE,,Serious Crash,No,2018,,West,,0,,Flat,,,,,,Bright sun,305201,0,0,1,2,,,0,,,,,,Auckland Region,Nil,2-way,Sealed,,0,1,,50,,Null,0,0,,76,Auckland,Give way,,,,,0,0,Urban,0,,,Fine,Null
1763013,5906687,434390,,524301,0,0,0,2,0,West,2018/2019,BUCKLAND ROAD,CHEVIOT ST,,Serious Crash,No,2018,0,West,0,0,0,Flat,0,,0,,0,Dark,747200,1,0,0,2,0,0,0,0,0,,0,1,Auckland Region,Nil,2-way,Sealed,0,0,1,0,50,0,On,0,0,,76,Auckland,Unknown,0,0,0,0,0,0,Urban,0,0,0,Fine,Null
1772935,5914259,434449,,521502,0,,0,0,,Null,2017/2018,LITTEN ROAD,BERT WILSON PLACE,,Serious Crash,No,2018,,South,,0,,Flat,,,,,,Dark,653501,0,0,0,2,,,0,,,1,,,Auckland Region,Nil,2-way,Sealed,,0,1,,50,,On,0,0,,76,Auckland,Give way,,,,,0,0,Urban,1,,,Fine,Null
1758384,5917814,434480,,516001,0,,0,1,,South,2017/2018,BROADWAY,BALM ST,,Serious Crash,No,2018,,South,,0,,Flat,,,,,,Bright sun,490701,0,0,1,6,,,0,,,,,,Auckland Region,Nil,2-way,Sealed,,0,1,,50,,Null,0,0,,76,Auckland,Nil,,,,,0,0,Urban,0,,,Fine,Null
1765545,5910527,434498,,521803,1,,0,1,,Null,2017/2018,PRINCES ST EAST,MURDOCH ST,,Serious Crash,No,2018,,West,,0,,Flat,,,,,,Bright sun,790400,0,0,0,2,,,0,,,,,,Auckland Region,Nil,2-way,Sealed,,0,1,,50,,Null,0,0,,76,Auckland,Nil,,,,,0,0,Urban,0,,,Fine,Null
1763536,5908044,434525,,521901,0,,0,2,,South,2018/2019,HOSPITAL ROAD,MANGERE ROAD,,Serious Crash,No,2018,,South,,0,,Flat,,,,,,Bright sun,786300,1,0,0,2,,,0,,,,,,Auckland Region,Nil,2-way,Sealed,,0,1,,50,,Null,0,0,30,76,Auckland,Unknown,,,,,0,0,Urban,0,,,Fine,Null
1767205,5906588,434560,,523601,0,0,0,2,0,North,2017/2018,SH 1N,REAGAN OBR,,Serious Crash,Yes,2018,0,South,0,0,0,Flat,0,,0,,0,Bright sun,707600,1,0,0,3,0,0,0,0,1,,0,0,Auckland Region,Nil,1-way,Sealed,0,0,1,0,100,0,Null,0,0,,76,Auckland,Unknown,0,0,0,0,0,0,Open,0,0,0,Fine,Null
1748088,5963923,434585,,506613,0,0,0,0,0,North,2018/2019,SH 1N,COWAN BAY ROAD,,Serious Crash,Yes,2018,0,North,0,0,0,Hill Road,1,,0,,0,Twilight,146104,0,0,1,2,0,0,0,0,0,,0,0,Auckland Region,Bridge,2-way,Sealed,0,0,1,0,100,0,None,0,0,,76,Auckland,Unknown,0,0,0,0,0,0,Open,0,0,0,Fine,Null
1736251,5927114,434591,,505605,0,,0,0,,West,2017/2018,TAWA ROAD,POMONA ROAD,,Serious Crash,No,2018,,West,,0,,Flat,,,,,,Bright sun,215500,1,0,2,2,,,0,,,,,,Auckland Region,Nil,2-way,Sealed,,0,1,,80,,Null,0,0,,76,Auckland,Unknown,,,,,0,0,Open,0,,,Fine,Null
1756042,5945473,434595,,505902,0,,0,0,,North,2018/2019,Z DRIVEWAY,MELANDRA ROAD,,Serious Crash,No,2018,,East,,0,,Null,,,,,,Bright sun,174103,0,0,0,,,,0,,,1,,,Auckland Region,Nil,Off road,Sealed,,0,1,,10,,Null,1,0,,76,Auckland,Unknown,,,,,0,0,Urban,0,,,Null,Null
1768688,5910047,434696,,523112,0,,0,1,,South,2017/2018,HARRIS ROAD,CROOKS ROAD,,Serious Crash,No,2017,,North,,0,,Flat,,,,,,Twilight,711500,0,0,1,4,,,0,,,,,,Auckland Region,Nil,2-way,Sealed,,0,1,,60,,Off,0,0,,76,Auckland,Nil,,,,,0,0,Urban,0,,,Fine,Null