X,Y,OBJECTID,advisorySpeed,areaUnitID,bicycle,bridge,bus,carStationWagon,cliffBank,crashDirectionDescription,crashFinancialYear,crashLocation1,crashLocation2,crashRoadSideRoad,crashSeverity,crashSHDescription,crashYear,debris,directionRoleDescription,ditch,fatalCount,fence,flatHill,guardRail,holiday,houseOrBuilding,intersection,kerb,light,meshblockId,minorInjuryCount,moped,motorcycle,NumberOfLanes,objectThrownOrDropped,otherObject,otherVehicleType,overBank,parkedVehicle,pedestrian,phoneBoxEtc,postOrPole,region,roadCharacter,roadLane,roadSurface,roadworks,schoolBus,seriousInjuryCount,slipOrFlood,speedLimit,strayAnimal,streetLight,suv,taxi,temporarySpeedLimit,tlaId,tlaName,trafficControl,trafficIsland,trafficSign,train,tree,truck,unknownVehicleType,urban,vanOrUtility,vehicle,waterRiver,weatherA,weatherB
1756126,5917694,434743,,518102,0,,0,1,,Null,2018/2019,BELLEVUE ROAD,DOMINION ROAD,,Serious Crash,No,2018,,South,,0,,Hill Road,,,,,,Dark,545900,0,1,0,2,,,0,,,,,,Auckland Region,Nil,2-way,Sealed,,0,1,,50,,On,0,0,,76,Auckland,Stop,,,,,0,0,Urban,0,,,Fine,Null
1757693,5921011,434787,,514101,0,,0,1,,Null,2017/2018,COMMERCE ST,QUAY ST,,Serious Crash,No,2018,,North,,0,,Flat,,,,,,Bright sun,438209,0,0,0,2,,,0,,,1,,,Auckland Region,Nil,2-way,Sealed,,0,1,,50,,Null,0,0,,76,Auckland,Traffic Signals,,,,,0,0,Urban,0,,,Fine,Null
1759091,5879732,434850,65,521152,0,,0,1,,West,2018/2019,WAIUKU ROAD,GLENBROOK STATION ROAD,,Fatal Crash,No,2018,,West,,1,,Flat,,,,,,Overcast,832800,1,0,0,2,,,0,,,,,,Auckland Region,Nil,2-way,Sealed,,0,0,,100,,Null,0,0,,76,Auckland,Nil,,,,,0,0,Open,1,,,Fine,Null
1748081,5912059,434944,,511901,0,,0,1,,Null,2017/2018,TITIRANGI ROAD,GOLF ROAD,,Serious Crash,No,2018,,North,,0,,Hill Road,,,,,,Bright sun,292600,0,1,0,2,,,0,,,,,,Auckland Region,Nil,1-way,Sealed,,0,1,,50,,Null,0,0,,76,Auckland,Give way,,,,,0,0,Urban,0,,,Fine,Null
1743799,5944380,435022,,506614,0,0,0,1,0,West,2017/2018,KAHIKATEA FLAT ROAD,WHITEHILLS ROAD,,Serious Crash,No,2018,0,North,0,0,1,Flat,0,,0,,0,Twilight,177801,0,0,0,2,0,0,0,0,0,,0,0,Auckland Region,Nil,2-way,Sealed,0,0,1,0,100,0,None,0,0,,76,Auckland,Unknown,0,0,0,1,0,0,Open,0,0,0,Fine,Null
1772605,5896407,435258,,525420,0,,0,0,,East,2017/2018,ELLIOT ST,EAST ST,,Serious Crash,No,2018,,East,,0,,Flat,,,,,,Overcast,791600,0,0,0,1,,,0,,,1,,,Auckland Region,Nil,2-way,Sealed,,0,1,,50,,Null,0,0,,76,Auckland,Unknown,,,,,0,0,Urban,1,,,Fine,Null
1761127,5916652,435380,,516002,0,,0,2,,Null,2017/2018,REMUERA ROAD,GREEN LANE EAST,,Serious Crash,No,2018,,West,,0,,Flat,,,,,,Overcast,494200,0,0,0,2,,,0,,,,,,Auckland Region,Nil,2-way,Sealed,,0,1,,50,,Null,0,0,40,76,Auckland,Traffic Signals,,,,,0,0,Urban,0,,,Heavy rain,Null
1758058.46,5915145.142,435432,,519300,0,0,0,2,0,North,2018/2019,MANUKAU RD (CWC),ONSLOW AVENUE,,Serious Crash,No,2019,0,South,0,0,0,Flat,0,,0,,0,Dark,623600,0,0,0,4,0,0,0,0,1,,0,0,Auckland Region,Nil,2-way,Sealed,0,0,1,0,50,0,On,0,0,,76,Auckland,Unknown,0,0,0,0,0,0,Urban,0,0,0,Fine,Null
1765703.576,5901511.614,435517,,524604,0,0,0,1,0,East,2016/2017,Off Road - Shops on Browns Road,,,Serious Crash,No,2017,0,East,0,0,0,Flat,0,,1,,0,Bright sun,781302,0,0,0,0,0,1,0,0,0,,0,0,Auckland Region,Speed hump,Off road,Sealed,0,0,1,0,10,0,Off,0,0,,76,Auckland,Unknown,0,0,0,0,0,0,Urban,0,0,0,Fine,Null
1766580,5918340,435629,,516900,0,,0,0,,Null,2018/2019,CROSSFIELD ROAD,WASHINGTON AVENUE,,Serious Crash,No,2018,,North,,0,,Flat,,,,,,Bright sun,468900,0,0,1,2,,,0,,,,,,Auckland Region,Nil,2-way,Sealed,,0,1,,50,,Null,1,0,,76,Auckland,Give way,,,,,0,0,Urban,0,,,Fine,Null
1752239,5973515,435768,,506661,0,,0,1,,West,2017/2018,MATAKANA ROAD,SHARP ROAD,,Serious Crash,No,2018,,West,,0,,Flat,,,,,,Bright sun,139301,3,0,0,2,,,0,,,,,,Auckland Region,Nil,2-way,Sealed,,0,1,,80,,Null,0,0,,76,Auckland,Unknown,,,,,1,0,Open,1,,,Fine,Null
1755578,5920530,435789,,514000,0,0,0,5,0,South,2017/2018,MARGARET ST,COLLEGE HILL,,Serious Crash,No,2018,0,North,0,0,0,Flat,0,,0,,0,Bright sun,415400,0,0,0,1,0,0,0,0,1,,0,0,Auckland Region,Nil,2-way,Sealed,0,0,1,0,50,0,Null,0,0,,76,Auckland,Unknown,0,0,0,0,0,0,Urban,0,0,0,Fine,Null
1743340.949,5906323.124,435961,,512802,0,,0,1,,Null,2016/2017,HUIA ROAD,RAUHUIA CRESCENT,,Serious Crash,No,2016,,East,,0,,Hill Road,,,,,,Overcast,302900,1,0,1,2,,,0,,,,,,Auckland Region,Nil,2-way,Sealed,,0,1,,70,,Off,0,0,,76,Auckland,Give way,,,,,0,0,Urban,0,,,Fine,Null
1758181,5913656,435988,,518600,0,0,0,1,0,South,2018/2019,MANUKAU ROAD,RAURENGA AVENUE,,Serious Crash,No,2018,0,South,0,0,0,Flat,0,,0,,0,Overcast,567300,2,0,0,2,0,0,0,0,1,,0,0,Auckland Region,Nil,2-way,Sealed,0,0,1,0,50,0,Null,0,0,,76,Auckland,Unknown,0,0,0,0,0,0,Urban,2,0,0,Light rain,Null
1772146,5902556,436036,,523819,0,,0,1,,North,2017/2018,MILL ROAD,RANFURLY ROAD,,Serious Crash,No,2018,,South,,0,,Flat,,,,,,Overcast,760811,1,0,0,2,,,0,,,,,,Auckland Region,Nil,2-way,Sealed,,0,1,,80,,Null,0,0,,76,Auckland,Unknown,,,,,0,0,Open,1,,,Light rain,Null
1754045,5918296,436172,,515431,0,,0,0,,East,2018/2019,SH 16,MOTAT OFF EBD,,Fatal Crash,Yes,2018,,East,,1,,Flat,,,,,,Dark,406300,0,0,1,4,,,0,,,,,,Auckland Region,Nil,1-way,Sealed,,0,0,,80,,On,0,0,,76,Auckland,Unknown,,,,,1,0,Open,1,,,Fine,Null
1774068,5890784,436183,55,521301,0,0,0,0,1,South,2017/2018,FITZGERALD ROAD,BROOKFIELD ROAD,,Serious Crash,No,2018,0,South,0,0,0,Flat,0,,0,,0,Overcast,809002,0,0,0,2,0,0,0,0,0,,0,1,Auckland Region,Nil,2-way,Sealed,0,0,1,0,80,0,Null,0,0,,76,Auckland,Unknown,0,0,0,0,0,0,Open,1,0,0,Heavy rain,Strong wind
1758140,5920853,436221,,514101,0,0,0,1,0,Null,2018/2019,QUAY ST,TANGIHUA ST,,Serious Crash,No,2018,0,West,0,0,0,Flat,0,Christmas New Year,0,,0,Dark,438211,1,0,0,2,0,0,0,0,0,,0,0,Auckland Region,Nil,2-way,Sealed,0,0,1,0,50,0,On,0,0,,76,Auckland,Traffic Signals,0,1,0,0,0,0,Urban,0,0,0,Fine,Null
1745937,5920104,436482,,513301,0,0,0,2,0,North,2017/2018,CENTRAL PARK DRIVE,PARAMOUNT DRIVE,,Fatal Crash,No,2018,0,North,0,1,0,Flat,0,,0,,0,Dark,230302,1,0,0,2,0,0,0,0,0,,0,0,Auckland Region,Nil,2-way,Sealed,0,0,2,0,50,0,On,0,0,,76,Auckland,Unknown,1,0,0,0,0,0,Urban,0,0,0,Fine,Null
1752880,5916612,436487,,517901,0,,0,1,,Null,2018/2019,MOUNT ALBERT ROAD,NEW NORTH ROAD,,Serious Crash,No,2018,,South,,0,,Flat,,,,,,Overcast,524800,0,0,0,4,,,0,,,1,,,Auckland Region,Nil,2-way,Sealed,,0,1,,50,,Null,0,0,,76,Auckland,Traffic Signals,,,,,0,0,Urban,0,,,Fine,Null
1759131,5910170,436511,,524002,1,,0,0,,Null,2017/2018,RIMU ROAD,CORONATION ROAD,,Serious Crash,No,2018,,West,,0,,Flat,,,,,,Twilight,722000,0,0,0,2,,,0,,,,,,Auckland Region,Nil,2-way,Sealed,,0,1,,50,,Off,1,0,,76,Auckland,Give way,,,,,0,0,Urban,0,,,Fine,Null
1755222,5914268,436625,,518500,0,0,0,1,0,South,2017/2018,MOUNT ALBERT ROAD,DOMINION ROAD,,Serious Crash,No,2018,0,North,0,0,0,Null,0,,0,,0,Overcast,561000,0,0,0,,0,0,0,0,1,,0,0,Auckland Region,Nil,Off road,Sealed,0,0,1,0,50,0,Null,1,0,,76,Auckland,Unknown,0,0,0,0,0,0,Urban,0,0,0,Null,Null
1734536,5932891,436809,45,506653,0,,0,1,,North,2017/2018,OLD NORTH ROAD,WAIKOUKOU VALLEY ROAD,,Serious Crash,No,2018,,North,,0,,Hill Road,,,,,,Overcast,217704,1,0,0,2,,,0,,,,,,Auckland Region,Nil,2-way,Sealed,,0,1,,80,,None,0,0,,76,Auckland,Unknown,,,,,0,0,Open,1,,,Light rain,Null
1733574,5945322,437073,55,506647,0,,0,2,,West,2017/2018,SH 16,HENLEY ROAD,,Serious Crash,Yes,2018,,East,,0,,Hill Road,,Christmas New Year,,,,Overcast,211502,0,0,0,2,,,0,,,,,,Auckland Region,Nil,2-way,Sealed,,0,1,,100,,Null,0,0,,76,Auckland,Unknown,,,,,0,0,Open,0,,,Light rain,Null
1750900.228,5878557.886,437293,,521151,0,,0,0,,South,2018/2019,AWHITU RD,MCGOWAN ROAD,,Serious Crash,No,2019,,South,,0,,Hill Road,,,,,,Bright sun,831000,1,0,0,2,,,0,,,,,,Auckland Region,Nil,2-way,Sealed,,0,1,,100,,None,0,0,,76,Auckland,Unknown,,,,,0,0,Open,2,,,Fine,Null
1765156,5909692,437296,,521802,0,0,0,1,0,South,2017/2018,SH 1N,TRENWITH OBR,,Serious Crash,Yes,2018,0,North,0,0,0,Flat,1,,0,,0,Dark,788400,0,0,0,3,0,0,0,0,0,,0,1,Auckland Region,Nil,1-way,Sealed,0,0,1,0,100,0,On,0,0,,76,Auckland,Unknown,0,0,0,0,0,0,Open,0,0,0,Fine,Null
1759667,5912996,437377,,520000,1,,0,1,,Null,2017/2018,MOUNT SMART ROAD,MAYS ROAD,,Serious Crash,No,2018,,West,,0,,Flat,,,,,,Bright sun,605500,0,0,0,2,,,0,,,,,,Auckland Region,Nil,2-way,Sealed,,0,1,,50,,Null,0,0,,76,Auckland,Give way,,,,,0,0,Urban,0,,,Fine,Null
1756593,5919370,437535,,514200,0,,0,1,,South,2018/2019,WEST TERRACE,KARANGAHAPE ROAD,,Serious Crash,No,2018,,South,,0,,Flat,,Labour Weekend,,,,Dark,412000,0,0,0,2,,,0,,,1,,,Auckland Region,Nil,2-way,Sealed,,0,1,,50,,Off,0,0,,76,Auckland,Unknown,,,,,0,0,Urban,0,,,Fine,Null
1771061,5899188,437645,,523911,0,,0,0,,Null,2017/2018,MANUROA ROAD,TAKANINI SCHOOL ROAD,,Serious Crash,No,2018,,East,,0,,Flat,,,,,,Bright sun,766800,0,0,1,2,,,0,,,,,,Auckland Region,Nil,1-way,Sealed,,0,1,,50,,Null,0,0,,76,Auckland,Stop,,,,,0,0,Urban,1,,,Fine,Null
1758260.027,5916728.021,437680,,519200,0,,0,0,,Null,2018/2019,MANUKAU ROAD,BRACKEN AVENUE,,Serious Crash,No,2019,,West,,0,,Flat,,,,,,Bright sun,614301,1,1,0,4,,,0,,,,,,Auckland Region,Nil,2-way,Sealed,,0,1,,50,,Off,0,0,,76,Auckland,Unknown,,,,,0,0,Urban,1,,,Fine,Null
1754499.743,5927754.536,437725,,508310,0,,0,1,,North,2019/2020,CHARTWELL AVE,LINGFIELD STREET,,Serious Crash,No,2019,,North,,0,,Flat,,,,,,Twilight,201100,0,0,0,2,,,0,,,1,,,Auckland Region,Nil,2-way,Sealed,,0,1,,50,,On,0,0,,76,Auckland,Unknown,,,,,0,0,Urban,0,,,Light rain,Null
1770668.618,5898609.925,437821,,523920,0,,0,2,,Null,2018/2019,GREAT SOUTH ROAD,TAKA ST,,Serious Crash,No,2019,,North,,0,,Flat,,,,,,Dark,768001,0,0,0,2,,,0,,,,,,Auckland Region,Nil,2-way,Sealed,,0,1,,50,,On,0,0,,76,Auckland,Traffic Signals,,,,,0,0,Urban,0,,,Fine,Null
1763456.027,5905550.974,437825,,524303,0,,0,1,,North,2018/2019,FERNDOWN AVENUE,CARINGBAH DRIVE,,Serious Crash,No,2019,,South,,0,,Flat,,,,,,Bright sun,746301,1,0,0,2,,,0,,,,,,Auckland Region,Nil,2-way,Sealed,,0,1,,50,,Off,1,0,,76,Auckland,Nil,,,,,0,0,Urban,1,,,Fine,Null
1765977,5882074,437868,,521112,0,0,0,0,0,Null,2018/2019,GUN CLUB ROAD,SCHLAEPFER ROAD,,Serious Crash,No,2018,0,East,1,0,0,Hill Road,0,,0,,0,Overcast,826500,0,0,0,2,0,0,0,1,0,,0,0,Auckland Region,Nil,2-way,Sealed,0,0,1,0,100,0,Null,0,0,,76,Auckland,Give way,0,0,0,0,0,0,Open,1,0,0,Fine,Null
1771062.48,5899188.946,438166,,523911,0,,0,2,,Null,2018/2019,MANUROA ROAD,TAKANINI SCHOOL ROAD,,Serious Crash,No,2019,,West,,0,,Flat,,,,,,Dark,767100,0,0,0,2,,,0,,,,,,Auckland Region,Nil,2-way,Sealed,,0,1,,50,,On,0,0,,76,Auckland,Stop,,,,,0,0,Urban,0,,,Fine,Null
1754452,5915830,438206,,517702,0,0,0,2,0,East,2017/2018,KITCHENER ROAD,FOWLDS AVENUE,,Serious Crash,No,2018,0,West,0,0,0,Flat,0,,0,,0,Dark,541000,0,0,0,2,0,0,0,0,1,,0,0,Auckland Region,Nil,2-way,Sealed,0,0,1,0,50,0,None,0,0,,76,Auckland,Unknown,0,0,0,0,0,0,Urban,0,0,0,Fine,Null
1752913.939,5934963.748,438210,,508701,1,,0,1,,Null,2017/2018,OTEHA VALLEY ROAD OFF RAMP,OTEHA VALLEY ROAD,,Fatal Crash,No,2018,,North,,1,,Flat,,,,,,Dark,179000,0,0,0,2,,,0,,,,,,Auckland Region,Motorway ramp,1-way,Sealed,,0,0,,60,,On,0,0,,76,Auckland,Traffic Signals,,,,,0,0,Urban,0,,,Fine,Null
1746627,5926019,438215,,513431,0,,0,1,,Null,2017/2018,HOBSONVILLE ROAD,BRIGHAM CREEK ROAD,,Fatal Crash,No,2018,,East,,1,,Flat,,,,,,Overcast,223802,0,0,0,2,,,1,,,,,,Auckland Region,Nil,2-way,Sealed,,0,0,,50,,Null,0,0,,76,Auckland,Stop,,,,,0,0,Urban,0,,,Fine,Null
1739468.952,5912436.713,438534,,513020,0,,0,1,,North,2018/2019,SCENIC DR (TITIRANGI),BRABANT ROAD,,Serious Crash,No,2019,,North,,0,,Hill Road,,,,,,Dark,280302,0,0,0,2,,,0,,,1,,,Auckland Region,Nil,2-way,Sealed,,0,1,,80,,None,0,0,,76,Auckland,Unknown,,,,,0,0,Open,0,,,Fine,Null
1748282,5912881,438564,,511902,1,,0,1,,West,2017/2018,TITIRANGI ROAD,CEZANNE PLACE,,Serious Crash,No,2018,,East,,0,,Hill Road,,,,,,Bright sun,292101,0,0,0,2,,,0,,,,,,Auckland Region,Nil,2-way,Sealed,,0,1,,50,,Null,0,0,,76,Auckland,Nil,,,,,0,0,Urban,0,,,Fine,Null
1764954,5906277,438700,,522201,0,,0,0,,Null,2017/2018,OMAGH AVENUE,OMAGH AVENYE,,Serious Crash,No,2018,,East,,0,,Flat,,,,,,Overcast,662900,0,0,0,2,,,0,,,,,,Auckland Region,Nil,2-way,Sealed,,0,1,,50,,Null,1,0,,76,Auckland,Give way,,,,,0,0,Urban,1,,,Light rain,Null
1760083.907,5918033.513,438899,,516102,0,0,0,0,0,Null,2018/2019,PORTLAND ROAD,SCHERFF ROAD,,Fatal Crash,No,2019,0,North,0,1,1,Flat,0,,0,,1,Dark,483700,0,0,1,2,0,0,0,0,0,,0,1,Auckland Region,Nil,2-way,Sealed,0,0,0,0,50,0,On,0,0,,76,Auckland,Give way,0,0,0,1,0,0,Urban,0,0,0,Fine,Null
1742271.394,5995385.1,439020,,506660,0,0,0,0,0,South,2018/2019,MANGAWHAI ROAD,STANIFORTH ROAD,,Serious Crash,No,2019,0,North,0,0,1,Flat,0,,0,,0,Overcast,135600,0,0,1,2,0,0,0,0,0,,0,0,Auckland Region,Nil,2-way,Sealed,0,0,1,0,100,0,None,0,0,,76,Auckland,Unknown,0,0,0,0,0,0,Open,0,0,0,Fine,Null
1757183,5925940,439063,45,509702,0,0,0,0,0,South,2017/2018,ESMONDE ON SBD,ESMONDE ROAD,,Serious Crash,Yes,2018,0,West,0,0,0,Hill Road,0,,0,,0,Bright sun,364602,0,0,1,2,0,0,0,0,0,,0,0,Auckland Region,Motorway ramp,1-way,Sealed,0,0,1,0,60,0,Null,0,0,,76,Auckland,Unknown,0,0,0,0,0,0,Urban,0,1,0,Fine,Null
1752990,5931278,439065,,508807,0,0,0,2,0,West,2017/2018,SATURN PLACE,PAUL MATTHEWS ROAD,,Serious Crash,No,2018,0,East,0,0,1,Hill Road,0,,0,,0,Dark,180809,0,0,0,2,0,0,0,0,0,,0,0,Auckland Region,Nil,2-way,Sealed,0,0,1,0,50,0,On,0,0,,76,Auckland,Unknown,0,1,0,0,0,0,Urban,0,0,0,Fine,Null
1764814,5910497,439073,,521801,0,0,0,1,0,South,2018/2019,ALBERT ST,LUKE ST,,Serious Crash,No,2018,0,North,0,0,0,Flat,0,,0,,0,Twilight,787200,0,0,0,2,0,0,0,0,0,,0,0,Auckland Region,Nil,2-way,Sealed,0,0,1,0,50,0,Off,0,0,,76,Auckland,Unknown,0,0,0,1,0,0,Urban,0,0,0,Fine,Null
1771345,5900037,439079,,523911,0,,0,1,,Null,2018/2019,PORCHESTER ROAD,POPES ROAD,,Serious Crash,No,2018,,North,,0,,Flat,,,,,,Bright sun,767202,1,1,0,2,,,0,,,,,,Auckland Region,Nil,2-way,Sealed,,0,1,,60,,Null,0,0,,76,Auckland,Stop,,,,,0,0,Urban,0,,,Fine,Null
1737106,5981303,439095,,505300,0,,0,2,,Null,2017/2018,SH 1N,CENTENNIAL PARK ROAD,,Fatal Crash,Yes,2018,,North,,1,,Flat,,,,,,Bright sun,143600,1,0,0,2,,,0,,,,,,Auckland Region,Nil,2-way,Sealed,,0,1,,70,,Null,0,0,,76,Auckland,Give way,,,,,0,0,Urban,0,,,Fine,Null
1739890,5915057,439229,,513020,0,,0,1,,West,2017/2018,MOUNTAIN ROAD,HAYES ROAD,,Serious Crash,No,2018,,East,,0,,Hill Road,,,,,,Twilight,280000,0,0,0,2,,,0,,,,,,Auckland Region,Nil,2-way,Sealed,,0,1,,70,,None,1,0,,76,Auckland,Unknown,,,,,0,0,Urban,0,,,Heavy rain,Null
1756393,5919832,439257,,514000,1,,0,0,,North,2018/2019,HOWE ST,BERESFORD ST CENTRAL,,Serious Crash,No,2018,,North,,0,,Flat,,,,,,Bright sun,413500,1,0,0,2,,,0,,,1,,,Auckland Region,Nil,2-way,Sealed,,0,1,,50,,Null,0,0,,76,Auckland,Unknown,,,,,0,0,Urban,0,,,Fine,Null
1756137,5924527,439281,,509702,0,,0,2,,Null,2018/2019,ONEWA ROAD,SYLVAN AVENUE,,Serious Crash,No,2018,,West,,0,,Flat,,,,,,Dark,366700,1,0,0,2,,,0,,,,,,Auckland Region,Motorway ramp,2-way,Sealed,,0,1,,50,,On,0,0,,76,Auckland,Traffic Signals,,,,,0,0,Urban,0,,,Fine,Null
1755919.475,5922916.35,439362,,509800,0,,0,0,,North,2018/2019,01N-0414/09.02-I,TOP OF HARBOUR BRIDGE,,Serious Crash,Yes,2018,,South,,0,,Hill Road,,,,,,Dark,359300,0,0,1,8,,,0,,,,,,Auckland Region,Bridge,2-way,Sealed,,0,1,,80,,On,0,0,,76,Auckland,Unknown,,,,,0,0,Open,0,,,Fine,Strong wind
1755503,5912394,439422,,518701,0,,0,1,,South,2017/2018,ROGAN ST,RAVEN AVENUE,,Serious Crash,No,2018,,South,,0,,Flat,,,,,,Overcast,573200,0,0,0,2,,,0,,,1,,,Auckland Region,Nil,2-way,Sealed,,0,1,,50,,Null,0,0,,76,Auckland,Unknown,,,,,0,0,Urban,0,,,Fine,Null
1750323,5917995,439529,,514801,0,,0,1,,West,2018/2019,SH 16,ROSEBANK BR,,Serious Crash,Yes,2018,,West,,0,,Flat,,Labour Weekend,,,,Bright sun,390401,0,0,1,5,,,0,,,,,,Auckland Region,Nil,1-way,Sealed,,0,1,,100,,Null,0,0,,76,Auckland,Unknown,,,,,0,0,Open,0,,,Fine,Null
1748967,5913890,439584,,511302,0,,0,0,,West,2018/2019,GREAT NORTH ROAD,WATTLE ST,,Serious Crash,No,2018,,West,,0,,Flat,,,,,,Bright sun,269102,0,0,0,4,,,0,,,1,,,Auckland Region,Nil,2-way,Sealed,,0,1,,50,,Null,1,0,,76,Auckland,Unknown,,,,,0,0,Urban,0,,,Fine,Null
1756914.774,5919228.071,439715,,514200,0,,0,1,,West,2019/2020,NORTH-WESTERN MOTORWAY,UPPER QUEEN OBR,,Serious Crash,Yes,2019,,West,,0,,Flat,,,,,,Bright sun,412900,0,0,1,2,,,0,,,,,,Auckland Region,Nil,1-way,Sealed,,0,1,,80,,Off,0,0,,76,Auckland,Nil,,,,,0,0,Open,0,,,Fine,Null
1759454.345,5917197.264,439746,,516001,0,0,0,0,0,Null,2019/2020,REMUERA ROAD,WESTBOURNE ROAD,,Serious Crash,No,2019,0,South,0,0,0,Flat,0,,0,,1,Dark,491200,0,1,0,4,0,0,0,0,0,,0,0,Auckland Region,Nil,2-way,Sealed,0,0,1,0,50,0,On,0,0,,76,Auckland,Stop,0,0,0,0,0,0,Urban,0,0,0,Light rain,Null
1769175.388,5879471.222,439822,,525922,0,0,0,1,1,Null,2019/2020,JOHN STREET,KITCHENER ROAD,,Serious Crash,No,2019,0,South,1,0,0,Hill Road,0,,0,,0,Dark,823411,0,0,0,2,0,0,0,0,0,,0,0,Auckland Region,Nil,2-way,Sealed,0,0,1,0,50,0,Off,0,0,,76,Auckland,Stop,0,1,0,0,0,0,Urban,0,0,0,Fine,Null
1748000.393,5914640.177,439850,,511700,0,0,0,2,0,East,2018/2019,KELMAN ROAD,BARBARY AVENUE,,Serious Crash,No,2019,1,West,0,0,0,Hill Road,0,,0,,0,Bright sun,272002,0,0,1,2,0,0,0,0,1,,0,0,Auckland Region,Nil,2-way,Sealed,0,0,1,0,50,0,Off,0,0,,76,Auckland,Nil,0,0,0,0,0,0,Urban,0,0,0,Fine,Null
1737648.958,5934014.45,439888,55,506653,0,0,0,1,1,West,2019/2020,ARARIMU VALLEY ROAD,CARTERS ROAD,,Serious Crash,No,2020,0,South,0,0,0,Flat,0,,0,,0,Dark,217606,0,0,0,2,0,0,0,0,0,,0,0,Auckland Region,Nil,2-way,Sealed,0,0,1,0,80,0,None,0,0,,76,Auckland,Unknown,0,0,0,0,0,0,Open,0,0,0,Light rain,Null
1755422.509,5915186.346,439925,,518500,0,0,0,2,0,South,2019/2020,DOMINION RD (MT EDEN),INVERMAY AVENUE,,Serious Crash,No,2019,0,South,0,0,1,Flat,0,Christmas New Year,0,,0,Dark,559900,0,0,0,2,0,0,0,0,0,,0,0,Auckland Region,Nil,2-way,Sealed,0,0,2,0,50,0,On,0,0,,76,Auckland,Unknown,0,0,0,0,0,0,Urban,0,0,0,Fine,Null
1768427.356,5908887.507,439967,,523502,0,,0,1,,North,2019/2020,SPRINGS ROAD,PEARL BAKER DRIVE,,Serious Crash,No,2020,,South,,0,,Flat,,,,,,Overcast,702000,1,0,0,4,,,0,,,,,,Auckland Region,Nil,2-way,Sealed,,0,1,,60,,Off,0,0,,76,Auckland,Nil,,,,,0,0,Urban,1,,,Fine,Null
1755188.148,5877069.765,439985,55,521152,0,,0,2,,Null,2018/2019,GLENBROOK-WAIUKU ROAD,CORNWALL ROAD,,Serious Crash,No,2019,,South,,0,,Hill Road,,,,,,Overcast,834000,2,0,0,2,,,0,,,,,,Auckland Region,Bridge,2-way,Sealed,,0,1,,70,,Null,0,0,,76,Auckland,Give way,,,,,0,0,Urban,0,,,Fine,Null
1753266.296,5933332.857,440013,,508701,0,,0,1,,North,2019/2020,NORTHERN MOTORWAY,GREVILLE ROAD ON RAMP,,Serious Crash,Yes,2020,,Null,,0,,Hill Road,,,,,,Dark,178900,0,0,0,2,,,0,,,,,,Auckland Region,Nil,2-way,Sealed,,0,2,,100,,On,0,0,80,76,Auckland,Nil,,,,,0,1,Open,0,,,Fine,Null
1754887.62,5918685.81,440106,,515410,0,,0,0,,Null,2018/2019,WILLIAMSON AVENUE,GREAT NORTH ROAD,,Serious Crash,No,2019,,West,,0,,Flat,,,,,,Dark,404500,1,1,0,3,,,0,,,,,,Auckland Region,Nil,2-way,Sealed,,0,1,,50,,On,1,0,,76,Auckland,Traffic Signals,,,,,0,0,Urban,0,,,Fine,Null
1772632.412,5894320.486,440171,,525530,0,0,0,2,0,South,2019/2020,GREAT SOUTH RD (PAPAKURA),MAGNOLIA AVENUE,,Serious Crash,No,2019,0,South,0,0,0,Flat,0,,0,,0,Dark,804500,0,0,0,2,0,0,0,0,1,,0,0,Auckland Region,Nil,2-way,Sealed,0,0,2,0,50,0,On,0,0,,76,Auckland,Unknown,0,0,0,0,1,0,Urban,0,0,0,Fine,Null
1767635.11,5910391.325,440231,,523112,0,,0,0,,Null,2019/2020,HIGHBROOK DRIVE,RA ORA DRIVE,,Serious Crash,No,2019,,West,,0,,Flat,,,,,,Overcast,711600,0,0,1,4,,,0,,,,,,Auckland Region,Nil,2-way,Sealed,,0,1,,50,,On,0,0,,76,Auckland,Give way,,,,,0,0,Urban,1,,,Fine,Null
1753906.59,5876330.713,440295,,526104,0,0,0,0,0,West,2019/2020,KITCHENER ROAD,RACECOURSE ROAD,,Serious Crash,No,2020,0,East,0,0,1,Flat,0,,0,,0,Bright sun,834600,0,0,1,2,0,0,0,0,0,,0,0,Auckland Region,Nil,2-way,Sealed,0,0,1,0,50,0,Off,0,0,,76,Auckland,Unknown,0,0,0,0,0,0,Urban,0,0,0,Fine,Frost
1759217.082,5906584.585,440322,,524200,0,0,0,2,0,Null,2019/2020,KIRKBRIDE ROAD,KIRKBRIDE ROAD ON RAMP,,Serious Crash,No,2020,0,South,0,0,0,Flat,0,,0,,0,Twilight,726400,0,0,0,4,0,0,0,0,0,,0,0,Auckland Region,Motorway ramp,2-way,Sealed,0,0,2,0,50,0,Off,0,0,,76,Auckland,Traffic Signals,0,1,0,0,0,0,Urban,0,0,0,Fine,Null