X,Y,OBJECTID,advisorySpeed,areaUnitID,bicycle,bridge,bus,carStationWagon,cliffBank,crashDirectionDescription,crashFinancialYear,crashLocation1,crashLocation2,crashRoadSideRoad,crashSeverity,crashSHDescription,crashYear,debris,directionRoleDescription,ditch,fatalCount,fence,flatHill,guardRail,holiday,houseOrBuilding,intersection,kerb,light,meshblockId,minorInjuryCount,moped,motorcycle,NumberOfLanes,objectThrownOrDropped,otherObject,otherVehicleType,overBank,parkedVehicle,pedestrian,phoneBoxEtc,postOrPole,region,roadCharacter,roadLane,roadSurface,roadworks,schoolBus,seriousInjuryCount,slipOrFlood,speedLimit,strayAnimal,streetLight,suv,taxi,temporarySpeedLimit,tlaId,tlaName,trafficControl,trafficIsland,trafficSign,train,tree,truck,unknownVehicleType,urban,vanOrUtility,vehicle,waterRiver,weatherA,weatherB
1754020.918,5924810.432,440340,,510500,0,,0,1,,South,2018/2019,ONEWA RD,BIRKENHEAD AVENUE,,Serious Crash,No,2019,,West,,0,,Hill Road,,,,,,Twilight,355800,0,0,1,4,,,0,,,,,,Auckland Region,Nil,2-way,Sealed,,0,1,,50,,Off,0,0,,76,Auckland,Nil,,,,,0,0,Urban,0,,,Fine,Null
1746433.942,5913183.295,440400,,511002,0,0,0,1,0,North,2019/2020,WOODGLEN ROAD,GEORGE HERRING PLACE,,Serious Crash,No,2020,0,North,0,0,0,Hill Road,0,,0,,0,Overcast,283800,0,0,0,2,0,0,0,0,0,,0,1,Auckland Region,Nil,2-way,Sealed,0,0,2,0,50,0,Off,0,0,,76,Auckland,Nil,0,0,0,0,0,0,Urban,1,0,0,Fine,Null
1744530.252,5925092.3,440411,,513431,0,0,0,1,0,East,2019/2020,018-0007-I,TRIG OBR,,Serious Crash,Yes,2019,0,West,0,0,0,Hill Road,2,,0,,0,Overcast,223702,3,0,0,4,0,0,0,0,0,,0,0,Auckland Region,Nil,2-way,Sealed,0,0,1,0,100,0,Off,1,0,,76,Auckland,Unknown,0,0,0,0,0,0,Open,0,0,0,Fine,Null
1762654.286,5906870.348,440486,,524301,0,,0,1,,Null,2018/2019,BUCKLAND ROAD,RAGLAN STREET,,Serious Crash,No,2019,,North,,0,,Flat,,,,,,Bright sun,746602,1,0,0,2,,,0,,,,,,Auckland Region,Nil,2-way,Sealed,,0,1,,50,,Off,0,0,,76,Auckland,Give way,,,,,0,0,Urban,1,,,Fine,Null
1748285.509,5912882.395,440497,,511902,0,,1,0,,North,2018/2019,TITIRANGI RD,OLD TITIRANGI ROAD,,Serious Crash,No,2019,,North,,0,,Flat,,Queens Birthday,,,,Bright sun,292101,0,0,0,2,,,0,,,,,,Auckland Region,Nil,2-way,Sealed,,0,1,,50,,Off,0,0,30,76,Auckland,Unknown,,,,,0,0,Urban,0,,,Fine,Null
1758583.287,5979811.086,440548,,506661,0,0,0,1,0,East,2019/2020,LEIGH ROAD,BIRDSALL ROAD,,Serious Crash,No,2019,0,North,0,0,0,Flat,0,,0,,0,Dark,137601,0,0,0,2,0,0,0,0,0,,0,0,Auckland Region,Nil,2-way,Sealed,0,0,1,0,50,0,On,0,0,,76,Auckland,Unknown,0,0,0,0,0,0,Urban,0,0,0,Fine,Null
1769848.915,5913458.785,440569,,522722,0,,0,4,,Null,2019/2020,AVIEMORE DRIVE,DE QUINCEY TERRACE,,Serious Crash,No,2019,,South,,0,,Flat,,,,,,Bright sun,681337,2,0,0,2,,,0,,,,,,Auckland Region,Nil,2-way,Sealed,,0,1,,60,,Off,0,0,,76,Auckland,Give way,,,,,0,0,Urban,0,,,Fine,Null
1758387.956,5917624.127,440598,,515700,1,,0,0,,Null,2019/2020,BROADWAY,EDGERLEY AVENUE,,Serious Crash,No,2019,,North,,0,,Hill Road,,,,,,Bright sun,443402,0,0,0,6,,,0,,,,,,Auckland Region,Nil,2-way,Sealed,,0,1,,50,,Off,0,0,,76,Auckland,Stop,,,,,1,0,Urban,0,,,Fine,Null
1758038.768,5918219.015,440599,,515700,1,,0,0,,East,2019/2020,SECCOMBES RD,ALMORAH PLACE,,Serious Crash,No,2019,,East,,0,,Flat,,,,,,Bright sun,443200,0,0,0,2,,,0,,,,,,Auckland Region,Speed hump,2-way,Sealed,,0,1,,50,,Off,0,0,,76,Auckland,Nil,,,,,0,0,Urban,1,,,Fine,Null
1766827.417,5899237.77,440748,,524812,0,,0,1,,South,2019/2020,MAHIA ROAD,GLENVEAGH PARK DRIVE,,Fatal Crash,No,2019,,South,,1,,Flat,,,,,,Overcast,774105,1,0,1,2,,,0,,,,,,Auckland Region,Nil,2-way,Sealed,,0,0,,50,,Off,0,0,,76,Auckland,Nil,,,,,0,0,Urban,0,,,Fine,Null
1774039.814,5887055.357,440979,65,521132,0,0,0,1,1,South,2019/2020,GREAT SOUTH ROAD,KERN ROAD,,Serious Crash,No,2020,0,South,0,0,1,Flat,0,,0,,0,Dark,814003,0,0,0,2,0,0,0,0,0,,0,0,Auckland Region,Nil,2-way,Sealed,0,0,1,0,100,0,None,0,0,,76,Auckland,Nil,0,0,0,1,0,0,Open,0,0,0,Fine,Null
1772062.231,5901370.064,441049,,523813,0,,0,1,,Null,2019/2020,ALFRISTON ROAD,WASTNEY ROAD,,Serious Crash,No,2019,,West,,0,,Hill Road,,,,,,Bright sun,759800,0,0,1,2,,,0,,,,,,Auckland Region,Nil,2-way,Sealed,,0,1,,80,,None,0,0,,76,Auckland,Give way,,,,,0,0,Open,0,,,Fine,Null
1762892.98,5913525.679,441099,,520402,0,0,0,1,0,East,2019/2020,COMMISSARIAT RD,BAILEY ROAD,,Serious Crash,No,2019,0,West,0,0,0,Flat,0,Christmas New Year,0,,0,Bright sun,641800,0,0,0,2,0,0,0,0,0,,0,0,Auckland Region,Nil,2-way,Sealed,0,0,1,0,50,0,Off,0,0,,76,Auckland,Unknown,0,0,0,1,0,0,Urban,0,0,0,Fine,Null
1772751.62,5895571.467,441173,,525540,0,,0,0,,North,2018/2019,GREAT SOUTH RD (PAPAKURA),MANSE ROAD,,Serious Crash,No,2019,,North,,0,,Flat,,,,,,Dark,806001,0,0,0,2,,,0,,,1,,,Auckland Region,Nil,2-way,Sealed,,0,1,,50,,On,0,0,,76,Auckland,Unknown,,,,,0,1,Urban,0,,,Fine,Null
1762517.749,5917093.981,441398,,516302,0,,0,3,,South,2019/2020,REMUERA RD (CWCE),LOCH STREET,,Serious Crash,No,2019,,East,,0,,Hill Road,,,,,,Bright sun,463103,1,0,0,4,,,0,,,,,,Auckland Region,Nil,2-way,Sealed,,0,1,,50,,Off,0,0,,76,Auckland,Unknown,,,,,0,0,Urban,0,,,Fine,Null
1769415.597,5899970.15,441535,,525002,0,,0,1,,North,2018/2019,GREAT SOUTH ROAD,MAHIA ROAD,,Fatal Crash,No,2019,,South,,1,,Flat,,,,,,Twilight,753900,0,0,0,2,,,0,,,1,,,Auckland Region,Nil,2-way,Sealed,,0,0,,50,,On,0,0,,76,Auckland,Unknown,,,,,1,0,Urban,0,,,Mist or Fog,Null
1746960.024,5910472.933,441664,45,512000,0,0,0,1,0,South,2018/2019,SCENIC DRIVE, KOHU ROAD,,Fatal Crash,No,2019,0,West,0,1,0,Flat,1,,0,,0,Dark,296900,0,0,0,2,0,0,0,1,0,,0,0,Auckland Region,Nil,2-way,Sealed,0,0,0,0,50,0,On,0,0,,76,Auckland,Unknown,0,0,0,1,0,0,Urban,0,0,0,Heavy rain,Null
1761873.224,5906681.541,441853,,524302,0,0,0,2,0,Null,2019/2020,MASSEY ROAD,ROBERTSON ROAD,,Serious Crash,No,2020,0,East,0,0,0,Flat,0,Queens Birthday,0,,0,Dark,743600,2,0,0,5,0,0,0,0,0,,0,0,Auckland Region,Nil,2-way,Sealed,0,0,1,0,50,0,On,0,0,,76,Auckland,Traffic Signals,0,1,0,0,0,0,Urban,0,0,0,Light rain,Null
1741892.003,5930214.664,441905,,505603,0,0,0,0,0,Null,2019/2020,KAIPARA PORTAGE ROAD,POHUTUKAWA PARADE,,Serious Crash,No,2020,0,North,0,0,0,Flat,0,,0,,0,Dark,214401,0,0,1,2,0,0,0,0,0,,0,0,Auckland Region,Nil,2-way,Sealed,0,0,1,0,50,0,On,0,0,,76,Auckland,Give way,0,0,0,1,0,0,Urban,0,0,0,Fine,Null
1757447.606,5912451.268,441950,,519810,0,,0,1,,Null,2018/2019,QUEENSTOWN ROAD,BEL AIR DRIVE,,Serious Crash,No,2019,,South,,0,,Flat,,,,,,Dark,596700,0,0,0,2,,,0,,,,,,Auckland Region,Nil,1-way,Sealed,,0,1,,50,,On,1,0,,76,Auckland,Give way,,,,,0,0,Urban,0,,,Light rain,Null
1757794.16,5917403.61,441960,,515700,1,,0,1,,Null,2019/2020,MOUNTAIN ROAD,ALBURY AVENUE,,Serious Crash,No,2019,,South,,0,,Hill Road,,,,,,Bright sun,444200,1,0,0,2,,,0,,,,,,Auckland Region,Nil,2-way,Sealed,,0,1,,50,,Off,0,0,,76,Auckland,Stop,,,,,0,1,Urban,0,,,Fine,Null
1755644.621,5915974.355,442077,,518301,0,,0,1,,Null,2019/2020,DOMINION ROAD,TENNYSON STREET,,Serious Crash,No,2019,,North,,0,,Flat,,,,,,Bright sun,553900,0,0,1,4,,,0,,,,,,Auckland Region,Nil,2-way,Sealed,,0,1,,50,,Off,0,0,,76,Auckland,Stop,,,,,0,0,Urban,0,,,Fine,Null
1727962.488,5939060.879,442121,,506644,0,,0,2,,Null,2019/2020,SH 16,RIMMER ROAD,,Serious Crash,Yes,2019,,South,,0,,Flat,,,,,,Overcast,211002,2,0,0,2,,,0,,,,,,Auckland Region,Nil,2-way,Sealed,,0,2,,100,,Off,0,0,,76,Auckland,Give way,,,,,0,0,Open,0,,,Light rain,Null
1754734.646,5918947.459,442200,,515410,0,,0,1,,South,2018/2019,SURREY CRES,FIRTH ROAD,,Serious Crash,No,2019,,North,,0,,Flat,,,,,,Bright sun,404400,1,0,0,2,,,0,,,2,,,Auckland Region,Nil,2-way,Sealed,,0,1,,50,,Off,0,0,,76,Auckland,Unknown,,,,,0,0,Urban,0,,,Fine,Null
1778663.145,5913431.15,442413,,523202,0,0,0,1,0,South,2019/2020,WHITFORD-MARAETAI RD,OKARORO DRIVE,,Serious Crash,No,2019,0,South,0,0,1,Flat,0,,0,,0,Dark,762501,0,0,0,2,0,0,0,0,0,,0,0,Auckland Region,Nil,2-way,Sealed,0,0,1,0,100,0,None,0,0,,76,Auckland,Unknown,0,0,0,1,0,0,Open,0,0,0,Fine,Null
1766488.974,5900153.587,442418,,524713,0,,0,1,,Null,2019/2020,JOHN WALKER DR,TAMWORTH CLOSE,,Serious Crash,No,2019,,South,,0,,Flat,,,,,,Overcast,775806,0,0,0,2,,,0,,,1,,,Auckland Region,Nil,2-way,Sealed,,0,1,,50,,Off,0,0,,76,Auckland,Unknown,,,,,0,0,Urban,0,,,Fine,Null
1757689.179,5913750.042,442442,,518600,0,,0,2,,North,2019/2020,PAH RD (EPSOM),REWI ROAD,,Serious Crash,No,2019,,West,,0,,Flat,,,,,,Dark,567100,0,0,0,2,,,0,,,,,,Auckland Region,Nil,2-way,Sealed,,0,1,,50,,On,0,1,,76,Auckland,Unknown,,,,,0,0,Urban,0,,,Fine,Null
1812759.744,5995435.51,442452,,521000,0,0,0,0,0,North,2019/2020,AOTEA ROAD,GLENFERN ROAD,,Serious Crash,No,2020,0,South,1,0,0,Hill Road,0,,0,,0,Bright sun,438800,0,1,0,2,0,0,0,0,0,,0,0,Auckland Region,Nil,2-way,Sealed,0,0,1,0,100,0,None,0,0,,76,Auckland,Unknown,0,0,0,0,0,0,Open,0,0,0,Fine,Null
1732190.984,5959402.374,442471,,506613,0,0,0,0,0,East,2019/2020,WEST COAST RD (WOODCOCKS),KAIPARA COAST HIGHWAY,,Serious Crash,No,2019,0,East,0,0,0,Flat,0,,0,,0,Bright sun,146400,0,0,1,2,0,0,0,0,0,,0,0,Auckland Region,Nil,2-way,Sealed,0,0,1,0,100,0,None,0,0,,76,Auckland,Unknown,0,1,0,0,0,0,Open,0,0,0,Fine,Null
1749504.359,5880482.279,442790,65,521151,0,0,0,1,0,Null,2019/2020,AWHITU ROAD,CREAMERY ROAD,,Serious Crash,No,2020,0,North,0,0,1,Flat,0,,0,,0,Dark,830800,2,0,0,2,0,0,0,0,0,,0,0,Auckland Region,Nil,2-way,Sealed,0,0,1,0,100,0,None,0,0,,76,Auckland,Give way,0,0,0,0,0,0,Open,0,0,0,Fine,Null
1751753.583,5926138.77,442820,,510220,0,,0,1,,North,2018/2019,BIRKDALE RD,BESWICK PLACE,,Serious Crash,No,2019,,North,,0,,Hill Road,,,,,,Bright sun,349100,0,0,0,2,,,0,,,1,,,Auckland Region,Nil,2-way,Sealed,,0,1,,50,,Off,0,0,,76,Auckland,Unknown,,,,,0,0,Urban,0,,,Fine,Null
1744693.967,5916674.538,442846,,510800,0,,0,1,,North,2019/2020,SOUTHGATE PLACE,KEELING ROAD,,Serious Crash,No,2020,,North,,0,,Flat,,,,,,Bright sun,241800,0,0,0,2,,,0,,,2,,,Auckland Region,Nil,2-way,Sealed,,0,1,,50,,Off,0,0,,76,Auckland,Nil,,,,,0,0,Urban,0,,,Fine,Null
1768096.949,5906903.166,442983,,523711,0,0,0,1,0,West,2019/2020,RONGOMAI ROAD,WYNTON PLACE,,Serious Crash,No,2020,0,North,0,0,0,Hill Road,0,,0,,0,Overcast,714100,0,0,0,2,0,0,0,0,0,,0,1,Auckland Region,Nil,2-way,Sealed,0,0,1,0,50,0,Off,0,0,,76,Auckland,Unknown,0,0,0,0,0,0,Urban,0,0,0,Light rain,Null
1764027.468,5910836.256,442998,35,520500,0,0,0,0,1,South,2019/2020,MOUNT WELLINGTON HIGHWAY,MEADOW STREET,,Serious Crash,No,2020,0,North,0,0,0,Hill Road,1,,0,,0,Overcast,638100,0,0,0,2,0,0,0,0,0,,0,0,Auckland Region,Nil,2-way,Sealed,0,0,1,0,50,0,Off,0,0,,76,Auckland,Unknown,0,0,0,0,0,0,Urban,1,0,0,Fine,Null
1768003.314,5912043.328,443142,,523000,0,,0,1,,Null,2018/2019,GOSSAMER DRIVE,RIVERHILLS AVENUE,,Serious Crash,No,2019,,North,,0,,Flat,,,,,,Bright sun,688400,0,0,0,2,,,0,,,1,,,Auckland Region,Nil,2-way,Sealed,,0,1,,50,,Off,0,0,,76,Auckland,Give way,,,,,0,0,Urban,0,,,Fine,Null
1749871.581,5916155.852,443361,,514801,0,,0,1,,East,2019/2020,AVONDALE ROAD,OREGON AVENUE,,Serious Crash,No,2020,,West,,0,,Flat,,,,,,Bright sun,387200,0,0,0,2,,,0,,,,,,Auckland Region,Nil,2-way,Sealed,,0,1,,50,,Off,0,0,,76,Auckland,Nil,,,,,0,0,Urban,1,,,Fine,Null
1762400.868,5913293.369,443386,,520402,0,,0,1,,South,2019/2020,SOUTHERN MOTORWAY,PENROSE OBR,,Serious Crash,Yes,2020,,South,,0,,Flat,,,,,,Bright sun,642200,0,0,1,3,,,0,,,,,,Auckland Region,Nil,1-way,Sealed,,0,1,,100,,Off,0,1,,76,Auckland,Nil,,,,,0,0,Open,0,,,Fine,Null
1756052.622,5917424.181,443428,,518201,0,,0,1,,South,2018/2019,DOMINION RD (MT EDEN),VALLEY ROAD,,Serious Crash,No,2019,,North,,0,,Flat,,,,,,Overcast,547800,0,0,0,5,,,0,,,1,,,Auckland Region,Nil,2-way,Sealed,,0,1,,50,,Off,0,0,,76,Auckland,Unknown,,,,,0,0,Urban,0,,,Fine,Null
1745477.707,5912777.626,443475,35,511001,0,0,0,0,0,East,2018/2019,GLENGARRY ROAD,AUTUMN AVENUE,,Fatal Crash,No,2019,0,East,0,1,0,Hill Road,0,,0,,1,Dark,283001,0,0,0,2,0,0,0,0,0,,0,0,Auckland Region,Nil,2-way,Sealed,0,0,0,0,50,0,On,0,0,,76,Auckland,Nil,0,0,0,0,0,0,Urban,1,0,0,Fine,Null
1752905.256,5933800.732,443486,,508701,0,,0,1,,South,2019/2020,CORINTHIAN DRIVE,DON MCKINNON DRIVE,,Serious Crash,No,2020,,East,,0,,Hill Road,,,,,,Bright sun,178900,0,0,0,2,,,0,,,1,,,Auckland Region,Nil,2-way,Sealed,,0,1,,50,,Off,0,0,,76,Auckland,Nil,,,,,0,0,Urban,0,,,Fine,Null
1740259.11,5970374.762,443563,,506613,0,,0,0,,East,2018/2019,KAIPARA FLATS RD,LINTON ROAD,,Serious Crash,No,2019,,West,,0,,Flat,,,,,,Bright sun,145600,0,0,1,2,,,0,,,,,,Auckland Region,Nil,2-way,Sealed,,0,1,,100,,None,1,0,,76,Auckland,Unknown,,,,,0,0,Open,0,,,Fine,Null
1782919.015,5905402.856,443694,,525201,0,0,0,1,0,North,2018/2019,CLEVEDON-KAWAKAWA RD,HOLDENS ROAD,,Serious Crash,No,2019,0,South,0,0,0,Flat,0,,0,,0,Dark,764400,0,0,0,2,0,0,0,0,0,,0,1,Auckland Region,Nil,2-way,Sealed,0,0,1,0,100,0,On,0,0,,76,Auckland,Unknown,0,0,0,0,0,0,Open,0,0,0,Light rain,Null
1762460.477,5907244.983,443767,,524520,0,,0,0,,South,2019/2020,MASSEY ROAD,YATES ROAD,,Serious Crash,No,2020,,Null,,0,,Flat,,,,,,Bright sun,734603,0,0,1,2,,,0,,,,,,Auckland Region,Nil,2-way,Sealed,,0,1,,50,,Off,0,0,,76,Auckland,Nil,,,,,0,0,Urban,1,,,Fine,Null
1750209.297,5916152.063,443862,,514802,0,,0,2,,Null,2019/2020,ROSEBANK ROAD,ORCHARD STREET,,Serious Crash,No,2019,,North,,0,,Flat,,,,,,Bright sun,389800,3,0,0,2,,,0,,,,,,Auckland Region,Nil,2-way,Sealed,,0,1,,50,,Off,0,0,,76,Auckland,Give way,,,,,0,0,Urban,0,,,Fine,Null
1754187.504,5933097.387,443886,,508805,0,,0,1,,Null,2019/2020,OFF ROAD BP SERVICE STATION FORECOURT,,,Serious Crash,No,2020,,North,,0,,Flat,,,,,,Overcast,180866,0,0,0,,,,0,,,1,,,Auckland Region,Nil,Off road,Sealed,,0,1,,20,,Off,0,1,,76,Auckland,Nil,,,,,0,0,Urban,0,,,Fine,Null
1763228.082,5906580.072,443926,,524301,5,,0,0,,West,2019/2020,BUCKLAND RD (MANGERE),GRAEME AVENUE,,Serious Crash,No,2019,,East,,0,,Flat,,,,,,Bright sun,747200,0,0,0,2,,,0,,,,,,Auckland Region,Nil,2-way,Sealed,,0,2,,50,,Off,0,0,,76,Auckland,Nil,,,,,0,0,Urban,1,,,Fine,Null
1755492.041,5975728.897,443936,35,506661,0,0,0,1,0,North,2019/2020,TAKATU ROAD,MATAKANA CYCLE RIDE,,Serious Crash,No,2020,0,South,0,0,1,Hill Road,0,,0,,0,Dark,138400,0,0,0,2,0,0,0,0,0,,0,0,Auckland Region,Nil,2-way,Sealed,0,0,1,0,100,0,None,0,0,,76,Auckland,Nil,0,0,0,0,0,0,Open,0,0,0,Fine,Null
1759215.225,5903427.054,444041,,524200,0,,0,1,,Null,2019/2020,GEORGE BOLT MEMORIAL DRIVE,TOM PEARCE DRIVE,,Serious Crash,No,2019,,South,,0,,Flat,,,,,,Bright sun,727200,0,0,0,4,,,0,,,1,,,Auckland Region,Nil,2-way,Sealed,,0,1,,50,,Off,0,0,,76,Auckland,Traffic Signals,,,,,0,0,Urban,0,,,Fine,Null
1761872.39,5906682.369,444068,,524302,0,,0,0,,Null,2019/2020,MASSEY ROAD,HENWOOD ROAD,,Serious Crash,No,2019,,North,,0,,Flat,,,,,,Dark,743600,0,0,1,2,,,0,,,,,,Auckland Region,Nil,2-way,Sealed,,0,1,,50,,On,0,0,,76,Auckland,Traffic Signals,,,,,0,0,Urban,0,,,Fine,Null
1756950.43,5919262.074,444083,,514200,0,,0,2,,Null,2019/2020,UPPER QUEEN STREET,CANADA STREET,,Serious Crash,No,2019,,North,,0,,Hill Road,,,,,,Overcast,412200,0,0,0,4,,,0,,,,,,Auckland Region,Nil,2-way,Sealed,,0,1,,50,,Null,0,1,,76,Auckland,Traffic Signals,,,,,0,0,Urban,0,,,Fine,Null
1763781.168,5919070.869,444218,25,516500,0,0,0,1,1,Null,2019/2020,KEPA ROAD,KOHIMARAMA ROAD,,Serious Crash,No,2020,0,East,0,0,0,Flat,0,,0,,0,Bright sun,502900,1,0,0,2,0,0,0,0,0,,0,0,Auckland Region,Nil,2-way,Sealed,0,0,1,0,50,0,Off,0,0,,76,Auckland,Traffic Signals,1,0,0,0,0,0,Urban,0,0,0,Fine,Null
1763696.735,5908872.747,444335,,521901,0,0,0,2,0,Null,2020/2021,GOLF AVENUE,MANGERE ROAD,,Serious Crash,No,2020,0,North,0,0,0,Flat,0,,0,,0,Overcast,785400,1,0,0,4,0,0,0,0,0,,0,1,Auckland Region,Nil,2-way,Sealed,0,0,1,0,50,0,On,0,0,,76,Auckland,Traffic Signals,0,0,0,0,0,0,Urban,0,0,0,Fine,Null
1767805.28,5904039.969,444388,,524602,0,,0,2,,South,2020/2021,GREAT SOUTH ROAD,LAKEWOOD COURT,,Serious Crash,No,2020,,South,,0,,Flat,,,,,,Dark,780501,1,0,0,2,,,0,,,,,,Auckland Region,Nil,2-way,Sealed,,0,1,,60,,On,0,0,,76,Auckland,Nil,,,,,0,0,Urban,0,,,Fine,Null
1738864.574,5928814.918,444390,,505602,0,,0,1,,West,2020/2021,MAIN ROAD,ACCESS ROAD,,Serious Crash,Yes,2020,,East,,0,,Flat,,,,,,Bright sun,215000,0,0,1,2,,,0,,,,,,Auckland Region,Nil,2-way,Sealed,,0,1,,60,,Off,0,0,,76,Auckland,Nil,,,,,0,0,Urban,0,,,Fine,Null
1772417.174,5881552.412,444403,75,521111,0,0,0,0,0,West,2020/2021,PUKEKOHE EAST ROAD,RUNCIMAN ROAD,,Serious Crash,No,2020,0,East,0,0,0,Hill Road,0,,0,,0,Overcast,827001,0,0,1,2,0,0,0,0,0,,0,0,Auckland Region,Nil,2-way,Sealed,0,0,1,0,100,0,None,0,0,,76,Auckland,Nil,0,0,0,1,0,0,Open,0,0,0,Fine,Null
1745787.602,5910973.427,444465,,512700,0,0,0,0,0,North,2020/2021,SCENIC DRIVE,TAWINI ROAD,,Serious Crash,No,2021,0,North,0,0,0,Flat,0,,0,,0,Overcast,300900,0,0,0,2,0,0,0,0,0,,0,0,Auckland Region,Nil,2-way,Sealed,0,0,1,0,70,0,Off,0,0,,76,Auckland,Unknown,0,0,0,2,0,0,Urban,1,0,0,Light rain,Null
1746604.164,5872580.021,444474,,521151,0,0,0,1,0,Null,2020/2021,OFFROAD KARIOITAHI BEACH,,,Serious Crash,No,2021,0,South,1,0,0,Hill Road,0,,0,,0,Bright sun,831300,1,0,0,0,0,0,0,0,0,,0,0,Auckland Region,Nil,Off road,Unsealed,0,0,1,0,,0,None,0,0,,76,Auckland,Nil,0,0,0,0,0,0,Urban,0,0,0,Fine,Strong wind
1740320.839,5929504.273,444537,,505604,0,,0,1,,Null,2020/2021,RIVERHEAD ROAD,OLD NORTH ROAD,,Serious Crash,No,2021,,East,,0,,Flat,,,,,,Bright sun,214204,0,0,1,2,,,0,,,,,,Auckland Region,Nil,2-way,Sealed,,0,1,,80,,Off,0,0,,76,Auckland,Give way,,,,,0,0,Open,0,,,Fine,Null
1745671.016,5913032.785,444566,,511001,0,,0,0,,South,2020/2021,VIRGO PLACE,HYDRA PLACE,,Serious Crash,No,2021,,South,,0,,Flat,,,,,,Overcast,282807,0,0,1,2,,,0,,,,,,Auckland Region,Nil,2-way,Sealed,,0,1,,50,,Off,0,0,,76,Auckland,Nil,,,,,0,0,Urban,0,,,Fine,Null
1770806.083,5906012.644,444579,,523712,0,,0,1,,Null,2020/2021,HUGHS WAY,MOVILLE DRIVE,,Serious Crash,No,2020,,Null,,0,,Flat,,,,,,Bright sun,713300,0,0,0,2,,,0,,,,,,Auckland Region,Nil,2-way,Sealed,,0,1,,50,,Off,0,0,,76,Auckland,Give way,,,,,0,0,Urban,0,,,Fine,Null
1759916.5,5907338.014,444594,,524112,0,,0,2,,North,2020/2021,BADER DRIVE,BADER OBR,,Serious Crash,No,2020,,North,,0,,Flat,,,,,,Bright sun,737500,2,0,0,2,,,0,,,,,,Auckland Region,Bridge,2-way,Sealed,,0,3,,50,,Off,0,0,,76,Auckland,Nil,,,,,0,0,Urban,0,,,Fine,Null
1768372.933,5901760.079,444712,,525001,0,,0,2,,South,2021/2022,GREAT SOUTH ROAD,HALSEY ROAD,,Serious Crash,No,2021,,North,,0,,Hill Road,,,,,,Bright sun,751100,2,0,0,2,,,0,,,,,,Auckland Region,Nil,2-way,Sealed,,0,1,,50,,Off,0,1,,76,Auckland,Nil,,,,,0,0,Urban,0,,,Fine,Null
1753221.37,5946656.66,444758,,505906,0,,0,2,,Null,2020/2021,WHANGAPARAOA ROAD,WHANGAPARAOA ROAD,,Serious Crash,No,2021,,South,,0,,Flat,,,,,,Overcast,173803,2,0,0,4,,,0,,,,,,Auckland Region,Nil,2-way,Sealed,,0,1,,60,,Off,0,0,,76,Auckland,Give way,,,,,0,0,Urban,1,,,Fine,Null
1756833.594,5919197.728,444793,,514200,0,0,0,1,0,East,2020/2021,NORTH-WESTERN MOTORWAY,SOUTHERN MOTORWAY,,Serious Crash,Yes,2021,0,West,0,0,0,Flat,1,,0,,0,Dark,412900,0,0,0,1,0,0,0,0,0,,1,0,Auckland Region,Underpass,1-way,Sealed,0,0,1,0,80,0,On,0,0,,76,Auckland,Nil,0,0,0,0,0,0,Open,0,0,0,Fine,Null
1748017.372,5883207.27,444815,,521151,0,,0,0,,West,2020/2021,AWHITU ROAD,TE TORO ROAD,,Serious Crash,No,2020,,West,,0,,Flat,,,,,,Bright sun,830600,0,0,1,2,,,1,,,,,,Auckland Region,Nil,2-way,Sealed,,0,1,,100,,None,0,0,,76,Auckland,Nil,,,,,0,0,Open,0,,,Fine,Null
1781621.104,5925499.466,444886,,520801,0,0,0,0,0,East,2020/2021,CAUSEWAY ROAD,SHELLY BEACH ROAD,,Serious Crash,No,2020,0,East,0,0,1,Hill Road,0,,0,,0,Dark,515103,1,0,0,2,0,0,0,0,0,,1,0,Auckland Region,Nil,2-way,Sealed,0,0,2,0,50,0,On,1,0,,76,Auckland,Nil,0,0,0,0,0,0,Urban,0,0,0,Fine,Strong wind
1728632.264,5966830.094,444922,,506613,0,0,0,1,0,West,2020/2021,KAIPARA COAST HIGHWAY,MANGAKURA BR,,Serious Crash,Yes,2020,0,North,0,0,1,Hill Road,0,,0,,0,Bright sun,146200,0,0,0,2,0,0,0,1,0,,0,0,Auckland Region,Nil,2-way,Sealed,0,0,2,0,100,0,None,0,0,,76,Auckland,Nil,0,0,0,1,0,0,Open,0,0,0,Fine,Null
1754577.634,5984813.358,444968,,506660,0,0,0,0,0,South,2020/2021,MANUNUI ROAD,PAKIRI ROAD,,Serious Crash,No,2021,0,South,0,0,0,Hill Road,0,,0,,0,Bright sun,137501,0,0,0,2,0,0,1,0,0,,0,0,Auckland Region,Nil,2-way,Sealed,0,0,1,0,80,0,None,0,0,,76,Auckland,Unknown,0,0,0,1,0,0,Open,0,0,0,Fine,Null