X,Y,OBJECTID,advisorySpeed,areaUnitID,bicycle,bridge,bus,carStationWagon,cliffBank,crashDirectionDescription,crashFinancialYear,crashLocation1,crashLocation2,crashRoadSideRoad,crashSeverity,crashSHDescription,crashYear,debris,directionRoleDescription,ditch,fatalCount,fence,flatHill,guardRail,holiday,houseOrBuilding,intersection,kerb,light,meshblockId,minorInjuryCount,moped,motorcycle,NumberOfLanes,objectThrownOrDropped,otherObject,otherVehicleType,overBank,parkedVehicle,pedestrian,phoneBoxEtc,postOrPole,region,roadCharacter,roadLane,roadSurface,roadworks,schoolBus,seriousInjuryCount,slipOrFlood,speedLimit,strayAnimal,streetLight,suv,taxi,temporarySpeedLimit,tlaId,tlaName,trafficControl,trafficIsland,trafficSign,train,tree,truck,unknownVehicleType,urban,vanOrUtility,vehicle,waterRiver,weatherA,weatherB
1717864.392,5953768.592,444990,,506642,0,0,0,1,0,North,2020/2021,SOUTH HEAD ROAD,WEBBER ROAD,,Serious Crash,No,2021,0,North,1,0,0,Hill Road,0,,0,,0,Twilight,210301,0,0,0,2,0,0,0,0,0,,0,0,Auckland Region,Nil,2-way,Sealed,0,0,1,0,100,0,None,0,0,,76,Auckland,Nil,0,0,0,0,0,0,Open,0,0,0,Fine,Null
1766041.946,5906973.218,444994,,522301,0,,0,2,,Null,2020/2021,HOTEO AVENUE,WINTERE ROAD,,Serious Crash,No,2021,,East,,0,,Flat,,,,,,Overcast,667601,0,0,0,4,,,0,,,,,,Auckland Region,Nil,2-way,Sealed,,0,1,,50,,Off,0,0,,76,Auckland,Stop,,,,,0,0,Urban,0,,,Fine,Null
1768548.816,5883854.437,445036,,521111,0,,0,2,,South,2020/2021,PAERATA ROAD,HEIGHTS ROAD,,Serious Crash,Yes,2020,,South,,0,,Flat,,,,,,Overcast,813800,0,0,0,2,,,0,,,,,,Auckland Region,Nil,2-way,Sealed,,0,3,,60,,Off,0,0,,76,Auckland,Nil,,,,,0,0,Urban,0,,,Light rain,Strong wind
1756909.452,5932020.09,445044,,507500,0,0,0,2,0,Null,2019/2020,BEACH ROAD,CHANNEL VIEW ROAD,,Serious Crash,No,2020,0,North,0,0,0,Hill Road,0,,0,,0,Bright sun,147400,2,0,0,2,0,0,0,0,1,,0,0,Auckland Region,Nil,2-way,Sealed,0,0,1,0,50,0,Off,0,0,,76,Auckland,Give way,0,0,0,0,0,0,Urban,1,0,0,Fine,Null
1758936.307,5913198.962,445064,,519820,0,0,0,1,0,Null,2020/2021,ONEHUNGA MALL,MOUNT SMART ROAD,,Serious Crash,No,2021,0,North,0,0,0,Flat,0,,0,,0,Dark,599100,0,0,0,4,0,0,0,0,0,,0,0,Auckland Region,Nil,2-way,Sealed,0,0,1,0,50,0,On,0,0,,76,Auckland,Traffic Signals,0,1,0,0,0,0,Urban,1,0,0,Fine,Null
1751681.772,5973744.689,445100,,506661,0,,0,1,,East,2020/2021,MATAKANA ROAD,ROSEMOUNT ROAD,,Serious Crash,No,2021,,East,,0,,Flat,,,,,,Bright sun,139200,0,0,0,2,,,0,,,,,,Auckland Region,Nil,2-way,Sealed,,0,1,,80,,None,0,0,,76,Auckland,Nil,,,,,2,0,Open,0,,,Fine,Null
1755710.313,5916236.167,445173,,518201,0,,0,1,,Null,2020/2021,BALMORAL ROAD,DOMINION ROAD,,Serious Crash,No,2021,,West,,0,,Flat,,,,,,Overcast,552700,0,0,0,3,,,0,,,,,,Auckland Region,Nil,1-way,Sealed,,0,1,,50,,Off,0,0,,76,Auckland,Traffic Signals,,,,,0,0,Urban,1,,,Fine,Null
1751734.055,5877031.165,445174,,521151,0,,0,0,,North,2020/2021,AWHITU ROAD,TAURANGARURU ROAD,,Serious Crash,No,2021,,South,,0,,Flat,,,,,,Bright sun,831200,0,0,1,2,,,0,,,,,,Auckland Region,Nil,2-way,Sealed,,0,2,,60,,None,0,0,,76,Auckland,Nil,,,,,0,0,Urban,0,,,Fine,Strong wind
1756811.21,5919475.025,445225,,514102,0,,1,0,,Null,2020/2021,PITT STREET,KARANGAHAPE ROAD,,Fatal Crash,No,2020,,South,,1,,Flat,,,,,,Dark,435604,0,0,0,5,,,0,,,1,,,Auckland Region,Nil,2-way,Sealed,,0,0,,30,,On,0,0,,76,Auckland,Traffic Signals,,,,,0,0,Urban,0,,,Fine,Null
1747985.658,5962205.913,445229,,506613,0,,0,1,,South,2020/2021,SH 1,MOIR HILL ROAD,,Fatal Crash,Yes,2021,,North,,1,,Hill Road,,,,,,Bright sun,146800,0,0,0,2,,,0,,,,,,Auckland Region,Nil,2-way,Sealed,,0,1,,100,,None,0,0,,76,Auckland,Nil,,,,,0,0,Open,1,,,Fine,Null
1760962.7,5904993.711,445286,,524200,0,,0,1,,South,2020/2021,PUKAKI ROAD,CYCLAMEN ROAD,,Serious Crash,No,2020,,East,,0,,Flat,,,,,,Twilight,728605,0,0,0,2,,,0,,,,,,Auckland Region,Nil,2-way,Sealed,,0,1,,60,,None,0,0,,76,Auckland,Unknown,,,,,0,0,Urban,0,,,Fine,Null
1753991.919,5916170.678,445302,,517702,0,0,0,2,0,West,2020/2021,HAVERSTOCK ROAD,KERR STREET,,Serious Crash,No,2021,0,East,0,0,0,Flat,0,,0,,1,Dark,541701,0,0,0,1,0,1,0,0,1,,0,0,Auckland Region,Nil,2-way,Sealed,0,0,1,0,50,0,On,0,0,,76,Auckland,Nil,0,0,0,0,0,0,Urban,0,0,0,Fine,Null
1754997.733,5927835.982,445317,,508620,0,,0,1,,Null,2021/2022,ARCHERS ROAD,SUNNYBRAE ROAD,,Serious Crash,No,2021,,South,,0,,Flat,,,,,,Dark,202600,0,0,0,2,,,0,,,,,,Auckland Region,Nil,2-way,Sealed,,0,1,,50,,On,0,0,,76,Auckland,Traffic Signals,,,,,0,0,Urban,1,,,Fine,Null
1769167.272,5908801.382,445421,,523113,0,,1,1,,West,2020/2021,EAST TAMAKI ROAD,ACCENT DRIVE,,Serious Crash,No,2020,,East,,0,,Flat,,,,,,Dark,711901,2,0,0,2,,,0,,,,,,Auckland Region,Nil,2-way,Sealed,,0,2,,60,,On,0,0,,76,Auckland,Nil,,,,,0,0,Urban,0,,,Fine,Null
1756177.107,5933041.434,445522,,507300,0,0,0,1,0,Null,2020/2021,BEACH ROAD,SUNRISE AVENUE,,Serious Crash,No,2020,0,South,0,0,0,Flat,0,Christmas New Year,0,,0,Bright sun,153700,0,0,0,2,0,1,0,0,0,,0,0,Auckland Region,Nil,2-way,Sealed,0,0,1,0,50,0,Off,0,0,,76,Auckland,Give way,0,0,0,1,0,0,Urban,0,0,0,Fine,Null
1754965.385,5944812.043,445542,,505909,0,,0,1,,Null,2020/2021,WHANGAPARAOA ROAD,HIWI CRESCENT,,Serious Crash,No,2020,,East,,0,,Hill Road,,,,,,Bright sun,173811,0,0,1,2,,,0,,,,,,Auckland Region,Nil,2-way,Sealed,,0,1,,50,,Off,0,0,,76,Auckland,Give way,,,,,0,0,Urban,0,,,Fine,Null
1756551.811,5927659.004,445654,,507900,0,,0,0,,Null,2020/2021,TAHAROTO ROAD,THE BOULEVARD,,Serious Crash,No,2021,,South,,0,,Flat,,,,,,Bright sun,305202,0,0,0,6,,,0,,,2,,,Auckland Region,Nil,2-way,Sealed,,0,2,,50,,Off,1,0,,76,Auckland,Traffic Signals,,,,,0,0,Urban,0,,,Fine,Null
1764518.51,5908641.647,445743,,521802,0,0,0,1,0,Null,2020/2021,GREAT SOUTH ROAD,NELSON STREET,,Serious Crash,No,2021,0,North,0,0,0,Hill Road,0,,0,,0,Dark,789600,1,0,0,4,0,0,0,1,0,,0,0,Auckland Region,Nil,2-way,Sealed,0,0,1,0,50,0,On,0,0,,76,Auckland,Traffic Signals,0,1,0,0,0,0,Urban,0,0,0,Heavy rain,Null
1770721.665,5898557.46,445818,,523920,0,,0,2,,South,2021/2022,GREAT SOUTH ROAD,TAKA STREET,,Serious Crash,No,2021,,North,,0,,Flat,,,,,,Dark,767503,0,0,1,4,,,0,,,,,,Auckland Region,Nil,2-way,Sealed,,0,1,,50,,On,0,0,,76,Auckland,Nil,,,,,0,0,Urban,0,,,Fine,Null
1766898.631,5907646.539,445920,,523601,0,,0,2,,Null,2020/2021,EAST TAMAKI ROAD,BAIRDS ROAD,,Serious Crash,No,2020,,West,,0,,Flat,,,,,,Overcast,708600,1,0,0,8,,,0,,,,,,Auckland Region,Nil,2-way,Sealed,,0,1,,60,,Off,0,0,,76,Auckland,Traffic Signals,,,,,0,0,Urban,0,,,Fine,Null
1772481.246,5896518.612,445933,,525420,0,,0,1,,Null,2020/2021,EAST STREET,QUEEN STREET,,Serious Crash,No,2020,,North,,0,,Flat,,,,,,Overcast,791600,0,0,0,2,,,0,,,,,,Auckland Region,Nil,2-way,Sealed,,0,1,,50,,Off,0,0,,76,Auckland,Traffic Signals,,,,,0,0,Urban,1,,,Fine,Null
1753973.828,5925542.701,445943,,510500,0,0,0,3,0,East,2020/2021,PUPUKE ROAD,BIRKENHEAD AVENUE,,Serious Crash,No,2020,0,South,0,0,0,Flat,0,,0,,0,Dark,355606,0,0,0,2,0,0,0,0,1,1,0,0,Auckland Region,Nil,2-way,Sealed,0,0,1,0,50,0,On,0,0,,76,Auckland,Nil,0,0,0,0,0,0,Urban,1,0,0,Fine,Null
1774284.594,5897329.046,445975,,525630,0,0,0,1,0,West,2020/2021,CLEVEDON ROAD,VALENTINE STREET,,Serious Crash,No,2020,0,West,0,0,0,Flat,0,,0,,0,Bright sun,795900,0,0,0,2,0,0,0,0,0,,0,1,Auckland Region,Nil,2-way,Sealed,0,0,2,0,50,0,Off,0,0,,76,Auckland,Nil,0,0,0,0,0,0,Urban,0,0,0,Fine,Null
1770788.075,5907930.759,445978,,523713,0,,0,1,,West,2020/2021,STANCOMBE ROAD,COUSINS ROAD,,Serious Crash,No,2021,,West,,0,,Flat,,,,,,Bright sun,712401,0,0,0,2,,,0,,,,,,Auckland Region,Nil,2-way,Sealed,,0,2,,50,,Off,0,0,,76,Auckland,Nil,,,,,0,0,Urban,1,,,Fine,Null
1751900.618,5938935.691,445983,,506300,0,,0,0,,Null,2019/2020,EAST COAST ROAD,AWANOHI ROAD,,Fatal Crash,No,2020,,North,,1,,Flat,,,,,,Bright sun,176005,0,0,1,2,,,0,,,,,,Auckland Region,Nil,2-way,Sealed,,0,1,,80,,Off,0,0,,76,Auckland,Stop,,,,,1,0,Open,0,,,Fine,Null
1763121.696,5920449.838,446108,,516500,0,,0,0,,Null,2020/2021,ATKIN AVENUE,TAMAKI DRIVE,,Serious Crash,No,2020,,North,,0,,Flat,,,,,,Bright sun,500600,1,0,1,2,,,0,,,,,,Auckland Region,Nil,2-way,Sealed,,0,1,,50,,Off,0,0,,76,Auckland,Give way,,,,,0,0,Urban,1,,,Fine,Null
1769667.295,5899926.997,446277,,524902,0,0,0,1,0,South,2020/2021,FERGUSON STREET,GREENMEADOWS AVENUE,,Serious Crash,No,2021,0,South,0,0,0,Flat,0,,0,,0,Dark,759400,0,0,0,2,0,0,0,0,0,,0,1,Auckland Region,Nil,2-way,Sealed,0,0,1,0,50,0,On,0,0,,76,Auckland,Nil,0,0,0,0,0,0,Urban,0,0,0,Light rain,Null
1731737.137,5953388.662,446302,,506646,0,,0,1,,South,2020/2021,KAIPARA COAST HIGHWAY,MAKARAU ROAD,,Serious Crash,Yes,2021,,South,,0,,Flat,,,,,,Dark,212401,0,0,0,2,,,0,,,,,,Auckland Region,Bridge,2-way,Sealed,,0,1,,80,,None,0,0,,76,Auckland,Nil,,,,,1,0,Open,1,,,Fine,Null
1759483.998,5918579.65,446310,,515901,0,,0,1,,South,2020/2021,SHORE ROAD,SEAVIEW ROAD,,Serious Crash,No,2021,,North,,0,,Flat,,,,,,Bright sun,456702,0,0,0,2,,,0,,,1,,,Auckland Region,Nil,2-way,Sealed,,0,1,,50,,Off,0,0,,76,Auckland,Nil,,,,,0,0,Urban,0,,,Fine,Null
1766774.123,5906454.989,446370,,522302,0,,0,1,,North,2019/2020,MORRIS AVENUE,TUI ROAD,,Serious Crash,No,2020,,North,,0,,Flat,,,,,,Dark,669900,0,0,0,2,,,0,,,1,,,Auckland Region,Nil,2-way,Sealed,,0,1,,50,,On,0,0,,76,Auckland,Nil,,,,,0,0,Urban,0,,,Fine,Strong wind
1753567.786,5914978.359,446394,,518801,0,0,0,1,0,North,2020/2021,FARRELLY AVENUE,PARKINSON AVENUE,,Serious Crash,No,2021,0,North,0,0,0,Flat,0,,0,,0,Dark,575600,0,0,0,2,0,0,0,0,0,,0,1,Auckland Region,Nil,2-way,Sealed,0,0,1,0,50,0,On,0,0,,76,Auckland,Nil,0,0,0,0,0,0,Urban,0,0,0,Fine,Null
1757476.488,5921083.434,446425,,514101,0,,0,1,,East,2020/2021,QUAY STREET,LOWER ALBERT STREET,,Serious Crash,No,2021,,West,,0,,Flat,,,,,,Twilight,432900,0,0,0,2,,,0,,,1,,,Auckland Region,Nil,2-way,Sealed,,0,1,,30,,On,0,0,,76,Auckland,Nil,,,,,0,0,Urban,0,,,Heavy rain,Strong wind
1757979.875,5917980.404,446483,,515700,0,0,0,2,0,Null,2020/2021,SOUTHERN MOTORWAY,GILLIES AVENUE ON RAMP,,Serious Crash,Yes,2020,0,North,0,0,0,Flat,1,,0,,0,Dark,443700,0,0,0,5,0,0,0,0,0,,0,0,Auckland Region,Nil,1-way,Sealed,0,0,1,0,80,0,On,0,0,,76,Auckland,Nil,0,0,0,0,0,0,Open,0,0,0,Fine,Null
1747974.855,5945554.884,446569,,506201,0,,0,2,,East,2019/2020,PINE VALLEY RD,OLD PINE VALLEY ROAD,,Serious Crash,No,2019,,South,,0,,Hill Road,,,,,,Bright sun,176700,2,0,0,2,,,0,,,,,,Auckland Region,Nil,2-way,Sealed,,0,1,,80,,Off,0,0,,76,Auckland,Unknown,,,,,0,0,Open,1,,,Fine,Null
1760525.214,5906104.146,446582,,524200,0,0,0,2,0,North,2020/2021,MASSEY ROAD,MASCOT AVENUE,,Serious Crash,No,2021,0,North,0,0,1,Flat,0,,0,,0,Bright sun,728621,1,0,0,2,0,0,0,0,0,,0,0,Auckland Region,Nil,2-way,Sealed,0,0,1,0,60,0,Off,0,0,,76,Auckland,Nil,1,0,0,0,0,0,Urban,0,0,0,Fine,Null
1757187.856,5920863.084,446607,,514102,0,,0,1,,North,2020/2021,HOBSON STREET,SWANSON STREET,,Serious Crash,No,2020,,South,,0,,Hill Road,,,,,,Overcast,433101,0,0,0,4,,,0,,,1,,,Auckland Region,Nil,1-way,Sealed,,0,1,,40,,Off,0,1,,76,Auckland,Unknown,,,,,0,0,Urban,0,,,Light rain,Null
1747201.545,5947859.365,446697,,506614,0,0,0,0,0,West,2020/2021,WAINUI ROAD,LYSNAR ROAD,,Serious Crash,No,2020,0,West,0,0,1,Flat,0,,0,,0,Overcast,177702,0,0,0,2,0,0,0,0,0,,0,0,Auckland Region,Nil,2-way,Sealed,0,0,1,0,100,0,None,0,0,,76,Auckland,Nil,0,0,0,0,1,0,Open,0,0,0,Fine,Strong wind
1759037.473,5907670.086,446710,,524002,0,0,0,2,0,Null,2020/2021,MCKENZIE ROAD,ARARATA LANE,,Serious Crash,No,2021,0,South,0,0,0,Flat,0,,0,,0,Overcast,725601,3,0,0,2,0,0,0,0,1,,0,0,Auckland Region,Nil,2-way,Sealed,0,0,1,0,60,0,Off,0,0,,76,Auckland,Nil,0,0,0,0,0,0,Urban,0,0,0,Fine,Null
1744727.91,5924240.469,446734,,513431,0,0,0,1,0,West,2021/2022,HOBSONVILLE ROAD,CYRIL CRESCENT,,Serious Crash,No,2021,0,South,0,0,1,Flat,0,,0,,0,Bright sun,223903,0,0,1,2,0,0,0,0,0,,0,0,Auckland Region,Nil,2-way,Sealed,0,0,1,0,50,0,Off,0,0,,76,Auckland,Nil,0,0,0,0,0,0,Urban,0,0,0,Fine,Null
1751141.797,5915590.021,446751,,514401,0,,0,2,,South,2020/2021,GREAT NORTH ROAD,WALSALL STREET,,Serious Crash,No,2020,,North,,0,,Flat,,,,,,Bright sun,381802,2,0,0,2,,,0,,,,,,Auckland Region,Nil,2-way,Sealed,,0,1,,50,,Off,0,0,,76,Auckland,Nil,,,,,0,0,Urban,0,,,Fine,Null
1764718.605,5910256.491,446752,,521801,0,,0,1,,Null,2020/2021,PRINCES STREET,OAK GROVE,,Serious Crash,No,2021,,East,,0,,Flat,,,,,,Overcast,787601,2,0,0,4,,,0,,,,,,Auckland Region,Nil,2-way,Sealed,,0,1,,50,,Off,1,0,,76,Auckland,Nil,,,,,0,0,Urban,0,,,Fine,Null
1755300.507,5914744.411,447025,,518500,0,,0,1,,Null,2020/2021,DOMINION ROAD,DONALD CRESCENT,,Serious Crash,No,2021,,North,,0,,Flat,,,,,,Twilight,560200,0,0,0,4,,,0,,,1,,,Auckland Region,Nil,2-way,Sealed,,0,1,,50,,None,0,0,40,76,Auckland,Stop,,,,,0,0,Urban,0,,,Fine,Null
1706526.306,5966434.528,447049,,506642,0,,0,0,,Null,2020/2021,OFF ROAD BEACH,,,Serious Crash,No,2021,,Null,,0,,Flat,,,,,,Bright sun,210000,0,0,1,,,,0,,,,,,Auckland Region,Nil,Off road,Unsealed,,0,1,,60,,None,0,0,,76,Auckland,Nil,,,,,0,0,Urban,0,,,Fine,Null
1744236.303,5923204.286,447050,,513511,0,,0,1,,South,2020/2021,NORTH-WESTERN MOTORWAY,UPPER HARBOUR MOTORWAY,,Serious Crash,Yes,2020,,North,,0,,Flat,,,,,,Overcast,224303,0,0,1,3,,,0,,,,,,Auckland Region,Nil,1-way,Sealed,,0,1,,100,,Off,0,0,,76,Auckland,Nil,,,,,0,0,Open,0,,,Fine,Null
1748808.691,5913281.086,447131,,511401,0,,0,1,,North,2020/2021,TITIRANGI ROAD,NORTHALL ROAD,,Fatal Crash,No,2021,,North,,1,,Hill Road,,,,,,Bright sun,263801,0,0,0,2,,,0,,,1,,,Auckland Region,Nil,2-way,Sealed,,0,0,,50,,Off,0,0,,76,Auckland,Nil,,,,,0,0,Urban,0,,,Fine,Null
1773329.389,5891683.305,447163,,521301,0,,0,0,,South,2020/2021,GREAT SOUTH ROAD,WAIHOEHOE ROAD,,Serious Crash,No,2020,,West,,0,,Flat,,,,,,Bright sun,808701,0,0,1,2,,,0,,,,,,Auckland Region,Nil,2-way,Sealed,,0,1,,50,,Off,0,0,,76,Auckland,Nil,,,,,0,0,Urban,0,,,Fine,Null
1741944.217,5930615.368,447170,,505603,1,0,0,0,0,North,2020/2021,COATESVILLE-RIVERHEAD HIGHWAY,ALICE STREET,,Serious Crash,No,2020,0,North,0,0,0,Flat,0,,0,,0,Bright sun,213603,0,0,0,2,0,0,0,0,0,,0,1,Auckland Region,Nil,2-way,Sealed,0,0,1,0,50,0,Off,0,0,,76,Auckland,Nil,0,0,0,0,0,0,Urban,0,0,0,Fine,Null
1780444.599,5926677.117,447182,,520801,0,0,0,0,0,West,2020/2021,BURRELL ROAD,SURFDALE ROAD,,Serious Crash,No,2021,0,West,0,0,0,Hill Road,0,,0,,0,Overcast,516401,1,1,0,2,0,0,0,1,0,,0,0,Auckland Region,Nil,2-way,Sealed,0,0,1,0,50,0,None,0,0,,76,Auckland,Nil,0,0,0,0,0,0,Urban,0,0,0,Fine,Frost
1762319.696,5918910.659,447194,,516400,0,,0,1,,Null,2021/2022,KEPA ROAD,BRENTON PLACE,,Fatal Crash,No,2021,,West,,1,,Hill Road,,,,,,Dark,497800,0,0,0,2,,,0,,,,,,Auckland Region,Nil,2-way,Sealed,,0,0,,50,,On,0,0,,76,Auckland,Give way,,,,,0,0,Urban,1,,,Fine,Null
1748695.194,5914615.28,447248,,511301,0,,0,0,,North,2020/2021,COPLEY STREET,RIMU STREET,,Serious Crash,No,2021,,North,,0,,Flat,,Easter,,,,Dark,267708,0,1,0,2,,,0,,,,,,Auckland Region,Nil,2-way,Sealed,,0,1,,50,,None,0,0,,76,Auckland,Nil,,,,,0,0,Urban,0,,,Fine,Null
1779196.885,5927122.693,447285,,520801,0,,0,1,,North,2020/2021,MAKO STREET,WEKA ROAD,,Serious Crash,No,2021,,North,,0,,Flat,,,,,,Dark,516302,0,0,0,2,,,0,,,1,,,Auckland Region,Nil,2-way,Sealed,,0,1,,50,,None,0,0,,76,Auckland,Nil,,,,,0,0,Urban,0,,,Fine,Null
1728343.722,5966291.747,447349,65,506613,0,,0,0,,North,2020/2021,KAIPARA COAST HIGHWAY,OMAUMAU ROAD,,Serious Crash,Yes,2020,,South,,0,,Hill Road,,,,,,Bright sun,146200,0,0,1,2,,,0,,,,,,Auckland Region,Nil,2-way,Sealed,,0,1,,100,,Off,0,0,,76,Auckland,Nil,,,,,0,0,Open,1,,,Fine,Null
1780107.163,5927038.16,447418,,520801,1,,0,1,,Null,2020/2021,OCEAN VIEW ROAD,GOODWIN AVENUE,,Serious Crash,No,2021,,East,,0,,Hill Road,,,,,,Bright sun,516100,0,0,0,2,,,0,,,,,,Auckland Region,Nil,2-way,Sealed,,0,1,,50,,Off,0,0,,76,Auckland,Give way,,,,,0,0,Urban,0,,,Fine,Null
1772416.974,5903754.226,447420,,523818,0,0,0,1,0,South,2021/2022,REDOUBT ROAD,ANNMARIE AVENUE,,Serious Crash,No,2021,0,West,0,0,0,Flat,0,,0,,0,Overcast,760903,1,0,0,2,0,0,0,1,0,,0,0,Auckland Region,Nil,2-way,Sealed,0,0,1,0,50,0,None,0,0,,76,Auckland,Nil,0,0,0,1,0,0,Urban,0,0,0,Fine,Null
1742966.563,5921381.455,447444,,513631,0,,0,1,,Null,2020/2021,DON BUCK ROAD,MANTRA ROAD,,Serious Crash,No,2020,,East,,0,,Flat,,,,,,Dark,227206,0,0,0,2,,,0,,,1,,,Auckland Region,Nil,2-way,Sealed,,0,1,,50,,On,0,0,,76,Auckland,Nil,,,,,0,0,Urban,0,,,Fine,Null
1745887.918,5919572.771,447462,,513301,0,0,0,0,0,Null,2020/2021,OFF ROAD - CAR PARK,,,Serious Crash,No,2020,0,Null,0,0,0,Flat,0,,0,,0,Bright sun,230602,2,0,0,,0,0,0,0,0,1,0,0,Auckland Region,Nil,Off road,Sealed,0,0,2,0,50,0,None,1,0,,76,Auckland,Nil,0,0,0,1,0,0,Urban,0,0,0,Fine,Null
1767713.433,5909828.086,447562,,523112,0,0,0,1,0,East,2019/2020,NEILPARK DRIVE,KERWYN AVENUE,,Serious Crash,No,2020,0,South,0,0,0,Flat,0,,0,,1,Dark,711600,0,0,0,2,0,0,0,0,0,,1,0,Auckland Region,Nil,2-way,Sealed,0,0,1,0,50,0,On,0,0,,76,Auckland,Nil,0,1,0,1,0,0,Urban,0,0,0,Heavy rain,Null
1767525.854,5904725.385,447580,,524604,0,,0,1,,Null,2019/2020,OFFROAD CARPARK ,,,Serious Crash,No,2020,,East,,0,,Flat,,,,,,Bright sun,780209,0,1,0,,,,0,,,,,,Auckland Region,Nil,Off road,Sealed,,0,1,,20,,Off,0,0,,76,Auckland,Nil,,,,,0,0,Urban,0,,,Fine,Null
1750530.957,5913847.231,447721,,511303,0,,0,1,,Null,2020/2021,PORTAGE ROAD,PURIRI STREET,,Serious Crash,No,2020,,North,,0,,Flat,,,,,,Overcast,265200,0,0,1,2,,,0,,,,,,Auckland Region,Nil,2-way,Sealed,,0,1,,50,,Off,0,0,,76,Auckland,Give way,,,,,0,0,Urban,0,,,Fine,Null
1736031.201,5917766.969,447733,,513800,0,0,0,1,1,Null,2020/2021,TE HENGA ROAD,FALLS ROAD,,Fatal Crash,No,2021,0,West,0,1,1,Flat,0,,0,,0,Bright sun,281700,3,0,0,2,0,0,0,0,0,,0,0,Auckland Region,Nil,2-way,Sealed,0,0,0,0,100,0,None,0,0,,76,Auckland,Stop,0,0,0,0,0,0,Open,0,0,0,Fine,Null
1760677.161,5911848.189,447796,,520000,0,,0,2,,West,2020/2021,NEILSON STREET,ANGLE STREET,,Serious Crash,No,2020,,West,,0,,Flat,,,,,,Overcast,608200,0,0,0,2,,,0,,,,,,Auckland Region,Nil,2-way,Sealed,,0,1,,50,,Off,0,0,,76,Auckland,Nil,,,,,0,0,Urban,0,,,Fine,Null
1758709.408,5884158.161,447802,,521121,0,0,0,1,0,South,2020/2021,GLENBROOK ROAD,GLENVALE WAY,,Serious Crash,No,2021,0,South,0,0,1,Flat,0,Christmas New Year,0,,0,Dark,811803,0,0,0,2,0,0,0,0,0,,0,0,Auckland Region,Nil,2-way,Sealed,0,0,2,0,100,0,None,0,0,,76,Auckland,Nil,0,0,0,0,0,0,Open,0,0,0,Fine,Null
1736812.063,5982794.636,448017,,505300,0,,0,1,,Null,2020/2021,RODNEY STREET,BATTEN STREET,,Serious Crash,Yes,2021,,South,,0,,Flat,,,,,,Bright sun,142600,0,0,1,2,,,0,,,,,,Auckland Region,Nil,2-way,Sealed,,0,1,,50,,Off,0,0,,76,Auckland,Stop,,,,,0,0,Urban,0,,,Fine,Null
1763513.436,5907511.934,448072,,524301,1,0,0,1,0,East,2020/2021,GRAY AVENUE,ROSELLA ROAD,,Serious Crash,No,2021,0,West,0,0,0,Flat,0,,0,,0,Bright sun,748000,0,0,0,2,0,0,0,0,1,,0,0,Auckland Region,Nil,2-way,Sealed,0,0,1,0,50,0,Off,0,0,,76,Auckland,Nil,0,0,0,0,0,0,Urban,0,0,0,Fine,Null
1734636.194,5959227.975,448081,,506613,0,0,0,0,0,Null,2021/2022,WEST COAST ROAD,MARTIN ACCESS ROAD,,Serious Crash,No,2021,0,East,0,0,0,Flat,0,,0,,1,Bright sun,146400,0,0,1,2,0,0,0,0,0,,0,0,Auckland Region,Nil,2-way,Sealed,0,0,1,0,100,0,None,0,0,,76,Auckland,Nil,0,0,0,0,0,0,Open,1,0,0,Fine,Null
1755832.186,5916643.011,448106,,518201,0,,0,1,,Null,2020/2021,DOMINION ROAD,MONT LE GRAND ROAD,,Serious Crash,No,2021,,North,,0,,Flat,,,,,,Overcast,549300,0,0,1,2,,,0,,,,,,Auckland Region,Nil,2-way,Sealed,,0,1,,50,,Off,0,0,,76,Auckland,Stop,,,,,0,0,Urban,0,,,Fine,Null
1749553.2,5971116.509,448392,,506661,0,0,0,2,0,East,2019/2020,SANDSPIT ROAD,PARK LANE,,Serious Crash,No,2020,0,East,0,0,0,Flat,1,,0,,0,Bright sun,139400,1,0,0,2,0,0,0,0,0,,0,0,Auckland Region,Nil,2-way,Sealed,0,0,1,0,80,0,Null,0,0,,76,Auckland,Nil,0,0,0,0,0,0,Open,0,0,0,Fine,Null
1744583.57,5924817.843,448485,,513431,0,,0,0,,South,2020/2021,TRIG ROAD,TRIG ROAD OFF RAMP,,Serious Crash,No,2020,,South,,0,,Flat,,,,,,Bright sun,223902,0,0,1,2,,,0,,,,,,Auckland Region,Nil,2-way,Sealed,,0,1,,80,,None,0,0,,76,Auckland,Nil,,,,,0,0,Open,1,,,Fine,Null
1750972.321,5946649.086,448529,,506001,0,,0,1,,West,2019/2020,WHANGAPARAOA ROAD,TE AWA PLACE,,Serious Crash,No,2020,,West,,0,,Hill Road,,,,,,Dark,175501,0,0,0,2,,,0,,,1,,,Auckland Region,Nil,2-way,Sealed,,0,1,,50,,On,0,0,,76,Auckland,Unknown,,,,,0,0,Urban,0,,,Light rain,Null
1748281.519,5911345.725,448615,,511902,0,0,0,2,0,West,2019/2020,GODLEY ROAD,CASTLEFORD STREET,,Serious Crash,No,2020,0,East,0,0,0,Hill Road,0,Queens Birthday,0,,0,Dark,293100,0,0,0,2,0,0,0,0,1,,0,0,Auckland Region,Nil,2-way,Sealed,0,0,1,0,50,0,On,0,0,,76,Auckland,Unknown,0,0,0,0,0,0,Urban,0,0,0,Heavy rain,Null