X,Y,OBJECTID,advisorySpeed,areaUnitID,bicycle,bridge,bus,carStationWagon,cliffBank,crashDirectionDescription,crashFinancialYear,crashLocation1,crashLocation2,crashRoadSideRoad,crashSeverity,crashSHDescription,crashYear,debris,directionRoleDescription,ditch,fatalCount,fence,flatHill,guardRail,holiday,houseOrBuilding,intersection,kerb,light,meshblockId,minorInjuryCount,moped,motorcycle,NumberOfLanes,objectThrownOrDropped,otherObject,otherVehicleType,overBank,parkedVehicle,pedestrian,phoneBoxEtc,postOrPole,region,roadCharacter,roadLane,roadSurface,roadworks,schoolBus,seriousInjuryCount,slipOrFlood,speedLimit,strayAnimal,streetLight,suv,taxi,temporarySpeedLimit,tlaId,tlaName,trafficControl,trafficIsland,trafficSign,train,tree,truck,unknownVehicleType,urban,vanOrUtility,vehicle,waterRiver,weatherA,weatherB
1751132.541,5915833.642,448677,,514401,0,,0,0,,South,2020/2021,GREAT NORTH ROAD,HENRY STREET,,Serious Crash,No,2020,,West,,0,,Hill Road,,,,,,Bright sun,381801,0,0,0,2,,,0,,,2,,,Auckland Region,Nil,2-way,Unsealed,,0,1,,50,,Off,1,0,,76,Auckland,Nil,,,,,0,0,Urban,0,,,Fine,Null
1764193.034,5919940.879,448680,,516601,0,0,0,2,0,South,2020/2021,MELANESIA ROAD,TARANAKI ROAD,,Serious Crash,No,2021,0,North,0,0,0,Flat,0,,0,,0,Dark,504300,0,0,0,2,0,0,0,0,2,,0,0,Auckland Region,Nil,2-way,Sealed,0,0,1,0,50,0,On,1,0,,76,Auckland,Nil,0,0,0,0,0,0,Urban,0,0,0,Fine,Null
1748823.246,5964091.083,448807,,506613,0,0,0,1,0,East,2020/2021,COWAN BAY ROAD,SH 1,,Serious Crash,No,2021,0,North,0,0,0,Flat,0,,0,,0,Overcast,146104,0,0,0,2,0,0,0,1,0,,0,0,Auckland Region,Nil,2-way,Unsealed,0,0,1,0,40,0,None,0,0,,76,Auckland,Nil,0,0,0,0,0,0,Urban,0,0,0,Fine,Null
1728260.583,5936105.642,448843,,506642,0,,0,0,,South,2020/2021,SH 16,OHIRANGI ROAD,,Serious Crash,Yes,2021,,North,,0,,Flat,,Christmas New Year,,,,Bright sun,211200,0,0,1,2,,,0,,,,,,Auckland Region,Nil,2-way,Sealed,,0,1,,100,,None,0,0,,76,Auckland,Nil,,,,,0,0,Open,0,,,Fine,Null
1744390.125,5925386.166,448875,,513410,0,,0,0,,North,2020/2021,TRIG ROAD,TRIG ROAD ON RAMP,,Fatal Crash,No,2021,,South,,1,,Hill Road,,,,,,Overcast,223701,0,0,1,2,,,0,,,,,,Auckland Region,Nil,2-way,Sealed,,0,0,,80,,None,0,0,,76,Auckland,Nil,,,,,0,0,Open,1,,,Fine,Null
1771873.892,5914548.718,448917,,521602,0,,0,2,,Null,2021/2022,MOORE STREET,DRAKE STREET,,Serious Crash,No,2022,,South,,0,,Flat,,,,,,Overcast,650100,0,0,0,2,,,0,,,,,,Auckland Region,Nil,2-way,Sealed,,0,1,,50,,Off,1,0,,76,Auckland,Stop,,,,,0,0,Urban,0,,,Fine,Null
1759347.418,5918702.587,448949,,515901,1,,0,1,,Null,2021/2022,BRIGHTON ROAD,SHORE ROAD,,Serious Crash,No,2022,,South,,0,,Flat,,,,,,Overcast,456900,0,0,0,1,,,0,,,,,,Auckland Region,Nil,1-way,Sealed,,0,1,,50,,Off,0,0,,76,Auckland,Give way,,,,,0,0,Urban,0,,,Fine,Null
1750365.913,5915324.343,448994,,514802,0,,0,1,,Null,2021/2022,ASH STREET,WAIRAU AVENUE,,Serious Crash,No,2022,,East,,0,,Flat,,,,,,Twilight,387008,0,0,1,4,,,0,,,,,,Auckland Region,Nil,2-way,Sealed,,0,1,,50,,On,0,0,,76,Auckland,Stop,,,,,0,0,Urban,0,,,Fine,Null
1757875.222,5918750.449,449048,,517400,2,,1,0,,Null,2021/2022,PARK ROAD,CARLTON GORE ROAD,,Serious Crash,No,2021,,South,,0,,Flat,,,,,,Overcast,449700,0,0,0,2,,,0,,,1,,,Auckland Region,Nil,2-way,Sealed,,0,1,,50,,Off,0,0,,76,Auckland,Traffic Signals,,,,,0,0,Urban,0,,,Fine,Null
1756423.061,5944995.646,449081,,505908,0,0,0,1,0,North,2021/2022,STANMORE BAY ROAD,SHUTTLEWORTH PLACE,,Serious Crash,No,2021,0,South,0,0,2,Hill Road,0,,0,,0,Dark,173718,1,0,0,2,0,0,0,0,1,,0,0,Auckland Region,Nil,2-way,Sealed,0,0,1,0,50,0,On,0,0,,76,Auckland,Nil,0,0,0,0,0,0,Urban,1,0,0,Fine,Null
1748698.452,5969164.925,449106,,505500,0,0,0,1,0,South,2020/2021,AUCKLAND ROAD,WECH DRIVE,,Fatal Crash,Yes,2021,0,North,1,1,0,Hill Road,0,,0,,0,Bright sun,141200,0,0,0,2,0,0,0,0,0,,0,0,Auckland Region,Nil,2-way,Sealed,0,0,0,0,60,0,Off,0,0,,76,Auckland,Nil,0,0,0,0,1,0,Urban,0,0,0,Fine,Null
1764517.838,5912086.2,449272,,520500,0,,0,1,,South,2020/2021,SOUTHERN MOTORWAY,EAST WEST LINK OFF RAMP,,Serious Crash,Yes,2021,,North,,0,,Flat,,,,,,Overcast,639500,0,0,1,3,,,0,,,,,,Auckland Region,Nil,1-way,Sealed,,0,1,,100,,Off,0,0,,76,Auckland,Nil,,,,,0,0,Open,0,,,Fine,Null
1779281.32,5927426.635,449454,,520801,0,,0,0,,South,2021/2022,OCEAN VIEW ROAD,OUE ROAD,,Serious Crash,No,2021,,North,,0,,Hill Road,,,,,,Dark,516100,0,1,0,2,,,0,,,,,,Auckland Region,Nil,2-way,Sealed,,0,1,,50,,On,0,0,,76,Auckland,Nil,,,,,0,0,Urban,0,,,Fine,Null
1740255.47,5911417.307,449526,,513020,0,,0,1,,Null,2021/2022,SCENIC DRIVE,PIHA ROAD,,Serious Crash,No,2021,,West,,0,,Hill Road,,,,,,Bright sun,280302,0,0,1,2,,,0,,,,,,Auckland Region,Nil,2-way,Sealed,,0,1,,50,,Off,0,0,,76,Auckland,Stop,,,,,0,0,Urban,0,,,Fine,Null
1744489.717,5974600.016,449540,,506661,0,0,0,2,0,North,2020/2021,SH 1,KRAACK ROAD,,Fatal Crash,Yes,2021,0,North,0,2,0,Hill Road,1,,0,,0,Bright sun,138900,0,0,0,2,0,0,0,0,0,,0,0,Auckland Region,Nil,2-way,Sealed,1,0,2,0,80,0,Off,0,0,50,76,Auckland,Nil,0,0,0,0,0,0,Open,0,0,0,Fine,Null
1755903.133,5919497.002,449554,,514000,0,,0,0,,North,2021/2022,PONSONBY ROAD,WILLIAMSON AVENUE,,Serious Crash,No,2022,,North,,0,,Flat,,,,,,Twilight,414500,0,0,1,4,,,0,,,,,,Auckland Region,Nil,2-way,Sealed,,0,1,,40,,On,0,0,,76,Auckland,Unknown,,,,,0,0,Urban,1,,,Fine,Null
1743507.806,5919368.231,449670,,513213,0,,0,2,,North,2021/2022,SWANSON ROAD,CARWEN PLACE,,Serious Crash,No,2021,,West,,0,,Hill Road,,,,,,Overcast,235802,1,0,0,4,,,0,,,,,,Auckland Region,Nil,2-way,Sealed,,0,1,,50,,Off,0,0,,76,Auckland,Nil,,,,,0,0,Urban,0,,,Light rain,Null
1762411.425,5916994.404,449715,,516302,1,,0,0,,South,2021/2022,REMUERA ROAD,WAIATARUA ROAD,,Serious Crash,No,2021,,South,,0,,Hill Road,,,,,,Bright sun,463105,0,0,0,4,,,0,,,,,,Auckland Region,Nil,2-way,Sealed,,0,1,,50,,Off,1,0,,76,Auckland,Nil,,,,,0,0,Urban,0,,,Fine,Null
1768788.347,5902040.874,449745,,524901,0,0,0,0,0,East,2021/2022,GRANDE VUE ROAD,SCENIC DRIVE,,Serious Crash,No,2022,0,West,0,0,1,Flat,0,Easter,0,,0,Dark,755900,0,0,0,2,0,1,0,0,0,,0,0,Auckland Region,Speed hump,2-way,Sealed,0,0,1,0,50,0,On,1,0,,76,Auckland,Nil,0,0,0,1,0,0,Urban,0,0,0,Fine,Strong wind
1755634.787,5928795.78,449866,,508510,0,0,0,0,0,South,2021/2022,NORTHERN MOTORWAY,TRISTRAM OBR,,Serious Crash,Yes,2021,0,South,0,0,0,Hill Road,1,,0,,0,Dark,195700,0,0,1,2,0,0,0,0,0,,0,0,Auckland Region,Overpass,1-way,Sealed,0,0,1,0,100,0,On,0,0,,76,Auckland,Nil,0,0,0,0,0,0,Open,0,0,0,Fine,Null
1773430.64,5889584.649,449899,,521302,0,0,0,0,0,Null,2021/2022,GREAT SOUTH ROAD,RUNCIMAN ROAD,,Serious Crash,No,2022,0,South,1,0,0,Flat,0,,0,,0,Bright sun,809101,0,0,1,2,0,0,0,0,0,,0,0,Auckland Region,Nil,2-way,Sealed,0,0,1,0,100,0,Off,0,0,,76,Auckland,Give way,0,0,0,0,0,0,Open,1,0,0,Fine,Null
1753686.376,5930275.954,450079,,508803,0,,0,0,,Null,2021/2022,CARIBBEAN DRIVE,GOLDFINCH RISE,,Serious Crash,No,2022,,North,,0,,Hill Road,,,,,,Bright sun,180846,0,1,0,2,,,0,,,,,,Auckland Region,Nil,2-way,Sealed,,0,1,,50,,Off,1,0,,76,Auckland,Give way,,,,,0,0,Urban,0,,,Fine,Null
1770945.864,5899564.214,450143,,523911,0,0,0,1,0,South,2021/2022,TAKANINI SCHOOL ROAD,SPARTAN ROAD,,Fatal Crash,No,2021,0,North,0,1,0,Flat,0,,0,,0,Dark,767100,0,0,0,2,0,0,0,0,1,,0,0,Auckland Region,Nil,2-way,Sealed,0,0,0,0,50,0,Off,0,0,,76,Auckland,Nil,0,0,0,0,1,0,Urban,0,0,0,Light rain,Null
1767386.489,5904621.139,450311,,524604,0,0,0,1,0,Null,2022/2023,RONWOOD AVENUE,AMERSHAM WAY,,Serious Crash,No,2022,0,North,0,0,0,Flat,0,,0,,1,Dark,780209,0,0,0,2,0,0,0,0,0,1,0,0,Auckland Region,Nil,2-way,Sealed,0,0,1,0,50,0,On,0,0,,76,Auckland,Give way,0,0,0,1,0,0,Urban,0,0,0,Light rain,Null
1769809.482,5914578.077,450356,,522722,0,,0,1,,Null,2022/2023,AVIEMORE DRIVE,HIGHLAND PARK DRIVE,,Serious Crash,No,2022,,South,,0,,Flat,,,,,,Dark,681308,0,0,1,3,,,0,,,,,,Auckland Region,Nil,2-way,Sealed,,0,1,,60,,On,0,0,,76,Auckland,Stop,,,,,0,0,Urban,0,,,Heavy rain,Null
1746636.059,5916666.492,450504,,510700,0,0,0,0,0,North,2021/2022,TE ATATU ROAD,TIRIMOANA ROAD,,Serious Crash,No,2022,0,South,0,0,0,Flat,0,,0,,0,Bright sun,241000,0,0,0,2,0,0,0,0,0,,0,1,Auckland Region,Nil,2-way,Sealed,0,0,1,0,50,0,Off,0,0,,76,Auckland,Nil,0,0,0,0,1,0,Urban,0,0,0,Fine,Null
1768910.549,5903047.293,450546,,523820,0,0,0,3,0,North,2021/2022,EVERGLADE DRIVE,TILLA PLACE,,Serious Crash,No,2022,0,North,0,0,0,Hill Road,0,,0,,0,Bright sun,760122,0,0,0,2,0,0,0,0,1,,0,0,Auckland Region,Nil,2-way,Sealed,0,0,1,0,50,0,Off,0,0,40,76,Auckland,Nil,0,0,0,0,0,0,Urban,0,0,0,Fine,Null
1743815.66,5916988.892,450700,,513220,0,,0,1,,Null,2021/2022,SUMMERLAND DRIVE,MIDHURST AVENUE,,Serious Crash,No,2022,,South,,0,,Flat,,,,,,Dark,236801,1,0,1,2,,,0,,,,,,Auckland Region,Nil,2-way,Sealed,,0,1,,50,,On,0,0,,76,Auckland,Give way,,,,,0,0,Urban,0,,,Light rain,Null
1759213.7,5916767.283,450747,,516001,0,,0,2,,Null,2021/2022,MARKET ROAD,MOUNT HOBSON ROAD,,Serious Crash,No,2022,,North,,0,,Flat,,,,,,Dark,491200,0,0,0,4,,,0,,,,,,Auckland Region,Overpass,2-way,Sealed,,0,1,,50,,On,0,0,,76,Auckland,Traffic Signals,,,,,0,0,Urban,0,,,Light rain,Null
1766312.062,5899826.349,450770,,524713,0,0,0,1,0,Null,2021/2022,ROSCOMMON ROAD,WEYMOUTH ROAD,,Fatal Crash,No,2021,0,South,0,2,0,Flat,0,,0,,0,Dark,775823,0,0,0,1,0,1,0,0,0,,0,0,Auckland Region,Tunnel,1-way,Sealed,0,0,0,0,60,0,On,0,0,,76,Auckland,Give way,1,1,0,0,0,0,Urban,0,0,0,Fine,Null
1757605.373,5921047.132,450780,,514101,1,,0,1,,East,2021/2022,QUAY STREET,QUEEN STREET,,Serious Crash,No,2022,,East,,0,,Flat,,,,,,Bright sun,438209,1,0,0,2,,,0,,,,,,Auckland Region,Nil,2-way,Sealed,,0,1,,30,,Off,0,1,,76,Auckland,Nil,,,,,0,0,Urban,0,,,Fine,Null
1758645.401,5906767.465,450828,,524200,0,,0,1,,Null,2021/2022,ASCOT ROAD,GREENWOOD ROAD,,Serious Crash,No,2021,,East,,0,,Flat,,,,,,Overcast,726400,0,0,1,2,,,0,,,,,,Auckland Region,Nil,2-way,Sealed,,0,1,,50,,Off,0,0,,76,Auckland,Give way,,,,,0,0,Urban,0,,,Fine,Null
1764048.105,5920061.332,451005,,516601,0,0,0,1,0,Null,2021/2022,KOHIMARAMA ROAD,TARANAKI ROAD,,Serious Crash,No,2021,0,South,0,0,0,Hill Road,0,,0,,0,Dark,505000,0,0,0,2,0,0,0,0,0,,0,0,Auckland Region,Nil,2-way,Sealed,0,0,1,0,50,0,On,0,0,,76,Auckland,Stop,0,0,0,1,0,0,Urban,0,0,0,Mist or Fog,Null
1741815.342,5911625.655,451041,,512902,0,,0,0,,Null,2021/2022,WEST COAST ROAD,RIMU ROAD,,Serious Crash,No,2021,,East,,0,,Hill Road,,,,,,Bright sun,279102,1,0,3,2,,,0,,,,,,Auckland Region,Nil,2-way,Sealed,,0,1,,70,,None,0,0,,76,Auckland,Give way,,,,,0,0,Urban,0,,,Fine,Null
1759079.468,5918797.621,451076,,515901,0,,0,1,,South,2021/2022,AYR STREET,LAURIE AVENUE,,Serious Crash,No,2022,,South,,0,,Hill Road,,,,,,Bright sun,451800,0,0,1,2,,,0,,,,,,Auckland Region,Nil,2-way,Sealed,,0,1,,50,,Off,0,0,,76,Auckland,Nil,,,,,0,0,Urban,0,,,Fine,Null
1734237.706,5951592.378,451107,,506646,0,0,0,0,1,Null,2021/2022,KANOHI ROAD,CORY ROAD,,Serious Crash,No,2021,0,South,0,0,0,Flat,0,,0,,0,Overcast,212408,0,0,0,2,0,0,0,0,0,,0,0,Auckland Region,Nil,2-way,Unsealed,0,0,2,0,100,0,None,0,0,,76,Auckland,Nil,0,0,0,1,0,0,Open,1,0,0,Fine,Null
1750659.802,5912823.249,451129,,511402,0,,0,2,,North,2021/2022,PORTAGE ROAD,BOLTON STREET,,Serious Crash,No,2022,,South,,0,,Flat,,,,,,Dark,260500,4,0,0,2,,,0,,,,,,Auckland Region,Nil,2-way,Sealed,,0,1,,50,,On,0,0,,76,Auckland,Nil,,,,,0,0,Urban,0,,,Light rain,Null
1759318.846,5918685.296,451144,,516101,0,0,0,1,0,Null,2021/2022,SHORE ROAD,AYR STREET,,Serious Crash,No,2022,0,North,0,0,0,Flat,0,,0,,0,Bright sun,480500,0,0,1,2,0,0,0,0,1,,0,0,Auckland Region,Nil,1-way,Sealed,0,0,1,0,50,0,Off,0,0,,76,Auckland,Stop,0,0,0,0,0,0,Urban,0,0,0,Fine,Null
1757651.009,5918317.092,451181,,518101,0,,0,0,,Null,2020/2021,SOUTHERN MOTORWAY,KHYBER PASS ROAD OFF RAMP,,Serious Crash,Yes,2020,,North,,0,,Hill Road,,,,,,Bright sun,543000,0,0,1,5,,,0,,,,,,Auckland Region,Motorway ramp,1-way,Sealed,,0,1,,80,,Off,0,0,,76,Auckland,Nil,,,,,0,0,Open,1,,,Fine,Null
1764332.401,5908811.366,451209,,521802,0,0,0,2,0,North,2020/2021,GREAT SOUTH ROAD,JELLICOE STREET,,Serious Crash,No,2021,0,North,0,0,2,Hill Road,1,Christmas New Year,1,,0,Bright sun,789600,1,0,0,4,0,1,0,0,0,,0,0,Auckland Region,Nil,2-way,Sealed,0,0,1,0,50,0,Off,0,0,,76,Auckland,Nil,0,0,0,2,0,0,Urban,0,0,0,Fine,Null
1766493.331,5900781.081,451217,,524713,0,,0,0,,East,2021/2022,WORDSWORTH ROAD,WENLOCK PLACE,,Serious Crash,No,2021,,West,,0,,Flat,,,,,,Overcast,775815,0,0,0,2,,,1,,,,,,Auckland Region,Nil,2-way,Sealed,,0,1,,50,,Off,0,0,,76,Auckland,Nil,,,,,0,0,Urban,1,,,Fine,Null
1754500.842,5915804.454,451303,,517702,0,,0,1,,North,2020/2021,KITCHENER ROAD,DUNCAN AVENUE,,Serious Crash,No,2021,,South,,0,,Flat,,,,,,Overcast,541000,0,0,0,2,,,0,,,1,,,Auckland Region,Nil,2-way,Sealed,,0,1,,50,,Off,0,0,,76,Auckland,Nil,,,,,0,0,Urban,0,,,Fine,Null
1765584.638,5916656.05,451335,,517100,0,,1,1,,Null,2020/2021,PT ENGLAND ROAD,FLANDERS STREET,,Serious Crash,No,2021,,West,,0,,Flat,,,,,,Bright sun,477700,1,0,0,2,,,0,,,,,,Auckland Region,Nil,2-way,Sealed,,0,1,,50,,Off,0,0,,76,Auckland,Stop,,,,,0,0,Urban,0,,,Fine,Null
1767113.488,5901110.874,451548,,524720,0,,0,1,,Null,2021/2022,SWALLOW DRIVE,HYWELL PLACE,,Serious Crash,No,2021,,South,,0,,Flat,,,,,,Twilight,777502,0,0,1,2,,,0,,,,,,Auckland Region,Nil,2-way,Sealed,,0,1,,50,,Off,0,0,,76,Auckland,Nil,,,,,0,0,Urban,0,,,Fine,Null
1779376.897,5915447.947,451656,,523300,0,0,0,0,0,Null,2021/2022,WHITFORD MARAETAI ROAD,BEACHLANDS ROAD,,Serious Crash,No,2021,0,South,0,0,0,Hill Road,0,,0,,0,Bright sun,718900,0,0,1,2,0,0,0,0,0,,0,1,Auckland Region,Nil,2-way,Sealed,0,0,1,0,80,0,Off,0,0,,76,Auckland,Give way,0,0,0,0,0,0,Open,0,0,0,Fine,Null
1767198.829,5906570.831,451816,,522302,0,0,0,1,0,South,2020/2021,SOUTHERN MOTORWAY,EAST TAMAKI OBR,,Serious Crash,Yes,2020,0,North,0,0,0,Flat,1,,0,,0,Dark,670200,0,0,0,3,0,0,0,0,0,,0,0,Auckland Region,Nil,1-way,Sealed,0,0,1,0,100,0,On,0,0,,76,Auckland,Nil,0,0,0,0,0,0,Open,0,0,0,Fine,Null
1768782.051,5899924.222,451873,,525101,0,,0,1,,South,2020/2021,TOTARA ROAD,TAWA CRESCENT,,Serious Crash,No,2020,,South,,0,,Flat,,,,,,Overcast,770100,1,0,0,2,,,0,,,2,,,Auckland Region,Nil,2-way,Sealed,,0,1,,50,,Off,0,0,,76,Auckland,Nil,,,,,0,0,Urban,0,,,Fine,Null
1750338.156,5939753.511,452154,,506300,0,,0,1,,South,2020/2021,WILSON ROAD,BAWDEN ROAD,,Serious Crash,No,2020,,South,,0,,Hill Road,,,,,,Bright sun,176007,0,0,0,2,,,0,,,1,,,Auckland Region,Nil,2-way,Sealed,,0,1,,80,,Off,0,0,30,76,Auckland,Nil,,,,,1,0,Open,1,,,Fine,Null
1749109.664,5914745.662,452158,,511301,0,0,0,2,0,North,2021/2022,NIKAU STREET,KELSTON STREET,,Serious Crash,No,2022,0,West,0,0,0,Flat,0,,0,,0,Bright sun,267901,0,0,0,2,0,0,0,0,1,,0,0,Auckland Region,Nil,2-way,Sealed,0,0,1,0,50,0,Off,0,0,,76,Auckland,Nil,0,0,0,0,0,0,Urban,0,0,0,Fine,Null
1772447.89,5911186.451,452235,,523202,0,,0,0,,North,2020/2021,WHITFORD ROAD,MASONS ROAD,,Serious Crash,No,2021,,South,,0,,Hill Road,,,,,,Overcast,717501,0,0,1,2,,,0,,,,,,Auckland Region,Nil,2-way,Sealed,,0,1,,60,,None,1,0,,76,Auckland,Nil,,,,,0,0,Urban,0,,,Fine,Null
1767484.507,5900723.016,452258,,524720,0,0,0,1,0,Null,2020/2021,WORDSWORTH ROAD,BEESTON CRESCENT,,Serious Crash,No,2021,0,North,0,0,0,Flat,0,,0,,0,Dark,777000,0,0,0,2,0,0,0,0,0,,0,1,Auckland Region,Nil,2-way,Sealed,0,0,1,0,50,0,On,0,0,,76,Auckland,Nil,0,0,0,0,0,0,Urban,0,0,0,Fine,Null
1768966.201,5881356.753,452281,,525910,0,,0,1,,Null,2021/2022,EDINBURGH STREET,TOBIN STREET,,Serious Crash,No,2021,,South,,0,,Flat,,,,,,Dark,818600,0,0,1,3,,,0,,,,,,Auckland Region,Nil,2-way,Sealed,,0,1,,50,,On,0,0,,76,Auckland,Give way,,,,,0,0,Urban,0,,,Fine,Null
1755687.665,5916130.382,452378,,518301,0,,0,0,,Null,2021/2022,DOMINION ROAD,WIREMU STREET,,Serious Crash,No,2022,,North,,0,,Flat,,,,,,Overcast,553700,0,0,1,2,,,0,,,,,,Auckland Region,Nil,2-way,Sealed,,0,1,,50,,Off,1,0,,76,Auckland,Stop,,,,,0,0,Urban,0,,,Light rain,Null
1756723.114,5927474.585,452394,,507900,0,,0,2,,Null,2020/2021,TAHAROTO ROAD,NORTHCOTE ROAD,,Serious Crash,No,2021,,North,,0,,Flat,,,,,,Dark,303502,1,0,0,3,,,0,,,,,,Auckland Region,Nil,1-way,Sealed,,0,1,,50,,On,0,0,,76,Auckland,Traffic Signals,,,,,0,0,Urban,0,,,Light rain,Null
1753922.211,5925533.303,452496,,508610,0,0,0,1,1,Null,2020/2021,GLENFIELD ROAD,PUPUKE ROAD,,Serious Crash,No,2020,0,South,0,0,1,Flat,0,,0,,1,Bright sun,207200,0,0,0,3,0,0,0,0,0,,0,0,Auckland Region,Nil,2-way,Sealed,0,0,1,0,50,0,None,0,0,,76,Auckland,Give way,0,0,0,0,0,0,Urban,0,0,0,Fine,Null
1756986.261,5920330.523,452499,,514102,0,,0,1,,Null,2020/2021,HOBSON STREET,WELLESLEY STREET WEST,,Serious Crash,No,2021,,South,,0,,Flat,,,,,,Bright sun,434101,0,0,0,4,,,0,,,1,,,Auckland Region,Nil,1-way,Sealed,,0,1,,40,,Off,0,1,,76,Auckland,Traffic Signals,,,,,0,0,Urban,0,,,Fine,Null
1745253.905,5919302.262,452919,,513301,0,,0,1,,South,2021/2022,LINCOLN ROAD,POINSETTIA PLACE,,Serious Crash,No,2022,,South,,0,,Flat,,,,,,Bright sun,232003,0,0,1,2,,,0,,,,,,Auckland Region,Nil,2-way,Sealed,,0,1,,50,,Off,1,0,,76,Auckland,Nil,,,,,0,0,Urban,0,,,Fine,Null
1754524.133,5930834.419,452982,,508420,0,,0,0,,North,2021/2022,NORTHERN MOTORWAY,UPPER HARBOUR HWY OFF RAMP,,Fatal Crash,Yes,2022,,North,,1,,Hill Road,,,,,,Dark,182008,0,0,0,3,,,0,,,,,,Auckland Region,Nil,1-way,Sealed,,0,0,,100,,On,0,0,,76,Auckland,Unknown,,,,,1,0,Open,1,,,Fine,Null
1755156.708,5924728.992,453012,,509800,0,,0,2,,West,2021/2022,ONEWA ROAD,BUSH VIEW LANE,,Serious Crash,No,2021,,East,,0,,Hill Road,,,,,,Bright sun,361600,0,0,0,4,,,0,,,,,,Auckland Region,Nil,2-way,Sealed,,0,1,,50,,Off,0,0,,76,Auckland,Nil,,,,,0,0,Urban,0,,,Fine,Null
1742078.282,5916103.562,453073,,513020,0,,1,1,,South,2020/2021,CANDIA ROAD,STURGES ROAD,,Serious Crash,No,2020,,North,,0,,Hill Road,,,,,,Bright sun,279800,1,0,0,2,,,0,,,,,,Auckland Region,Nil,2-way,Sealed,,0,1,,70,,Off,0,0,,76,Auckland,Unknown,,,,,0,0,Urban,0,,,Fine,Null
1757697.445,5944593.944,453091,,505902,1,,0,1,,Null,2020/2021,WHANGAPARAOA ROAD,RAWHITI ROAD,,Serious Crash,No,2020,,West,,0,,Flat,,,,,,Dark,174514,0,0,0,2,,,0,,,,,,Auckland Region,Nil,2-way,Sealed,,0,1,,50,,On,0,0,,76,Auckland,Give way,,,,,0,0,Urban,0,,,Fine,Null
1740266.059,5911425.598,453188,,513020,0,0,0,0,0,Null,2021/2022,SCENIC DRIVE,QUINNS ROAD,,Serious Crash,No,2021,0,South,0,0,0,Flat,0,,0,,0,Overcast,280302,0,0,0,2,0,0,0,0,0,,0,0,Auckland Region,Nil,2-way,Sealed,0,0,1,0,70,0,Off,0,0,,76,Auckland,Stop,0,0,0,1,0,0,Urban,1,0,0,Fine,Null
1757075.451,5920305.107,453280,,514102,0,,0,0,,Null,2021/2022,WELLESLEY STREET WEST,FEDERAL STREET,,Serious Crash,No,2021,,West,,0,,Hill Road,,,,,,Dark,434200,0,0,0,5,,,0,,,1,,,Auckland Region,Nil,2-way,Sealed,,0,1,,30,,On,1,0,,76,Auckland,Traffic Signals,,,,,0,0,Urban,0,,,Light rain,Null
1760326.274,5919946.836,453401,,516400,1,,0,0,,West,2020/2021,TAMAKI DRIVE,NGAPIPI ROAD,,Serious Crash,No,2020,,West,,0,,Flat,,,,,,Bright sun,455000,0,0,0,2,,,0,,,,,,Auckland Region,Nil,2-way,Sealed,,0,1,,50,,None,0,0,30,76,Auckland,Nil,,,,,1,0,Urban,0,,,Fine,Null
1769067.79,5903965.567,453426,45,523820,0,0,0,4,0,South,2021/2022,RANSOM SMYTH DRIVE,ASTELIA PLACE,,Serious Crash,No,2022,0,South,0,0,0,Hill Road,0,Christmas New Year,0,,1,Dark,760114,1,0,0,2,0,0,0,0,2,,0,2,Auckland Region,Nil,2-way,Sealed,0,0,1,0,50,0,On,1,0,40,76,Auckland,Nil,0,0,0,0,0,0,Urban,1,0,0,Fine,Null
1765535.033,5908736.841,453452,,523403,0,,0,3,,South,2021/2022,SOUTHERN MOTORWAY,HIGHBROOK OBR,,Serious Crash,Yes,2021,,North,,0,,Flat,,,,,,Bright sun,700100,0,0,0,3,,,0,,,,,,Auckland Region,Nil,1-way,Sealed,,0,1,,100,,Off,0,0,,76,Auckland,Nil,,,,,0,0,Open,1,,,Fine,Null
1757437,5915991,570947,,515801,0,,0,2,,Null,2011/2012,KING GEORGE AVENUE,ST ANDREWS ROAD,,Serious Crash,No,2012,,West,,0,,Flat,,,,,,Bright sun,445600,0,0,0,2,,,0,,,,,,Auckland Region,Nil,2-way,Sealed,,0,1,,50,,Off,0,0,,76,Auckland,Stop,,,,,0,0,Urban,0,,,Fine,Null
1749431,5913916,571439,,511302,0,,0,2,,Null,2011/2012,GREAT NORTH ROAD,TITIRANGI ROAD,,Serious Crash,No,2012,,West,,0,,Flat,,,,,,Dark,268900,1,0,0,4,,,0,,,,,,Auckland Region,Nil,2-way,Sealed,,0,2,,50,,On,0,0,,76,Auckland,Traffic Signals,,,,,0,0,Urban,0,,,Fine,Null
1756212,5918845,572452,,515500,0,0,0,1,0,Null,2012/2013,SH 16,16 LINK 1 NBD,,Serious Crash,Yes,2012,0,North,0,0,0,Flat,1,,0,,0,Dark,417700,0,0,0,3,0,0,0,0,0,,0,0,Auckland Region,Nil,1-way,Sealed,0,0,1,0,80,0,On,0,0,,76,Auckland,Nil,0,0,0,0,0,0,Open,0,0,0,Fine,Null