X,Y,OBJECTID,advisorySpeed,areaUnitID,bicycle,bridge,bus,carStationWagon,cliffBank,crashDirectionDescription,crashFinancialYear,crashLocation1,crashLocation2,crashRoadSideRoad,crashSeverity,crashSHDescription,crashYear,debris,directionRoleDescription,ditch,fatalCount,fence,flatHill,guardRail,holiday,houseOrBuilding,intersection,kerb,light,meshblockId,minorInjuryCount,moped,motorcycle,NumberOfLanes,objectThrownOrDropped,otherObject,otherVehicleType,overBank,parkedVehicle,pedestrian,phoneBoxEtc,postOrPole,region,roadCharacter,roadLane,roadSurface,roadworks,schoolBus,seriousInjuryCount,slipOrFlood,speedLimit,strayAnimal,streetLight,suv,taxi,temporarySpeedLimit,tlaId,tlaName,trafficControl,trafficIsland,trafficSign,train,tree,truck,unknownVehicleType,urban,vanOrUtility,vehicle,waterRiver,weatherA,weatherB
1756386,5920203,573325,,514000,0,0,0,1,0,North,2012/2013,SH 1N,WELLINGTON OBR,,Serious Crash,Yes,2012,0,North,0,0,0,Hill Road,1,,0,,0,Bright sun,416800,1,0,0,3,0,0,0,0,0,,0,0,Auckland Region,Nil,1-way,Sealed,0,0,1,0,80,0,Off,0,0,,76,Auckland,Nil,0,0,0,0,1,0,Open,0,0,0,Fine,Null
1751663,5916972,573576,,514900,0,0,0,0,0,South,2012/2013,GREAT NORTH ROAD,ALVERSTON ST,,Serious Crash,No,2012,0,South,0,0,0,Flat,0,,0,,0,Dark,384400,0,0,0,4,0,0,0,0,0,,0,0,Auckland Region,Nil,2-way,Sealed,0,0,1,0,50,0,On,0,0,,76,Auckland,Nil,0,0,0,1,0,0,Urban,1,0,0,Light rain,Null
1749120,5882046,573637,,521151,0,,0,2,,Null,2011/2012,AWHITU ROAD,GLEESON ROAD,,Serious Crash,No,2012,,North,,0,,Flat,,,,,,Bright sun,830700,2,0,0,2,,,0,,,,,,Auckland Region,Nil,2-way,Sealed,,0,2,,100,,None,0,0,,76,Auckland,Give way,,,,,0,0,Open,0,,,Fine,Null
1753780,5930556,574527,,508420,0,0,0,1,0,North,2011/2012,SUNSET ROAD,TRIAS ROAD,,Serious Crash,No,2012,0,South,0,0,0,Flat,0,,0,,0,Dark,182029,1,0,0,2,0,0,0,0,0,,0,1,Auckland Region,Nil,2-way,Sealed,0,0,1,0,50,0,None,0,0,,76,Auckland,Nil,0,0,0,0,0,0,Urban,0,0,0,Light rain,Null
1730469,5958740,574812,,506613,0,,0,1,,Null,2012/2013,WEST COAST ROAD,SH 16,,Serious Crash,Yes,2012,,South,,0,,Flat,,,,,,Bright sun,146300,0,0,1,2,,,0,,,,,,Auckland Region,Nil,2-way,Sealed,,0,1,,100,,None,0,0,,76,Auckland,Stop,,,,,0,0,Open,0,,,Fine,Null
1748745,5945377,575278,,505806,0,0,0,0,0,South,2011/2012,SILVERDALE ON SBD,HIBISCUS COAST HIGHWAY,,Serious Crash,Yes,2012,0,West,0,0,0,Flat,1,,0,,0,Dark,176802,0,0,1,2,0,0,0,0,0,,0,0,Auckland Region,Motorway ramp,1-way,Sealed,0,0,1,0,80,0,On,0,0,,76,Auckland,Nil,0,0,0,0,0,0,Open,0,0,0,Fine,Null
1762546,5907325,575352,,524530,0,,0,0,,Null,2011/2012,YATES ROAD,MASSEY ROAD,,Serious Crash,No,2012,,East,,0,,Flat,,,,,,Bright sun,733000,0,0,0,2,,,0,,,1,,,Auckland Region,Nil,2-way,Sealed,,0,1,,50,,Off,0,0,,76,Auckland,Give way,,,,,0,0,Urban,1,,,Fine,Null
1757394,5928951,575418,,507800,0,0,0,1,0,North,2011/2012,OMANA ROAD,KITCHENER ROAD,,Fatal Crash,No,2012,0,South,0,1,0,Flat,0,,0,,0,Dark,310800,0,0,0,4,0,0,0,0,0,,0,0,Auckland Region,Nil,2-way,Sealed,0,0,0,0,50,0,On,0,0,,76,Auckland,Traffic Signals,0,1,0,0,0,0,Urban,0,0,0,Fine,Null
1751869,5934665,575653,35,508701,0,0,0,1,0,South,2013/2014,GILLS ROAD,LIVING STREAM ROAD,,Serious Crash,No,2013,0,South,0,0,0,Hill Road,0,,0,,0,Dark,178501,0,0,0,2,0,0,0,1,0,,0,0,Auckland Region,Nil,2-way,Sealed,0,0,1,0,50,0,On,0,0,,76,Auckland,Unknown,0,0,0,1,0,0,Urban,0,0,0,Fine,Null
1739445,5983481,575664,,506660,0,,0,1,,North,2013/2014,WHANGARIPO VALLEY ROAD,BORROWS ROAD,,Serious Crash,No,2013,,North,,0,,Flat,,,,,,Bright sun,136303,0,0,0,2,,,0,,,,,,Auckland Region,Nil,2-way,Sealed,,0,1,,100,,None,0,0,,76,Auckland,Nil,,,,,0,0,Open,0,,,Fine,Null
1758391,5924193,575753,,508120,0,0,0,0,0,West,2013/2014,BAYSWATER AVENUE,GUINIVEN AVENUE,,Serious Crash,No,2013,0,West,0,0,1,Flat,0,,0,,0,Dark,315500,0,0,1,2,0,0,0,0,0,,0,1,Auckland Region,Nil,2-way,Sealed,0,0,1,0,50,0,On,0,0,,76,Auckland,Unknown,0,0,0,0,0,0,Urban,0,0,0,Fine,Null
1747572,5969499,575887,,505500,0,0,0,2,0,East,2014/2015,WOODCOCKS ROAD,MASON HEIGHTS,,Serious Crash,No,2014,0,West,0,0,1,Flat,0,,0,,0,Dark,146002,0,0,0,2,0,0,0,0,0,,0,1,Auckland Region,Nil,2-way,Sealed,0,0,1,0,80,0,None,0,0,,76,Auckland,Nil,0,0,0,0,0,0,Open,0,0,0,Fine,Null
1755795,5926944,576222,,508620,0,,0,0,,South,2013/2014,SUNNYBRAE ROAD,ELLEN AVENUE,,Serious Crash,No,2013,,South,,0,,Flat,,,,,,Bright sun,204600,0,0,0,2,,,0,,,1,,,Auckland Region,Nil,2-way,Sealed,,0,1,,50,,Null,0,0,,76,Auckland,Give way,,,,,1,0,Urban,0,,,Fine,Null
1765672,5911920,576315,,520500,0,,0,0,,East,2012/2013,PANAMA ROAD,CARBINE ROAD,,Serious Crash,No,2013,,East,,0,,Flat,,,,,,Bright sun,634400,0,0,1,2,,,0,,,,,,Auckland Region,Nil,2-way,Sealed,,0,1,,50,,Off,0,0,,76,Auckland,Nil,,,,,0,0,Urban,0,,,Fine,Null
1745306,5919752,576319,,513301,0,,0,1,,Null,2012/2013,UNIVERSAL DRIVE,LINCOLN ROAD,,Serious Crash,No,2013,,East,,0,,Flat,,,,,,Bright sun,232001,0,1,0,6,,,0,,,,,,Auckland Region,Nil,2-way,Sealed,,0,1,,50,,Off,1,0,,76,Auckland,Traffic Signals,,,,,0,0,Urban,0,,,Fine,Null
1747653,5967227,576379,,506613,0,,0,0,,South,2012/2013,SH 1N,WOODCOCKS ROAD,,Serious Crash,Yes,2012,,South,,0,,Flat,,,,,,Overcast,146004,0,0,0,2,,,0,,,,,,Auckland Region,Nil,2-way,Sealed,,0,1,,100,,None,0,0,,76,Auckland,Nil,,,,,1,0,Open,0,,,Light rain,Null
1743956,5916931,576622,,513011,0,0,0,1,0,East,2012/2013,STURGES ROAD,PALOMINO DRIVE,,Serious Crash,No,2013,0,East,0,0,0,Flat,0,,0,,0,Bright sun,280701,0,0,0,2,0,0,0,0,0,,0,0,Auckland Region,Nil,2-way,Sealed,0,0,1,0,50,0,Off,0,0,,76,Auckland,Unknown,0,0,0,1,0,0,Urban,0,0,0,Fine,Null
1756773,5882703,576682,,521152,0,,0,1,,Null,2012/2013,GLENBROOK ROAD,WYMER ROAD,,Serious Crash,No,2013,,West,,0,,Flat,,,,,,Bright sun,834400,1,0,0,2,,,0,,,,,,Auckland Region,Nil,2-way,Sealed,,0,1,,100,,Off,1,0,,76,Auckland,Stop,,,,,0,0,Open,0,,,Fine,Null
1747055,5913846,577037,,511100,0,,0,2,,Null,2012/2013,WEST COAST ROAD,GLENDALE ROAD,,Fatal Crash,No,2013,,West,,1,,Flat,,,,,,Overcast,286100,0,0,0,4,,,0,,,,,,Auckland Region,Nil,2-way,Sealed,,0,0,,50,,Off,0,0,,76,Auckland,Traffic Signals,,,,,0,0,Urban,0,,,Light rain,Null
1735836,5943038,577290,,506646,0,0,0,1,0,North,2012/2013,PEAK ROAD,DORMER ROAD,,Serious Crash,No,2012,0,South,0,0,1,Hill Road,0,,0,,0,Dark,211700,0,0,0,2,0,0,0,1,0,,0,0,Auckland Region,Nil,2-way,Sealed,0,0,1,0,100,0,None,0,0,,76,Auckland,Nil,0,0,0,0,0,0,Open,0,0,1,Fine,Null
1755661,5888430,577415,,521122,0,,0,0,,Null,2013/2014,WAIAU PA ROAD,MCKENZIE ROAD,,Fatal Crash,No,2013,,South,,1,,Flat,,,,,,Dark,810800,0,0,1,2,,,0,,,,,,Auckland Region,Nil,2-way,Sealed,,0,0,,50,,On,1,0,,76,Auckland,Give way,,,,,0,0,Urban,0,,,Fine,Null
1755500,5915457,577438,,518302,0,,0,1,,North,2013/2014,DOMINION ROAD,SHACKLETON ROAD,,Serious Crash,No,2013,,South,,0,,Flat,,,,,,Bright sun,554600,0,0,0,2,,,0,,,1,,,Auckland Region,Nil,2-way,Sealed,,0,1,,50,,Null,0,0,,76,Auckland,Stop,,,,,0,0,Urban,0,,,Fine,Null
1757625,5917886,577482,,515700,0,,0,1,,Null,2011/2012,MOUNTAIN ROAD,CLIVE ROAD,,Serious Crash,No,2012,,North,,0,,Flat,,,,,,Bright sun,443600,0,0,1,2,,,0,,,,,,Auckland Region,Nil,2-way,Sealed,,0,1,,50,,Off,0,0,,76,Auckland,Stop,,,,,0,0,Urban,0,,,Fine,Null
1748645,5911289,577703,,512100,0,,0,1,,East,2013/2014,GODLEY ROAD,STOTTHOLM ROAD,,Serious Crash,No,2014,,East,,0,,Hill Road,,,,,,Overcast,290701,0,0,1,2,,,0,,,,,,Auckland Region,Nil,2-way,Sealed,,0,1,,50,,None,0,0,,76,Auckland,Nil,,,,,0,0,Urban,0,,,Fine,Null
1759075,5916930,577720,,516001,0,,0,0,,South,2012/2013,SH 1N,ST MARKS OBR,,Serious Crash,Yes,2013,,South,,0,,Flat,,,,,,Bright sun,491200,0,0,0,4,,,0,,,,,,Auckland Region,Nil,1-way,Sealed,,0,1,,80,,Off,0,0,,76,Auckland,Nil,,,,,1,0,Open,1,,,Fine,Null
1753784,5930508,577737,,508420,0,,0,1,,North,2012/2013,SUNSET ROAD,TRIAS ROAD,,Serious Crash,No,2012,,West,,0,,Flat,,,,,,Bright sun,182001,0,0,0,2,,,0,,,1,,,Auckland Region,Nil,2-way,Sealed,,0,1,,50,,Off,0,0,,76,Auckland,Nil,,,,,0,0,Urban,0,,,Fine,Null
1756601,5919211,577745,,514200,0,,0,2,,Null,2012/2013,16 LINK 1,HOBWEST OBR,,Serious Crash,Yes,2012,,East,,0,,Flat,,,,,,Dark,411900,1,0,0,2,,,0,,,,,,Auckland Region,Nil,1-way,Sealed,,0,3,,80,,On,0,0,,76,Auckland,Unknown,,,,,0,0,Open,0,,,Fine,Null
1748755,5960916,577881,65,506613,0,0,0,0,0,North,2014/2015,SH 1N,MAHURANGI WEST ROAD,,Serious Crash,Yes,2014,0,South,0,0,0,Hill Road,0,,0,,0,Bright sun,147107,0,0,0,3,0,0,0,0,0,,0,0,Auckland Region,Nil,2-way,Sealed,0,0,1,0,100,0,Null,1,0,,76,Auckland,Unknown,0,1,0,1,0,0,Open,0,0,0,Fine,Null
1755780,5977092,577945,,506661,0,0,0,1,0,North,2012/2013,LEIGH ROAD,TAKATU ROAD,,Serious Crash,No,2013,0,North,1,0,0,Flat,0,,0,,0,Bright sun,138202,0,0,0,2,0,0,0,0,0,,0,0,Auckland Region,Nil,2-way,Sealed,0,0,1,0,100,0,None,0,0,,76,Auckland,Nil,0,0,0,0,0,0,Open,0,0,0,Fine,Null
1745754,5944899,577949,,506614,0,0,0,1,0,East,2012/2013,PINE VALLEY ROAD,POYNTER LANE,,Serious Crash,No,2013,0,West,0,0,1,Flat,0,,0,,0,Dark,177405,0,0,0,2,0,0,0,0,0,,0,0,Auckland Region,Nil,2-way,Sealed,0,0,1,0,80,0,None,0,0,,76,Auckland,Nil,0,0,0,0,0,0,Open,0,0,0,Heavy rain,Null
1763452,5909897,577985,,521901,0,0,0,1,0,North,2012/2013,HUIA ROAD,STATION ROAD,,Serious Crash,No,2013,0,South,0,0,0,Flat,0,,0,,0,Dark,782300,1,0,0,2,0,1,0,0,0,,0,1,Auckland Region,Nil,2-way,Sealed,0,0,1,0,50,0,On,0,0,,76,Auckland,Nil,0,0,0,0,0,0,Urban,0,0,0,Fine,Null
1751547,5926956,578051,,510210,0,,0,1,,North,2013/2014,HELLYERS ST,PAPA PLACE,,Serious Crash,No,2013,,South,,0,,Hill Road,,,,,,Dark,347400,0,0,0,2,,,0,,,1,,,Auckland Region,Nil,2-way,Sealed,,0,1,,50,,On,0,0,,76,Auckland,Nil,,,,,0,0,Urban,0,,,Fine,Null
1752960,5914135,578170,,514500,0,,0,0,,East,2014/2015,MAIORO ST,ROSAMUND AVENUE,,Serious Crash,No,2014,,West,,0,,Flat,,,,,,Bright sun,376700,0,0,1,4,,,0,,,,,,Auckland Region,Nil,2-way,Sealed,,0,1,,50,,Off,0,0,,76,Auckland,Nil,,,,,0,0,Urban,1,,,Fine,Null
1754877,5914556,578175,,518500,0,,0,0,,West,2012/2013,MOUNT ALBERT ROAD,MONS AVENUE,,Fatal Crash,No,2013,,East,,1,,Flat,,,,,,Dark,560300,0,0,0,2,,,0,,,1,,,Auckland Region,Nil,2-way,Sealed,,0,0,,50,,On,1,0,,76,Auckland,Unknown,,,,,0,0,Urban,0,,,Fine,Null
1799223,5904470,578186,,525202,0,,0,1,,East,2013/2014,ORERE-MATINGARAHI ROAD,ORERE POINT ROAD,,Fatal Crash,No,2013,,East,,1,,Hill Road,,,,,,Bright sun,765300,0,0,0,2,,,0,,,,,,Auckland Region,Nil,2-way,Sealed,,0,0,,100,,Off,0,0,,76,Auckland,Nil,,,,,0,0,Open,0,,,Fine,Null
1769496,5911396,578187,,523107,0,,0,1,,East,2012/2013,TI RAKAU DRIVE,GREENMOUNT DRIVE,,Serious Crash,No,2013,,East,,0,,Flat,,,,,,Bright sun,711702,0,1,0,6,,,0,,,,,,Auckland Region,Nil,2-way,Sealed,,0,1,,50,,Off,0,0,,76,Auckland,Nil,,,,,0,0,Urban,0,,,Fine,Null
1765267,5908688,578226,,523403,0,,0,0,,South,2013/2014,FIRTH CRESCENT,BILLINGTON AVENUE,,Serious Crash,No,2013,,South,,0,,Flat,,,,,,Dark,699800,0,0,0,2,,,0,,,,,,Auckland Region,Nil,2-way,Sealed,,0,1,,50,,On,0,0,,76,Auckland,Unknown,,,,,1,0,Urban,0,,,Fine,Null
1762096,5920731,578260,,516400,0,,0,1,,West,2012/2013,TAMAKI DRIVE,HAPIMANA ST,,Serious Crash,No,2013,,East,,0,,Flat,,,,,,Bright sun,498700,0,0,1,2,,,0,,,,,,Auckland Region,Nil,2-way,Sealed,,0,1,,50,,Off,0,0,,76,Auckland,Nil,,,,,0,0,Urban,0,,,Fine,Null
1773763,5888411,578400,,521302,0,0,0,0,0,North,2012/2013,GREAT SOUTH ROAD,ARARIMU ROAD,,Fatal Crash,No,2013,0,North,0,1,0,Flat,0,,0,,0,Bright sun,809101,0,0,1,2,0,0,0,0,0,,0,0,Auckland Region,Nil,2-way,Sealed,0,0,0,0,100,0,None,0,0,,76,Auckland,Nil,0,0,0,1,0,0,Open,0,0,0,Fine,Null
1766072,5898703,578425,,524812,0,,0,2,,Null,2012/2013,WAIMAHIA AVENUE,JUSTAMERE PLACE,,Serious Crash,No,2013,,West,,0,,Flat,,,,,,Dark,774303,1,0,0,2,,,0,,,,,,Auckland Region,Nil,2-way,Sealed,,0,1,,50,,On,0,0,,76,Auckland,Nil,,,,,0,0,Urban,0,,,Fine,Null
1765732,5898402,578452,,524812,0,0,0,1,0,South,2013/2014,WEYMOUTH ROAD,BLANES ROAD,,Serious Crash,No,2014,0,South,0,0,0,Flat,0,,0,,0,Dark,773100,0,0,0,2,0,0,0,0,0,,0,0,Auckland Region,Nil,2-way,Sealed,0,0,1,0,50,0,On,0,0,,76,Auckland,Unknown,0,0,0,1,0,0,Urban,0,0,0,Fine,Null
1762829,5918935,578592,,516400,0,,0,2,,East,2011/2012,KEPA ROAD,KURAHAUPO ST,,Serious Crash,No,2012,,East,,0,,Hill Road,,,,,,Overcast,497800,2,0,0,2,,,0,,,,,,Auckland Region,Nil,2-way,Sealed,,0,1,,50,,Off,0,0,,76,Auckland,Nil,,,,,0,0,Urban,0,,,Fine,Null
1754735,5912728,578661,,518803,0,0,0,1,0,North,2013/2014,DOMINION ROAD,RICHARDSON ROAD,,Serious Crash,No,2013,0,South,0,0,0,Flat,0,,0,,0,Dark,583500,0,0,0,2,0,0,0,0,0,,0,1,Auckland Region,Nil,2-way,Sealed,0,0,1,0,50,0,On,0,0,,76,Auckland,Nil,0,0,0,0,0,0,Urban,0,0,0,Fine,Null
1756872,5920085,578810,,514102,0,,0,1,,South,2012/2013,HOBSON ST,COOK ST,,Serious Crash,No,2013,,South,,0,,Flat,,,,,,Bright sun,434500,0,0,0,4,,,0,,,1,,,Auckland Region,Nil,1-way,Sealed,,0,1,,50,,Off,0,0,,76,Auckland,Nil,,,,,0,0,Urban,0,,,Fine,Null
1733484,5935018,578816,,506653,0,,0,0,,North,2013/2014,OLD NORTH ROAD,TAYLOR ROAD,,Serious Crash,No,2013,,North,,0,,Hill Road,,,,,,Bright sun,217803,0,0,1,2,,,0,,,,,,Auckland Region,Nil,2-way,Sealed,,0,1,,100,,None,1,0,,76,Auckland,Nil,,,,,0,0,Open,0,,,Fine,Null
1737982,5922235,578825,,513701,0,,0,1,,Null,2012/2013,WAITAKERE ROAD,HUNTER ROAD,,Serious Crash,No,2013,,South,,0,,Flat,,,,,,Dark,229500,0,0,1,2,,,0,,,,,,Auckland Region,Nil,2-way,Sealed,,0,1,,80,,On,0,0,,76,Auckland,Nil,,,,,0,0,Open,0,,,Fine,Null
1766792,5904015,578871,,524604,0,,0,2,,Null,2012/2013,LAMBIE DRIVE,MANUKAU STATION ROAD,,Serious Crash,No,2013,,North,,0,,Flat,,,,,,Bright sun,780209,2,0,0,2,,,0,,,,,,Auckland Region,Nil,2-way,Sealed,,0,2,,50,,Off,0,0,,76,Auckland,Traffic Signals,,,,,0,0,Urban,0,,,Fine,Null
1748694,5969582,578875,,505500,0,,0,1,,South,2013/2014,SH 1N,WOODCOCKS ROAD,,Serious Crash,Yes,2013,,South,,0,,Hill Road,,,,,,Dark,140500,0,0,0,2,,,0,,,1,,,Auckland Region,Nil,2-way,Sealed,,0,1,,80,,None,0,0,,76,Auckland,Nil,,,,,0,0,Open,0,,,Fine,Null
1757248,5919432,578893,,514301,0,,1,0,,North,2012/2013,SYMONDS ST,KARANGAHAPE ROAD,,Serious Crash,No,2012,,South,,0,,Flat,,,,,,Overcast,440904,0,0,0,4,,,0,,,1,,,Auckland Region,Nil,2-way,Sealed,,0,1,,50,,Off,0,0,,76,Auckland,Nil,,,,,1,0,Urban,0,,,Light rain,Null
1734444,5919104,579095,,513702,1,,0,0,,East,2012/2013,BETHELLS ROAD,STONEY CREEK DRIVE,,Serious Crash,No,2013,,East,,0,,Hill Road,,,,,,Bright sun,237206,0,0,0,2,,,0,,,,,,Auckland Region,Nil,2-way,Sealed,,0,1,,100,,Off,0,0,,76,Auckland,Nil,,,,,0,0,Open,1,,,Fine,Null
1757390,5928942,579165,,507800,1,,0,1,,Null,2012/2013,KITCHENER ROAD,SHAKESPEARE ROAD,,Serious Crash,No,2013,,West,,0,,Flat,,,,,,Bright sun,307300,0,0,0,2,,,0,,,,,,Auckland Region,Nil,2-way,Sealed,,0,1,,50,,Off,0,0,,76,Auckland,Give way,,,,,0,0,Urban,0,,,Fine,Null
1758713,5926131,579229,,508020,0,0,0,1,0,Null,2013/2014,LAKE ROAD,JUTLAND ROAD,,Serious Crash,No,2013,0,West,0,0,0,Flat,0,,0,,0,Dark,321200,0,0,0,5,0,1,0,0,0,,0,0,Auckland Region,Nil,2-way,Sealed,0,0,1,0,50,0,On,0,0,,76,Auckland,Traffic Signals,0,0,0,0,0,0,Urban,0,0,0,Mist or Fog,Null
1768356,5901840,579391,,525001,0,0,0,1,0,North,2012/2013,GREAT SOUTH ROAD,HALSEY ROAD,,Fatal Crash,No,2013,0,South,0,1,0,Flat,0,,0,,0,Bright sun,750800,3,0,0,2,0,0,0,0,0,3,1,0,Auckland Region,Nil,2-way,Sealed,0,0,0,0,50,0,Off,0,0,,76,Auckland,Nil,0,0,0,0,0,0,Urban,0,0,0,Fine,Null
1769040,5911530,579416,,523112,1,,0,0,,Null,2012/2013,TI RAKAU DRIVE,HARRIS ROAD,,Serious Crash,No,2012,,North,,0,,Flat,,,,,,Bright sun,711404,0,0,0,4,,,0,,,,,,Auckland Region,Nil,2-way,Sealed,,0,1,,60,,Off,0,0,,76,Auckland,Traffic Signals,,,,,1,0,Urban,0,,,Fine,Null
1757431,5920144,579480,,514103,0,0,0,2,0,Null,2013/2014,MAYORAL DRIVE,WELLESLEY ST EAST E,,Serious Crash,No,2013,0,West,0,0,0,Flat,0,,0,,0,Twilight,436700,0,0,0,5,0,0,0,0,1,1,0,0,Auckland Region,Nil,2-way,Sealed,0,0,1,0,50,0,On,0,0,,76,Auckland,Traffic Signals,0,0,0,0,0,0,Urban,0,0,0,Light rain,Null
1760231,5922523,579502,,509400,0,,0,1,,South,2011/2012,Z CPK NEW WORLD,FLEET ST,,Serious Crash,No,2012,,East,,0,,Flat,,,,,,Overcast,329600,0,0,0,2,,,0,,,1,,,Auckland Region,Nil,Off road,Sealed,,0,1,,20,,Off,0,0,,76,Auckland,Nil,,,,,0,0,Urban,0,,,Fine,Null
1744226,5917481,579651,,513011,0,0,0,3,0,North,2012/2013,STURGES ROAD,FITZWATER PLACE,,Serious Crash,No,2013,0,South,0,0,0,Flat,0,,0,,0,Dark,280402,1,0,0,2,0,0,0,0,1,,0,0,Auckland Region,Nil,2-way,Sealed,0,0,5,0,50,0,On,0,0,,76,Auckland,Nil,0,0,0,0,0,0,Urban,0,0,0,Fine,Null
1757838,5883494,579681,,521152,0,,0,1,,North,2011/2012,GLENBROOK ROAD,CONROY ROAD,,Serious Crash,No,2012,,North,,0,,Hill Road,,,,,,Overcast,834503,0,0,0,3,,,0,,,,,,Auckland Region,Nil,2-way,Sealed,,0,1,,80,,None,1,0,50,76,Auckland,Nil,,,,,0,0,Open,0,,,Fine,Null
1755653,5945118,579684,,505908,0,,0,0,,East,2012/2013,BRIGHTSIDE ROAD,KAURI ROAD,,Serious Crash,No,2013,,West,,0,,Flat,,,,,,Bright sun,173713,0,0,0,2,,,0,,,1,,,Auckland Region,Nil,2-way,Sealed,,0,1,,50,,Off,1,0,,76,Auckland,Nil,,,,,0,0,Urban,0,,,Fine,Null
1767483,5904947,579747,,524604,1,,0,1,,East,2012/2013,TE IRIRANGI DRIVE,GREAT SOUTH ROAD,,Serious Crash,No,2013,,West,,0,,Flat,,,,,,Bright sun,780302,0,0,0,3,,,0,,,,,,Auckland Region,Nil,2-way,Sealed,,0,1,,50,,Off,0,0,,76,Auckland,Nil,,,,,0,0,Urban,0,,,Fine,Null
1755977,5919445,579799,,515420,0,,0,1,,South,2013/2014,PONSONBY ROAD,WILLIAMSON AVENUE,,Serious Crash,No,2014,,North,,0,,Flat,,,,,,Bright sun,411000,0,0,0,5,,,0,,,1,,,Auckland Region,Nil,2-way,Sealed,,0,1,,50,,Null,0,0,,76,Auckland,Unknown,,,,,0,0,Urban,0,,,Fine,Null
1770249,5898813,579850,50,523920,0,0,0,1,0,South,2013/2014,BEAUMARIS WAY,TATUA PLACE,,Serious Crash,No,2013,0,South,0,0,0,Flat,0,,0,,0,Dark,768006,0,0,0,2,0,0,0,0,1,,0,0,Auckland Region,Nil,2-way,Sealed,0,0,2,0,70,0,On,0,0,,76,Auckland,Unknown,0,0,0,0,0,0,Urban,1,0,0,Light rain,Null
1762890,5907654,579870,,524301,0,0,0,1,0,South,2012/2013,MASSEY ROAD,TENNESSEE AVENUE,,Fatal Crash,No,2012,0,South,0,1,0,Flat,0,,0,,0,Dark,747601,0,0,0,2,0,0,0,0,0,,0,1,Auckland Region,Nil,2-way,Sealed,0,0,0,0,50,0,On,0,0,,76,Auckland,Nil,0,0,0,0,0,0,Urban,0,0,0,Light rain,Null
1751527,5916405,579883,,514401,0,0,0,1,1,Null,2012/2013,GREAT NORTH ROAD,BLOCKHOUSE BAY ROAD,,Serious Crash,No,2012,0,East,0,0,0,Flat,0,,0,,0,Dark,383600,0,0,0,2,0,0,0,0,0,,0,0,Auckland Region,Nil,2-way,Sealed,0,0,1,0,50,0,On,0,0,,76,Auckland,Traffic Signals,0,0,0,0,0,0,Urban,0,0,0,Fine,Null
1757022,5920136,579908,,514102,0,,0,1,,North,2012/2013,MAYORAL DRIVE,COOK ST,,Serious Crash,No,2013,,North,,0,,Flat,,,,,,Bright sun,434200,0,0,0,4,,,0,,,1,,,Auckland Region,Nil,2-way,Sealed,,0,1,,50,,Off,0,0,,76,Auckland,Nil,,,,,0,0,Urban,0,,,Fine,Null
1751615,5913632,579949,,514600,0,0,0,0,0,South,2012/2013,BLOCKHOUSE BAY ROAD,MARGATE ROAD,,Serious Crash,No,2013,0,South,0,0,0,Hill Road,0,,0,,0,Dark,372400,0,0,0,2,0,0,0,0,0,,0,0,Auckland Region,Nil,2-way,Sealed,0,0,1,0,50,0,On,0,0,,76,Auckland,Nil,0,0,0,1,0,0,Urban,1,0,0,Light rain,Null
1777732,5916070,580000,,523300,0,,0,0,,Null,2012/2013,SUNKIST BAY ROAD,FOURTH VIEW AVENUE,,Serious Crash,No,2012,,West,,0,,Flat,,Christmas New Year,,,,Bright sun,718504,0,0,1,2,,,0,,,,,,Auckland Region,Nil,2-way,Sealed,,0,1,,50,,Off,0,0,,76,Auckland,Nil,,,,,0,0,Urban,0,,,Fine,Null
1751918,5970345,580241,,506661,0,0,0,1,0,West,2014/2015,SANDSPIT ROAD,HAMILTON ROAD,,Serious Crash,No,2015,0,East,0,0,0,Flat,0,Queens Birthday,0,,0,Dark,139400,0,0,0,2,0,0,0,0,0,,0,0,Auckland Region,Nil,2-way,Sealed,0,0,2,0,80,0,None,0,0,,76,Auckland,Unknown,0,0,0,1,0,0,Open,0,0,0,Light rain,Null
1756257,5912320,580404,,518702,0,,0,1,,Null,2013/2014,HILLSBOROUGH ROAD,OLSEN AVENUE,,Serious Crash,No,2014,,East,,0,,Flat,,,,,,Dark,571400,0,0,0,4,,,0,,,1,,,Auckland Region,Nil,2-way,Sealed,,0,1,,50,,On,0,0,,76,Auckland,Stop,,,,,0,0,Urban,0,,,Light rain,Null
1775136,5896172,580448,,525700,0,,0,0,,East,2014/2015,SETTLEMENT ROAD,OAKLEAF DRIVE,,Serious Crash,No,2014,,East,,0,,Flat,,,,,,Overcast,800313,0,0,0,2,,,0,,,1,,,Auckland Region,Nil,2-way,Sealed,,0,1,,50,,Null,0,0,,76,Auckland,Nil,,,,,1,0,Urban,0,,,Fine,Null
1770099,5912857,580482,,523101,1,,0,0,,West,2013/2014,CASCADES ROAD,BERNIE EDWARDS PLACE,,Serious Crash,No,2014,,West,,0,,Flat,,,,,,Bright sun,710515,0,0,0,2,,,0,,,,,,Auckland Region,Nil,2-way,Sealed,,0,1,,50,,Null,0,0,,76,Auckland,Nil,,,,,1,0,Urban,0,,,Fine,Null