X,Y,OBJECTID,advisorySpeed,areaUnitID,bicycle,bridge,bus,carStationWagon,cliffBank,crashDirectionDescription,crashFinancialYear,crashLocation1,crashLocation2,crashRoadSideRoad,crashSeverity,crashSHDescription,crashYear,debris,directionRoleDescription,ditch,fatalCount,fence,flatHill,guardRail,holiday,houseOrBuilding,intersection,kerb,light,meshblockId,minorInjuryCount,moped,motorcycle,NumberOfLanes,objectThrownOrDropped,otherObject,otherVehicleType,overBank,parkedVehicle,pedestrian,phoneBoxEtc,postOrPole,region,roadCharacter,roadLane,roadSurface,roadworks,schoolBus,seriousInjuryCount,slipOrFlood,speedLimit,strayAnimal,streetLight,suv,taxi,temporarySpeedLimit,tlaId,tlaName,trafficControl,trafficIsland,trafficSign,train,tree,truck,unknownVehicleType,urban,vanOrUtility,vehicle,waterRiver,weatherA,weatherB
1749605,5957924,580499,,506613,0,0,0,0,0,South,2013/2014,SH 1N,HUNGRY CREEK ROAD,,Serious Crash,Yes,2013,0,North,0,0,0,Flat,2,,0,,0,Bright sun,147106,1,0,0,2,0,0,0,0,0,,0,0,Auckland Region,Nil,2-way,Sealed,0,0,1,0,100,0,Off,1,0,,76,Auckland,Nil,0,0,0,0,0,0,Open,1,0,0,Fine,Null
1760907,5907121,580648,,524112,0,0,0,2,0,South,2013/2014,SH 20,BADER OBR,,Serious Crash,Yes,2014,0,North,0,0,0,Flat,1,,0,,0,Dark,742102,1,0,0,4,0,0,0,0,0,,0,0,Auckland Region,Nil,2-way,Sealed,0,0,1,0,100,0,On,0,1,,76,Auckland,Nil,0,0,0,0,0,0,Open,1,0,0,Fine,Null
1767647,5919045,580800,,516800,0,,0,1,,Null,2013/2014,RIDDELL ROAD,WHITEHAVEN ROAD,,Serious Crash,No,2014,,South,,0,,Hill Road,,,,,,Overcast,514900,1,0,0,2,,,0,,,1,,,Auckland Region,Nil,2-way,Sealed,,0,1,,50,,Null,0,0,,76,Auckland,Give way,,,,,0,0,Urban,0,,,Fine,Null
1758476,5888443,580867,,521122,0,,0,2,,West,2013/2014,MCKENZIE ROAD,KINGSEAT ROAD,,Serious Crash,No,2014,,West,,0,,Hill Road,,,,,,Bright sun,810800,1,0,0,2,,,0,,,,,,Auckland Region,Nil,2-way,Sealed,,0,1,,100,,Null,0,0,,76,Auckland,Unknown,,,,,0,0,Open,0,,,Fine,Null
1781261,5926992,580873,,520801,0,,0,0,,Null,2014/2015,QUEENS DRIVE,KARAKA ROAD,,Serious Crash,No,2014,,South,,0,,Hill Road,,,,,,Dark,516511,0,1,0,2,,,0,,,,,,Auckland Region,Nil,2-way,Sealed,,0,1,,50,,On,0,0,30,76,Auckland,Give way,,,,,0,0,Urban,0,,,Fine,Null
1762666,5905866,581030,,524302,0,0,0,1,0,West,2014/2015,SKIPTON ST,CRAMOND DRIVE,,Fatal Crash,No,2014,0,West,0,1,0,Flat,0,,0,,0,Twilight,744600,0,0,0,2,0,0,0,0,0,,0,1,Auckland Region,Nil,2-way,Sealed,0,0,0,0,50,0,Off,0,0,,76,Auckland,Unknown,0,0,0,0,0,0,Urban,0,0,0,Null,Null
1764765,5905770,581124,,522202,0,0,0,2,0,Null,2014/2015,ST GEORGE ST,TAVERN LANE,,Serious Crash,No,2014,0,West,0,0,0,Flat,1,,0,,0,Overcast,663300,0,0,0,2,0,0,0,0,0,1,0,0,Auckland Region,Nil,2-way,Sealed,0,0,1,0,50,0,Null,0,0,,76,Auckland,Traffic Signals,0,0,0,0,0,0,Urban,0,0,0,Light rain,Null
1743576,5919384,581334,,513212,1,,0,0,,West,2015/2016,SWANSON ROAD,DON BUCK ROAD,,Fatal Crash,No,2015,,West,,1,,Hill Road,,Christmas New Year,,,,Bright sun,235711,0,0,0,2,,,0,,,,,,Auckland Region,Nil,2-way,Sealed,,0,0,,50,,Null,0,0,,76,Auckland,Unknown,,,,,0,0,Urban,0,,,Fine,Null
1752747,5913771,581390,,514500,0,0,0,1,0,South,2013/2014,MULGAN ST,NEW WINDSOR ROAD,,Serious Crash,No,2014,0,North,0,0,0,Hill Road,0,,0,,0,Dark,374300,0,0,0,2,0,0,0,0,0,,0,1,Auckland Region,Nil,2-way,Sealed,0,0,1,0,50,0,On,0,0,,76,Auckland,Unknown,0,0,0,1,0,0,Urban,0,0,0,Fine,Null
1759692,5920488,581394,,515902,0,0,0,1,0,East,2013/2014,TAMAKI DRIVE,SOLENT ST,,Serious Crash,No,2013,0,East,0,0,0,Flat,0,,0,,0,Dark,454800,1,0,0,4,0,0,0,0,0,,0,0,Auckland Region,Nil,2-way,Sealed,0,0,1,0,50,0,On,0,0,,76,Auckland,Nil,0,0,0,1,0,0,Urban,0,0,0,Fine,Null
1755858,5926876,581445,,508620,0,,0,0,,North,2013/2014,SUNNYBRAE ROAD,EVELYN PLACE,,Serious Crash,No,2014,,North,,0,,Hill Road,,,,,,Dark,204500,0,0,0,2,,,0,,,1,,,Auckland Region,Nil,2-way,Sealed,,0,1,,50,,On,1,0,,76,Auckland,Nil,,,,,0,0,Urban,0,,,Fine,Null
1754988,5916714,581543,,517701,1,,0,1,,Null,2014/2015,SANDRINGHAM ROAD,AROHA AVENUE,,Serious Crash,No,2014,,North,,0,,Flat,,,,,,Bright sun,535800,0,0,0,4,,,0,,,,,,Auckland Region,Nil,2-way,Sealed,,0,1,,50,,Null,0,0,,76,Auckland,Stop,,,,,0,0,Urban,0,,,Fine,Null
1742175,5991982,581745,,506660,1,,0,1,,South,2014/2015,MANGAWHAI ROAD,BRADDICK ROAD,,Serious Crash,No,2014,,South,,0,,Hill Road,,,,,,Bright sun,135600,0,0,0,2,,,0,,,,,,Auckland Region,Nil,2-way,Sealed,,0,1,,100,,Null,0,0,,76,Auckland,Unknown,,,,,0,0,Open,0,,,Fine,Null
1753387,5929804,581757,,508411,0,,0,1,,Null,2014/2015,ALBANY HIGHWAY,SUNSET ROAD,,Serious Crash,No,2014,,South,,0,,Flat,,,,,,Bright sun,183903,0,0,1,2,,,0,,,,,,Auckland Region,Nil,2-way,Sealed,,0,1,,50,,Null,0,0,,76,Auckland,Traffic Signals,,,,,0,0,Urban,0,,,Fine,Null
1760827,5907692,581767,,524510,0,,0,1,,Null,2014/2015,ROBERTSON ROAD,MCKINSTRY AVENUE,,Serious Crash,No,2014,,North,,0,,Flat,,,,,,Bright sun,736900,0,0,0,2,,,0,,,1,,,Auckland Region,Nil,2-way,Sealed,,0,1,,50,,Null,0,0,,76,Auckland,Stop,,,,,0,0,Urban,0,,,Fine,Null
1746660,5943866,581865,,506614,0,,0,0,,West,2013/2014,WILKS ROAD WEST,DAIRY FLAT HIGHWAY,,Serious Crash,No,2014,,South,,0,,Hill Road,,,,,,Bright sun,177803,0,0,0,1,,,0,,,1,,,Auckland Region,Nil,2-way,Unsealed,,0,1,,100,,None,1,0,,76,Auckland,Nil,,,,,0,0,Open,0,,,Fine,Null
1771018,5916939,581895,,522601,0,0,0,1,0,South,2014/2015,THE ESPLANADE,LUKE PLACE,,Serious Crash,No,2014,0,North,0,0,1,Flat,0,,0,,0,Bright sun,676800,1,0,0,1,0,0,0,0,0,,0,0,Auckland Region,Nil,1-way,Sealed,0,0,2,0,50,0,Off,0,0,,76,Auckland,Nil,1,0,0,1,0,0,Urban,0,0,0,Fine,Null
1757729,5920928,581922,,514101,0,,0,1,,Null,2013/2014,Z CPK RAIL STN,TYLER ST,,Serious Crash,No,2014,,North,,0,,Flat,,,,,,Overcast,438103,0,0,0,2,,,0,,,1,,,Auckland Region,Nil,2-way,Sealed,,0,1,,30,,Null,0,0,,76,Auckland,Nil,,,,,0,0,Urban,0,,,Heavy rain,Strong wind
1757074,5928569,581999,,507800,0,,0,0,,South,2013/2014,SHAKESPEARE ROAD,WOODBRIDGE LANE,,Serious Crash,No,2014,,South,,0,,Flat,,,,,,Bright sun,307400,0,0,0,2,,,0,,,1,,,Auckland Region,Nil,2-way,Sealed,,0,1,,50,,Null,1,0,,76,Auckland,Unknown,,,,,0,0,Urban,0,,,Fine,Null
1748824,5936446,582014,65,506300,0,0,0,1,0,North,2014/2015,DAIRY FLAT HIGHWAY,FOLEY QUARRY ROAD,,Serious Crash,No,2014,0,North,0,0,1,Flat,1,,0,,0,Dark,176004,0,0,0,2,0,0,0,0,0,,0,0,Auckland Region,Nil,2-way,Sealed,0,0,1,0,100,0,None,0,0,,76,Auckland,Nil,0,0,0,0,0,0,Open,0,0,0,Fine,Null
1759606,5909672,582059,,524002,0,0,1,0,0,Null,2013/2014,SH 20,HASTIE FTBR,,Serious Crash,Yes,2014,0,South,0,0,0,Flat,1,,0,,0,Dark,722400,1,0,0,6,0,0,0,0,0,,0,0,Auckland Region,Nil,2-way,Sealed,0,0,1,0,100,0,On,0,0,,76,Auckland,Nil,0,0,0,0,1,0,Open,0,0,0,Fine,Null
1764136,5904181,582093,,524604,0,0,0,1,0,West,2014/2015,SH 20,CAVENDISH UNDERPASS,,Serious Crash,Yes,2014,0,West,0,0,0,Flat,1,,0,,0,Bright sun,781100,0,0,0,2,0,0,0,0,0,,0,0,Auckland Region,Nil,1-way,Sealed,0,0,1,0,100,0,Null,0,0,,76,Auckland,Unknown,0,0,0,0,0,0,Open,0,0,0,Fine,Null
1757263,5920577,582311,,514102,0,,0,1,,North,2014/2015,ALBERT ST,KINGSTON ST,,Serious Crash,No,2014,,West,,0,,Flat,,,,,,Overcast,433502,0,0,0,3,,,0,,,1,,,Auckland Region,Nil,2-way,Sealed,,0,1,,50,,Off,0,0,,76,Auckland,Nil,,,,,0,0,Urban,0,,,Fine,Null
1766875,5901624,582432,,524720,0,0,0,1,0,North,2013/2014,RUSSELL ROAD,HEALY ROAD,,Serious Crash,No,2014,0,South,0,0,0,Flat,0,Easter,0,,0,Overcast,777800,4,0,0,2,0,0,0,0,0,,0,1,Auckland Region,Nil,2-way,Sealed,0,0,1,0,50,0,Off,0,0,,76,Auckland,Nil,0,0,0,0,0,0,Urban,0,0,0,Fine,Null
1753440,5937508,582435,,508900,0,0,0,0,0,North,2013/2014,OKURA RIVER ROAD,EAST COAST ROAD,,Serious Crash,No,2014,0,North,0,0,0,Flat,0,,0,,0,Bright sun,178308,0,0,1,2,0,1,0,0,0,,0,0,Auckland Region,Nil,2-way,Sealed,0,0,1,0,100,0,Null,0,0,,76,Auckland,Unknown,0,0,0,0,0,0,Open,0,0,0,Fine,Null
1763791,5912976,582603,,520402,0,,0,1,,West,2013/2014,ARANUI ROAD,MOUNT WELLINGTON HIGHWAY,,Serious Crash,No,2014,,East,,0,,Flat,,,,,,Bright sun,641502,0,0,0,2,,,0,,,1,,,Auckland Region,Nil,2-way,Sealed,,0,1,,50,,Off,0,0,,76,Auckland,Traffic Signals,,,,,0,0,Urban,0,,,Fine,Null
1765997,5914747,582776,,520601,0,0,0,1,0,North,2013/2014,CORAL CRESCENT E,MATAPAN ROAD,,Serious Crash,No,2014,0,North,0,0,0,Flat,0,,0,,0,Overcast,633000,0,0,0,2,0,0,0,0,0,,0,1,Auckland Region,Nil,2-way,Sealed,0,0,1,0,50,0,Null,0,0,,76,Auckland,Nil,0,0,0,0,0,0,Urban,0,0,0,Fine,Null
1762719,5919082,582787,,516400,0,0,0,3,1,North,2015/2016,KURAHAUPO ST,GODDEN CRESCENT,,Serious Crash,No,2015,0,South,0,0,0,Flat,0,,0,,0,Dark,500400,0,0,0,2,0,0,0,0,1,,0,0,Auckland Region,Nil,2-way,Sealed,0,0,1,0,50,0,On,0,0,,76,Auckland,Unknown,0,0,0,1,0,0,Urban,0,0,0,Light rain,Null
1771163,5903673,582940,,523819,0,0,0,1,0,South,2015/2016,MILL ROAD,REDOUBT ROAD,,Serious Crash,No,2015,0,South,0,0,1,Flat,0,,0,,0,Bright sun,760500,0,0,0,2,0,0,0,0,0,,0,0,Auckland Region,Nil,2-way,Sealed,0,0,1,0,80,0,None,0,0,,76,Auckland,Unknown,0,0,0,0,0,0,Open,0,0,0,Fine,Null
1748708,5915419,583135,,511700,0,,0,1,,Null,2013/2014,ARCHIBALD ROAD,BRAINS ROAD,,Serious Crash,No,2014,,North,,0,,Hill Road,,,,,,Dark,270900,0,0,0,2,,,0,,,1,,,Auckland Region,Nil,2-way,Sealed,,0,1,,50,,On,0,0,,76,Auckland,Give way,,,,,0,0,Urban,0,,,Fine,Null
1757629,5920917,583244,,514101,0,,1,0,,West,2014/2015,GALWAY ST,COMMERCE ST,,Serious Crash,No,2014,,West,,0,,Flat,,,,,,Bright sun,437903,0,0,0,2,,,0,,,1,,,Auckland Region,Nil,2-way,Sealed,,0,1,,50,,Off,0,0,,76,Auckland,Nil,,,,,0,0,Urban,0,,,Fine,Null
1762696,5907468,583300,,524530,0,,0,1,,East,2014/2015,MASSEY ROAD,HAIN AVENUE,,Serious Crash,No,2014,,North,,0,,Flat,,,,,,Dark,733000,0,0,0,2,,,0,,,1,,,Auckland Region,Nil,2-way,Sealed,,0,1,,50,,On,0,0,,76,Auckland,Unknown,,,,,0,0,Urban,0,,,Fine,Strong wind
1744312,5910083,583307,,512902,0,,0,1,,North,2014/2015,SCENIC DRIVE,NORTH WAY,,Serious Crash,No,2015,,South,,0,,Flat,,,,,,Bright sun,282302,0,0,1,2,,,0,,,,,,Auckland Region,Nil,2-way,Sealed,,0,1,,70,,Null,0,0,,76,Auckland,Nil,,,,,0,0,Urban,0,,,Fine,Null
1769677,5883079,583359,,525910,0,0,0,0,0,North,2014/2015,CAPE HILL ROAD,NORTHVALE PLACE,,Serious Crash,No,2015,0,North,1,0,0,Flat,0,,0,,0,Dark,816521,0,0,1,2,0,0,0,0,0,,0,0,Auckland Region,Nil,2-way,Sealed,0,0,1,0,100,0,None,0,0,,76,Auckland,Nil,0,0,0,0,0,0,Open,0,0,0,Fine,Null
1756737,5914568,583513,,518600,0,0,0,2,0,North,2014/2015,MOUNT EDEN ROAD,HUNTERS PARK DRIVE,,Serious Crash,No,2014,0,West,0,0,0,Flat,0,,0,,0,Overcast,563901,1,0,0,2,0,0,1,0,1,,0,0,Auckland Region,Nil,2-way,Sealed,0,0,1,0,50,0,Off,0,0,,76,Auckland,Nil,0,0,0,0,0,0,Urban,0,0,0,Fine,Null
1768952,5902822,583518,,523820,0,0,0,2,0,Null,2014/2015,EUGENIA RISE,IDESIA PLACE,,Serious Crash,No,2014,0,North,0,0,0,Flat,0,,0,,0,Dark,760122,0,0,0,2,0,0,0,0,1,,0,0,Auckland Region,Nil,2-way,Sealed,0,0,1,0,50,0,On,0,0,,76,Auckland,Give way,0,0,0,1,0,0,Urban,0,0,0,Fine,Null
1755518,5913246,583599,,518803,0,0,0,0,0,North,2014/2015,SH 20,HILLSBOROUGH ON WBD,,Fatal Crash,Yes,2014,0,West,0,1,0,Flat,1,,0,,0,Bright sun,582700,0,0,0,2,0,0,0,0,0,,0,0,Auckland Region,Nil,2-way,Sealed,0,0,0,0,100,0,Null,0,0,,76,Auckland,Nil,0,1,0,0,1,0,Open,0,0,0,Fine,Null
1756615,5915130,583636,,518302,1,,0,0,,Null,2013/2014,SHACKLETON ROAD,MOUNT EDEN ROAD,,Serious Crash,No,2014,,North,,0,,Hill Road,,,,,,Bright sun,558200,0,0,0,4,,,0,,,,,,Auckland Region,Nil,2-way,Sealed,,0,1,,50,,Null,0,0,,76,Auckland,Stop,,,,,0,0,Urban,1,,,Fine,Null
1750346,5914399,583818,,511303,0,,0,1,,Null,2014/2015,GREAT NORTH ROAD,CRUM AVENUE,,Serious Crash,No,2014,,East,,0,,Flat,,,,,,Dark,266200,0,1,0,4,,,0,,,,,,Auckland Region,Nil,2-way,Sealed,,0,1,,50,,On,0,0,,76,Auckland,Stop,,,,,0,0,Urban,0,,,Fine,Null
1760416,5913062,583848,,520000,1,0,0,0,0,West,2014/2015,MOUNT SMART ROAD,WAITANGI ROAD,,Serious Crash,No,2014,0,East,0,0,0,Flat,0,,0,,0,Overcast,606201,0,0,0,2,0,0,0,0,1,,0,0,Auckland Region,Nil,2-way,Sealed,0,0,1,0,50,0,Null,0,0,,76,Auckland,Unknown,0,0,0,0,1,0,Urban,0,0,0,Fine,Null
1734963,5932637,583942,,505605,0,1,0,1,0,South,2014/2015,OLD NORTH ROAD,WAIKOUKOU VALLEY ROAD,,Serious Crash,No,2014,0,North,0,0,0,Flat,0,,0,,0,Dark,215700,0,0,0,2,0,0,0,0,0,,0,0,Auckland Region,Nil,2-way,Sealed,0,0,1,0,80,0,None,0,0,,76,Auckland,Nil,0,0,0,0,0,0,Open,0,0,0,Fine,Null
1764130,5908949,583977,,521901,0,,0,1,,West,2014/2015,MANGERE ROAD,PIKI THOMPSON WAY,,Serious Crash,No,2014,,East,,0,,Flat,,,,,,Dark,785300,0,0,0,2,,,0,,,,,,Auckland Region,Nil,2-way,Sealed,,0,1,,50,,On,0,0,,76,Auckland,Nil,,,,,0,0,Urban,1,,,Fine,Null
1751332,5934356,584038,,508701,0,0,0,0,0,Null,2013/2014,DAIRY FLAT HIGHWAY,KELL DRIVE,,Serious Crash,No,2014,0,South,0,0,0,Flat,0,,0,,0,Bright sun,178800,0,0,1,4,0,0,0,0,0,,0,1,Auckland Region,Nil,2-way,Sealed,0,0,1,0,50,0,Null,1,0,,76,Auckland,Stop,0,0,0,0,0,0,Urban,0,0,0,Fine,Null
1745530,5969747,584074,,506613,0,0,0,1,0,West,2014/2015,WOODCOCKS ROAD,CARRAN ROAD,,Serious Crash,No,2014,0,West,1,0,0,Flat,0,,0,,0,Dark,145800,0,0,0,2,0,0,0,0,0,,0,0,Auckland Region,Nil,2-way,Sealed,0,0,1,0,100,0,None,0,0,,76,Auckland,Nil,0,0,0,1,0,0,Open,0,0,0,Fine,Null
1727653,5938540,584366,,506642,0,0,0,1,0,South,2014/2015,SH 16,RIMMER ROAD,,Serious Crash,Yes,2014,0,South,0,0,1,Flat,0,,0,,0,Dark,211100,0,0,0,2,0,0,0,0,0,,0,0,Auckland Region,Nil,2-way,Sealed,0,0,1,0,100,0,None,0,0,,76,Auckland,Nil,0,0,0,1,0,0,Open,0,0,0,Fine,Null
1746388,5921871,584393,,512201,1,0,0,1,0,North,2014/2015,MATIPO ROAD,TAIKATA ROAD,,Serious Crash,No,2015,0,South,0,0,0,Flat,0,,0,,0,Bright sun,247100,0,0,0,2,0,0,0,0,1,,0,0,Auckland Region,Nil,2-way,Sealed,0,0,1,0,50,0,Null,0,0,,76,Auckland,Nil,0,0,0,0,0,0,Urban,0,0,0,Fine,Null
1771028,5896350,584421,,521201,0,0,0,0,1,South,2014/2015,HARBOURSIDE DRIVE,PESCARA POINT,,Serious Crash,No,2015,0,South,0,0,0,Flat,0,,0,,0,Dark,806604,0,0,1,2,0,0,0,0,0,,0,0,Auckland Region,Nil,2-way,Sealed,0,0,1,0,50,0,On,0,0,,76,Auckland,Nil,0,0,0,0,0,0,Urban,0,0,0,Fine,Null
1758120,5912893,584479,,519810,0,0,0,1,0,East,2015/2016,TRAFALGAR ST,SYMONDS ST,,Fatal Crash,No,2015,0,East,0,1,0,Flat,0,,0,,0,Dark,597500,2,0,0,2,0,0,0,0,1,,0,0,Auckland Region,Nil,2-way,Sealed,0,0,0,0,50,0,On,1,0,,76,Auckland,Nil,0,0,0,1,0,0,Urban,0,0,0,Fine,Null
1741579,5928512,584511,,505604,0,,0,1,,North,2013/2014,COATESVILLE-RIVERHEAD HIG,MOONTIDE ROAD,,Fatal Crash,No,2014,,South,,1,,Flat,,Easter,,,,Overcast,214300,0,0,0,2,,,0,,,,,,Auckland Region,Nil,2-way,Sealed,,0,0,,80,,None,0,0,,76,Auckland,Unknown,,,,,1,0,Open,0,,,Light rain,Null
1748652,5913871,584512,,511302,0,0,0,1,0,Null,2013/2014,GREAT NORTH ROAD,FRUITVALE ROAD,,Serious Crash,No,2014,0,West,0,0,1,Flat,0,,0,,0,Dark,269300,1,0,0,4,0,0,0,0,0,,0,0,Auckland Region,Nil,2-way,Sealed,0,0,1,0,50,0,On,0,0,,76,Auckland,Give way,0,0,0,0,0,0,Urban,0,0,0,Light rain,Null
1755014,5914433,584521,,518500,0,,0,0,,Null,2013/2014,MOUNT ALBERT ROAD,MAY ROAD,,Serious Crash,No,2014,,North,,0,,Flat,,,,,,Bright sun,560900,0,0,1,2,,,0,,,,,,Auckland Region,Nil,2-way,Sealed,,0,1,,50,,Null,1,0,,76,Auckland,Stop,,,,,0,0,Urban,0,,,Fine,Null
1757837,5918905,584624,,517400,0,,0,1,,Null,2014/2015,PARK ROAD,BOYLE CRESCENT,,Serious Crash,No,2014,,North,,0,,Flat,,,,,,Bright sun,449700,0,1,0,3,,,0,,,,,,Auckland Region,Nil,2-way,Sealed,,0,1,,50,,Null,0,0,,76,Auckland,Give way,,,,,0,0,Urban,0,,,Fine,Null
1754625,5913894,584742,,518803,0,0,0,4,0,Null,2014/2015,MAY ROAD,STODDARD ROAD,,Serious Crash,No,2014,0,North,0,0,0,Flat,0,,0,,0,Dark,581700,5,0,0,6,0,0,0,0,1,3,0,0,Auckland Region,Nil,2-way,Sealed,0,0,2,0,50,0,On,0,0,,76,Auckland,Traffic Signals,0,0,0,0,0,0,Urban,0,1,0,Fine,Null
1735786,5909971,584791,45,513800,0,,0,0,,West,2014/2015,PIHA ROAD,ANAWHATA ROAD,,Serious Crash,No,2015,,West,,0,,Hill Road,,Easter,,,,Dark,282007,0,0,1,2,,,0,,,,,,Auckland Region,Nil,Off road,Sealed,,0,1,,100,,On,0,0,,76,Auckland,Nil,,,,,0,0,Open,0,,,Fine,Null
1748495,5961496,584854,45,506613,0,,0,0,,North,2016/2017,SH 1N,SCHOLLUM ACCESS ROAD,,Fatal Crash,Yes,2016,,South,,1,,Hill Road,,,,,,Dark,146800,0,0,1,3,,,0,,,1,,,Auckland Region,Nil,2-way,Sealed,,0,0,,100,,On,0,0,,76,Auckland,Nil,,,,,0,0,Open,0,,,Fine,Null
1756705,5929540,584873,,507720,0,0,0,1,0,North,2015/2016,EAST COAST ROAD,GORDON AVENUE,,Serious Crash,No,2015,0,South,0,0,1,Flat,0,,0,,0,Dark,312000,0,0,0,2,0,0,0,0,0,,0,0,Auckland Region,Nil,2-way,Sealed,0,0,2,0,50,0,On,0,0,,76,Auckland,Unknown,0,0,0,0,0,0,Urban,0,0,0,Fine,Null
1752216,5918521,584938,,515002,1,,0,1,,South,2015/2016,POINT CHEVALIER ROAD,SMALE ST,,Serious Crash,No,2016,,North,,0,,Flat,,,,,,Overcast,391800,0,0,0,2,,,0,,,,,,Auckland Region,Nil,2-way,Sealed,,0,1,,50,,Null,0,0,,76,Auckland,Nil,,,,,0,0,Urban,0,,,Light rain,Null
1769380,5901033,585053,,524902,0,,0,1,,Null,2016/2017,ALFRISTON ROAD,CLAUDE ROAD,,Serious Crash,No,2016,,West,,0,,Flat,,,,,,Overcast,757700,0,0,0,2,,,0,,,1,,,Auckland Region,Nil,2-way,Sealed,,0,1,,50,,Off,0,0,,76,Auckland,Give way,,,,,0,0,Urban,0,,,Fine,Null
1763917,5915247,585196,,520302,0,,0,1,,South,2016/2017,LUNN AVENUE,MARUA ROAD,,Serious Crash,No,2016,,South,,0,,Flat,,,,,,Bright sun,626500,0,0,0,2,,,0,,,1,,,Auckland Region,Nil,2-way,Sealed,,0,1,,50,,Null,0,0,,76,Auckland,Unknown,,,,,0,0,Urban,0,,,Fine,Null
1741442,5989769,585408,,506660,0,,0,1,,North,2015/2016,WAITEITEI ROAD,SILVER HILL ROAD,,Serious Crash,No,2015,,North,,0,,Hill Road,,Labour Weekend,,,,Bright sun,135800,0,0,1,2,,,0,,,,,,Auckland Region,Nil,2-way,Sealed,,0,1,,100,,Null,0,0,,76,Auckland,Unknown,,,,,0,0,Open,0,,,Fine,Null
1764329,5909207,585636,,521802,0,,0,1,,South,2014/2015,GREAT SOUTH ROAD,ALEXANDER ST,,Serious Crash,No,2014,,South,,0,,Flat,,,,,,Dark,789301,0,0,0,4,,,0,,,1,,,Auckland Region,Nil,2-way,Sealed,,0,1,,50,,On,0,0,,76,Auckland,Unknown,,,,,0,0,Urban,0,,,Fine,Null
1746507,5940995,585709,,506300,0,,0,1,,North,2015/2016,DAIRY FLAT HIGHWAY,LIME ACCESS ROAD,,Serious Crash,No,2016,,South,,0,,Flat,,,,,,Bright sun,175903,0,0,1,2,,,0,,,,,,Auckland Region,Nil,2-way,Sealed,,0,1,,100,,Null,0,0,,76,Auckland,Nil,,,,,0,0,Open,0,,,Fine,Null
1750567,5913934,585741,,511303,0,0,0,2,0,North,2015/2016,PORTAGE ROAD,PURIRI ST,,Serious Crash,No,2015,0,North,0,0,0,Flat,0,,0,,0,Bright sun,265200,0,0,1,2,0,0,0,0,1,,0,0,Auckland Region,Nil,2-way,Sealed,0,0,1,0,50,0,Null,0,0,,76,Auckland,Unknown,0,0,0,0,0,0,Urban,0,0,0,Fine,Null
1744880,5910625,585773,,512902,0,0,0,1,0,North,2016/2017,SCENIC DRIVE,SHAW ROAD,,Serious Crash,No,2016,0,South,0,0,0,Hill Road,0,,0,,0,Twilight,299200,0,0,0,2,0,0,0,1,0,,0,0,Auckland Region,Nil,2-way,Sealed,0,0,1,0,70,0,None,0,0,,76,Auckland,Unknown,0,0,0,0,0,0,Urban,0,0,0,Fine,Null
1738307,5979577,585780,,506660,0,0,0,1,0,North,2015/2016,SH 1N,WAYBY VALLEY ROAD,,Serious Crash,Yes,2016,0,South,0,0,0,Flat,0,,0,,0,Dark,136400,0,0,0,2,0,0,0,0,0,,0,1,Auckland Region,Nil,2-way,Sealed,0,0,1,0,100,0,None,0,0,,76,Auckland,Unknown,0,0,0,0,0,0,Open,0,0,0,Fine,Null
1763848,5913770,585784,,520303,0,,0,0,,North,2015/2016,MOUNT WELLINGTON HIGHWAY,WAIPUNA ROAD,,Serious Crash,No,2016,,South,,0,,Flat,,,,,,Bright sun,627300,0,0,0,6,,,0,,,1,,,Auckland Region,Nil,2-way,Sealed,,0,1,,50,,Null,1,0,,76,Auckland,Unknown,,,,,0,0,Urban,0,,,Fine,Null
1756787,5932408,585827,,507500,0,,0,2,,Null,2015/2016,BEACH ROAD,KOWHAI ROAD,,Serious Crash,No,2016,,West,,0,,Hill Road,,,,,,Bright sun,149200,0,0,0,2,,,0,,,,,,Auckland Region,Nil,2-way,Sealed,,0,2,,50,,Null,0,0,,76,Auckland,Give way,,,,,0,0,Urban,0,,,Fine,Null
1763026,5920584,585919,,516500,0,,0,2,,West,2015/2016,TAMAKI DRIVE,ATKIN AVENUE,,Serious Crash,No,2016,,East,,0,,Flat,,,,,,Dark,500600,0,0,0,2,,,0,,,,,,Auckland Region,Nil,1-way,Sealed,,0,1,,40,,On,0,0,,76,Auckland,Unknown,,,,,0,0,Urban,0,,,Heavy rain,Null
1769897,5899918,585931,,523817,0,,0,0,,North,2016/2017,SH 1N,PAPAKURA STM BR,,Serious Crash,Yes,2016,,South,,0,,Flat,,,,,,Bright sun,759739,0,0,1,2,,,0,,,,,,Auckland Region,Nil,1-way,Sealed,,0,1,,100,,Null,0,0,80,76,Auckland,Unknown,,,,,1,0,Open,0,,,Fine,Null
1770707,5889807,585980,,521203,0,,0,4,,East,2016/2017,SH 22,WOODLYN DRIVE,,Serious Crash,Yes,2016,,East,,0,,Hill Road,,,,,,Twilight,807400,0,0,0,2,,,0,,,,,,Auckland Region,Nil,2-way,Sealed,,0,2,,100,,Off,0,0,,76,Auckland,Unknown,,,,,0,0,Open,0,,,Fine,Null
1757129,5919723,585984,,514103,0,,0,1,,Null,2015/2016,QUEEN ST,TURNER ST,,Serious Crash,No,2016,,North,,0,,Hill Road,,,,,,Dark,436201,0,1,0,4,,,0,,,,,,Auckland Region,Nil,2-way,Sealed,,0,1,,50,,On,0,0,,76,Auckland,Nil,,,,,0,0,Urban,0,,,Fine,Null