X,Y,OBJECTID,advisorySpeed,areaUnitID,bicycle,bridge,bus,carStationWagon,cliffBank,crashDirectionDescription,crashFinancialYear,crashLocation1,crashLocation2,crashRoadSideRoad,crashSeverity,crashSHDescription,crashYear,debris,directionRoleDescription,ditch,fatalCount,fence,flatHill,guardRail,holiday,houseOrBuilding,intersection,kerb,light,meshblockId,minorInjuryCount,moped,motorcycle,NumberOfLanes,objectThrownOrDropped,otherObject,otherVehicleType,overBank,parkedVehicle,pedestrian,phoneBoxEtc,postOrPole,region,roadCharacter,roadLane,roadSurface,roadworks,schoolBus,seriousInjuryCount,slipOrFlood,speedLimit,strayAnimal,streetLight,suv,taxi,temporarySpeedLimit,tlaId,tlaName,trafficControl,trafficIsland,trafficSign,train,tree,truck,unknownVehicleType,urban,vanOrUtility,vehicle,waterRiver,weatherA,weatherB
1755382,5921985,586002,,515202,0,,0,0,,North,2016/2017,SH 1N,HARBOUR BR S,,Serious Crash,Yes,2016,,North,,0,,Hill Road,,,,,,Bright sun,423600,0,0,1,2,,,0,,,,,,Auckland Region,Bridge,1-way,Sealed,,0,1,,80,,Null,1,0,,76,Auckland,Unknown,,,,,0,0,Open,0,,,Fine,Null
1775119,5881699,586072,,521160,0,,0,1,,East,2015/2016,MILL ROAD,HARRISVILLE ROAD,,Serious Crash,No,2016,,West,,0,,Hill Road,,,,,,Bright sun,827603,0,0,1,2,,,0,,,,,,Auckland Region,Nil,2-way,Sealed,,0,1,,100,,Null,0,0,,76,Auckland,Nil,,,,,0,0,Open,0,,,Fine,Null
1766602,5880006,586125,,521112,0,,0,0,,Null,2016/2017,POLLOCK ROAD,RUSSELL ROAD,,Serious Crash,No,2016,,West,,0,,Flat,,,,,,Overcast,825900,3,0,0,2,,,0,,,,,,Auckland Region,Nil,2-way,Sealed,,0,2,,100,,Off,2,0,,76,Auckland,Stop,,,,,0,0,Open,0,,,Light rain,Null
1753123,5918382,586177,,515002,0,0,0,1,0,West,2016/2017,GREAT NORTH ROAD,MOTIONS ROAD,,Serious Crash,No,2016,0,West,0,0,0,Flat,0,,0,,0,Dark,390501,0,0,0,4,0,0,0,0,0,,0,0,Auckland Region,Nil,2-way,Sealed,0,0,1,0,50,0,On,0,0,,76,Auckland,Unknown,0,0,0,1,0,0,Urban,0,0,0,Fine,Null
1751213,5931471,586250,,508807,0,,0,1,,North,2014/2015,ALBANY HIGHWAY,OAKWAY DRIVE,,Serious Crash,No,2015,,North,,0,,Flat,,,,,,Bright sun,180301,0,0,0,2,,,0,,,1,,,Auckland Region,Nil,2-way,Sealed,,0,1,,50,,Off,0,0,,76,Auckland,Nil,,,,,0,0,Urban,0,,,Fine,Null
1769364,5911206,586255,,523113,0,,0,2,,North,2015/2016,GREENMOUNT DRIVE,NANDINA AVENUE,,Serious Crash,No,2016,,South,,0,,Flat,,,,,,Bright sun,711703,1,0,0,2,,,0,,,,,,Auckland Region,Nil,2-way,Sealed,,0,1,,50,,Null,0,0,,76,Auckland,Nil,,,,,0,0,Urban,0,,,Fine,Null
1734826,5932682,586293,,505605,0,,0,1,,East,2015/2016,OLD NORTH ROAD,WAIKOUKOU VALLEY ROAD,,Serious Crash,No,2016,,West,,0,,Flat,,,,,,Twilight,215700,2,0,0,2,,,0,,,,,,Auckland Region,Nil,2-way,Sealed,,0,1,,80,,None,0,0,,76,Auckland,Nil,,,,,0,0,Open,0,,,Fine,Null
1749179,5942631,586453,,506003,0,0,0,3,0,Null,2015/2016,EAST COAST ROAD,WILKS ROAD,,Serious Crash,No,2015,0,South,0,0,0,Flat,0,,0,,0,Twilight,175814,0,0,0,2,0,0,0,0,0,,0,0,Auckland Region,Nil,2-way,Sealed,0,0,3,0,100,0,None,0,0,,76,Auckland,Stop,0,0,0,0,0,0,Open,0,1,0,Fine,Null
1740685,5928747,586488,,505604,0,,0,2,,Null,2016/2017,OLD NORTH ROAD,OLD RAILWAY ROAD,,Serious Crash,No,2016,,South,,0,,Flat,,,,,,Overcast,214501,0,0,0,2,,,0,,,,,,Auckland Region,Nil,2-way,Sealed,,0,1,,80,,Null,0,0,,76,Auckland,Stop,,,,,1,0,Open,0,,,Light rain,Strong wind
1767767,5913589,586544,,522910,0,,0,1,,Null,2015/2016,PAKURANGA ROAD,JOHNS LANE,,Serious Crash,No,2016,,West,,0,,Flat,,,,,,Dark,685500,0,0,0,4,,,0,,,1,,,Auckland Region,Nil,2-way,Sealed,,0,1,,60,,On,0,0,,76,Auckland,Nil,,,,,0,0,Urban,0,,,Fine,Null
1766300,5899807,586546,,524822,0,0,0,2,0,Null,2016/2017,ROSCOMMON ROAD,PALMERS ROAD,,Serious Crash,No,2016,0,North,0,0,0,Flat,0,,0,,0,Overcast,774431,0,0,0,2,0,0,0,0,1,,0,0,Auckland Region,Nil,2-way,Sealed,0,0,1,0,50,0,Null,0,0,,76,Auckland,Give way,0,0,0,1,0,0,Urban,1,0,0,Light rain,Null
1750944,5915846,586563,,514401,0,0,0,1,0,Null,2016/2017,HOLLY ST,VICTOR ST,,Serious Crash,No,2016,0,West,0,0,1,Flat,0,,0,,0,Dark,383300,0,0,0,2,0,0,0,0,0,,0,1,Auckland Region,Nil,2-way,Sealed,0,0,1,0,50,0,On,0,0,,76,Auckland,Give way,0,0,0,1,0,0,Urban,0,0,0,Light rain,Null
1744747,5944113,586593,75,506614,0,0,0,0,0,South,2015/2016,KAHIKATEA FLAT ROAD,AUSTIN ROAD,,Fatal Crash,No,2016,0,North,0,1,0,Hill Road,0,,0,,0,Twilight,177802,0,0,1,2,0,0,0,0,0,,0,0,Auckland Region,Nil,2-way,Sealed,0,0,0,0,100,0,None,0,0,,76,Auckland,Stop,0,1,0,0,0,0,Open,0,0,0,Fine,Null
1745379,5916799,586797,,510800,0,,0,0,,Null,2014/2015,DORA ST,RAILSIDE AVENUE,,Serious Crash,No,2015,,North,,0,,Flat,,,,,,Overcast,243100,0,0,0,2,,,0,,,1,,,Auckland Region,Nil,2-way,Sealed,,0,1,,50,,Off,1,0,,76,Auckland,Give way,,,,,0,0,Urban,0,,,Fine,Null
1754275,5913403,586807,,518803,0,,0,2,,North,2016/2017,MAY ROAD,GLYNN ST,,Serious Crash,No,2016,,South,,0,,Flat,,,,,,Overcast,581800,0,0,0,2,,,0,,,,,,Auckland Region,Nil,2-way,Sealed,,0,2,,50,,Off,0,0,,76,Auckland,Unknown,,,,,0,0,Urban,0,,,Heavy rain,Null
1780488,5903041,586845,,525201,0,,0,2,,Null,2015/2016,PAPAKURA-CLEVEDON ROAD,WEST ROAD,,Serious Crash,No,2015,,North,,0,,Flat,,,,,,Bright sun,763400,0,0,0,,,,0,,,,,,Auckland Region,Nil,2-way,Sealed,,0,1,,100,,Off,0,0,,76,Auckland,Give way,,,,,0,0,Open,0,,,Fine,Null
1773240,5899626,586846,,523911,1,,0,1,,Null,2014/2015,AIRFIELD ROAD,MILL ROAD,,Serious Crash,No,2015,,East,,0,,Flat,,,,,,Overcast,767204,0,0,0,2,,,0,,,,,,Auckland Region,Nil,2-way,Sealed,,0,1,,70,,Null,0,0,,76,Auckland,Give way,,,,,0,0,Urban,0,,,Fine,Null
1730413,5943787,586924,65,506646,0,,0,0,,West,2016/2017,SH 16,ABEL ROAD,,Serious Crash,Yes,2016,,West,,0,,Flat,,,,,,Bright sun,211402,1,0,0,2,,,0,,,,,,Auckland Region,Nil,2-way,Sealed,,0,1,,100,,Null,1,0,,76,Auckland,Unknown,,,,,0,0,Open,1,,,Fine,Null
1748535,5938699,587026,,506300,0,0,0,1,0,North,2014/2015,DAIRY FLAT HIGHWAY,GOODLAND DRIVE,,Serious Crash,No,2015,0,South,0,0,0,Flat,0,Easter,0,,0,Dark,176008,1,0,0,2,0,1,0,0,0,,0,0,Auckland Region,Nil,2-way,Sealed,0,0,1,0,100,0,On,0,0,,76,Auckland,Nil,0,0,0,0,0,0,Open,0,0,0,Fine,Null
1771774,5912638,587034,,523102,0,0,0,2,0,Null,2015/2016,WHITFORD ROAD,MERINO AVENUE,,Serious Crash,No,2016,0,North,0,0,1,Hill Road,0,,0,,0,Dark,711030,0,0,0,2,0,0,0,0,0,,0,0,Auckland Region,Nil,2-way,Sealed,0,0,1,0,50,0,On,0,0,,76,Auckland,Give way,0,0,0,0,0,0,Urban,0,0,0,Fine,Null
1741644,5928925,587049,,505604,0,,0,1,,Null,2015/2016,COATESVILLE-RIVERHEAD HIG,OLD RAILWAY ROAD,,Serious Crash,No,2016,,South,,0,,Flat,,,,,,Bright sun,214402,0,0,1,2,,,0,,,,,,Auckland Region,Nil,2-way,Sealed,,0,1,,80,,Null,0,0,,76,Auckland,Stop,,,,,0,0,Open,0,,,Fine,Null
1733785,5989814,587074,,506660,0,,0,0,,South,2014/2015,SH 1N,ROSS ROAD,,Serious Crash,Yes,2015,,North,,0,,Hill Road,,,,,,Overcast,135700,1,0,0,3,,,0,,,,,,Auckland Region,Nil,2-way,Sealed,,0,2,,100,,Null,0,0,,76,Auckland,Unknown,,,,,0,0,Open,2,,,Heavy rain,Null
1755095,5928954,587099,,508320,0,,0,1,,South,2013/2014,DIANA DRIVE,WAIRAU ROAD,,Serious Crash,No,2014,,South,,0,,Flat,,,,,,Bright sun,196700,0,0,1,2,,,0,,,,,,Auckland Region,Nil,2-way,Sealed,,0,1,,50,,Null,0,0,,76,Auckland,Unknown,,,,,0,0,Urban,0,,,Fine,Null
1755801,5916532,587126,,518201,0,,0,1,,South,2014/2015,DOMINION ROAD,MOUNT PLEASANT ROAD,,Serious Crash,No,2015,,North,,0,,Flat,,,,,,Bright sun,552900,0,1,0,4,,,0,,,,,,Auckland Region,Nil,2-way,Sealed,,0,1,,50,,Null,0,0,,76,Auckland,Nil,,,,,0,0,Urban,0,,,Fine,Null
1775255,5908446,587137,,523202,0,0,0,0,0,South,2014/2015,WHITFORD PARK ROAD,SANDSTONE ROAD,,Fatal Crash,No,2015,0,South,0,1,0,Flat,0,,0,,0,Bright sun,716604,0,0,0,2,0,0,0,0,0,,0,0,Auckland Region,Nil,2-way,Sealed,0,0,0,0,100,0,Null,0,0,,76,Auckland,Nil,0,0,0,1,1,0,Open,0,0,0,Fine,Null
1756637,5920894,587174,,514101,0,,0,1,,Null,2014/2015,HALSEY ST,GAUNT ST,,Serious Crash,No,2015,,North,,0,,Flat,,,,,,Dark,432400,0,0,0,2,,,0,,,1,,,Auckland Region,Nil,2-way,Sealed,,0,1,,50,,On,0,0,,76,Auckland,Nil,,,,,0,0,Urban,0,,,Fine,Null
1767333,5906271,587211,,522302,0,,0,1,,North,2015/2016,SH 1N,TE IRIRANGI ON NBD,,Serious Crash,Yes,2015,,North,,0,,Flat,,,,,,Overcast,670200,0,0,0,6,,,0,,,,,,Auckland Region,Nil,2-way,Sealed,,0,1,,100,,On,1,0,,76,Auckland,Unknown,,,,,1,0,Open,2,,,Fine,Null
1771345,5900037,587368,,523911,0,,0,1,,Null,2015/2016,PORCHESTER ROAD,POPES ROAD,,Serious Crash,No,2015,,South,,0,,Flat,,,,,,Bright sun,767202,0,0,1,2,,,0,,,,,,Auckland Region,Nil,2-way,Sealed,,0,1,,80,,Null,0,0,,76,Auckland,Stop,,,,,0,0,Open,0,,,Fine,Null
1760327,5918697,587379,,516102,0,,0,0,,West,2015/2016,Z DWAY,BURWOOD CRESCENT,,Serious Crash,No,2015,,South,,0,,Hill Road,,,,,,Dark,483101,0,0,0,0,,,0,,,1,,,Auckland Region,Nil,Off road,Sealed,,0,1,,50,,None,1,0,,76,Auckland,Nil,,,,,0,0,Urban,0,,,Fine,Null
1748217,5930717,587605,,509000,0,0,0,1,0,South,2015/2016,PAREMOREMO ROAD,HARDENS LANE,,Serious Crash,No,2015,0,South,0,0,0,Flat,0,,0,,0,Overcast,179405,0,0,0,1,0,0,0,0,0,,0,1,Auckland Region,Nil,2-way,Sealed,0,0,1,0,80,0,None,0,0,,76,Auckland,Nil,0,0,0,0,0,0,Open,0,0,0,Light rain,Null
1733081,5929475,587615,,505601,0,0,0,1,0,North,2014/2015,MURIWAI ROAD,ROSELLA GROVE,,Serious Crash,No,2015,0,South,0,0,0,Flat,0,,0,,0,Bright sun,216103,0,0,0,2,0,0,0,0,1,,0,0,Auckland Region,Nil,2-way,Sealed,0,0,1,0,50,0,Null,1,0,,76,Auckland,Stop,0,0,0,0,0,0,Urban,0,0,0,Fine,Null
1766894,5908698,587681,,523501,0,,0,0,,East,2014/2015,CLYDE ROAD,LINDA PLACE,,Serious Crash,No,2015,,East,,0,,Flat,,,,,,Bright sun,700400,0,0,1,1,,,0,,,,,,Auckland Region,Nil,2-way,Sealed,,0,1,,50,,Null,0,0,,76,Auckland,Nil,,,,,0,0,Urban,1,,,Fine,Null
1737574,5897711,587728,,521151,0,,0,0,,West,2014/2015,LIGHTHOUSE ROAD,MANUKAU HEADS ROAD,,Serious Crash,No,2015,,West,,0,,Hill Road,,,,,,Bright sun,829300,1,0,2,2,,,0,,,,,,Auckland Region,Nil,2-way,Unsealed,,0,1,,100,,Null,0,0,,76,Auckland,Unknown,,,,,0,0,Open,0,,,Fine,Null
1768156,5907851,587748,,523502,0,,0,0,,Null,2014/2015,EAST TAMAKI ROAD,PRESTON ROAD,,Serious Crash,No,2015,,East,,0,,Flat,,,,,,Dark,703800,0,0,1,4,,,0,,,,,,Auckland Region,Nil,2-way,Sealed,,0,1,,60,,On,0,0,,76,Auckland,Traffic Signals,,,,,0,0,Urban,0,,,Fine,Null
1763142,5919351,587763,,516500,0,,0,1,,South,2014/2015,PATTESON AVENUE,PALMER CRESCENT,,Serious Crash,No,2015,,South,,0,,Hill Road,,,,,,Dark,501903,0,0,0,2,,,0,,,1,,,Auckland Region,Nil,2-way,Sealed,,0,1,,50,,On,0,0,,76,Auckland,Unknown,,,,,0,0,Urban,0,,,Fine,Null
1774836,5897394,587812,,525610,1,,0,0,,Null,2014/2015,PAPAKURA-CLEVEDON ROAD,DOMINION ROAD,,Serious Crash,No,2015,,West,,0,,Hill Road,,,,,,Overcast,799400,0,0,0,2,,,0,,,,,,Auckland Region,Nil,2-way,Sealed,,0,1,,50,,Null,0,0,,76,Auckland,Give way,,,,,1,0,Urban,0,,,Fine,Null
1758686,5917815,587854,,516101,1,,0,1,,Null,2015/2016,REMUERA ROAD,BELMONT TERRACE,,Serious Crash,No,2015,,North,,0,,Flat,,,,,,Bright sun,480800,0,0,0,4,,,0,,,,,,Auckland Region,Nil,2-way,Sealed,,0,1,,50,,Null,0,0,,76,Auckland,Give way,,,,,0,0,Urban,0,,,Fine,Null
1747838,5914408,588186,,511100,0,,0,1,,North,2015/2016,GREAT NORTH ROAD,BRANDON ROAD,,Serious Crash,No,2015,,South,,0,,Hill Road,,,,,,Overcast,285302,0,0,0,4,,,0,,,,,,Auckland Region,Nil,2-way,Sealed,,0,1,,50,,Null,1,0,,76,Auckland,Nil,,,,,0,0,Urban,0,,,Fine,Null
1749657,5958393,588204,,506613,0,0,0,1,0,North,2015/2016,SH 1N,HUNGRY CREEK ROAD,,Fatal Crash,Yes,2015,0,North,0,1,1,Flat,0,,0,,0,Bright sun,147106,1,0,0,2,0,0,0,0,0,,0,0,Auckland Region,Nil,2-way,Sealed,0,0,0,0,100,0,Null,1,0,,76,Auckland,Nil,0,0,0,0,0,0,Open,1,0,0,Fine,Null
1741162,5976150,588211,,506660,0,0,0,1,1,West,2015/2016,SH 1N,FALLS BR,,Fatal Crash,Yes,2016,0,North,0,1,0,Flat,1,,0,,0,Bright sun,136700,1,0,0,2,0,0,0,0,0,,0,0,Auckland Region,Nil,2-way,Sealed,0,0,0,0,80,0,Null,0,0,,76,Auckland,Unknown,0,0,0,0,1,0,Open,0,0,0,Fine,Null
1752390,5875321,588229,,526103,0,,0,0,,North,2015/2016,CONSTABLE RD (WAIUKU),HARVEY ROAD,,Fatal Crash,No,2015,,East,,1,,Hill Road,,,,,,Bright sun,837300,0,0,1,2,,,0,,,,,,Auckland Region,Nil,2-way,Sealed,,0,0,,100,,Null,0,0,,76,Auckland,Nil,,,,,0,0,Open,1,,,Fine,Null
1764844,5877644,588230,,521121,0,,0,2,,West,2014/2015,WAIUKU ROAD,TRAMWAY ROAD,,Serious Crash,No,2015,,East,,0,,Flat,,,,,,Overcast,825301,0,0,1,2,,,0,,,,,,Auckland Region,Nil,2-way,Sealed,,0,1,,80,,None,0,0,,76,Auckland,Nil,,,,,0,0,Open,0,,,Light rain,Null
1766285,5899619,588240,,524812,0,,0,1,,North,2014/2015,WEYMOUTH ROAD,DAMIAN WAY,,Serious Crash,No,2015,,North,,0,,Flat,,,,,,Dark,774201,0,0,0,2,,,0,,,1,,,Auckland Region,Nil,2-way,Sealed,,0,1,,50,,On,0,0,,76,Auckland,Unknown,,,,,0,0,Urban,0,,,Fine,Null
1766325,5901675,588348,,524604,0,,0,2,,Null,2015/2016,BROWNS ROAD,ROWANDALE AVENUE,,Serious Crash,No,2015,,West,,0,,Flat,,,,,,Overcast,781400,1,0,0,2,,,0,,,,,,Auckland Region,Nil,1-way,Sealed,,0,1,,50,,On,0,0,,76,Auckland,Traffic Signals,,,,,0,0,Urban,0,,,Fine,Null
1764268,5912727,588523,,520500,0,,0,1,,West,2014/2015,SILVIA PARK ACCESSWAY,CARBINE ROAD,,Serious Crash,No,2015,,West,,0,,Hill Road,,,,,,Bright sun,639100,0,0,1,2,,,0,,,,,,Auckland Region,Bridge,2-way,Sealed,,0,1,,50,,Null,0,0,,76,Auckland,Unknown,,,,,0,0,Urban,0,,,Fine,Null
1768148,5907749,588811,,523711,0,,0,1,,Null,2015/2016,PRESTON ROAD,ORMISTON ROAD,,Serious Crash,No,2016,,North,,0,,Flat,,,,,,Overcast,713600,1,0,0,2,,,1,,,,,,Auckland Region,Nil,2-way,Sealed,,0,1,,50,,Null,0,0,,76,Auckland,Traffic Signals,,,,,0,0,Urban,0,,,Heavy rain,Null
1767486,5918736,588968,,516900,0,0,0,1,0,East,2014/2015,RIDDELL ROAD,ROBERTA AVENUE,,Serious Crash,No,2015,0,West,0,0,0,Hill Road,0,,0,,0,Bright sun,469200,0,1,0,2,0,0,0,0,1,,0,0,Auckland Region,Nil,2-way,Sealed,0,0,1,0,50,0,Null,0,0,,76,Auckland,Nil,0,0,0,0,0,0,Urban,0,0,0,Fine,Null
1757655,5919883,588981,,514103,1,,0,1,,Null,2014/2015,SYMONDS ST,WELLESLEY ST EAST N,,Serious Crash,No,2015,,West,,0,,Hill Road,,,,,,Dark,437500,0,0,0,5,,,0,,,,,,Auckland Region,Nil,2-way,Sealed,,0,1,,50,,On,0,0,,76,Auckland,Traffic Signals,,,,,0,0,Urban,0,,,Fine,Null
1755400,5911474,589022,,519002,0,,0,0,,East,2016/2017,HILLSBOROUGH ROAD,WHITMORE ROAD,,Serious Crash,No,2016,,West,,0,,Hill Road,,,,,,Bright sun,591404,0,0,0,2,,,0,,,1,,,Auckland Region,Nil,2-way,Sealed,,0,1,,50,,Null,1,0,,76,Auckland,Unknown,,,,,0,0,Urban,0,,,Fine,Null
1770817,5898470,589142,,523912,0,,0,2,,Null,2015/2016,GREAT SOUTH ROAD,GRAHAM ROAD,,Serious Crash,No,2015,,East,,0,,Flat,,,,,,Bright sun,767600,0,0,0,2,,,0,,,,,,Auckland Region,Nil,2-way,Sealed,,0,1,,50,,Null,0,0,,76,Auckland,Stop,,,,,0,0,Urban,0,,,Fine,Null
1735314,5937806,589205,,506653,1,,0,1,,East,2015/2016,PEAK ROAD,OLD NORTH ROAD,,Serious Crash,No,2015,,South,,0,,Hill Road,,,,,,Bright sun,217702,0,0,0,2,,,0,,,,,,Auckland Region,Nil,2-way,Sealed,,0,1,,80,,Null,0,0,,76,Auckland,Nil,,,,,0,0,Open,0,,,Fine,Null
1756430,5919486,589331,,514000,0,,0,1,,Null,2015/2016,HOWE ST,HOPETOUN ST,,Serious Crash,No,2015,,North,,0,,Hill Road,,,,,,Overcast,413900,0,0,1,2,,,0,,,,,,Auckland Region,Nil,2-way,Sealed,,0,1,,50,,Null,0,0,,76,Auckland,Give way,,,,,0,0,Urban,0,,,Light rain,Null
1767719,5892648,589343,,521202,0,,0,2,,West,2014/2015,LINWOOD ROAD,KARAKA NORTH ROAD,,Serious Crash,No,2015,,East,,0,,Flat,,,,,,Dark,807000,3,0,0,2,,,0,,,,,,Auckland Region,Nil,2-way,Sealed,,0,2,,100,,None,0,0,,76,Auckland,Unknown,,,,,0,0,Open,1,,,Light rain,Null
1774036,5902848,589363,,525201,0,0,0,0,0,Null,2016/2017,BROOKBY ROAD,ALFRISTON-ARDMORE ROAD,,Serious Crash,No,2016,0,North,1,0,1,Flat,0,,0,,0,Overcast,762301,0,0,0,2,0,0,0,0,0,,0,1,Auckland Region,Nil,2-way,Sealed,0,0,1,0,80,0,None,0,0,,76,Auckland,Give way,0,0,0,0,1,0,Open,0,0,0,Light rain,Null
1754109,5913173,589367,,518901,0,,0,1,,Null,2014/2015,RICHARDSON ROAD,MAY ROAD,,Serious Crash,No,2015,,West,,0,,Flat,,Easter,,,,Bright sun,585102,0,0,0,3,,,0,,,1,,,Auckland Region,Nil,2-way,Sealed,,0,1,,50,,Off,0,0,,76,Auckland,Traffic Signals,,,,,0,0,Urban,0,,,Fine,Null
1756343,5918926,589371,,515500,0,0,0,0,0,Null,2014/2015,UNION ON WBD,SH 16,,Serious Crash,Yes,2015,0,South,0,0,0,Hill Road,1,,0,,0,Dark,417600,1,0,0,1,0,0,0,0,0,,0,0,Auckland Region,Motorway ramp,1-way,Sealed,0,0,1,0,80,0,On,1,0,,76,Auckland,Nil,0,0,0,0,0,0,Open,0,0,0,Fine,Null
1756969,5918790,589382,,515600,0,,1,0,,Null,2015/2016,SYMONDS ST,NEWTON ROAD,,Serious Crash,No,2015,,North,,0,,Flat,,,,,,Overcast,420600,0,0,0,5,,,0,,,1,,,Auckland Region,Nil,2-way,Sealed,,0,1,,50,,Off,0,0,,76,Auckland,Traffic Signals,,,,,0,0,Urban,0,,,Light rain,Null
1755218,5917537,589403,,517500,0,,0,1,,Null,2015/2016,SANDRINGHAM ROAD,ALTHAM AVENUE,,Serious Crash,No,2016,,North,,0,,Hill Road,,,,,,Overcast,532200,0,1,0,4,,,0,,,,,,Auckland Region,Nil,2-way,Sealed,,0,1,,50,,Null,0,0,,76,Auckland,Stop,,,,,0,0,Urban,0,,,Fine,Null
1752624,5946875,589465,,505808,0,0,0,1,0,West,2017/2018,WHANGAPARAOA ROAD,MATHESON ROAD,,Serious Crash,No,2017,0,West,0,0,0,Hill Road,0,,0,,1,Bright sun,173106,0,0,0,4,0,0,0,0,0,,0,1,Auckland Region,Nil,2-way,Sealed,0,0,1,0,60,0,Null,0,0,,76,Auckland,Unknown,0,0,0,1,0,0,Urban,0,0,0,Fine,Strong wind
1764950,5905693,589502,,522202,0,,0,1,,West,2017/2018,STADIUM LANE,WALLACE ROAD,,Fatal Crash,No,2017,,North,,1,,Flat,,,,,,Dark,663400,0,0,0,2,,,0,,,1,,,Auckland Region,Nil,2-way,Sealed,,0,0,,50,,On,0,0,,76,Auckland,Nil,,,,,0,0,Urban,0,,,Fine,Null
1761325,5908150,589521,,524510,0,,0,1,,West,2015/2016,Z DWAY,CROMER PLACE,,Serious Crash,No,2016,,South,,0,,Flat,,,,,,Dark,733800,0,0,0,0,,,0,,,1,,,Auckland Region,Nil,Off road,Sealed,,0,1,,50,,On,0,0,,76,Auckland,Nil,,,,,0,0,Urban,0,,,Fine,Null
1752621,5912522,589539,,514700,0,0,0,1,0,North,2016/2017,BOUNDARY ROAD,WHITE SWAN ROAD,,Serious Crash,No,2016,0,South,0,0,0,Hill Road,0,Christmas New Year,0,,0,Dark,370800,0,0,0,2,0,0,0,0,0,,0,0,Auckland Region,Nil,2-way,Sealed,0,0,1,0,50,0,On,0,0,,76,Auckland,Unknown,0,0,0,1,0,0,Urban,0,0,0,Heavy rain,Null
1770487,5907180,589587,,523713,0,,0,2,,Null,2016/2017,ORMISTON ROAD,PENCAITLAND DRIVE,,Serious Crash,No,2016,,East,,0,,Flat,,,,,,Overcast,712401,0,0,0,6,,,0,,,,,,Auckland Region,Nil,2-way,Sealed,,0,1,,60,,Null,0,0,,76,Auckland,Traffic Signals,,,,,0,0,Urban,0,,,Fine,Null
1768726,5900761,589588,,525001,0,,0,1,,Null,2016/2017,WEYMOUTH ROAD,BEAUMONTS WAY,,Serious Crash,No,2016,,West,,0,,Hill Road,,,,,,Bright sun,752100,0,0,1,2,,,0,,,,,,Auckland Region,Nil,2-way,Sealed,,0,1,,50,,Null,0,0,,76,Auckland,Stop,,,,,0,0,Urban,0,,,Fine,Null
1767519,5903045,589599,,524602,0,,1,1,,Null,2016/2017,KERRS ROAD,TREVOR HOSKEN DRIVE,,Serious Crash,No,2016,,West,,0,,Flat,,,,,,Overcast,780407,0,0,0,1,,,0,,,,,,Auckland Region,Nil,2-way,Sealed,,0,1,,50,,Null,0,0,,76,Auckland,Give way,,,,,0,0,Urban,0,,,Fine,Strong wind
1760780,5909113,589671,,524404,0,0,0,1,0,East,2015/2016,FAVONA ROAD,DEWHURST PLACE,,Serious Crash,No,2016,0,West,0,0,0,Flat,0,,0,,0,Bright sun,730001,0,0,0,2,0,0,0,0,1,1,0,0,Auckland Region,Nil,2-way,Sealed,0,0,1,0,60,0,Null,0,0,,76,Auckland,Unknown,0,0,0,0,1,0,Urban,0,0,0,Fine,Null
1755420,5919404,589710,,515420,0,,0,0,,Null,2015/2016,LEIGHTON ST,ROSE ROAD,,Serious Crash,No,2016,,North,,0,,Hill Road,,,,,,Bright sun,408800,0,0,1,2,,,0,,,,,,Auckland Region,Nil,2-way,Sealed,,0,1,,50,,Null,0,0,,76,Auckland,Give way,,,,,0,0,Urban,0,,,Fine,Null
1758720,5911550,589803,,519810,0,0,0,1,0,East,2015/2016,SH 20,ONEHUNGA ON NBD,,Serious Crash,Yes,2016,0,West,0,0,0,Flat,1,,0,,0,Twilight,602501,2,0,0,3,0,0,0,0,0,,0,0,Auckland Region,Nil,1-way,Sealed,0,0,1,0,100,0,Off,0,0,,76,Auckland,Unknown,0,0,0,0,0,0,Open,0,0,0,Fine,Null
1770293,5902824,589879,,523814,0,,0,1,,South,2016/2017,WAIRERE ROAD,YSABEL CRESCENT,,Serious Crash,No,2016,,South,,0,,Flat,,Christmas New Year,,,,Bright sun,760803,0,0,0,2,,,0,,,1,,,Auckland Region,Nil,2-way,Sealed,,0,1,,50,,Null,0,0,40,76,Auckland,Give way,,,,,0,0,Urban,0,,,Fine,Null
1754500,5916570,589905,,517702,0,,0,0,,Null,2015/2016,ST LUKES ROAD,FOWLDS AVENUE,,Serious Crash,No,2016,,North,,0,,Flat,,,,,,Dark,540002,0,0,1,2,,,0,,,,,,Auckland Region,Nil,1-way,Sealed,,0,1,,50,,On,0,0,,76,Auckland,Give way,,,,,0,0,Urban,0,,,Fine,Null
1751976,5970328,589910,,506661,0,0,0,1,1,West,2016/2017,SANDSPIT ROAD,HAMILTON ROAD,,Serious Crash,No,2016,0,West,0,0,0,Flat,0,,0,,0,Overcast,139400,0,0,0,2,0,0,0,0,0,,0,0,Auckland Region,Nil,2-way,Sealed,0,0,1,0,50,0,Null,0,0,,76,Auckland,Unknown,0,0,0,0,0,0,Urban,0,0,0,Light rain,Null
1743788,5919228,589922,,513213,0,0,0,2,1,Null,2015/2016,SWANSON ROAD,METCALFE ROAD,,Serious Crash,No,2016,0,North,0,0,0,Hill Road,0,,0,,0,Dark,235803,0,0,0,2,0,0,0,0,0,,0,0,Auckland Region,Nil,2-way,Sealed,0,0,1,0,50,0,On,0,0,,76,Auckland,Give way,0,0,0,0,0,0,Urban,0,0,0,Mist or Fog,Null