X,Y,OBJECTID,advisorySpeed,areaUnitID,bicycle,bridge,bus,carStationWagon,cliffBank,crashDirectionDescription,crashFinancialYear,crashLocation1,crashLocation2,crashRoadSideRoad,crashSeverity,crashSHDescription,crashYear,debris,directionRoleDescription,ditch,fatalCount,fence,flatHill,guardRail,holiday,houseOrBuilding,intersection,kerb,light,meshblockId,minorInjuryCount,moped,motorcycle,NumberOfLanes,objectThrownOrDropped,otherObject,otherVehicleType,overBank,parkedVehicle,pedestrian,phoneBoxEtc,postOrPole,region,roadCharacter,roadLane,roadSurface,roadworks,schoolBus,seriousInjuryCount,slipOrFlood,speedLimit,strayAnimal,streetLight,suv,taxi,temporarySpeedLimit,tlaId,tlaName,trafficControl,trafficIsland,trafficSign,train,tree,truck,unknownVehicleType,urban,vanOrUtility,vehicle,waterRiver,weatherA,weatherB
1769636,5907383,589962,,523713,0,,0,3,,West,2014/2015,ORMISTON ROAD,CHAPEL ROAD,,Serious Crash,No,2015,,East,,0,,Flat,,,,,,Bright sun,712302,0,0,0,2,,,0,,,,,,Auckland Region,Nil,2-way,Sealed,,0,1,,50,,Null,0,0,,76,Auckland,Nil,,,,,0,0,Urban,0,,,Fine,Null
1751749,5926869,589998,,510210,0,0,0,1,0,North,2015/2016,BIRKDALE ROAD,LEVESQUE ST,,Serious Crash,No,2015,0,North,0,0,0,Flat,0,,0,,0,Dark,347202,1,0,0,2,0,0,0,0,1,,0,0,Auckland Region,Nil,2-way,Sealed,0,0,1,0,50,0,On,1,0,,76,Auckland,Nil,0,0,0,0,0,0,Urban,0,0,0,Fine,Null
1753586,5928989,590043,,508411,0,,0,1,,North,2015/2016,GLENFIELD ROAD,JAMES ST,,Serious Crash,No,2015,,South,,0,,Hill Road,,,,,,Bright sun,184000,0,0,0,5,,,0,,,1,,,Auckland Region,Nil,2-way,Sealed,,0,1,,50,,Null,0,0,,76,Auckland,Unknown,,,,,0,0,Urban,0,,,Fine,Null
1738286,5929156,590184,,505602,0,,0,0,,East,2015/2016,SH 16,MATUA ROAD E,,Serious Crash,Yes,2015,,West,,0,,Hill Road,,,,,,Overcast,215000,0,0,0,2,,,0,,,,,,Auckland Region,Nil,2-way,Sealed,,0,1,,60,,Null,0,0,,76,Auckland,Unknown,,,,,2,0,Urban,0,,,Fine,Null
1753636,5928689,590215,,508412,1,,0,0,,Null,2016/2017,GLENFIELD ROAD,CAMROSE PLACE,,Serious Crash,No,2016,,North,,0,,Hill Road,,,,,,Overcast,184800,0,0,0,3,,,0,,,,,,Auckland Region,Nil,1-way,Sealed,,0,1,,50,,Null,0,0,,76,Auckland,Give way,,,,,0,0,Urban,1,,,Fine,Null
1756425,5919372,590227,,514200,0,,0,1,,Null,2015/2016,KARANGAHAPE ROAD,EDINBURGH ST,,Serious Crash,No,2015,,East,,0,,Flat,,,,,,Bright sun,411900,0,0,0,4,,,0,,,1,,,Auckland Region,Nil,2-way,Sealed,,0,1,,50,,Off,0,0,,76,Auckland,Traffic Signals,,,,,0,0,Urban,0,,,Fine,Null
1766039,5879492,590235,,521112,0,,0,2,,Null,2014/2015,DOUGLAS ROAD,POLLOCK ROAD,,Serious Crash,No,2015,,West,,0,,Flat,,,,,,Bright sun,825800,1,0,0,2,,,0,,,,,,Auckland Region,Nil,2-way,Sealed,,0,2,,100,,Off,0,0,,76,Auckland,Give way,,,,,0,0,Open,0,,,Fine,Null
1753507,5875872,590236,,526104,0,,0,1,,Null,2015/2016,QUEEN ST,VICTORIA AVENUE,,Serious Crash,No,2015,,South,,0,,Hill Road,,,,,,Bright sun,834800,0,0,1,2,,,0,,,,,,Auckland Region,Nil,2-way,Sealed,,0,1,,50,,Null,0,0,,76,Auckland,Give way,,,,,0,0,Urban,0,,,Fine,Null
1750985,5973827,590243,,506661,0,,0,1,,Null,2014/2015,MATAKANA ROAD,ANDERSON ROAD,,Serious Crash,No,2015,,North,,0,,Flat,,,,,,Overcast,139301,0,0,0,2,,,0,,,,,,Auckland Region,Nil,2-way,Sealed,,0,1,,80,,Null,0,0,,76,Auckland,Give way,,,,,0,0,Open,0,,,Heavy rain,Null
1750019,5913832,590248,,511303,0,0,0,0,0,West,2015/2016,CLARK ST,MEMORIAL DRIVE,,Serious Crash,No,2015,0,West,0,0,0,Flat,0,,0,,0,Dark,265100,0,0,0,2,0,0,0,0,0,,0,1,Auckland Region,Nil,1-way,Sealed,0,0,1,0,50,0,On,0,0,,76,Auckland,Unknown,0,0,0,0,0,0,Urban,1,0,0,Light rain,Null
1761241,5918693,590272,,516201,0,0,0,1,0,South,2014/2015,ORAKEI ROAD,KEPA ROAD,,Serious Crash,No,2015,0,South,0,0,0,Flat,0,,0,,0,Bright sun,486000,0,0,0,2,0,1,0,0,0,,0,1,Auckland Region,Nil,2-way,Sealed,0,0,2,0,50,0,Null,0,0,,76,Auckland,Unknown,0,0,0,0,0,0,Urban,0,0,0,Fine,Null
1761303,5916732,590278,,516202,0,,0,0,,Null,2014/2015,REMUERA ROAD,TAHORA AVENUE,,Serious Crash,No,2015,,West,,0,,Flat,,,,,,Bright sun,489900,0,0,1,4,,,0,,,,,,Auckland Region,Nil,2-way,Sealed,,0,1,,50,,Null,0,0,,76,Auckland,Stop,,,,,0,0,Urban,1,,,Fine,Null
1767360,5913017,590462,,522910,0,,0,2,,Null,2015/2016,REEVES ROAD,GRASSWAYS AVENUE,,Serious Crash,No,2015,,East,,0,,Hill Road,,,,,,Bright sun,686300,0,0,0,2,,,0,,,,,,Auckland Region,Nil,2-way,Sealed,,0,1,,50,,Null,0,0,,76,Auckland,Stop,,,,,1,0,Urban,0,,,Fine,Null
1753709,5914732,590463,,518801,0,0,0,3,0,Null,2015/2016,FARRELLY AVENUE,BETTS AVENUE,,Fatal Crash,No,2015,0,West,0,1,0,Hill Road,0,,0,,0,Dark,576600,1,0,0,2,0,0,0,0,2,,0,1,Auckland Region,Nil,2-way,Sealed,0,0,2,0,50,0,On,0,0,,76,Auckland,Nil,0,0,0,1,0,0,Urban,0,0,0,Fine,Null
1757480,5926740,590497,,507900,0,,0,1,,North,2015/2016,BARRYS POINT ROAD,DES SWANN DRIVE,,Serious Crash,No,2015,,North,,0,,Flat,,Christmas New Year,,,,Bright sun,304200,0,0,1,2,,,0,,,,,,Auckland Region,Nil,2-way,Sealed,,0,1,,50,,Null,0,0,,76,Auckland,Nil,,,,,0,0,Urban,0,,,Fine,Null
1766827,5913349,590525,,522910,0,,0,1,,East,2015/2016,PAKURANGA ROAD,BRAMPTON COURT,,Serious Crash,No,2015,,West,,0,,Hill Road,,,,,,Dark,684000,0,0,1,6,,,0,,,,,,Auckland Region,Nil,2-way,Sealed,,0,1,,60,,On,0,0,,76,Auckland,Nil,,,,,0,0,Urban,0,,,Fine,Null
1765280,5899814,590540,,524822,0,,0,0,,South,2015/2016,BELLVILLE DRIVE,ELOISE PLACE,,Serious Crash,No,2015,,East,,0,,Flat,,,,,,Bright sun,774436,0,0,0,2,,,0,,,1,,,Auckland Region,Nil,2-way,Sealed,,0,1,,50,,Off,0,0,,76,Auckland,Nil,,,,,0,0,Urban,1,,,Fine,Null
1737712,5928082,590546,,505602,0,0,0,1,0,West,2014/2015,ACCESS ROAD,WOOKEY LANE,,Serious Crash,No,2015,0,West,1,0,0,Hill Road,0,,0,,0,Overcast,214900,1,0,0,2,0,0,0,0,0,,0,1,Auckland Region,Nil,2-way,Sealed,0,0,1,0,80,0,Null,0,0,,76,Auckland,Unknown,0,0,0,0,0,0,Open,0,0,0,Light rain,Null
1747250,5919464,590570,,512402,0,,0,1,,Null,2014/2015,TE ATATU ROAD,BRIDGE AVENUE,,Serious Crash,No,2015,,South,,0,,Hill Road,,,,,,Twilight,253700,0,0,1,4,,,0,,,,,,Auckland Region,Nil,2-way,Sealed,,0,1,,50,,On,0,0,,76,Auckland,Give way,,,,,0,0,Urban,0,,,Fine,Null
1753627,5927596,590572,,508310,0,0,0,0,0,West,2015/2016,GLENFIELD ROAD,HIGH ROAD,,Serious Crash,No,2015,0,South,0,0,0,Hill Road,0,,0,,0,Bright sun,202101,0,0,0,3,0,0,0,0,0,,0,1,Auckland Region,Nil,2-way,Sealed,0,0,1,0,50,0,Off,0,0,,76,Auckland,Unknown,0,0,0,1,0,0,Urban,1,0,0,Fine,Null
1762914,5890918,590576,,521122,0,,0,2,,Null,2015/2016,LINWOOD ROAD,BATTY ROAD,,Serious Crash,No,2015,,North,,0,,Flat,,,,,,Dark,809900,1,0,0,2,,,0,,,,,,Auckland Region,Nil,2-way,Sealed,,0,1,,70,,On,0,0,,76,Auckland,Give way,,,,,0,0,Urban,0,,,Fine,Null
1755675,5916087,590635,,518301,0,,0,1,,Null,2015/2016,DOMINION ROAD,ROCKLANDS AVENUE,,Serious Crash,No,2015,,South,,0,,Flat,,,,,,Bright sun,553700,0,0,1,3,,,0,,,,,,Auckland Region,Nil,2-way,Sealed,,0,1,,50,,Null,0,0,,76,Auckland,Stop,,,,,0,0,Urban,0,,,Fine,Null
1749760,5914514,590702,,511303,0,0,0,1,0,South,2016/2017,RATA ST,REID ROAD,,Serious Crash,No,2016,0,South,0,0,0,Flat,0,,0,,0,Dark,266401,1,0,0,2,0,0,0,0,0,,0,0,Auckland Region,Nil,1-way,Sealed,0,0,1,0,50,0,On,0,0,,76,Auckland,Unknown,1,0,0,1,0,0,Urban,0,0,0,Fine,Null
1754285,5929213,590732,,508320,0,,0,1,,West,2016/2017,WAIRAU ROAD,KATHLEEN ST,,Serious Crash,No,2016,,West,,0,,Flat,,,,,,Twilight,196301,0,0,1,3,,,0,,,,,,Auckland Region,Nil,2-way,Sealed,,0,1,,50,,Off,1,0,,76,Auckland,Nil,,,,,0,0,Urban,0,,,Fine,Null
1766568,5913077,590755,,522920,0,,0,1,,North,2014/2015,TI RAKAU DRIVE,PALM AVENUE,,Serious Crash,No,2015,,North,,0,,Flat,,,,,,Bright sun,683900,0,0,0,6,,,0,,,1,,,Auckland Region,Nil,2-way,Sealed,,0,1,,60,,Null,0,0,,76,Auckland,Nil,,,,,0,0,Urban,0,,,Fine,Null
1756291,5920869,590761,,514102,0,,0,1,,Null,2015/2016,FANSHAWE ST,BEAUMONT ST,,Serious Crash,No,2015,,West,,0,,Flat,,,,,,Dark,432500,0,0,0,3,,,0,,,,,,Auckland Region,Nil,2-way,Sealed,,0,1,,50,,On,1,0,,76,Auckland,Traffic Signals,,,,,0,0,Urban,0,,,Fine,Null
1752059,5932435,590800,,508807,0,,0,1,,West,2015/2016,ROSEDALE ROAD,BUSH ROAD,,Serious Crash,No,2015,,South,,0,,Flat,,,,,,Overcast,180302,0,0,0,2,,,0,,,1,,,Auckland Region,Nil,2-way,Sealed,,0,1,,50,,Null,0,0,,76,Auckland,Nil,,,,,0,0,Urban,0,,,Light rain,Null
1769073,5905145,590834,,523722,0,,0,3,,Null,2015/2016,ASPIRING AVENUE,BOUNDARY ROAD,,Serious Crash,No,2015,,North,,0,,Hill Road,,,,,,Bright sun,716010,0,0,0,2,,,0,,,,,,Auckland Region,Nil,2-way,Sealed,,0,2,,50,,Off,0,0,,76,Auckland,Nil,,,,,0,0,Urban,0,,,Fine,Null
1768129,5906900,590848,,523711,0,,0,0,,West,2016/2017,RONGOMAI ROAD,WYNTON PLACE,,Fatal Crash,No,2016,,South,,1,,Flat,,,,,,Dark,714100,0,0,0,2,,,0,,,1,,,Auckland Region,Nil,2-way,Sealed,,0,0,,50,,On,0,0,,76,Auckland,Nil,,,,,0,0,Urban,1,,,Fine,Null
1756071,5938128,590860,,508900,0,,0,2,,Null,2015/2016,TE ONEROA WAY,REMUREMU ST,,Serious Crash,No,2016,,West,,0,,Hill Road,,,,,,Dark,178307,0,0,0,2,,,0,,,,,,Auckland Region,Nil,2-way,Sealed,,0,2,,50,,On,0,0,,76,Auckland,Give way,,,,,0,0,Urban,0,,,Fine,Null
1770016,5914346,590875,,522722,0,,0,1,,North,2016/2017,Z DRIVEWAY ABERFELDY AVEN,GLENSHEE PLACE,,Serious Crash,No,2016,,East,,0,,Flat,,,,,,Overcast,681325,0,0,0,0,,,0,,,1,,,Auckland Region,Nil,Off road,Sealed,,0,1,,50,,Off,0,0,,76,Auckland,Unknown,,,,,0,0,Urban,1,,,Fine,Null
1741655,5918560,590963,,513214,1,,0,0,,Null,2015/2016,CANDIA ROAD,POOKS ROAD,,Serious Crash,No,2015,,North,,0,,Hill Road,,,,,,Overcast,238401,0,0,0,2,,,0,,,,,,Auckland Region,Nil,2-way,Sealed,,0,1,,50,,Off,1,0,,76,Auckland,Give way,,,,,0,0,Urban,0,,,Fine,Null
1756781,5919133,591005,,514200,0,,0,2,,West,2016/2017,IAN MCKINNON DRIVE,UPPER QUEEN ST,,Serious Crash,No,2016,,East,,0,,Hill Road,,,,,,Dark,412900,2,0,0,4,,,0,,,,,,Auckland Region,Nil,2-way,Sealed,,0,3,,60,,On,0,0,,76,Auckland,Unknown,,,,,0,0,Urban,0,,,Fine,Null
1747381,5910957,591044,,511901,0,0,0,1,0,North,2014/2015,ATKINSON ROAD,TITIRANGI ROAD,,Serious Crash,No,2015,0,South,0,0,0,Hill Road,0,,0,,0,Overcast,295002,0,0,0,2,0,1,0,0,0,,0,0,Auckland Region,Nil,2-way,Sealed,0,0,1,0,50,0,Null,0,0,,76,Auckland,Unknown,0,0,0,1,0,0,Urban,0,0,0,Light rain,Null
1758714,5880330,591150,,521152,0,0,0,1,1,East,2016/2017,GLENBROOK STATION ROAD,FARM PARK ROAD,,Serious Crash,No,2016,0,East,0,0,0,Flat,0,,0,,0,Overcast,832800,0,0,0,2,0,0,0,0,0,,0,0,Auckland Region,Nil,2-way,Sealed,0,0,1,0,100,0,Null,0,0,,76,Auckland,Unknown,0,0,0,0,0,0,Open,0,0,0,Fine,Null
1756359,5924466,591190,,509702,0,0,0,3,0,South,2016/2017,SH 1N,OLD ONEWA OBR,,Serious Crash,Yes,2016,0,North,0,0,0,Flat,1,,0,,0,Overcast,366700,0,0,0,4,0,0,0,0,0,,0,0,Auckland Region,Nil,1-way,Sealed,0,0,1,0,80,0,Off,0,0,,76,Auckland,Unknown,0,0,0,0,0,0,Open,0,0,0,Light rain,Null
1767523,5904804,591263,,524604,0,,0,1,,South,2016/2017,GREAT SOUTH ROAD,CAVENDISH DRIVE,,Serious Crash,No,2016,,South,,0,,Flat,,,,,,Dark,780209,1,0,0,4,,,0,,,,,,Auckland Region,Nil,2-way,Sealed,,0,1,,50,,On,1,0,,76,Auckland,Traffic Signals,,,,,0,0,Urban,0,,,Fine,Null
1733416,5954052,591451,,506614,0,0,0,1,1,West,2016/2017,MAKARAU ROAD,BURNSIDE ROAD,,Serious Crash,No,2016,0,North,0,0,1,Flat,0,,0,,0,Dark,212300,0,0,0,2,0,0,0,0,0,,0,0,Auckland Region,Nil,2-way,Sealed,0,0,1,0,100,0,None,0,0,,76,Auckland,Unknown,0,0,0,0,0,0,Open,0,0,0,Fine,Null
1757848,5920074,591475,,514103,0,,0,0,,South,2015/2016,GRAFTON ROAD,SYMONDS ST,,Serious Crash,No,2015,,South,,0,,Flat,,,,,,Bright sun,437400,0,0,1,1,,,0,,,1,,,Auckland Region,Nil,2-way,Sealed,,0,1,,50,,Null,0,0,,76,Auckland,Unknown,,,,,0,0,Urban,0,,,Fine,Null
1771216,5911547,591483,,523110,0,,0,0,,South,2015/2016,KILKENNY DRIVE,ANNALONG ROAD,,Serious Crash,No,2015,,North,,0,,Hill Road,,,,,,Bright sun,3206003,1,0,0,2,,,0,,,1,,,Auckland Region,Nil,2-way,Sealed,,0,1,,50,,Off,1,0,,76,Auckland,Nil,,,,,0,0,Urban,0,,,Fine,Null
1764331,5909462,591617,,521802,0,,0,1,,North,2015/2016,GREAT SOUTH ROAD,FORT RICHARD ROAD,,Serious Crash,No,2015,,North,,0,,Flat,,,,,,Bright sun,788601,0,0,0,4,,,0,,,1,,,Auckland Region,Nil,2-way,Sealed,,0,1,,50,,Null,0,0,,76,Auckland,Nil,,,,,0,0,Urban,0,,,Fine,Null
1754618,5936496,591777,,506902,0,,0,0,,West,2016/2017,GLAMORGAN DRIVE,CRANSTON ST,,Serious Crash,No,2016,,East,,0,,Flat,,,,,,Dark,165806,0,0,1,2,,,0,,,,,,Auckland Region,Nil,2-way,Sealed,,0,1,,50,,On,1,0,,76,Auckland,Unknown,,,,,0,0,Urban,0,,,Fine,Null
1766218,5916498,591788,,517100,1,,0,1,,Null,2015/2016,POINT ENGLAND ROAD,ERIMA AVENUE,,Serious Crash,No,2016,,North,,0,,Flat,,,,,,Bright sun,478900,0,0,0,2,,,0,,,,,,Auckland Region,Nil,2-way,Sealed,,0,1,,50,,Null,0,0,,76,Auckland,Give way,,,,,0,0,Urban,0,,,Fine,Null
1768044,5907335,591859,,523711,0,,0,1,,South,2016/2017,PRESTON ROAD,FISHER CRESCENT,,Serious Crash,No,2016,,South,,0,,Flat,,,,,,Bright sun,714000,0,0,0,2,,,0,,,1,,,Auckland Region,Nil,2-way,Sealed,,0,1,,50,,Null,0,0,,76,Auckland,Unknown,,,,,0,0,Urban,0,,,Fine,Null
1758329,5918379,591907,,517400,0,,1,0,,Null,2016/2017,KHYBER PASS ROAD,KINGDON ST,,Serious Crash,No,2016,,East,,0,,Flat,,,,,,Dark,451000,0,0,0,4,,,0,,,,,,Auckland Region,Nil,2-way,Sealed,,0,2,,50,,On,0,0,,76,Auckland,Stop,,,,,0,0,Urban,1,,,Fine,Null
1751610,5937789,592074,,506300,0,0,0,1,0,South,2015/2016,WRIGHT ROAD,AWANOHI ROAD,,Serious Crash,No,2016,0,South,0,0,0,Flat,0,,0,,0,Dark,176101,0,0,0,2,0,0,0,0,0,,0,1,Auckland Region,Nil,2-way,Sealed,0,0,1,0,50,0,None,0,0,,76,Auckland,Unknown,0,0,0,0,0,0,Urban,0,0,0,Fine,Null
1760192,5922243,592107,,509400,0,0,0,0,0,West,2016/2017,QUEENS PARADE,MARINE SQUARE,,Serious Crash,No,2016,0,East,0,0,0,Flat,0,,1,,0,Dark,331200,0,0,0,2,0,0,0,0,0,,0,1,Auckland Region,Nil,2-way,Sealed,0,0,1,0,50,0,On,2,0,,76,Auckland,Unknown,0,0,0,0,0,0,Urban,0,0,0,Fine,Null
1758887,5912304,592164,,519820,0,0,0,5,0,West,2015/2016,Z CARPARK,GERARD BEESON PLACE N,,Serious Crash,No,2016,0,South,0,0,1,Flat,0,,0,,0,Bright sun,600800,0,0,0,0,0,0,0,0,1,,0,0,Auckland Region,Nil,Off road,Sealed,0,0,1,0,50,0,Null,0,0,,76,Auckland,Nil,0,0,0,0,0,0,Urban,1,0,0,Fine,Null
1767360,5913017,592194,,522910,0,,0,1,,Null,2016/2017,REEVES ROAD,GRASSWAYS AVENUE,,Fatal Crash,No,2016,,East,,1,,Hill Road,,,,,,Dark,686300,0,0,1,2,,,0,,,,,,Auckland Region,Nil,2-way,Sealed,,0,0,,50,,On,0,0,,76,Auckland,Stop,,,,,0,0,Urban,0,,,Fine,Null
1770870,5881948,592369,,521111,0,0,0,0,0,East,2016/2017,ANSELMI RIDGE ROAD,STOCKYARD CRESCENT E,,Serious Crash,No,2016,0,North,0,0,0,Hill Road,0,,0,,0,Bright sun,826907,0,0,0,2,0,0,0,0,1,,0,0,Auckland Region,Nil,2-way,Sealed,0,0,1,0,50,0,Null,0,0,,76,Auckland,Unknown,0,0,0,0,0,0,Urban,2,0,0,Fine,Null
1765937,5898981,592499,,524812,0,,0,0,,Null,2015/2016,WEYMOUTH ROAD,ETHERTON DRIVE,,Serious Crash,No,2016,,West,,0,,Flat,,,,,,Dark,774001,0,0,0,2,,,0,,,1,,,Auckland Region,Nil,2-way,Sealed,,0,1,,50,,On,0,0,,76,Auckland,Give way,,,,,1,0,Urban,0,,,Heavy rain,Null
1763444,5912812,592503,,520500,0,,0,0,,East,2015/2016,SOUTH-EASTERN HIGHWAY,SH1 OBR,,Serious Crash,No,2016,,West,,0,,Flat,,,,,,Overcast,637400,0,0,1,2,,,0,,,,,,Auckland Region,Nil,1-way,Sealed,,0,1,,80,,Off,0,0,,76,Auckland,Unknown,,,,,0,0,Open,1,,,Fine,Null
1741350,5893720,592519,,521151,0,0,0,0,0,East,2016/2017,AWHITU CENTRAL ROAD,KEMP ROAD,,Serious Crash,No,2016,0,East,1,0,0,Hill Road,0,,0,,0,Overcast,829500,0,0,0,2,0,0,0,0,0,,0,0,Auckland Region,Nil,2-way,Sealed,0,0,1,0,100,0,Null,0,0,,76,Auckland,Unknown,0,0,0,0,0,0,Open,1,0,0,Light rain,Null
1756732,5930424,592550,,507710,0,,0,0,,North,2016/2017,EAST COAST ROAD,KENMURE AVENUE,,Serious Crash,No,2016,,South,,0,,Flat,,,,,,Bright sun,314002,0,0,1,1,,,0,,,,,,Auckland Region,Nil,2-way,Sealed,,0,1,,50,,Null,0,0,,76,Auckland,Unknown,,,,,0,0,Urban,0,,,Fine,Null
1762779,5916931,592567,,516302,0,,0,1,,Null,2015/2016,GRAND DRIVE,MCFARLAND ST,,Serious Crash,No,2015,,West,,0,,Flat,,,,,,Dark,463007,0,0,0,1,,,0,,,1,,,Auckland Region,Nil,2-way,Sealed,,0,1,,50,,On,0,0,,76,Auckland,Give way,,,,,0,0,Urban,0,,,Fine,Null
1745959,5973721,592697,,506661,0,0,0,2,0,Null,2016/2017,SH 1N,L PHILLIPS ROAD,,Serious Crash,Yes,2016,0,North,0,0,0,Flat,1,,0,,0,Bright sun,139000,1,0,0,2,0,0,0,0,0,,0,0,Auckland Region,Nil,2-way,Sealed,0,0,1,0,80,0,Null,0,0,,76,Auckland,Give way,0,0,0,0,0,0,Open,0,0,0,Fine,Null
1762826,5915503,592715,,520302,0,,0,1,,East,2016/2017,MARUA ROAD,DRYDEN PLACE,,Serious Crash,No,2016,,East,,0,,Flat,,,,,,Twilight,625000,0,0,1,2,,,0,,,,,,Auckland Region,Nil,2-way,Sealed,,0,1,,50,,On,0,0,,76,Auckland,Unknown,,,,,0,0,Urban,0,,,Fine,Null
1754655,5929658,592785,,508420,0,,0,0,,West,2015/2016,ELLICE ROAD,TARGET ROAD,,Serious Crash,No,2016,,East,,0,,Flat,,,,,,Bright sun,182603,0,0,1,2,,,0,,,,,,Auckland Region,Nil,2-way,Sealed,,0,1,,50,,Null,0,0,,76,Auckland,Nil,,,,,1,0,Urban,0,,,Fine,Null
1756977,5913710,592913,,518702,0,,0,2,,South,2015/2016,HILLSBOROUGH ROAD,MOUNT ALBERT ROAD,,Serious Crash,No,2015,,North,,0,,Flat,,,,,,Bright sun,567401,1,0,1,2,,,0,,,,,,Auckland Region,Nil,2-way,Sealed,,0,1,,50,,Null,0,0,,76,Auckland,Unknown,,,,,0,0,Urban,0,,,Fine,Null
1753043,5916472,592948,,517800,1,,0,1,,Null,2015/2016,MOUNT ALBERT ROAD,ALLENDALE ROAD,,Serious Crash,No,2015,,North,,0,,Flat,,,,,,Bright sun,527800,0,0,0,,,,0,,,,,,Auckland Region,Nil,Null,Sealed,,0,1,,30,,Null,0,0,,76,Auckland,Give way,,,,,0,0,Urban,0,,,Fine,Null
1748984,5935924,592988,,506300,0,0,0,3,1,Null,2016/2017,DAIRY FLAT HIGHWAY,COATESVILLE-RIVERHEAD HIG,,Serious Crash,No,2017,0,North,0,0,0,Flat,1,,0,,0,Dark,176003,1,0,0,2,0,0,0,0,0,,0,0,Auckland Region,Nil,2-way,Sealed,0,0,1,0,80,0,On,0,0,,76,Auckland,Give way,0,0,0,0,0,0,Open,0,0,0,Light rain,Null
1759847,5907662,593091,,524121,0,,0,0,,East,2016/2017,COMET CRESCENT,BADER DRIVE,,Serious Crash,No,2016,,East,,0,,Flat,,,,,,Bright sun,737600,0,0,0,1,,,0,,,1,,,Auckland Region,Nil,2-way,Sealed,,0,1,,50,,Null,1,0,,76,Auckland,Nil,,,,,0,0,Urban,0,,,Fine,Null
1747672,5914551,593113,,511100,0,,0,1,,West,2015/2016,GREAT NORTH ROAD,PALM COURT DRIVE,,Serious Crash,No,2016,,West,,0,,Flat,,,,,,Bright sun,285202,0,0,1,4,,,0,,,,,,Auckland Region,Nil,2-way,Sealed,,0,1,,50,,Null,0,0,,76,Auckland,Nil,,,,,0,0,Urban,0,,,Null,Null
1721018,5951323,593123,,506642,0,,0,0,,East,2015/2016,SHELLY BEACH ROAD,SOUTH HEAD ROAD,,Serious Crash,No,2016,,East,,0,,Flat,,,,,,Bright sun,210201,0,0,1,2,,,0,,,,,,Auckland Region,Nil,2-way,Sealed,,0,1,,100,,Null,0,0,,76,Auckland,Unknown,,,,,0,0,Open,0,,,Fine,Null
1758176,5915889,593127,,519300,0,,0,1,,South,2015/2016,MANUKAU ROAD,CAMPBELL CRESCENT S,,Serious Crash,No,2016,,South,,0,,Flat,,,,,,Bright sun,622900,0,0,1,4,,,0,,,,,,Auckland Region,Nil,2-way,Sealed,,0,1,,50,,Null,0,0,,76,Auckland,Unknown,,,,,0,0,Urban,0,,,Fine,Null
1760460,5908924,593128,,524403,0,,0,2,,Null,2016/2017,FAVONA ROAD,ROBERTSON ROAD,,Serious Crash,No,2016,,West,,0,,Flat,,,,,,Twilight,729901,0,0,0,3,,,0,,,,,,Auckland Region,Nil,2-way,Sealed,,0,2,,60,,On,0,0,,76,Auckland,Traffic Signals,,,,,0,0,Urban,0,,,Fine,Null
1767753,5906159,593184,,523711,0,,0,2,,Null,2015/2016,PRESTON ROAD,FLAT BUSH ROAD,,Serious Crash,No,2016,,North,,0,,Flat,,,,,,Dark,715000,3,0,0,2,,,0,,,,,,Auckland Region,Nil,2-way,Sealed,,0,1,,50,,On,0,0,,76,Auckland,Traffic Signals,,,,,0,0,Urban,0,,,Fine,Null
1739586,5928652,593205,,505602,0,0,0,1,0,Null,2016/2017,SH 16,RIVERHEAD ROAD,,Serious Crash,Yes,2017,0,East,0,0,0,Flat,0,,0,,0,Bright sun,214104,0,0,0,2,0,0,0,0,0,,0,0,Auckland Region,Nil,2-way,Sealed,0,0,1,0,60,0,Null,0,0,,76,Auckland,Give way,0,1,0,0,0,0,Urban,1,0,0,Fine,Strong wind
1764507,5904467,593241,,522100,1,,0,0,,Null,2016/2017,PUHINUI ROAD,NOEL BURNSIDE ROAD,,Serious Crash,No,2016,,West,,0,,Flat,,,,,,Bright sun,659200,0,0,0,2,,,0,,,,,,Auckland Region,Nil,2-way,Sealed,,0,1,,50,,Null,1,0,,76,Auckland,Give way,,,,,0,0,Urban,0,,,Fine,Null
1754045,5931450,593258,,508805,0,,0,0,,North,2016/2017,SH 1N,CONSTELLATION UNDERPASS,,Serious Crash,Yes,2016,,South,,0,,Hill Road,,,,,,Dark,180813,1,0,0,2,,,0,,,,,,Auckland Region,Nil,1-way,Sealed,,0,1,,100,,On,0,0,,76,Auckland,Unknown,,,,,2,0,Open,0,,,Fine,Null
1772593,5910794,593263,,523202,0,,0,1,,North,2016/2017,WHITFORD ROAD,BROOMFIELDS ROAD,,Serious Crash,No,2016,,South,,0,,Hill Road,,,,,,Bright sun,717501,0,0,1,2,,,0,,,,,,Auckland Region,Nil,2-way,Sealed,,0,1,,80,,Null,0,0,,76,Auckland,Unknown,,,,,0,0,Open,0,,,Fine,Null