X,Y,OBJECTID,advisorySpeed,areaUnitID,bicycle,bridge,bus,carStationWagon,cliffBank,crashDirectionDescription,crashFinancialYear,crashLocation1,crashLocation2,crashRoadSideRoad,crashSeverity,crashSHDescription,crashYear,debris,directionRoleDescription,ditch,fatalCount,fence,flatHill,guardRail,holiday,houseOrBuilding,intersection,kerb,light,meshblockId,minorInjuryCount,moped,motorcycle,NumberOfLanes,objectThrownOrDropped,otherObject,otherVehicleType,overBank,parkedVehicle,pedestrian,phoneBoxEtc,postOrPole,region,roadCharacter,roadLane,roadSurface,roadworks,schoolBus,seriousInjuryCount,slipOrFlood,speedLimit,strayAnimal,streetLight,suv,taxi,temporarySpeedLimit,tlaId,tlaName,trafficControl,trafficIsland,trafficSign,train,tree,truck,unknownVehicleType,urban,vanOrUtility,vehicle,waterRiver,weatherA,weatherB
1756486,5918371,593336,,515600,1,,0,1,,Null,2015/2016,NEW NORTH ROAD,PORTERS AVENUE,,Serious Crash,No,2016,,West,,0,,Hill Road,,,,,,Dark,419703,0,0,0,3,,,0,,,,,,Auckland Region,Nil,2-way,Sealed,,0,1,,50,,On,0,0,,76,Auckland,Stop,,,,,0,0,Urban,0,,,Heavy rain,Null
1755330,5934033,593360,,507200,0,0,0,0,0,South,2014/2015,BROWNS BAY ROAD,BEACH ROAD S,,Serious Crash,No,2015,0,South,0,0,0,Hill Road,1,,0,,0,Overcast,156601,0,0,1,2,0,0,0,0,0,,0,0,Auckland Region,Nil,2-way,Sealed,0,0,1,0,50,0,Null,0,0,,76,Auckland,Nil,0,0,0,0,0,0,Urban,0,0,0,Light rain,Null
1769079,5900606,593447,,525002,0,,0,1,,Null,2016/2017,MCANNALLEY ST,GREAT SOUTH ROAD,,Serious Crash,No,2017,,South,,0,,Flat,,,,,,Bright sun,753202,0,1,0,2,,,0,,,,,,Auckland Region,Nil,2-way,Sealed,,0,1,,50,,Null,0,0,,76,Auckland,Stop,,,,,0,0,Urban,0,,,Fine,Null
1765031,5915438,593479,,520301,0,,0,2,,North,2015/2016,MORRIN ROAD,FRASER ROAD,,Serious Crash,No,2015,,North,,0,,Flat,,,,,,Overcast,627800,0,0,0,4,,,0,,,,,,Auckland Region,Nil,2-way,Sealed,,0,1,,50,,Off,0,0,,76,Auckland,Nil,,,,,0,0,Urban,0,,,Light rain,Null
1752420,5917736,593503,,515003,0,,0,1,,Null,2015/2016,CARRINGTON ROAD,CARRINGTON TECH GT1,,Serious Crash,No,2015,,North,,0,,Flat,,,,,,Overcast,391602,0,0,1,2,,,0,,,,,,Auckland Region,Nil,2-way,Sealed,,0,1,,50,,Off,0,0,,76,Auckland,Stop,,,,,0,0,Urban,0,,,Fine,Null
1777961,5901587,593546,,525201,2,,0,1,,West,2016/2017,CLEVEDON-TAKANINI ROAD,PARISH LINE ROAD,,Serious Crash,No,2017,,East,,0,,Flat,,,,,,Overcast,762302,0,0,0,2,,,0,,,,,,Auckland Region,Nil,2-way,Sealed,,0,2,,100,,Null,0,0,,76,Auckland,Unknown,,,,,0,0,Open,0,,,Fine,Null
1772453,5906854,593575,,523713,0,0,0,2,0,North,2016/2017,ORMISTON ROAD,SHEPHERDS LANE,,Serious Crash,No,2017,0,South,1,0,1,Hill Road,0,,0,,1,Dark,712600,0,0,0,2,0,0,0,1,1,,0,0,Auckland Region,Nil,2-way,Sealed,0,0,1,0,60,0,On,0,0,,76,Auckland,Unknown,0,0,0,0,0,0,Urban,0,0,0,Fine,Null
1743912,5924052,593636,,513410,0,0,0,1,0,North,2015/2016,HOBSONVILLE ON NBD,FRED TAYLOR DRIVE,,Serious Crash,Yes,2016,0,South,0,0,0,Hill Road,1,,0,,0,Overcast,224000,0,0,0,2,0,0,0,0,0,,0,0,Auckland Region,Motorway ramp,1-way,Sealed,0,0,1,0,100,0,Null,0,0,,76,Auckland,Unknown,0,0,0,0,0,0,Open,0,0,0,Fine,Null
1749179,5942631,593649,,506003,0,,0,2,,Null,2015/2016,EAST COAST ROAD,WILKS ROAD,,Serious Crash,No,2016,,South,,0,,Flat,,,,,,Overcast,175814,0,0,0,2,,,0,,,,,,Auckland Region,Nil,2-way,Sealed,,0,1,,100,,Null,0,0,,76,Auckland,Stop,,,,,0,0,Open,0,,,Fine,Null
1740743,5924853,593759,,513701,0,,0,1,,North,2016/2017,NIXON ROAD,HENWOOD ROAD,,Serious Crash,No,2016,,North,,0,,Flat,,,,,,Overcast,229400,0,0,1,2,,,0,,,,,,Auckland Region,Nil,2-way,Sealed,,0,1,,80,,None,0,0,50,76,Auckland,Unknown,,,,,0,0,Open,0,,,Light rain,Null
1767008,5902977,593841,,524602,0,0,0,0,0,South,2016/2017,Z HILIFT WORK YARD,EARL RICHARDSON AVENUE,,Serious Crash,No,2017,0,North,0,0,0,Flat,0,,0,,0,Overcast,780404,0,0,0,0,0,0,0,0,1,1,0,0,Auckland Region,Nil,Off road,Unsealed,0,0,1,0,10,0,Null,0,0,,76,Auckland,Unknown,0,0,0,0,2,0,Urban,0,0,0,Fine,Null
1746618,5983154,593929,,506660,0,,0,1,,South,2015/2016,WHANGARIPO VALLEY ROAD,MILLETT ROAD S,,Serious Crash,No,2016,,North,,0,,Flat,,,,,,Dark,136201,0,0,0,2,,,0,,,,,,Auckland Region,Nil,2-way,Sealed,,0,3,,100,,None,1,0,,76,Auckland,Unknown,,,,,0,0,Open,0,,,Heavy rain,Null
1756973,5920295,594004,,514102,0,,0,1,,Null,2016/2017,HOBSON ST,PACIFIC PLACE,,Fatal Crash,No,2017,,South,,1,,Flat,,,,,,Bright sun,434200,0,0,0,4,,,0,,,1,,,Auckland Region,Nil,1-way,Sealed,,0,0,,50,,Null,0,0,,76,Auckland,Nil,,,,,0,0,Urban,0,,,Fine,Null
1737464,5920609,594059,,513702,0,0,0,1,0,North,2017/2018,Z DRIVEWAY WAITAKERE ROAD,BETHELLS ROAD,,Serious Crash,No,2017,0,South,0,0,1,Flat,0,,0,,0,Overcast,237206,0,0,0,0,0,0,0,0,0,1,0,0,Auckland Region,Nil,Off road,Sealed,0,0,1,0,50,0,Null,0,0,,76,Auckland,Nil,0,0,0,0,0,0,Urban,0,0,0,Light rain,Null
1767656,5900309,594065,,525101,0,0,0,1,0,Null,2016/2017,WEYMOUTH ROAD,WORDSWORTH ROAD,,Serious Crash,No,2017,0,East,0,0,0,Flat,0,,0,,0,Dark,771800,0,0,0,2,0,0,0,0,0,,0,1,Auckland Region,Nil,2-way,Sealed,0,0,1,0,50,0,On,0,0,,76,Auckland,Give way,1,0,0,0,0,0,Urban,0,0,0,Fine,Null
1740050,5928330,594111,,505604,0,0,0,1,0,South,2016/2017,SH 16,OLD RAILWAY ROAD,,Serious Crash,Yes,2017,0,South,0,0,1,Flat,0,,0,,0,Dark,214604,0,0,0,2,0,0,0,0,0,,0,0,Auckland Region,Nil,2-way,Sealed,0,0,1,0,80,0,On,0,0,,76,Auckland,Unknown,0,0,0,0,0,0,Open,0,0,0,Fine,Null
1728602,5964791,594138,,506613,0,,0,0,,North,2016/2017,SH 16,OMAUMAU BR,,Serious Crash,Yes,2017,,South,,0,,Flat,,,,,,Bright sun,146200,0,0,1,1,,,0,,,,,,Auckland Region,Nil,2-way,Sealed,,0,1,,100,,Null,0,0,,76,Auckland,Unknown,,,,,0,0,Open,0,,,Fine,Null
1752873,5976832,594196,,506661,0,,0,0,,South,2017/2018,MATAKANA VALLEY ROAD,WARD ROAD,,Serious Crash,No,2018,,North,,0,,Flat,,,,,,Dark,138201,0,0,0,2,,,0,,,,,,Auckland Region,Nil,2-way,Sealed,,0,2,,100,,None,0,0,,76,Auckland,Unknown,,,,,0,0,Open,1,,,Light rain,Null
1752577,5912403,594504,,518902,0,,0,1,,East,2017/2018,WHITE SWAN ROAD,LYNBROOKE AVENUE,,Serious Crash,No,2018,,West,,0,,Flat,,,,,,Overcast,586901,0,0,0,2,,,0,,,1,,,Auckland Region,Nil,2-way,Sealed,,0,1,,50,,Null,0,0,,76,Auckland,Give way,,,,,0,0,Urban,0,,,Fine,Null
1773133,5891535,594518,,521301,0,,0,1,,Null,2017/2018,SH 22,FIRTH ST,,Serious Crash,Yes,2018,,North,,0,,Flat,,,,,,Bright sun,808701,0,0,1,1,,,0,,,,,,Auckland Region,Nil,2-way,Sealed,,0,1,,70,,Null,0,0,,76,Auckland,Stop,,,,,0,0,Urban,0,,,Fine,Null
1738933,5944375,594533,,506646,0,0,0,0,0,East,2017/2018,KAHIKATEA FLAT ROAD,WAITOKI ROAD,,Serious Crash,No,2018,0,North,1,0,0,Flat,0,Easter,0,,0,Bright sun,213100,0,0,1,1,0,0,0,0,0,,0,0,Auckland Region,Nil,2-way,Sealed,0,0,1,0,50,0,Null,0,0,,76,Auckland,Unknown,0,0,0,0,1,0,Urban,0,0,0,Fine,Null
1769894,5900943,594568,,524902,0,,0,2,,South,2017/2018,SH 1N,ALFRISTON OBR,,Serious Crash,Yes,2017,,North,,0,,Hill Road,,,,,,Dark,757700,2,0,0,3,,,0,,,,,,Auckland Region,Nil,1-way,Sealed,,0,1,,100,,On,0,0,80,76,Auckland,Unknown,,,,,0,0,Open,0,,,Fine,Null
1752254,5914900,594686,,514500,0,0,0,2,0,East,2017/2018,METHUEN ROAD,BOLLARD AVENUE,,Serious Crash,No,2017,0,North,0,0,0,Hill Road,0,,0,,0,Overcast,377500,0,0,0,2,0,0,0,0,1,,0,0,Auckland Region,Nil,1-way,Sealed,0,0,1,0,50,0,None,0,0,,76,Auckland,Unknown,0,0,0,0,0,0,Urban,0,0,0,Fine,Null
1763124,5920458,594768,,516500,0,,0,1,,Null,2016/2017,ATKIN AVENUE,TAMAKI DRIVE,,Serious Crash,No,2017,,South,,0,,Flat,,,,,,Dark,500600,0,0,0,2,,,0,,,1,,,Auckland Region,Nil,2-way,Sealed,,0,1,,50,,On,0,0,,76,Auckland,Give way,,,,,0,0,Urban,0,,,Fine,Null
1757822,5918965,594802,,515902,0,,0,1,,Null,2017/2018,PARK ROAD,DOMAIN DRIVE NORTH,,Serious Crash,No,2017,,South,,0,,Flat,,,,,,Bright sun,451400,0,1,0,4,,,0,,,,,,Auckland Region,Nil,2-way,Sealed,,0,1,,50,,Null,0,0,,76,Auckland,Nil,,,,,0,0,Urban,0,,,Fine,Null
1762726,5914947,594885,,520302,0,,0,1,,East,2016/2017,ELLERSLIE-PANMURE HIGHWAY,HARRISON ROAD,,Serious Crash,No,2017,,West,,0,,Hill Road,,Queens Birthday,,,,Bright sun,625104,0,0,0,4,,,0,,,1,,,Auckland Region,Nil,2-way,Sealed,,0,1,,50,,Null,0,0,,76,Auckland,Unknown,,,,,0,0,Urban,0,,,Fine,Null
1756945,5916415,594892,,518202,0,,0,0,,Null,2016/2017,MOUNT EDEN ROAD,FAIRVIEW ROAD,,Serious Crash,No,2017,,North,,0,,Hill Road,,,,,,Bright sun,550400,0,1,0,2,,,0,,,,,,Auckland Region,Nil,2-way,Sealed,,0,1,,50,,Null,0,0,,76,Auckland,Stop,,,,,1,0,Urban,0,,,Fine,Null
1746485,5934492,594894,,506653,0,0,0,0,0,North,2017/2018,GLENMORE ROAD,COATESVILLE HEIGHTS,,Serious Crash,No,2017,0,South,1,0,0,Hill Road,0,,0,,0,Overcast,217400,0,0,1,2,0,0,0,0,0,,0,0,Auckland Region,Nil,2-way,Sealed,0,0,1,0,70,0,Null,0,0,,76,Auckland,Unknown,0,0,0,0,0,0,Urban,0,0,0,Fine,Null
1740821,5918861,594976,,513101,0,,0,1,,Null,2016/2017,SWANSON ROAD,CHURCH STREET,,Serious Crash,No,2017,,West,,0,,Flat,,,,,,Bright sun,237901,0,0,1,2,,,0,,,,,,Auckland Region,Nil,2-way,Sealed,,0,2,,50,,Null,0,0,,76,Auckland,Give way,,,,,0,0,Urban,0,,,Fine,Null
1766460,5900051,595019,,524713,0,,0,1,,West,2018/2019,TAMWORTH CLOSE,JOHN WALKER DRIVE,,Serious Crash,No,2018,,East,,0,,Flat,,,,,,Overcast,775822,0,0,0,2,,,0,,,1,,,Auckland Region,Nil,2-way,Sealed,,0,1,,40,,Null,0,0,,76,Auckland,Unknown,,,,,0,0,Urban,0,,,Light rain,Null
1753034,5917250,595076,35,517800,0,0,0,1,0,Null,2017/2018,MONAGHAN AVENUE,GUARDWELL TERRACE,,Serious Crash,No,2017,0,West,0,0,0,Hill Road,0,,0,,0,Bright sun,525300,1,0,0,2,0,0,0,0,0,,0,1,Auckland Region,Nil,2-way,Sealed,0,0,1,0,50,0,Null,0,0,,76,Auckland,Nil,0,0,0,0,0,0,Urban,0,0,0,Fine,Null
1742453,5925086,595098,,513410,0,,0,0,,South,2017/2018,FRED TAYLOR DRIVE,NORTHSIDE DRIVE,,Serious Crash,No,2017,,South,,0,,Flat,,,,,,Bright sun,224000,0,0,0,2,,,0,,,,,,Auckland Region,Nil,2-way,Sealed,,0,1,,80,,Null,0,0,,76,Auckland,Nil,,,,,2,0,Open,0,,,Fine,Null
1765032,5920174,595100,,516602,1,0,0,1,0,North,2017/2018,TAMAKI DRIVE,LONG DRIVE,,Serious Crash,No,2017,0,East,0,0,0,Flat,0,Labour Weekend,0,,0,Overcast,504500,0,0,0,2,0,0,0,0,1,,0,0,Auckland Region,Nil,2-way,Sealed,0,0,1,0,50,0,Null,0,0,,76,Auckland,Unknown,0,0,0,0,0,0,Urban,0,0,0,Fine,Null
1768326,5901981,595140,,525001,0,,0,0,,North,2017/2018,GREAT SOUTH ROAD,GRANDE VUE ROAD,,Serious Crash,No,2017,,South,,0,,Flat,,,,,,Dark,750800,0,0,1,2,,,0,,,,,,Auckland Region,Nil,2-way,Sealed,,0,1,,50,,On,0,0,,76,Auckland,Unknown,,,,,0,0,Urban,0,,,Fine,Strong wind
1745956,5920058,595147,,513301,0,,0,1,,North,2016/2017,CENTRAL PARK DRIVE,PARAMOUNT DRIVE,,Serious Crash,No,2017,,South,,0,,Flat,,,,,,Bright sun,230401,0,0,1,2,,,0,,,,,,Auckland Region,Nil,2-way,Sealed,,0,1,,50,,Null,0,0,,76,Auckland,Nil,,,,,0,0,Urban,0,,,Fine,Null
1742693,5917136,595185,,513220,0,0,0,1,0,East,2017/2018,LAKE PANORAMA DRIVE,MURRAY BECROFT AVENUE,,Serious Crash,No,2017,0,East,0,0,0,Hill Road,0,,0,,0,Overcast,237000,0,0,0,2,0,0,0,0,0,,0,0,Auckland Region,Nil,2-way,Sealed,0,0,1,0,50,0,Null,0,0,,76,Auckland,Unknown,0,0,0,1,0,0,Urban,0,0,0,Light rain,Null
1754565,5923926,595269,,510500,0,0,0,1,0,Null,2016/2017,BRASSEY ROAD,HINEMOA ST,,Serious Crash,No,2017,0,South,0,0,1,Flat,0,,0,,0,Dark,356900,0,0,0,2,0,0,0,0,1,,0,0,Auckland Region,Nil,2-way,Sealed,0,0,1,0,50,0,On,0,0,,76,Auckland,Nil,0,0,0,0,0,0,Urban,1,0,0,Fine,Null
1758730,5920560,595358,,514101,0,,0,1,,East,2017/2018,Z ACCESSWAY,MAHUHU CRESCENT,,Serious Crash,No,2017,,West,,0,,Flat,,,,,,Bright sun,438214,0,0,0,,,,0,,,,,,Auckland Region,Nil,Off road,Sealed,,0,2,,50,,Null,0,0,,76,Auckland,Unknown,,,,,1,0,Urban,0,,,Fine,Null
1751896,5930474,595364,,509100,0,,0,1,,South,2016/2017,ALBANY HIGHWAY OFF EBD,ALBANY HIGHWAY,,Serious Crash,Yes,2017,,North,,0,,Hill Road,,,,,,Twilight,181003,0,0,1,2,,,0,,,,,,Auckland Region,Motorway ramp,1-way,Sealed,,0,1,,70,,On,0,0,,76,Auckland,Unknown,,,,,0,0,Urban,0,,,Fine,Null
1768439,5909778,595412,,523112,0,,0,1,,East,2016/2017,ALLENS ROAD,ZELANIAN DRIVE,,Serious Crash,No,2017,,East,,0,,Flat,,,,,,Overcast,711500,0,0,1,2,,,0,,,,,,Auckland Region,Nil,2-way,Sealed,,0,1,,50,,Null,0,0,,76,Auckland,Nil,,,,,0,0,Urban,0,,,Fine,Null
1752550,5954204,595439,55,505803,0,,0,0,,South,2016/2017,HIBISCUS COAST HIGHWAY,WAIWERA OBR,,Fatal Crash,No,2017,,South,,1,,Hill Road,,,,,,Bright sun,170603,0,0,2,2,,,0,,,,,,Auckland Region,Nil,2-way,Sealed,,0,0,,80,,Null,1,0,,76,Auckland,Unknown,,,,,0,0,Open,0,,,Fine,Null
1770973,5898328,595556,,523912,0,0,0,2,0,North,2018/2019,Z CAR PARK,GREAT SOUTH ROAD,,Serious Crash,No,2018,0,South,0,0,0,Flat,0,,0,,0,Bright sun,767600,0,0,0,,0,0,0,0,1,2,0,0,Auckland Region,Nil,Off road,Sealed,0,0,2,0,50,0,Null,0,0,,76,Auckland,Unknown,0,0,0,0,0,0,Urban,0,0,0,Fine,Null
1751203,5915329,595665,,514401,0,,0,1,,South,2016/2017,GREAT NORTH ROAD,RACECOURSE PARADE,,Serious Crash,No,2016,,South,,0,,Flat,,,,,,Bright sun,382400,0,0,1,4,,,0,,,,,,Auckland Region,Nil,2-way,Sealed,,0,1,,50,,Null,0,0,,76,Auckland,Unknown,,,,,0,0,Urban,0,,,Fine,Null
1737314,5929363,595759,,505602,0,,0,1,,Null,2017/2018,SH 16,TAPU ROAD,,Serious Crash,Yes,2017,,East,,0,,Flat,,,,,,Overcast,214900,0,0,1,2,,,0,,,,,,Auckland Region,Nil,2-way,Sealed,,0,1,,60,,Null,0,0,,76,Auckland,Give way,,,,,0,0,Urban,0,,,Fine,Null
1746700,5872410,595892,,521151,0,,0,1,,South,2017/2018,Z BEACH,KARIOITAHI ROAD,,Serious Crash,No,2017,,West,,0,,Null,,,,,,Bright sun,831602,0,0,0,,,,0,,,1,,,Auckland Region,Nil,Off road,Unsealed,,0,1,,50,,Null,0,0,,76,Auckland,Unknown,,,,,0,0,Urban,0,,,Null,Null
1778666,5903623,595958,,525201,0,0,0,0,0,West,2016/2017,WEST ROAD,TYLDENS ROAD,,Serious Crash,No,2017,0,South,0,0,1,Hill Road,0,,0,,0,Overcast,763202,0,0,0,2,0,0,0,0,0,,0,0,Auckland Region,Nil,2-way,Sealed,0,0,1,0,100,0,Null,0,0,,76,Auckland,Unknown,0,0,0,1,1,0,Open,0,0,0,Fine,Null
1758802,5912416,595985,,519820,1,,0,1,,Null,2017/2018,SELWYN ST,ARTHUR ST,,Serious Crash,No,2017,,South,,0,,Hill Road,,,,,,Bright sun,600800,1,0,0,2,,,0,,,,,,Auckland Region,Nil,2-way,Sealed,,0,1,,50,,Null,0,0,,76,Auckland,Stop,,,,,0,0,Urban,0,,,Fine,Null
1757372,5915748,596142,,515802,0,,0,1,,Null,2016/2017,ST ANDREWS ROAD,GREEN LANE WEST,,Serious Crash,No,2017,,North,,0,,Hill Road,,,,,,Overcast,447700,0,0,0,4,,,0,,,1,,,Auckland Region,Nil,2-way,Sealed,,0,1,,50,,Null,0,0,,76,Auckland,Traffic Signals,,,,,0,0,Urban,0,,,Light rain,Null
1755098,5917102,596231,,517701,0,,0,2,,Null,2017/2018,SANDRINGHAM ROAD,KENNETH AVENUE,,Serious Crash,No,2017,,South,,0,,Flat,,,,,,Dark,536900,0,0,1,2,,,0,,,,,,Auckland Region,Nil,2-way,Sealed,,0,1,,50,,On,0,0,,76,Auckland,Stop,,,,,0,0,Urban,0,,,Fine,Null
1757985,5912237,596266,,519810,0,,0,0,,West,2017/2018,BEACHCROFT AVENUE,NORMANS HILL ROAD,,Serious Crash,No,2017,,West,,0,,Flat,,,,,,Dark,598200,0,0,1,2,,,0,,,,,,Auckland Region,Nil,2-way,Sealed,,0,1,,50,,On,0,0,,76,Auckland,Unknown,,,,,0,0,Urban,0,,,Fine,Null
1755254,5877643,596278,,521152,0,,0,1,,North,2016/2017,GLENBROOK-WAIUKU ROAD,SHAKESPEARE ROAD,,Serious Crash,No,2017,,North,,0,,Hill Road,,,,,,Twilight,832900,0,0,1,2,,,0,,,,,,Auckland Region,Nil,2-way,Sealed,,0,1,,100,,Off,0,0,,76,Auckland,Unknown,,,,,0,0,Open,0,,,Light rain,Null
1765567,5904262,596427,,524603,0,,0,1,,Null,2017/2018,CAVENDISH DRIVE,GLASGOW AVENUE,,Serious Crash,No,2017,,West,,0,,Flat,,,,,,Bright sun,674100,0,0,0,4,,,0,,,,,,Auckland Region,Nil,2-way,Sealed,,0,1,,50,,Null,0,0,,76,Auckland,Traffic Signals,,,,,1,0,Urban,1,,,Fine,Null
1772923,5891410,596636,,521301,0,,0,0,,Null,2017/2018,SH 1N,KARAKA OBR,,Serious Crash,Yes,2017,,North,,0,,Flat,,,,,,Overcast,809200,0,0,1,2,,,0,,,,,,Auckland Region,Nil,1-way,Sealed,,0,1,,100,,Off,0,0,,76,Auckland,Unknown,,,,,0,0,Open,0,,,Fine,Null
1753635,5919387,596719,,515100,1,,0,1,,Null,2016/2017,GARNET ROAD,WARWICK AVENUE,,Serious Crash,No,2017,,South,,0,,Flat,,,,,,Dark,402000,0,0,0,2,,,0,,,,,,Auckland Region,Nil,2-way,Sealed,,0,1,,50,,On,0,0,,76,Auckland,Give way,,,,,0,0,Urban,0,,,Fine,Null
1761847,5913978,596761,,520202,0,0,0,2,0,East,2016/2017,SH 1N,PENROSE OFF NBD,,Serious Crash,Yes,2017,0,West,0,0,0,Flat,1,,0,,0,Overcast,612400,1,0,0,3,0,0,0,0,0,,0,0,Auckland Region,Nil,1-way,Sealed,0,0,1,0,100,0,Null,0,0,,76,Auckland,Unknown,0,0,0,0,0,0,Open,0,0,0,Fine,Null
1768224,5908057,596889,,523502,0,,0,2,,South,2017/2018,EAST TAMAKI ROAD,BIRMINGHAM ROAD,,Serious Crash,No,2017,,North,,0,,Flat,,,,,,Dark,703800,1,0,0,4,,,0,,,,,,Auckland Region,Nil,2-way,Sealed,,0,1,,60,,On,0,0,,76,Auckland,Unknown,,,,,0,0,Urban,0,,,Fine,Null
1757403,5921106,596898,,514101,0,0,0,1,0,West,2017/2018,QUAY ST,LOWER ALBERT ST,,Serious Crash,No,2017,0,East,0,0,0,Flat,0,,0,,0,Dark,432800,0,0,0,4,0,1,0,0,0,1,0,0,Auckland Region,Nil,2-way,Sealed,0,0,1,0,50,0,On,0,0,,76,Auckland,Unknown,1,0,0,0,0,0,Urban,0,0,0,Light rain,Strong wind
1766020,5910123,596976,,523112,0,,0,1,,West,2016/2017,HIGHBROOK DRIVE,EL KOBAR DRIVE,,Serious Crash,No,2017,,West,,0,,Flat,,,,,,Dark,711301,0,0,0,4,,,0,,,,,,Auckland Region,Nil,2-way,Sealed,,0,1,,70,,On,0,0,,76,Auckland,Unknown,,,,,1,0,Urban,0,,,Heavy rain,Null
1769191,5900406,597021,,525002,0,,0,1,,North,2016/2017,GREAT SOUTH ROAD,MYERS ROAD,,Serious Crash,No,2017,,North,,0,,Flat,,,,,,Dark,753202,0,0,0,2,,,0,,,1,,,Auckland Region,Nil,2-way,Sealed,,0,1,,50,,On,0,0,,76,Auckland,Unknown,,,,,0,0,Urban,0,,,Mist or Fog,Null
1744309,5923259,597026,,513521,0,,0,0,,West,2016/2017,Z DRIVEWAY,JADEWYNN DRIVE,,Serious Crash,No,2017,,South,,0,,Hill Road,,,,,,Bright sun,224233,0,0,0,0,,,0,,,1,,,Auckland Region,Nil,Off road,Sealed,,0,1,,50,,Null,0,0,,76,Auckland,Unknown,,,,,0,0,Urban,1,,,Fine,Null
1755962,5926779,597133,,508620,0,,0,2,,Null,2016/2017,NORTHCOTE ROAD,SUNNYBRAE ROAD,,Serious Crash,No,2017,,East,,0,,Flat,,,,,,Dark,204702,1,0,0,6,,,0,,,,,,Auckland Region,Nil,2-way,Sealed,,0,1,,50,,On,0,0,,76,Auckland,Traffic Signals,,,,,0,0,Urban,0,,,Fine,Null
1774956,5881651,597150,,521160,0,0,0,2,0,East,2016/2017,MILL ROAD,HARRISVILLE ROAD,,Serious Crash,No,2017,0,West,0,0,0,Hill Road,0,,0,,0,Twilight,827603,2,0,0,2,0,0,0,1,0,,0,0,Auckland Region,Nil,2-way,Sealed,0,0,2,0,100,0,None,0,0,,76,Auckland,Unknown,0,0,0,0,0,0,Open,0,0,0,Fine,Null
1744413,5944601,597383,,506614,0,,0,1,,Null,2017/2018,PINE VALLEY ROAD,KAHIKATEA FLAT ROAD,,Serious Crash,No,2017,,South,,0,,Hill Road,,,,,,Bright sun,177801,0,0,1,2,,,0,,,,,,Auckland Region,Nil,2-way,Sealed,,0,1,,80,,Null,0,0,,76,Auckland,Give way,,,,,0,0,Open,0,,,Fine,Null
1755000,5929384,597459,,508420,0,,0,2,,Null,2016/2017,TARGET ROAD,LINK DRIVE,,Serious Crash,No,2017,,South,,0,,Flat,,,,,,Bright sun,183800,1,0,0,4,,,0,,,,,,Auckland Region,Nil,2-way,Sealed,,0,1,,50,,Null,0,0,,76,Auckland,Traffic Signals,,,,,0,0,Urban,0,,,Fine,Null
1787211,5925663,597470,,520801,0,0,0,0,0,East,2016/2017,WAIHEKE ROAD,FISHER ROAD,,Serious Crash,No,2017,0,South,0,0,1,Hill Road,0,,0,,0,Dark,515703,1,0,0,2,0,0,0,1,0,,0,0,Auckland Region,Nil,2-way,Sealed,0,0,1,0,80,0,None,0,0,,76,Auckland,Unknown,0,0,0,0,0,0,Open,1,0,0,Mist or Fog,Null
1771661,5912978,597519,,523106,1,,0,1,,Null,2016/2017,WHITFORD ROAD,MILLHOUSE DRIVE,,Serious Crash,No,2017,,North,,0,,Hill Road,,,,,,Bright sun,711173,0,0,0,2,,,0,,,,,,Auckland Region,Nil,2-way,Sealed,,0,1,,50,,Null,0,0,,76,Auckland,Give way,,,,,0,0,Urban,0,,,Fine,Null
1758616,5919913,597585,,515902,0,,0,1,,North,2017/2018,PARNELL ROAD,AKAROA ST,,Serious Crash,No,2017,,North,,0,,Flat,,,,,,Overcast,452500,0,0,0,2,,,0,,,1,,,Auckland Region,Nil,2-way,Sealed,,0,1,,50,,Null,0,0,,76,Auckland,Stop,,,,,0,0,Urban,0,,,Fine,Null
1756526,5916532,597649,,518201,1,0,0,0,0,Null,2016/2017,HENLEY ROAD,FAIRVIEW ROAD,,Serious Crash,No,2017,0,North,0,0,0,Flat,0,,0,,0,Overcast,549600,0,0,0,2,0,0,0,0,0,,0,0,Auckland Region,Nil,2-way,Sealed,0,0,1,0,50,0,Off,0,0,,76,Auckland,Stop,0,0,0,0,0,0,Urban,1,1,0,Fine,Null
1761064,5923724,597661,45,509300,0,0,0,1,0,South,2016/2017,VAUXHALL ROAD,ASCOT AVENUE,,Serious Crash,No,2017,0,North,0,0,0,Hill Road,0,Easter,0,,0,Dark,337600,3,0,0,2,0,0,0,0,0,,0,1,Auckland Region,Nil,2-way,Sealed,0,0,1,0,50,0,On,0,0,30,76,Auckland,Unknown,0,0,0,0,0,0,Urban,0,0,0,Fine,Null
1753779,5935621,597669,,508703,0,,0,2,,Null,2017/2018,OTEHA VALLEY ROAD,RISING PARADE,,Serious Crash,No,2017,,East,,0,,Hill Road,,,,,,Twilight,179211,1,0,0,2,,,0,,,,,,Auckland Region,Nil,1-way,Sealed,,0,1,,50,,On,0,0,,76,Auckland,Give way,,,,,0,0,Urban,0,,,Fine,Null
1756650,5917058,597698,,518201,0,0,0,5,0,West,2016/2017,VALLEY ROAD,TARATA ST,,Serious Crash,No,2016,0,West,0,0,0,Hill Road,0,,0,,0,Dark,547402,1,0,0,2,0,0,0,0,2,,0,0,Auckland Region,Nil,2-way,Sealed,0,0,1,0,50,0,On,0,0,,76,Auckland,Unknown,0,0,0,0,0,0,Urban,0,0,0,Fine,Null