X,Y,OBJECTID,advisorySpeed,areaUnitID,bicycle,bridge,bus,carStationWagon,cliffBank,crashDirectionDescription,crashFinancialYear,crashLocation1,crashLocation2,crashRoadSideRoad,crashSeverity,crashSHDescription,crashYear,debris,directionRoleDescription,ditch,fatalCount,fence,flatHill,guardRail,holiday,houseOrBuilding,intersection,kerb,light,meshblockId,minorInjuryCount,moped,motorcycle,NumberOfLanes,objectThrownOrDropped,otherObject,otherVehicleType,overBank,parkedVehicle,pedestrian,phoneBoxEtc,postOrPole,region,roadCharacter,roadLane,roadSurface,roadworks,schoolBus,seriousInjuryCount,slipOrFlood,speedLimit,strayAnimal,streetLight,suv,taxi,temporarySpeedLimit,tlaId,tlaName,trafficControl,trafficIsland,trafficSign,train,tree,truck,unknownVehicleType,urban,vanOrUtility,vehicle,waterRiver,weatherA,weatherB
1751223,5931443,597728,,508806,0,0,0,1,0,Null,2016/2017,ALBANY HIGHWAY,OAKWAY DRIVE,,Serious Crash,No,2017,0,South,0,0,1,Flat,0,,0,,0,Dark,180101,0,0,0,4,0,0,0,0,0,,0,1,Auckland Region,Nil,2-way,Sealed,0,0,1,0,50,0,On,0,0,,76,Auckland,Traffic Signals,0,0,0,0,0,0,Urban,0,0,0,Fine,Null
1760230,5907076,597781,,524112,0,,0,1,,West,2017/2018,BADER DRIVE,COURT TOWN CLOSE,,Serious Crash,No,2017,,East,,0,,Flat,,,,,,Dark,737500,0,0,0,1,,,0,,,1,,,Auckland Region,Nil,1-way,Sealed,,0,1,,50,,On,0,0,30,76,Auckland,Unknown,,,,,0,0,Urban,0,,,Fine,Null
1774359,5889586,597783,,521301,0,,0,1,,Null,2016/2017,QUARRY ROAD,HARRISON ROAD,,Serious Crash,No,2017,,South,,0,,Flat,,,,,,Dark,809004,0,0,0,2,,,0,,,,,,Auckland Region,Bridge,2-way,Sealed,,0,2,,100,,None,0,0,,76,Auckland,Nil,,,,,0,0,Open,0,,,Fine,Strong wind
1770659,5914627,597813,,521601,0,,0,1,,West,2017/2018,PAKURANGA ROAD,THE LINK,,Serious Crash,No,2017,,West,,0,,Hill Road,,,,,,Overcast,645400,0,0,1,4,,,0,,,,,,Auckland Region,Nil,2-way,Sealed,,0,1,,60,,Null,0,0,,76,Auckland,Nil,,,,,0,0,Urban,0,,,Light rain,Null
1736907,5923356,597989,,505700,0,0,0,1,0,West,2017/2018,COTTLE ROAD,PETERS LANE,,Serious Crash,No,2017,0,West,0,0,0,Flat,0,,0,,0,Dark,216403,1,0,0,2,0,0,0,0,0,,0,1,Auckland Region,Nil,2-way,Sealed,0,0,1,0,70,0,None,0,0,,76,Auckland,Unknown,0,0,0,0,0,0,Urban,0,0,0,Fine,Null
1756158,5928094,598004,,507900,0,0,0,1,0,Null,2017/2018,WAIRAU ROAD,FORREST HILL ROAD,,Serious Crash,No,2017,0,North,0,0,1,Flat,0,,0,,0,Bright sun,307000,1,0,0,4,0,0,0,0,0,4,0,0,Auckland Region,Nil,2-way,Sealed,0,0,3,0,50,0,Null,0,0,,76,Auckland,Traffic Signals,0,0,0,0,0,0,Urban,0,0,0,Fine,Null
1746402,5912804,598019,,511002,0,0,0,2,0,North,2017/2018,GLENGARRY ROAD,WOODGLEN ROAD,,Serious Crash,No,2017,0,East,0,0,0,Hill Road,0,,0,,0,Dark,284600,1,0,0,2,0,0,0,0,1,,0,0,Auckland Region,Nil,2-way,Sealed,0,0,1,0,50,0,On,0,0,,76,Auckland,Unknown,0,0,0,0,0,0,Urban,0,0,0,Light rain,Null
1757630,5920862,598079,,514103,0,,0,1,,Null,2016/2017,CUSTOMS ST EAST,COMMERCE ST,,Serious Crash,No,2017,,West,,0,,Flat,,,,,,Bright sun,438000,0,0,0,7,,,0,,,1,,,Auckland Region,Nil,2-way,Sealed,,0,1,,50,,Null,0,0,,76,Auckland,Traffic Signals,,,,,0,0,Urban,0,,,Fine,Null
1757535,5929712,598122,,507720,0,,0,0,,South,2017/2018,INGA ROAD,COMMODORE PARRY ROAD,,Serious Crash,No,2017,,South,,0,,Flat,,,,,,Bright sun,313700,0,0,1,2,,,0,,,,,,Auckland Region,Nil,2-way,Sealed,,0,1,,50,,Null,0,0,,76,Auckland,Unknown,,,,,0,0,Urban,0,,,Fine,Null
1758785,5908233,598132,,524200,0,0,0,1,0,Null,2016/2017,KIRKBRIDE ROAD,CREAMERY ROAD,,Serious Crash,No,2017,0,North,0,0,0,Flat,0,,0,,0,Dark,726300,0,0,0,2,0,0,0,0,0,,0,1,Auckland Region,Nil,2-way,Sealed,0,0,1,0,50,0,On,0,0,,76,Auckland,Give way,0,0,0,0,0,0,Urban,0,0,0,Fine,Null
1758162,5926921,598135,,508010,0,,0,1,,West,2016/2017,BYRON AVENUE,LAKE ROAD,,Serious Crash,No,2017,,East,,0,,Flat,,,,,,Overcast,325000,0,0,0,2,,,0,,,1,,,Auckland Region,Nil,2-way,Sealed,,0,1,,50,,Off,0,0,,76,Auckland,Unknown,,,,,0,0,Urban,0,,,Fine,Null
1745735,5915433,598160,,511800,1,0,0,0,0,Null,2017/2018,SUNNYSIDE ROAD,SEYMOUR ROAD,,Serious Crash,No,2017,0,North,0,0,0,Hill Road,0,,0,,0,Bright sun,277100,0,0,0,2,0,0,0,0,0,,0,0,Auckland Region,Nil,2-way,Sealed,0,0,1,0,50,0,Null,0,0,,76,Auckland,Give way,0,1,0,0,1,0,Urban,0,0,0,Fine,Null
1739878,5977026,598309,,506660,0,,0,1,,South,2017/2018,SH 1N,HOTEO RIV BR,,Serious Crash,Yes,2017,,North,,0,,Hill Road,,,,,,Overcast,136700,0,0,1,3,,,0,,,,,,Auckland Region,Nil,2-way,Sealed,,0,1,,80,,Null,0,0,,76,Auckland,Unknown,,,,,0,0,Open,0,,,Light rain,Null
1743586,5919822,598387,,513632,0,,0,2,,North,2016/2017,DON BUCK ROAD,GLEN ROAD,,Serious Crash,No,2017,,North,,0,,Hill Road,,,,,,Overcast,229200,4,0,0,2,,,0,,,,,,Auckland Region,Nil,2-way,Sealed,,0,1,,50,,Null,0,0,,76,Auckland,Unknown,,,,,0,0,Urban,1,,,Fine,Null
1755528,5924671,598426,,509800,0,,0,1,,Null,2017/2018,ONEWA ROAD,LAKE ROAD,,Serious Crash,No,2017,,East,,0,,Hill Road,,,,,,Dark,360200,0,0,0,4,,,0,,,,,,Auckland Region,Nil,2-way,Sealed,,0,1,,50,,On,1,0,,76,Auckland,Traffic Signals,,,,,0,0,Urban,0,,,Fine,Null
1767200,5901255,598536,,524720,0,0,0,1,0,North,2017/2018,SWALLOW DRIVE,MAIDA VALE,,Serious Crash,No,2017,0,South,0,0,1,Flat,0,,0,,0,Dark,777502,3,0,0,1,0,0,0,0,0,4,0,0,Auckland Region,Nil,2-way,Sealed,0,0,1,0,50,0,On,0,0,,76,Auckland,Unknown,0,0,0,0,0,0,Urban,0,0,0,Fine,Null
1756364.338,5927125.376,598747,,507900,0,,0,1,,Null,2018/2019,NORTHCOTE ROAD OFF RAMP,NORTHCOTE ROAD,,Serious Crash,Yes,2018,,West,,0,,Hill Road,,,,,,Bright sun,303501,0,0,0,2,,,0,,,1,,,Auckland Region,Motorway ramp,1-way,Sealed,,0,1,,50,,Null,0,0,,76,Auckland,Traffic Signals,,,,,0,0,Urban,0,,,Fine,Null
1750904,5930672,598760,45,508806,0,,0,0,,East,2018/2019,SCHNAPPER ROCK ROAD,KITTIWAKE DRIVE,,Serious Crash,No,2019,,East,,0,,Hill Road,,,,,,Overcast,180105,0,0,0,2,,,0,,,,,,Auckland Region,Nil,2-way,Sealed,,0,1,,50,,Null,0,0,,76,Auckland,Unknown,,,,,0,0,Urban,2,,,Fine,Null
1774917.687,5887783.535,598810,,521302,0,0,0,0,0,South,2018/2019,OFF ROAD - CONSTRUCTION AREA,,,Serious Crash,No,2019,0,North,0,0,1,Flat,0,,0,,0,Dark,809104,0,0,0,,0,0,0,0,0,,0,0,Auckland Region,Nil,Off road,Unsealed,0,0,1,0,30,0,None,1,0,,76,Auckland,Unknown,0,0,0,0,0,0,Urban,0,0,0,Fine,Null
1759655.918,5918591.544,598825,,516102,0,0,0,1,0,East,2018/2019,SHORE RD,ARNEY ROAD,,Serious Crash,No,2019,0,East,0,0,0,Hill Road,0,,0,,0,Overcast,482500,0,0,0,2,0,0,0,0,0,,0,0,Auckland Region,Nil,2-way,Sealed,0,0,1,0,50,0,Off,0,0,,76,Auckland,Unknown,0,0,0,1,0,0,Urban,0,0,0,Fine,Null
1777494.145,5911350.73,598835,65,523202,0,0,0,2,1,Null,2018/2019,WHITFORD MARAETAI ROAD,HENSON ROAD,,Serious Crash,No,2019,0,North,0,0,0,Flat,0,,0,,0,Overcast,718300,1,0,0,2,0,0,0,0,0,,0,0,Auckland Region,Nil,2-way,Sealed,0,0,1,0,100,0,None,0,0,,76,Auckland,Give way,0,0,0,0,0,0,Open,0,0,0,Light rain,Null
1758793,5918888,598872,,515902,0,,0,0,,North,2018/2019,PARNELL ROAD,MAUNSELL ROAD,,Serious Crash,No,2018,,West,,0,,Flat,,,,,,Overcast,451700,0,0,0,4,,,0,,,1,,,Auckland Region,Nil,2-way,Sealed,,0,1,,50,,Null,0,0,,76,Auckland,Nil,,,,,1,0,Urban,0,,,Fine,Null
1753968,5913371,598946,,518901,0,0,0,2,0,South,2017/2018,RICHARDSON ROAD,MCGOWAN ST,,Serious Crash,No,2018,0,South,0,0,0,Flat,0,,0,,0,Bright sun,585101,0,0,0,2,0,0,0,0,1,,0,0,Auckland Region,Nil,2-way,Sealed,0,0,1,0,50,0,Null,0,0,,76,Auckland,Unknown,0,0,0,0,0,0,Urban,0,0,0,Fine,Null
1764396.543,5902956.154,599018,,524604,0,,0,0,,South,2018/2019,MCLAUGHLINS RD,VOGLER DRIVE,,Serious Crash,No,2019,,North,,0,,Flat,,,,,,Bright sun,781200,0,1,0,2,,,0,,,,,,Auckland Region,Nil,2-way,Sealed,,0,1,,50,,Null,0,0,,76,Auckland,Unknown,,,,,0,0,Urban,1,,,Fine,Null
1783357.248,5925666.988,599024,,520801,1,,0,0,,Null,2018/2019,OSTEND ROAD,TAHI ROAD,,Serious Crash,No,2019,,East,,0,,Hill Road,,,,,,Bright sun,515401,0,0,0,2,,,0,,,,,,Auckland Region,Nil,2-way,Sealed,,0,1,,50,,Off,0,0,,76,Auckland,Give way,,,,,0,0,Urban,1,,,Fine,Null
1752713,5915654,599254,,517902,0,0,0,1,0,North,2017/2018,RICHARDSON ROAD,STEWART ROAD,,Serious Crash,No,2018,0,North,0,0,0,Hill Road,0,,0,,0,Overcast,519000,1,0,0,2,0,0,0,0,0,,0,1,Auckland Region,Nil,2-way,Sealed,0,0,1,0,50,0,Null,0,0,,76,Auckland,Nil,0,0,0,0,0,0,Urban,0,0,0,Light rain,Null
1765696,5919874,599309,,516700,0,,0,2,,Null,2018/2019,ST HELIERS BAY ROAD,BENBOW ST,,Serious Crash,No,2018,,South,,0,,Hill Road,,,,,,Bright sun,510802,0,0,1,2,,,0,,,,,,Auckland Region,Nil,2-way,Sealed,,0,1,,50,,Null,0,0,,76,Auckland,Stop,,,,,0,0,Urban,0,,,Fine,Null
1756407,5918950,599363,,515500,0,,0,1,,Null,2017/2018,NEWTON ROAD,NEWTON ON WBD,,Serious Crash,No,2018,,North,,0,,Flat,,,,,,Overcast,417600,0,0,1,2,,,0,,,,,,Auckland Region,Motorway ramp,2-way,Sealed,,0,1,,50,,Null,0,0,,76,Auckland,Give way,,,,,0,0,Urban,0,,,Fine,Null
1772808.862,5890785.692,599405,,521301,0,,0,1,,West,2018/2019,GREAT SOUTH ROAD,Pitt Road,,Fatal Crash,No,2018,,East,,1,,Hill Road,,,,,,Bright sun,809200,0,0,1,2,,,0,,,,,,Auckland Region,Nil,2-way,Sealed,,0,0,,100,,None,0,0,,76,Auckland,Nil,,,,,0,0,Open,0,,,Fine,Null
1769841.75,5907793.556,599459,,523713,0,,0,1,,South,2018/2019,CHAPEL ROAD,STANCOMBE ROAD,,Serious Crash,No,2019,,North,,0,,Flat,,,,,,Dark,712302,0,0,1,2,,,0,,,,,,Auckland Region,Nil,2-way,Sealed,,0,1,,60,,None,0,0,,76,Auckland,Nil,,,,,0,0,Urban,0,,,Fine,Null
1750400.662,5914449.451,599541,,511303,1,,0,0,,Null,2018/2019,GREAT NORTH ROAD,STOCK STREET,,Serious Crash,No,2019,,North,,0,,Flat,,,,,,Overcast,265700,0,0,0,3,,,0,,,,,,Auckland Region,Nil,2-way,Sealed,,0,1,,50,,Off,0,0,,76,Auckland,Stop,,,,,0,0,Urban,1,,,Fine,Null
1753154.372,5928764.344,599580,,508412,0,,0,1,,Null,2018/2019,MANUKA ROAD,EASTON PARK PARADE,,Serious Crash,No,2019,,West,,0,,Hill Road,,,,,,Twilight,184400,0,0,0,2,,,0,,,,,,Auckland Region,Nil,2-way,Sealed,,0,1,,50,,On,0,0,,76,Auckland,Traffic Signals,,,,,0,0,Urban,1,,,Fine,Null
1745678,5919145,599653,,513301,0,,0,0,,West,2017/2018,TE PAI PLACE,CENTRAL PARK DRIVE,,Serious Crash,No,2018,,North,,0,,Flat,,,,,,Overcast,230601,0,0,0,2,,,0,,,1,,,Auckland Region,Nil,2-way,Sealed,,0,1,,50,,Null,0,0,,76,Auckland,Nil,,,,,0,0,Urban,1,,,Light rain,Null
1742472.478,5919190.688,599664,,513211,0,0,0,0,0,North,2018/2019,LUANDA DRIVE,URLICH DRIVE,,Serious Crash,No,2019,0,North,0,0,0,Flat,0,,0,,0,Twilight,235008,0,0,1,2,0,1,0,0,0,,0,0,Auckland Region,Nil,2-way,Sealed,0,0,1,0,50,0,On,0,0,,76,Auckland,Unknown,0,0,0,0,0,0,Urban,0,0,0,Fine,Null
1758329,5918379,599710,,517400,0,,0,1,,Null,2018/2019,KHYBER PASS ROAD,KINGDON ST,,Serious Crash,No,2018,,South,,0,,Flat,,,,,,Dark,451000,0,0,0,4,,,0,,,1,,,Auckland Region,Nil,2-way,Sealed,,0,1,,60,,On,0,0,,76,Auckland,Stop,,,,,0,0,Urban,0,,,Fine,Null
1756228.687,5935528.919,600054,,507101,0,,0,1,,Null,2019/2020,BAYVIEW ROAD,BEACH FRONT LANE,,Serious Crash,No,2019,,West,,0,,Flat,,,,,,Overcast,160800,0,0,0,2,,,0,,,1,,,Auckland Region,Nil,2-way,Sealed,,0,1,,50,,Off,0,0,,76,Auckland,Give way,,,,,0,0,Urban,0,,,Heavy rain,Null
1744532.752,5917763.594,600177,,510700,0,,0,0,,Null,2018/2019,VINTAGE DRIVE,STURGES ROAD,,Serious Crash,No,2019,,South,,0,,Flat,,,,,,Dark,239507,0,0,0,2,,,1,,,1,,,Auckland Region,Nil,2-way,Sealed,,0,1,,50,,On,0,0,,76,Auckland,Stop,,,,,0,0,Urban,1,,,Fine,Null
1753164,5970552,600270,,506631,0,,0,1,,Null,2018/2019,MAHURANGI EAST ROAD,SANDSPIT ROAD,,Serious Crash,No,2018,,West,,0,,Hill Road,,,,,,Overcast,139501,0,0,0,2,,,0,,,,,,Auckland Region,Nil,2-way,Sealed,,0,1,,100,,Null,1,0,,76,Auckland,Give way,,,,,0,0,Open,0,,,Fine,Null
1757424,5919622,600271,,514103,0,,1,0,,Null,2018/2019,SYMONDS ST,WHITAKER PLACE,,Serious Crash,No,2018,,North,,0,,Flat,,,,,,Overcast,437000,0,0,0,2,,,0,,,1,,,Auckland Region,Nil,2-way,Sealed,,0,1,,50,,Null,0,0,,76,Auckland,Traffic Signals,,,,,0,0,Urban,0,,,Fine,Null
1751850.382,5876955.819,600285,,521151,0,,0,2,,Null,2018/2019,AWHITU ROAD,TAURANGARURU ROAD,,Serious Crash,No,2019,,East,,0,,Flat,,,,,,Overcast,831200,3,0,0,2,,,0,,,,,,Auckland Region,Nil,2-way,Sealed,,0,1,,70,,None,0,0,,76,Auckland,Stop,,,,,0,0,Urban,0,,,Fine,Null
1765544,5904252,600290,,524603,0,,0,0,,West,2018/2019,CAVENDISH DRIVE,GLASGOW AVENUE,,Serious Crash,No,2019,,East,,0,,Hill Road,,,,,,Bright sun,674100,0,0,1,4,,,0,,,,,,Auckland Region,Nil,2-way,Sealed,,0,1,,60,,Null,0,0,,76,Auckland,Nil,,,,,0,0,Urban,1,,,Fine,Null
1712634.077,5963520.965,600384,35,506642,0,0,0,1,0,Null,2018/2019,SOUTH HEAD ROAD,TRIG ROAD,,Serious Crash,No,2019,0,North,0,0,0,Flat,0,,0,,0,Overcast,210100,0,0,0,2,0,0,0,0,0,,0,0,Auckland Region,Nil,2-way,Unsealed,0,0,1,0,100,0,None,0,0,,76,Auckland,Unknown,0,0,0,1,0,0,Open,0,0,0,Heavy rain,Null
1756721.629,5920438.133,600465,,514102,1,,1,0,,Null,2018/2019,WELLESLEY STREET WEST,SALE STREET,,Serious Crash,No,2019,,West,,0,,Hill Road,,,,,,Bright sun,433700,0,0,0,2,,,0,,,,,,Auckland Region,Nil,2-way,Sealed,,0,1,,50,,Off,0,0,,76,Auckland,Give way,,,,,0,0,Urban,0,,,Fine,Null
1772189,5902201,600590,,523813,0,0,0,1,1,Null,2018/2019,MILL ROAD,RANFURLY ROAD,,Serious Crash,No,2018,0,North,0,0,0,Flat,0,,0,,0,Dark,759600,1,0,0,2,0,0,0,0,0,,0,0,Auckland Region,Nil,2-way,Sealed,0,0,1,0,80,0,On,0,0,,76,Auckland,Stop,0,0,0,0,0,0,Open,0,0,0,Fine,Null
1755953,5919463,600648,,514000,0,,1,2,,South,2018/2019,PONSONBY ROAD,WILLIAMSON AVENUE,,Serious Crash,No,2018,,North,,0,,Flat,,,,,,Dark,413700,0,0,0,5,,,0,,,,,,Auckland Region,Nil,2-way,Sealed,,0,1,,40,,On,0,0,,76,Auckland,Traffic Signals,,,,,0,0,Urban,0,,,Fine,Null
1756831.098,5920397.717,600765,,514102,0,,0,1,,West,2018/2019,WELLESLEY ST WEST,NELSON ST,,Serious Crash,No,2019,,East,,0,,Hill Road,,,,,,Bright sun,432700,0,0,1,3,,,0,,,,,,Auckland Region,Nil,2-way,Sealed,,0,1,,50,,Off,0,0,,76,Auckland,Nil,,,,,0,0,Urban,0,,,Fine,Null
1769889.439,5899336.892,600825,,523920,0,0,0,3,0,South,2018/2019,SOUTHERN MOTORWAY,GT SOUTH OBR,,Fatal Crash,Yes,2019,0,North,0,1,0,Flat,1,,0,,0,Dark,768005,0,0,0,2,0,0,0,0,0,,0,0,Auckland Region,Nil,1-way,Sealed,0,0,2,0,100,0,On,1,0,80,76,Auckland,Unknown,0,0,0,0,0,0,Open,0,0,0,Fine,Null
1767320,5901246,601016,,524720,0,,0,1,,Null,2018/2019,RUSSELL ROAD,KENT ROAD,,Serious Crash,No,2018,,East,,0,,Flat,,,,,,Overcast,777502,5,0,0,2,,,0,,,,,,Auckland Region,Nil,2-way,Sealed,,0,1,,50,,Null,0,0,,76,Auckland,Nil,,,,,1,0,Urban,0,,,Light rain,Null
1768906,5905871,601023,,523711,0,0,0,1,0,Null,2017/2018,TE IRIRANGI DRIVE,DAWSON ROAD,,Serious Crash,No,2018,0,East,0,0,0,Flat,0,Easter,0,,0,Dark,713005,1,0,0,6,0,0,0,0,0,,0,2,Auckland Region,Nil,2-way,Sealed,0,0,1,0,60,0,On,1,0,,76,Auckland,Traffic Signals,0,0,0,0,0,0,Urban,0,0,0,Fine,Null
1730334,5930882,601054,75,506652,0,0,0,2,0,East,2018/2019,SH 16,MCPIKE ROAD,,Serious Crash,Yes,2018,0,North,1,0,0,Flat,0,,0,,0,Overcast,218000,2,0,0,2,0,0,0,0,0,,0,0,Auckland Region,Nil,2-way,Sealed,0,0,1,0,100,0,Null,0,0,,76,Auckland,Unknown,0,0,0,0,0,0,Open,0,0,0,Light rain,Null
1777495,5911375,601122,65,523202,0,,0,2,,South,2018/2019,WHITFORD-MARAETAI ROAD,HENSON ROAD,,Serious Crash,No,2018,,North,,0,,Flat,,,,,,Overcast,718300,0,0,0,2,,,0,,,,,,Auckland Region,Nil,2-way,Sealed,,0,2,,100,,Null,0,0,,76,Auckland,Give way,,,,,0,0,Open,0,,,Light rain,Null
1775787,5901193,601135,,525201,0,0,0,1,0,North,2017/2018,ALFRISTON-ARDMORE ROAD,CLEVEDON-TAKANINI ROAD,,Serious Crash,No,2018,0,North,0,0,0,Flat,0,,0,,0,Bright sun,761100,0,0,0,2,0,0,0,0,0,,0,1,Auckland Region,Nil,2-way,Sealed,0,0,1,0,100,0,Null,0,0,,76,Auckland,Unknown,0,0,0,0,0,0,Open,0,0,0,Fine,Null
1768163,5904993,601204,,523722,0,,0,1,,North,2018/2019,DIORELLA DRIVE,CHARNTAY AVENUE,,Serious Crash,No,2018,,North,,0,,Flat,,,,,,Dark,715803,0,0,0,2,,,0,,,,,,Auckland Region,Nil,2-way,Sealed,,0,1,,50,,None,0,0,,76,Auckland,Unknown,,,,,0,0,Urban,1,,,Light rain,Null
1747178,5913378,601236,,511100,0,,0,1,,South,2017/2018,CAPTAIN SCOTT ROAD,EVANS ROAD,,Serious Crash,No,2018,,North,,0,,Hill Road,,,,,,Bright sun,286600,0,0,0,2,,,0,,,1,,,Auckland Region,Nil,2-way,Sealed,,0,1,,50,,Null,0,0,,76,Auckland,Unknown,,,,,0,0,Urban,0,,,Fine,Null
1758660,5918740,601306,,517400,0,,0,1,,Null,2017/2018,PARNELL ROAD,GEORGE ST,,Serious Crash,No,2018,,South,,0,,Flat,,,,,,Dark,450701,0,0,0,2,,,0,,,1,,,Auckland Region,Nil,2-way,Sealed,,0,1,,50,,On,0,0,,76,Auckland,Stop,,,,,0,0,Urban,0,,,Light rain,Null
1753932,5915487,601331,,517702,1,,0,1,,Null,2018/2019,MOUNT ALBERT ROAD,EUSTON ROAD,,Serious Crash,No,2018,,South,,0,,Flat,,,,,,Overcast,542400,0,0,0,2,,,0,,,,,,Auckland Region,Nil,2-way,Sealed,,0,1,,50,,Null,0,0,,76,Auckland,Stop,,,,,0,0,Urban,0,,,Fine,Null
1756572,5919426,601362,,514200,0,,0,1,,East,2017/2018,KARANGAHAPE ROAD,KARANGAHAPE OBR,,Serious Crash,No,2018,,West,,0,,Flat,,,,,,Overcast,412000,0,0,1,4,,,0,,,,,,Auckland Region,Bridge,2-way,Sealed,,0,1,,50,,Null,0,0,,76,Auckland,Unknown,,,,,0,0,Urban,0,,,Fine,Null
1760402,5907643,601413,,524510,0,0,0,2,0,South,2018/2019,SH 20,CENTRAL PARK FTBR,,Serious Crash,Yes,2018,0,South,0,0,0,Flat,1,,0,,0,Twilight,736900,0,0,0,2,0,0,0,0,0,,0,0,Auckland Region,Nil,2-way,Sealed,0,0,1,0,100,0,On,0,0,,76,Auckland,Unknown,0,0,0,0,0,0,Open,0,0,0,Light rain,Null
1744380,5918243,601481,,513302,0,0,0,2,0,West,2017/2018,SWANSON ROAD,RATHGAR ROAD,,Serious Crash,No,2018,0,West,0,0,1,Flat,0,,0,,0,Dark,233400,0,0,0,2,0,0,0,0,1,,0,0,Auckland Region,Nil,2-way,Sealed,0,0,1,0,50,0,On,1,0,,76,Auckland,Unknown,0,0,0,0,0,0,Urban,0,0,0,Fine,Null
1750138,5949418,601634,,505805,0,,0,0,,North,2018/2019,MAIRE ROAD,GRAND DRIVE,,Serious Crash,No,2018,,East,,0,,Hill Road,,,,,,Bright sun,176403,0,0,0,2,,,0,,,1,,,Auckland Region,Nil,2-way,Sealed,,0,1,,50,,Null,0,0,,76,Auckland,Nil,,,,,0,0,Urban,1,,,Fine,Null
1767774,5904295,601740,,524604,0,,0,2,,Null,2017/2018,MANUKAU STATION ROAD,GREAT SOUTH ROAD,,Serious Crash,No,2018,,East,,0,,Flat,,,,,,Dark,780302,2,0,0,8,,,0,,,,,,Auckland Region,Nil,2-way,Sealed,,0,1,,50,,On,0,0,,76,Auckland,Traffic Signals,,,,,0,0,Urban,1,,,Light rain,Null
1764188,5877918,601759,,521121,0,,0,1,,East,2018/2019,WAIUKU ROAD,ROGERS ROAD,,Serious Crash,No,2018,,West,,0,,Hill Road,,,,,,Dark,825201,0,0,0,2,,,0,,,,,,Auckland Region,Nil,2-way,Sealed,,0,1,,80,,None,0,0,,76,Auckland,Unknown,,,,,1,0,Open,0,,,Fine,Null
1755794,5921147,601797,,515202,0,,0,0,,North,2017/2018,SH 1N,FANSHAWE ON NBD,,Serious Crash,Yes,2018,,West,,0,,Flat,,,,,,Overcast,425600,0,0,1,5,,,0,,,,,,Auckland Region,Nil,1-way,Sealed,,0,1,,80,,Null,0,0,,76,Auckland,Unknown,,,,,0,0,Open,1,,,Fine,Null
1752914,5934957,602001,,508701,0,,0,2,,Null,2017/2018,OTEHA VALLEY ROAD,OTEHA VALLEY OFF NBD,,Serious Crash,No,2018,,West,,0,,Flat,,,,,,Bright sun,179000,0,0,0,6,,,0,,,,,,Auckland Region,Nil,2-way,Sealed,,0,1,,60,,Null,0,0,,76,Auckland,Traffic Signals,,,,,0,0,Urban,2,,,Fine,Null
1755253,5878238,602240,,521152,0,,0,2,,Null,2018/2019,GLENBROOK-WAIUKU ROAD,PUKEOWARE ROAD,,Serious Crash,No,2018,,North,,0,,Hill Road,,,,,,Overcast,832900,0,0,0,2,,,0,,,,,,Auckland Region,Nil,2-way,Sealed,,0,1,,100,,Null,0,0,,76,Auckland,Stop,,,,,0,0,Open,0,,,Fine,Null
1756660,5920536,602258,,514102,0,,0,1,,West,2018/2019,VICTORIA ST WEST,DOCK ST,,Serious Crash,No,2018,,West,,0,,Hill Road,,,,,,Twilight,433700,0,0,0,4,,,0,,,1,,,Auckland Region,Nil,2-way,Sealed,,0,1,,50,,On,0,0,,76,Auckland,Nil,,,,,0,0,Urban,0,,,Fine,Null
1756993,5905348,602288,,524200,0,0,0,0,0,Null,2018/2019,ORUARANGI ROAD,WAIPOURI ROAD,,Serious Crash,No,2018,0,South,0,0,1,Flat,0,,0,,0,Overcast,726900,0,0,1,2,0,1,0,0,0,,0,0,Auckland Region,Nil,2-way,Sealed,0,0,1,0,50,0,Null,0,0,,76,Auckland,Nil,0,0,0,0,0,0,Urban,0,0,0,Fine,Null
1720710,5937365,602344,,506642,0,0,0,0,0,East,2017/2018,RIMMER ROAD,COAST ROAD,,Serious Crash,No,2018,0,North,0,0,0,Null,0,Queens Birthday,0,,0,Overcast,210600,0,0,0,,0,1,1,0,0,,0,0,Auckland Region,Nil,Off road,Unsealed,0,0,1,0,50,0,Null,0,0,,76,Auckland,Unknown,0,0,0,0,0,0,Urban,0,0,0,Null,Null
1765826,5909678,602453,,523112,0,0,0,1,0,North,2017/2018,HIGHBROOK DRIVE,HIGHBROOK OFF SBD,,Serious Crash,No,2018,0,North,0,0,1,Flat,0,,0,,0,Bright sun,711302,0,0,0,4,0,0,0,0,0,,0,0,Auckland Region,Nil,2-way,Sealed,0,0,1,0,70,0,Null,0,0,,76,Auckland,Unknown,0,0,0,1,0,0,Urban,0,0,0,Fine,Null
1766267,5899890,602459,,524822,0,,0,2,,North,2018/2019,ROSCOMMON ROAD,PALMERS ROAD,,Serious Crash,No,2018,,North,,0,,Flat,,Labour Weekend,,,,Bright sun,774431,2,0,0,2,,,0,,,,,,Auckland Region,Nil,2-way,Sealed,,0,1,,60,,Null,0,0,,76,Auckland,Unknown,,,,,0,0,Urban,0,,,Fine,Null