X,Y,OBJECTID,advisorySpeed,areaUnitID,bicycle,bridge,bus,carStationWagon,cliffBank,crashDirectionDescription,crashFinancialYear,crashLocation1,crashLocation2,crashRoadSideRoad,crashSeverity,crashSHDescription,crashYear,debris,directionRoleDescription,ditch,fatalCount,fence,flatHill,guardRail,holiday,houseOrBuilding,intersection,kerb,light,meshblockId,minorInjuryCount,moped,motorcycle,NumberOfLanes,objectThrownOrDropped,otherObject,otherVehicleType,overBank,parkedVehicle,pedestrian,phoneBoxEtc,postOrPole,region,roadCharacter,roadLane,roadSurface,roadworks,schoolBus,seriousInjuryCount,slipOrFlood,speedLimit,strayAnimal,streetLight,suv,taxi,temporarySpeedLimit,tlaId,tlaName,trafficControl,trafficIsland,trafficSign,train,tree,truck,unknownVehicleType,urban,vanOrUtility,vehicle,waterRiver,weatherA,weatherB
1760105,5906486,602594,,524111,0,0,0,0,0,North,2017/2018,WINDRUSH CLOSE,CORNWALL ROAD,,Serious Crash,No,2018,0,North,0,0,1,Flat,0,,0,,0,Bright sun,740800,0,0,1,2,0,0,0,0,0,,0,0,Auckland Region,Nil,2-way,Sealed,0,0,1,0,50,0,Null,0,0,,76,Auckland,Unknown,0,0,0,0,0,0,Urban,0,0,0,Fine,Null
1756558,5918424,602742,,515600,0,,0,1,,West,2017/2018,NEW NORTH ROAD,VIRGINIA AVENUE,,Serious Crash,No,2018,,South,,0,,Hill Road,,,,,,Overcast,419704,0,0,0,4,,,0,,,1,,,Auckland Region,Nil,2-way,Sealed,,0,1,,50,,Null,0,0,,76,Auckland,Unknown,,,,,0,0,Urban,0,,,Heavy rain,Null
1758075,5917556,602883,,515700,0,,0,1,,North,2018/2019,GILLIES AVENUE,ALPERS AVENUE,,Serious Crash,No,2018,,North,,0,,Flat,,,,,,Bright sun,443401,0,0,0,4,,,0,,,1,,,Auckland Region,Nil,2-way,Sealed,,0,1,,50,,Null,0,0,,76,Auckland,Nil,,,,,0,0,Urban,0,,,Fine,Null
1751410,5912756,602994,,514600,1,,0,0,,Null,2017/2018,BOLTON ST,TAYLOR ST,,Serious Crash,No,2018,,West,,0,,Hill Road,,,,,,Bright sun,371300,0,0,0,2,,,0,,,,,,Auckland Region,Nil,2-way,Sealed,,0,1,,50,,Null,0,0,,76,Auckland,Give way,,,,,0,0,Urban,1,,,Fine,Null
1772028,5898209,603048,,523912,0,,1,2,,North,2018/2019,PORCHESTER ROAD,SIRES PARKWAY,,Serious Crash,No,2018,,South,,0,,Flat,,,,,,Overcast,767400,0,0,0,2,,,0,,,,,,Auckland Region,Nil,2-way,Sealed,,0,1,,50,,Null,0,0,,76,Auckland,Unknown,,,,,0,0,Urban,0,,,Fine,Strong wind
1772423,5896303,603068,,525410,0,0,0,1,0,Null,2017/2018,ELLIOT ST,WOOD ST,,Serious Crash,No,2018,0,West,0,0,0,Hill Road,0,,0,,0,Overcast,791900,1,0,0,2,0,0,0,0,0,,0,1,Auckland Region,Nil,2-way,Sealed,0,0,2,0,50,0,Null,0,0,,76,Auckland,Stop,0,0,0,0,0,0,Urban,0,0,0,Light rain,Null
1747864,5945614,603080,65,506201,0,0,0,1,0,Null,2017/2018,OLD PINE VALLEY ROAD,PINE VALLEY ROAD,,Serious Crash,No,2018,0,East,0,0,0,Flat,0,,0,,0,Overcast,176700,0,0,0,2,0,0,0,0,0,,0,1,Auckland Region,Nil,2-way,Sealed,0,0,1,0,100,0,Null,0,0,,76,Auckland,Give way,0,0,0,0,1,0,Open,0,0,0,Fine,Null
1769247,5907566,603088,,523711,0,,0,1,,North,2017/2018,Z PETROL STATION,ORMISTON ROAD,,Serious Crash,No,2018,,North,,0,,Flat,,,,,,Overcast,712304,0,0,0,0,,,0,,,1,,,Auckland Region,Nil,Off road,Sealed,,0,1,,50,,On,0,0,,76,Auckland,Unknown,,,,,0,0,Urban,0,,,Fine,Null
1771215.097,5900388.245,603335,,523817,0,0,0,1,0,Null,2018/2019,PORCHESTER ROAD,SHERIFF PLACE,,Serious Crash,No,2019,0,South,0,0,0,Flat,0,,0,,0,Dark,759732,0,0,0,2,0,0,0,0,0,,0,1,Auckland Region,Nil,2-way,Sealed,0,0,1,0,60,0,On,0,0,,76,Auckland,Stop,0,0,0,0,0,0,Urban,1,0,0,Fine,Null
1759945.367,5907299.539,603345,,524112,0,,0,4,,South,2019/2020,BADER DRIVE,BADER OBR,,Serious Crash,No,2020,,North,,0,,Flat,,,,,,Bright sun,737500,0,0,0,2,,,0,,,,,,Auckland Region,Overpass,2-way,Sealed,,0,1,,50,,Off,0,0,,76,Auckland,Nil,,,,,0,0,Urban,0,,,Fine,Null
1750595.738,5914595.186,603483,,514402,0,,0,1,,East,2018/2019,GREAT NORTH ROAD,WHAU BR,,Serious Crash,No,2019,,East,,0,,Flat,,,,,,Overcast,381301,0,0,0,2,,,0,,,1,,,Auckland Region,Bridge,2-way,Sealed,,0,1,,50,,Off,0,0,,76,Auckland,Nil,,,,,0,0,Urban,0,,,Fine,Null
1740285.868,5911442.924,603512,,513020,0,,0,2,,North,2019/2020,SCENIC DRIVE,QUINNS ROAD,,Serious Crash,No,2019,,North,,0,,Hill Road,,,,,,Bright sun,280302,1,0,0,2,,,0,,,,,,Auckland Region,Nil,2-way,Sealed,,0,1,,70,,None,0,0,,76,Auckland,Nil,,,,,0,0,Urban,0,,,Fine,Null
1777239.896,5882689.362,603581,,521160,0,,0,1,,Null,2018/2019,BARBER ROAD,PAPARATA ROAD,,Serious Crash,No,2019,,South,,0,,Hill Road,,,,,,Bright sun,814800,1,0,0,2,,,0,,,,,,Auckland Region,Nil,2-way,Sealed,,0,1,,50,,None,0,0,,76,Auckland,Give way,,,,,1,0,Urban,0,,,Fine,Null
1753017.769,5912487.835,603583,,518902,0,,0,1,,Null,2018/2019,WHITE SWAN ROAD,HILLSBOROUGH ROAD,,Serious Crash,No,2019,,East,,0,,Hill Road,,,,,,Bright sun,586700,0,0,1,2,,,0,,,,,,Auckland Region,Nil,2-way,Sealed,,0,1,,50,,Off,0,0,,76,Auckland,Stop,,,,,0,0,Urban,0,,,Fine,Null
1773080.268,5913282.262,603600,,523102,1,,0,1,,Null,2018/2019,SANDSPIT ROAD,SOMERVILLE ROAD,,Serious Crash,No,2019,,South,,0,,Flat,,,,,,Overcast,711035,0,0,0,2,,,0,,,,,,Auckland Region,Nil,2-way,Sealed,,0,1,,50,,Off,0,0,,76,Auckland,Stop,,,,,0,0,Urban,0,,,Fine,Null
1755036.209,5929213.056,603678,,508320,0,,1,0,,Null,2019/2020,WAIRAU ROAD,TARGET ROAD,,Serious Crash,No,2019,,South,,0,,Hill Road,,,,,,Dark,196600,1,0,0,3,,,0,,,,,,Auckland Region,Nil,2-way,Sealed,,0,1,,50,,On,0,0,,76,Auckland,Traffic Signals,,,,,0,0,Urban,1,,,Light rain,Null
1752289.935,5938677.415,603760,,506300,0,,0,2,,North,2019/2020,EAST COAST RD (SILVERDALE/REDVALE,RODEO DRIVE,,Serious Crash,No,2019,,North,,0,,Hill Road,,,,,,Overcast,176103,1,0,0,3,,,0,,,,,,Auckland Region,Nil,2-way,Sealed,,0,1,,80,,None,0,0,,76,Auckland,Unknown,,,,,0,0,Open,0,,,Light rain,Null
1774653.468,5894858.274,603894,,525510,0,0,0,1,0,Null,2019/2020,HUNUA ROAD,BOUNDARY ROAD,,Fatal Crash,No,2019,0,South,0,1,1,Flat,0,,0,,1,Dark,801500,0,0,0,2,0,1,0,0,0,,0,0,Auckland Region,Nil,2-way,Sealed,0,0,0,0,70,0,On,0,0,,76,Auckland,Give way,0,0,0,0,0,0,Urban,0,0,0,Fine,Null
1752075.596,5915455.965,603926,,517902,0,,0,1,,West,2019/2020,SH 20,MAIORO STREET OFF RAMP,,Serious Crash,Yes,2020,,South,,0,,Flat,,,,,,Overcast,519701,0,0,1,3,,,0,,,,,,Auckland Region,Tunnel,1-way,Sealed,,0,1,,80,,Off,0,0,,76,Auckland,Unknown,,,,,0,0,Open,1,,,Light rain,Null
1764912.553,5911724.117,603988,,520500,0,0,0,1,0,West,2019/2020,PANAMA ROAD,CARBINE ROAD,,Serious Crash,No,2020,0,West,0,0,0,Flat,0,,1,,0,Bright sun,635602,2,0,0,2,0,0,0,0,1,,0,0,Auckland Region,Nil,2-way,Sealed,0,0,1,0,50,0,Off,0,0,,76,Auckland,Unknown,0,0,0,0,0,0,Urban,1,0,0,Fine,Null
1764359.656,5914766.389,604056,,520303,0,,0,1,,South,2019/2020,MOUNT WELLINGTON HIGHWAY,ELLERSLIE-PANMURE HIGHWAY,,Serious Crash,No,2019,,West,,0,,Flat,,,,,,Bright sun,627400,0,0,0,4,,,0,,,1,,,Auckland Region,Tram lines,2-way,Sealed,,0,1,,50,,Off,0,0,,76,Auckland,Nil,,,,,0,0,Urban,0,,,Fine,Null
1749261.352,5913605.604,604068,,511303,0,,0,2,,Null,2019/2020,TITIRANGI ROAD,MARGAN AVENUE,,Serious Crash,No,2020,,North,,0,,Hill Road,,,,,,Bright sun,264913,0,0,0,2,,,0,,,,,,Auckland Region,Nil,2-way,Sealed,,0,1,,50,,Off,0,0,,76,Auckland,Traffic Signals,,,,,0,0,Urban,0,,,Fine,Null
1757856.141,5920834.52,604140,,514101,1,,0,1,,Null,2019/2020,BRITOMART PLACE,GALWAY STREET,,Serious Crash,No,2019,,North,,0,,Flat,,,,,,Dark,438103,0,0,0,3,,,0,,,,,,Auckland Region,Nil,2-way,Sealed,,0,1,,50,,On,0,0,,76,Auckland,Give way,,,,,0,0,Urban,0,,,Fine,Null
1770619.97,5904353.422,604308,,523818,0,,0,2,,South,2019/2020,REDOUBT RD (MANUKAU HEIGHTS) (SE),MURPHYS ROAD,,Serious Crash,No,2019,,North,,0,,Flat,,,,,,Bright sun,760400,1,0,0,2,,,0,,,,,,Auckland Region,Nil,2-way,Sealed,,0,1,,60,,Off,0,0,,76,Auckland,Unknown,,,,,0,0,Urban,0,,,Fine,Null
1760336.074,5903441.613,604312,,524200,0,0,0,1,0,Null,2018/2019,PUHINUI ROAD,HAPE DRIVE,,Fatal Crash,Yes,2019,0,West,0,1,0,Flat,1,,0,,1,Dark,727200,0,0,0,2,0,0,0,1,0,,0,0,Auckland Region,Nil,2-way,Sealed,0,0,0,0,50,0,On,0,0,,76,Auckland,Give way,0,0,0,0,0,0,Urban,0,0,1,Fine,Null
1753133.424,5933929.659,604329,,508701,0,0,0,0,0,South,2018/2019,01N-0398/11.65-D,MCCLYMONTS OBR,,Serious Crash,Yes,2019,0,South,0,0,0,Flat,1,,0,,0,Overcast,178900,1,0,0,3,0,0,0,0,0,,0,0,Auckland Region,Nil,2-way,Sealed,0,0,1,0,80,0,Off,0,0,,76,Auckland,Unknown,0,0,0,0,1,0,Open,2,0,0,Fine,Null
1740573.176,5924371.468,604479,,513701,0,0,0,1,0,North,2019/2020,NIXON RD ,HENWOOD ROAD,,Serious Crash,No,2019,0,North,0,0,0,Hill Road,0,,0,,0,Overcast,229400,0,0,0,2,0,0,0,0,1,,0,0,Auckland Region,Nil,2-way,Sealed,0,0,1,0,100,0,None,0,0,,76,Auckland,Nil,0,0,0,0,1,0,Open,0,0,0,Light rain,Null
1733125.776,5935311.896,604518,,506653,0,0,0,0,0,West,2018/2019,OLD NORTH RD (KUMEU),TAYLOR ROAD,,Serious Crash,No,2019,0,West,0,0,1,Hill Road,0,,0,,0,Dark,217701,1,0,0,2,0,0,0,0,0,,0,0,Auckland Region,Nil,2-way,Sealed,0,0,1,0,80,0,None,1,0,,76,Auckland,Unknown,0,0,0,0,0,0,Open,0,0,0,Light rain,Null
1733936.306,5928025.674,604634,,506652,0,0,0,0,1,East,2018/2019,FOSTER RD,KAURI CRESCENT,,Serious Crash,No,2019,0,North,0,0,0,Flat,0,,0,,0,Dark,219301,0,0,1,2,0,0,0,0,0,,0,0,Auckland Region,Nil,2-way,Sealed,0,0,1,0,80,0,None,0,0,,76,Auckland,Unknown,0,0,0,0,0,0,Open,0,0,0,Fine,Null
1752766.345,5934059.039,604644,,508701,0,,1,1,,South,2019/2020,CIVIC CRESCENT,DON MCKINNON DRIVE,,Serious Crash,No,2019,,West,,0,,Flat,,,,,,Bright sun,178900,1,0,0,4,,,0,,,,,,Auckland Region,Nil,2-way,Sealed,,0,1,,30,,Off,0,0,,76,Auckland,Give way,,,,,0,0,Urban,0,,,Fine,Null
1744429.92,5925612.444,604655,,513410,0,,0,1,,Null,2018/2019,SPEDDING ROAD,TRIG ROAD,,Serious Crash,No,2019,,East,,0,,Flat,,,,,,Dark,223600,0,0,0,2,,,0,,,1,,,Auckland Region,Nil,2-way,Sealed,,0,1,,80,,None,0,0,,76,Auckland,Give way,,,,,1,0,Open,0,,,Fine,Null
1767831.419,5886550.717,604819,,521122,0,,0,2,,West,2019/2020,022-0000/03.71,PUHITAHI HILL ROAD,,Serious Crash,Yes,2019,,North,,0,,Hill Road,,,,,,Dark,813001,0,0,0,2,,,0,,,,,,Auckland Region,Nil,2-way,Sealed,,0,1,,100,,None,0,0,,76,Auckland,Nil,,,,,0,0,Open,1,,,Heavy rain,Null
1759946.603,5915698.222,604927,,519400,0,,0,2,,North,2019/2020,GREAT SOUTH RD (NEWMARKET) (CWC),PURIRI AVENUE,,Serious Crash,No,2019,,North,,0,,Flat,,,,,,Overcast,616900,0,0,0,6,,,0,,,,,,Auckland Region,Nil,2-way,Sealed,,0,1,,50,,Off,1,0,,76,Auckland,Unknown,,,,,0,0,Urban,0,,,Fine,Null
1756967.395,5920282.852,605106,,514102,0,,0,2,,Null,2019/2020,HOBSON STREET,PACIFIC PLACE,,Serious Crash,No,2019,,South,,0,,Flat,,,,,,Bright sun,434104,0,0,0,4,,,0,,,,,,Auckland Region,Nil,1-way,Sealed,,0,1,,50,,Off,0,0,,76,Auckland,Nil,,,,,0,0,Urban,0,,,Fine,Null
1764101.804,5910462.069,605116,,521801,0,0,0,1,0,South,2019/2020,ATKINSON AVE (OTAHUHU),LUKE STREET,,Serious Crash,No,2019,0,South,0,0,0,Flat,0,,0,,0,Bright sun,786600,0,0,0,4,0,0,0,0,0,,0,0,Auckland Region,Nil,2-way,Sealed,0,0,1,0,50,0,Off,0,0,,76,Auckland,Unknown,0,1,0,0,0,0,Urban,0,0,0,Fine,Null
1756042.19,5917392.935,605253,,518201,0,,0,0,,North,2019/2020,DOMINION ROAD,BELLWOOD AVENUE,,Serious Crash,No,2019,,South,,0,,Flat,,,,,,Dark,547800,0,0,0,4,,,0,,,1,,,Auckland Region,Nil,2-way,Sealed,,0,1,,50,,On,0,0,30,76,Auckland,Unknown,,,,,1,0,Urban,0,,,Fine,Null
1774025.283,5897541.21,605296,,525630,0,,0,1,,Null,2019/2020,COSGRAVE ROAD,OLD WAIROA ROAD,,Serious Crash,No,2020,,South,,0,,Flat,,,,,,Dark,795700,1,0,0,2,,,0,,,,,,Auckland Region,Nil,2-way,Sealed,,0,1,,50,,On,1,0,,76,Auckland,Stop,,,,,0,0,Urban,0,,,Fine,Null
1773411.151,5913878.176,605448,,523201,0,,0,0,,South,2019/2020,JOHN GILL ROAD,CLIPPER PLACE,,Serious Crash,No,2019,,North,,0,,Hill Road,,,,,,Overcast,717701,3,0,0,2,,,0,,,,,,Auckland Region,Nil,2-way,Sealed,,0,1,,50,,Off,0,0,,76,Auckland,Unknown,,,,,0,0,Urban,1,,,Fine,Null
1762654.445,5914806.255,605578,,520401,0,0,0,1,0,Null,2018/2019,OFF ROAD CARPARK,,,Serious Crash,No,2019,0,West,0,0,0,Hill Road,1,Easter,0,,1,Bright sun,644101,0,0,0,0,0,0,0,0,0,,0,0,Auckland Region,Nil,Off road,Sealed,0,0,1,0,10,0,Off,0,0,,76,Auckland,Unknown,0,0,0,0,0,0,Urban,0,0,0,Fine,Null
1767623.466,5907690.022,605657,,523602,0,0,0,1,0,West,2019/2020,EAST TAMAKI RD (WESTBOUND) (SW),HILLS ROAD,,Serious Crash,No,2019,0,North,0,0,0,Flat,0,,0,,0,Bright sun,709900,0,0,0,4,0,0,0,0,0,,0,0,Auckland Region,Nil,2-way,Sealed,0,0,1,0,60,0,Off,0,0,,76,Auckland,Unknown,0,0,0,1,0,0,Urban,0,0,0,Fine,Null
1772358.516,5914268.39,605660,,521602,0,0,0,1,0,North,2019/2020,COOK ST (HOWICK),DRAKE STREET,,Serious Crash,No,2019,0,North,0,0,1,Flat,0,,0,,0,Dark,650200,1,0,0,2,0,0,0,0,0,,0,0,Auckland Region,Nil,2-way,Sealed,0,0,1,0,60,0,On,0,0,,76,Auckland,Unknown,0,0,0,0,0,0,Urban,0,0,0,Fine,Null
1761726.332,5920025.283,605663,,516400,0,0,0,1,1,East,2018/2019,TAMAKI DRIVE,Okahu Street,,Serious Crash,No,2018,0,West,0,0,0,Flat,0,,0,,1,Overcast,496700,0,0,0,2,0,0,0,0,0,,0,0,Auckland Region,Nil,2-way,Sealed,0,0,1,0,50,0,Off,0,0,,76,Auckland,Unknown,0,0,0,0,0,0,Urban,0,0,0,Light rain,Null
1751967.908,5917926.144,606101,,515001,1,,0,2,,North,2018/2019,GREAT NORTH ROAD,GREAT NORTH ROAD ON RAMP,,Serious Crash,No,2019,,North,,0,,Flat,,,,,,Bright sun,392400,0,0,0,3,,,0,,,,,,Auckland Region,Nil,1-way,Sealed,,0,1,,50,,Off,0,0,,76,Auckland,Nil,,,,,0,0,Urban,1,,,Fine,Null
1758862.863,5911779.552,606111,,519820,0,,0,1,,Null,2018/2019,NEILSON STREET,SELWYN STREET,,Serious Crash,No,2019,,West,,0,,Flat,,,,,,Overcast,602300,2,0,0,5,,,0,,,,,,Auckland Region,Nil,2-way,Sealed,,0,1,,50,,Null,1,0,,76,Auckland,Traffic Signals,,,,,0,0,Urban,0,,,Light rain,Null
1757414.736,5918760.996,606114,,514302,0,0,0,1,0,North,2019/2020,SOUTHERN TO PORT LINK,SOUTHERN MOTORWAY,,Serious Crash,Yes,2020,0,North,0,0,0,Flat,1,,0,,0,Bright sun,442500,0,0,1,2,0,0,0,0,0,,0,0,Auckland Region,Motorway ramp,1-way,Sealed,0,0,1,0,80,0,Off,0,0,,76,Auckland,Unknown,0,0,0,0,0,0,Open,0,0,0,Fine,Null
1750936.651,5918004.193,606128,,514801,0,0,0,1,0,East,2018/2019,016-0000/00.76-I,ROSEBANK BR,,Serious Crash,Yes,2019,0,West,0,0,0,Flat,1,,0,,0,Twilight,390402,2,0,0,6,0,0,0,0,0,,0,0,Auckland Region,Nil,1-way,Sealed,0,0,1,0,100,0,Off,0,0,,76,Auckland,Unknown,0,0,0,0,0,0,Open,0,0,0,Fine,Null
1780883.196,5884096.047,606199,,521132,0,0,0,1,1,East,2018/2019,PAPARATA RD,TOTARA ROAD,,Serious Crash,No,2019,0,West,0,0,0,Hill Road,0,,0,,0,Bright sun,815401,0,0,0,2,0,0,0,0,0,,0,0,Auckland Region,Nil,2-way,Sealed,0,0,1,0,100,0,None,0,0,,76,Auckland,Unknown,0,0,0,0,0,0,Open,0,0,0,Fine,Null
1738378.462,5919670.799,606248,,513702,0,0,0,1,0,East,2019/2020,WAITAKERE RD ,NORTHFIELD ROAD,,Serious Crash,No,2019,0,North,1,0,0,Hill Road,0,,0,,0,Dark,230100,0,0,0,2,0,0,0,0,0,,0,0,Auckland Region,Nil,2-way,Sealed,0,0,1,0,80,0,None,0,0,,76,Auckland,Unknown,0,0,0,0,0,0,Open,0,0,0,Light rain,Null
1755365.24,5916333.057,606297,,518301,0,0,0,0,0,Null,2019/2020,BALMORAL ROAD,PINE STREET,,Serious Crash,No,2019,0,West,0,0,0,Flat,0,,0,,0,Overcast,553500,3,0,0,4,0,0,0,0,0,,0,0,Auckland Region,Nil,2-way,Sealed,0,0,1,0,50,0,Off,1,0,,76,Auckland,Traffic Signals,0,1,0,0,0,0,Urban,0,0,0,Light rain,Null
1752406.684,5917961.713,606353,,515003,1,,0,1,,North,2019/2020,CARRINGTON RD,SUTHERLAND ROAD,,Serious Crash,No,2019,,South,,0,,Flat,,,,,,Bright sun,391602,0,0,0,2,,,0,,,,,,Auckland Region,Nil,2-way,Sealed,,0,1,,50,,Off,0,0,,76,Auckland,Unknown,,,,,0,0,Urban,0,,,Fine,Null
1745718.69,5914763.865,606455,,511800,0,0,0,1,0,Null,2019/2020,RANGEVIEW ROAD,SHERRYBROOKE PLACE,,Serious Crash,No,2019,0,South,0,0,0,Flat,0,,0,,1,Dark,277801,0,0,0,2,0,0,0,0,0,,0,0,Auckland Region,Nil,2-way,Sealed,0,0,1,0,50,0,On,0,0,,76,Auckland,Nil,0,0,0,2,0,0,Urban,0,0,0,Fine,Null
1751145.382,5946631.649,606482,,505807,0,,0,0,,Null,2018/2019,WHANGAPARAOA ROAD,JOHN DEE CRESCENT,,Serious Crash,No,2019,,East,,0,,Flat,,,,,,Overcast,172802,1,0,1,2,,,0,,,,,,Auckland Region,Nil,2-way,Sealed,,0,1,,60,,Off,0,0,,76,Auckland,Stop,,,,,0,0,Urban,1,,,Fine,Null
1757991.533,5913554.754,606532,,518600,0,0,0,1,1,Null,2018/2019,OFF ROAD Z ENERGY STATION,,,Fatal Crash,No,2019,0,North,0,1,0,Flat,0,,0,,0,Bright sun,567300,0,0,0,,0,0,0,0,0,,0,0,Auckland Region,Nil,Off road,Sealed,0,0,0,0,10,0,Off,0,0,,76,Auckland,Nil,0,0,0,1,0,0,Urban,0,0,0,Fine,Null
1755783.432,5916468.921,606717,,518201,0,,0,1,,North,2018/2019,DOMINION RD (MT EDEN),DEXTER AVENUE,,Serious Crash,No,2019,,South,,0,,Flat,,,,,,Dark,552900,0,0,0,2,,,0,,,1,,,Auckland Region,Nil,2-way,Sealed,,0,1,,50,,On,0,0,,76,Auckland,Traffic Signals,,,,,0,0,Urban,0,,,Fine,Null
1753650.144,5926951.308,606718,,508220,0,,0,0,,North,2016/2017,Glenfield Road,PARK ROAD,,Serious Crash,No,2016,,Null,,0,,Hill Road,,,,,,Overcast,187700,0,0,0,2,,,0,,,1,,,Auckland Region,Nil,2-way,Sealed,,0,1,,50,,None,0,0,,76,Auckland,Unknown,,,,,0,1,Urban,0,,,Fine,Null
1756593.541,5919604.989,606969,,514102,0,,0,1,,North,2018/2019,01N-0427-I,HOPETOUN OBR,,Serious Crash,Yes,2019,,South,,0,,Hill Road,,,,,,Overcast,435500,1,0,0,2,,,0,,,,,,Auckland Region,Nil,1-way,Sealed,,0,1,,80,,Off,0,0,,76,Auckland,Unknown,,,,,2,0,Open,1,,,Light rain,Null
1748706.44,5932981.952,607030,,509000,0,,0,2,,South,2018/2019,COLLINGS DR,RIDGE ROAD,,Serious Crash,No,2019,,East,,0,,Hill Road,,,,,,Bright sun,179307,0,0,0,0,,,0,,,,,,Auckland Region,Nil,2-way,Sealed,,0,1,,80,,Off,0,0,,76,Auckland,Nil,,,,,0,0,Open,0,,,Fine,Null
1758191.844,5906138.968,607048,,524200,0,0,0,3,0,West,2018/2019,AINTREE AVE,ANDREW BAXTER DR,,Serious Crash,No,2019,0,South,0,0,0,Flat,0,,0,,0,Dark,726400,0,0,0,2,0,0,0,0,3,,0,0,Auckland Region,Nil,2-way,Sealed,0,0,1,0,50,0,On,0,0,,76,Auckland,Unknown,0,0,0,0,0,0,Urban,1,0,0,Fine,Null
1767332.086,5883266.196,607079,35,521111,0,,0,2,,West,2018/2019,HEIGHTS RD,OSTRICH FARM ROAD,,Serious Crash,No,2019,,North,,0,,Flat,,,,,,Dark,826601,0,0,0,2,,,0,,,,,,Auckland Region,Nil,2-way,Sealed,,0,1,,100,,None,0,0,,76,Auckland,Unknown,,,,,0,0,Open,0,,,Light rain,Null
1771948.329,5897287.052,607143,,525420,0,0,0,2,0,North,2019/2020,GREAT SOUTH RD (PAPAKURA),TRENTHAM ROAD,,Serious Crash,No,2019,0,South,0,0,0,Hill Road,0,,0,,0,Overcast,790800,0,0,0,2,0,0,0,0,1,,0,0,Auckland Region,Nil,2-way,Sealed,0,0,1,0,50,0,Off,0,0,,76,Auckland,Unknown,0,0,0,0,0,0,Urban,0,0,0,Fine,Null
1728264.147,5935380.534,607158,,506642,0,0,0,0,0,North,2017/2018,016-0037,HUTCHINSON ROAD,,Serious Crash,Yes,2018,0,West,1,0,0,Flat,0,,0,,0,Bright sun,211200,1,0,0,2,0,0,0,0,0,,0,0,Auckland Region,Nil,2-way,Sealed,0,0,2,0,100,0,Off,0,0,,76,Auckland,Nil,0,0,0,0,0,0,Open,1,0,0,Fine,Null
1759802.031,5907500.714,607161,,524121,1,,1,0,,Null,2018/2019,BADER DRIVE,IDLEWILD AVENUE,,Serious Crash,No,2019,,North,,0,,Flat,,,,,,Bright sun,737600,0,0,0,2,,,0,,,,,,Auckland Region,Nil,2-way,Sealed,,0,1,,50,,Off,0,0,,76,Auckland,Give way,,,,,0,0,Urban,0,,,Fine,Null
1755172.958,5913426.023,607268,,518803,0,,0,1,,West,2018/2019,020-0010/02.54-D,DOMINION ROAD ON RAMP,,Serious Crash,Yes,2019,,South,,0,,Flat,,,,,,Dark,582700,1,0,0,3,,,0,,,,,,Auckland Region,Nil,1-way,Sealed,,0,1,,100,,On,1,0,,76,Auckland,Unknown,,,,,0,0,Open,2,,,Mist or Fog,Null
1769020.304,5913731.186,607317,,522723,0,0,0,1,0,Null,2018/2019,CASCADES ROAD,WALWORTH AVENUE,,Serious Crash,No,2019,0,South,0,0,0,Flat,0,,1,,0,Overcast,681400,0,0,0,2,0,0,0,0,0,1,0,0,Auckland Region,Nil,2-way,Sealed,0,0,1,0,50,0,Off,0,0,,76,Auckland,Unknown,0,0,0,0,0,0,Urban,0,0,0,Fine,Null
1747248.786,5914909.968,607318,,511800,0,0,0,0,0,South,2018/2019,GREAT NORTH RD (WAITAKERE),WAIKUMETE CEMETERY,,Serious Crash,No,2019,0,North,0,0,0,Flat,0,,0,,1,Dark,277902,0,0,1,4,0,0,0,0,0,,0,0,Auckland Region,Nil,2-way,Sealed,0,0,1,0,50,0,On,1,0,,76,Auckland,Nil,0,0,0,0,0,0,Urban,0,0,0,Fine,Null
1766477.919,5910271.115,607465,,523112,0,0,0,1,0,West,2019/2020,HIGHBROOK DR (SOUTHBOUND/TAMAKI) (SE),EL KOBAR DRIVE,,Serious Crash,No,2019,0,West,0,0,0,Flat,0,,0,,0,Bright sun,711301,0,0,0,4,0,0,0,0,0,,0,1,Auckland Region,Nil,2-way,Sealed,0,0,1,0,70,0,Off,0,0,,76,Auckland,Unknown,0,0,0,0,0,0,Urban,0,0,0,Fine,Null
1761349.009,5907536.122,607484,,524510,0,0,0,2,0,Null,2019/2020,"BUCKLAND ROAD, MANGERE EAST, AUCKLAND 2024",,,Serious Crash,No,2019,0,East,0,0,1,Flat,0,,0,,0,Overcast,736702,1,0,0,2,0,0,0,0,0,,1,0,Auckland Region,Nil,2-way,Sealed,0,0,1,0,50,0,None,0,0,,76,Auckland,Unknown,0,0,0,0,0,0,Urban,0,0,0,Fine,Null
1768590.042,5903146.108,607600,,523820,0,0,0,2,0,North,2019/2020,01N-0448-I,ORAMS OBR,,Serious Crash,Yes,2019,0,South,0,0,0,Hill Road,1,,0,,0,Bright sun,760121,0,0,0,3,0,0,0,0,0,,0,0,Auckland Region,Nil,1-way,Sealed,0,0,1,0,80,0,Off,0,0,,76,Auckland,Unknown,0,0,0,0,0,0,Open,0,0,0,Fine,Null