X,Y,OBJECTID,advisorySpeed,areaUnitID,bicycle,bridge,bus,carStationWagon,cliffBank,crashDirectionDescription,crashFinancialYear,crashLocation1,crashLocation2,crashRoadSideRoad,crashSeverity,crashSHDescription,crashYear,debris,directionRoleDescription,ditch,fatalCount,fence,flatHill,guardRail,holiday,houseOrBuilding,intersection,kerb,light,meshblockId,minorInjuryCount,moped,motorcycle,NumberOfLanes,objectThrownOrDropped,otherObject,otherVehicleType,overBank,parkedVehicle,pedestrian,phoneBoxEtc,postOrPole,region,roadCharacter,roadLane,roadSurface,roadworks,schoolBus,seriousInjuryCount,slipOrFlood,speedLimit,strayAnimal,streetLight,suv,taxi,temporarySpeedLimit,tlaId,tlaName,trafficControl,trafficIsland,trafficSign,train,tree,truck,unknownVehicleType,urban,vanOrUtility,vehicle,waterRiver,weatherA,weatherB
1755959.129,5917094.109,607679,,518201,0,,0,1,,Null,2018/2019,DOMINION ROAD,PROSPECT TERRACE,,Serious Crash,No,2019,,South,,0,,Flat,,,,,,Dark,548102,0,1,0,2,,,0,,,,,,Auckland Region,Nil,2-way,Sealed,,0,1,,50,,On,0,0,,76,Auckland,Give way,,,,,0,0,Urban,0,,,Fine,Null
1781310.999,5925772.214,607705,,520801,0,0,0,0,0,Null,2019/2020,CAUSEWAY ROAD,DONALD BRUCE ROAD,,Serious Crash,No,2019,0,West,0,0,0,Flat,0,Christmas New Year,0,,0,Dark,516704,0,0,1,2,0,1,0,0,0,,0,0,Auckland Region,Nil,2-way,Sealed,0,0,1,0,50,0,On,0,0,,76,Auckland,Give way,0,1,0,0,0,0,Urban,0,0,0,Fine,Null
1757179.932,5920341.6,607707,,514102,0,,0,1,,North,2019/2020,ALBERT STREET,WELLESLEY STREET WEST,,Serious Crash,No,2020,,East,,0,,Flat,,,,,,Dark,433900,0,0,0,2,,,0,,,,,,Auckland Region,Nil,2-way,Sealed,,0,1,,50,,On,0,0,30,76,Auckland,Nil,,,,,0,0,Urban,1,,,Fine,Null
1756220.955,5919272.187,607795,,515420,0,,0,1,,North,2019/2020,PONSONBY RD,KARANGAHAPE ROAD,,Serious Crash,No,2019,,South,,0,,Flat,,,,,,Dark,411600,0,0,0,5,,,0,,,1,,,Auckland Region,Nil,2-way,Sealed,,0,1,,50,,On,0,0,,76,Auckland,Unknown,,,,,0,0,Urban,0,,,Light rain,Null
1750213.377,5915237.31,607872,,514802,1,,0,1,,Null,2019/2020,ASH STREET,SANDY LANE,,Serious Crash,No,2020,,West,,0,,Flat,,,,,,Overcast,386903,0,0,0,5,,,0,,,,,,Auckland Region,Nil,2-way,Sealed,,0,1,,50,,Off,0,0,,76,Auckland,Nil,,,,,0,0,Urban,0,,,Fine,Null
1760992.818,5919804.304,607919,,516400,0,,0,1,,South,2019/2020,NGAPIPI RD,TAMAKI DR,,Serious Crash,No,2019,,South,,0,,Flat,,,,,,Bright sun,496900,0,0,1,2,,,0,,,,,,Auckland Region,Nil,2-way,Sealed,,0,1,,50,,Off,0,0,,76,Auckland,Unknown,,,,,0,0,Urban,0,,,Fine,Null
1761314.768,5916744.088,607921,,516202,0,,0,1,,Null,2019/2020,"REMUERA ROAD, REMUERA, AUCKLAND 1050",TAHORA AVENUE,,Serious Crash,No,2020,,North,,0,,Flat,,,,,,Bright sun,489900,0,0,0,4,,,0,,,1,,,Auckland Region,Nil,2-way,Sealed,,0,1,,50,,Off,0,0,,76,Auckland,Stop,,,,,0,0,Urban,0,,,Fine,Null
1738838.588,5929799.832,607996,,505602,0,,0,1,,Null,2020/2021,ORAHA ROAD,KORAHA ROAD,,Serious Crash,No,2020,,North,,0,,Flat,,,,,,Overcast,214101,0,0,0,2,,,0,,,,,,Auckland Region,Nil,2-way,Sealed,,0,1,,60,,Off,0,0,,76,Auckland,Give way,,,,,0,0,Urban,1,,,Fine,Null
1767567.045,5904681.211,608058,,524604,0,,0,1,,North,2019/2020,GREAT SOUTH RD (MANUKAU),RONWOOD AVENUE,,Serious Crash,No,2019,,North,,0,,Flat,,,,,,Dark,780209,2,0,0,6,,,0,,,,,,Auckland Region,Nil,2-way,Sealed,,0,2,,60,,On,0,0,,76,Auckland,Unknown,,,,,0,0,Urban,0,,,Fine,Null
1769131.137,5912767.759,608300,,522723,0,,0,0,,Null,2019/2020,BEN LOMOND CRESCENT,CANON PLACE,,Serious Crash,No,2019,,East,,0,,Flat,,,,,,Overcast,682900,1,0,0,2,,,0,,,,,,Auckland Region,Nil,2-way,Sealed,,0,1,,50,,Off,0,0,,76,Auckland,Give way,,,,,0,0,Urban,1,,,Light rain,Null
1762931.144,5915484.189,608329,,520302,0,0,0,0,0,West,2019/2020,MARUA ROAD,STANHOPE ROAD,,Serious Crash,No,2020,0,East,0,0,0,Hill Road,0,Easter,0,,1,Dark,625000,0,0,1,2,0,0,0,0,0,,0,0,Auckland Region,Nil,2-way,Sealed,0,0,1,0,50,0,On,0,0,,76,Auckland,Unknown,0,0,0,0,0,0,Urban,0,0,0,Fine,Null
1791020.38,5909099.78,608641,,525202,0,0,0,0,1,East,2019/2020,CLEVEDON-KAWAKAWA ROAD,PIRO BR,,Serious Crash,No,2020,0,North,0,0,0,Flat,0,,0,,0,Bright sun,764800,0,0,1,2,0,0,0,0,0,,0,0,Auckland Region,Nil,2-way,Sealed,0,0,1,0,100,0,None,0,0,,76,Auckland,Nil,0,0,0,0,0,0,Open,0,0,0,Fine,Null
1732676.835,5929654.637,608644,,505601,0,0,0,1,0,West,2018/2019,016-0019/02.17,SOLAN DRIVE,,Serious Crash,Yes,2019,0,West,0,0,1,Hill Road,0,Queens Birthday,0,,0,Dark,216205,0,0,0,2,0,0,0,0,0,,0,0,Auckland Region,Nil,2-way,Sealed,0,0,1,0,70,0,None,0,0,,76,Auckland,Unknown,0,0,0,1,0,0,Urban,0,0,0,Light rain,Null
1767240.375,5901302.802,608733,,524720,0,,0,0,,Null,2019/2020,RUSSELL ROAD,SWALLOW DRIVE,,Serious Crash,No,2019,,North,,0,,Flat,,,,,,Dark,777502,0,1,0,2,,,0,,,,,,Auckland Region,Nil,2-way,Sealed,,0,1,,50,,On,0,0,,76,Auckland,Give way,,,,,0,0,Urban,1,,,Fine,Null
1743910.769,5908117.76,608735,,513800,0,,0,2,,South,2018/2019,HUIA RD (WAITAKERE),VICTORY ROAD,,Serious Crash,No,2019,,North,,0,,Hill Road,,,,,,Dark,303001,1,0,0,2,,,0,,,,,,Auckland Region,Nil,2-way,Sealed,,0,2,,50,,None,0,0,,76,Auckland,Unknown,,,,,0,0,Urban,0,,,Light rain,Null
1768883.403,5902696.551,608959,,524901,0,,0,0,,South,2020/2021,SOUTHERN MOTORWAY,PUHINUI STM BR,,Serious Crash,Yes,2020,,South,,0,,Flat,,,,,,Dark,755000,0,0,1,3,,,0,,,,,,Auckland Region,Nil,1-way,Sealed,,0,1,,100,,On,0,0,,76,Auckland,Nil,,,,,1,0,Open,0,,,Fine,Null
1772920.232,5900487.55,608970,,523911,0,,0,1,,South,2019/2020,MILL ROAD,POPES ROAD,,Serious Crash,No,2020,,South,,0,,Flat,,,,,,Twilight,767204,0,0,0,2,,,0,,,,,,Auckland Region,Nil,2-way,Sealed,,0,1,,100,,None,1,0,,76,Auckland,Unknown,,,,,0,0,Open,0,,,Fine,Null
1767956.682,5902609.558,608976,,524602,0,,0,0,,Null,2018/2019,"Z OFF ROAD MANUKAU SUPER CLINIC, WIRI (AUCKLAND)",,,Serious Crash,No,2019,,North,,0,,Flat,,,,,,Dark,780407,0,0,1,0,,,0,,,,,,Auckland Region,Nil,Off road,Sealed,,0,1,,30,,On,0,0,,76,Auckland,Unknown,,,,,0,0,Urban,0,,,Fine,Null
1767615.999,5902197.862,609011,,525001,0,,0,1,,Null,2019/2020,BROWNS ROAD,STURDEE ROAD,,Serious Crash,No,2019,,West,,0,,Flat,,,,,,Dark,750200,0,0,1,2,,,0,,,,,,Auckland Region,Nil,2-way,Sealed,,0,1,,50,,On,0,0,,76,Auckland,Give way,,,,,0,0,Urban,0,,,Fine,Null
1768066.925,5904185.133,609016,,523820,0,,0,4,,South,2018/2019,01N-0448-I,REDOUBT OBR,,Serious Crash,Yes,2019,,South,,0,,Hill Road,,,,,,Dark,759901,2,0,0,3,,,0,,,,,,Auckland Region,Nil,1-way,Sealed,,0,1,,100,,On,0,0,,76,Auckland,Unknown,,,,,0,0,Open,0,,,Fine,Null
1756030.187,5911999.587,609037,,518702,0,,0,2,,South,2019/2020,HILLSBOROUGH RD (HILLSBOROUGH),GOODALL STREET,,Serious Crash,No,2019,,North,,0,,Hill Road,,,,,,Twilight,571700,0,0,0,4,,,0,,,,,,Auckland Region,Nil,2-way,Sealed,,0,2,,50,,Off,0,0,,76,Auckland,Unknown,,,,,0,0,Urban,0,,,Fine,Null
1780095.085,5901726.989,609045,,525201,0,0,0,2,0,South,2019/2020,PAPAKURA/CLEVEDON RD,CLEVEDON TAKANINI ROAD,,Serious Crash,No,2019,0,East,0,0,1,Flat,0,,0,,0,Twilight,763400,1,0,0,2,0,0,0,0,0,,0,1,Auckland Region,Bridge,2-way,Sealed,0,0,1,0,100,0,None,0,0,,76,Auckland,Unknown,0,0,0,0,0,0,Open,0,0,1,Fine,Null
1754464.271,5916414.238,609260,,517702,0,,0,1,,North,2018/2019,FOWLDS AVE,LOCARNO AVENUE,,Serious Crash,No,2019,,North,,0,,Flat,,,,,,Bright sun,540201,0,0,0,2,,,0,,,,,,Auckland Region,Nil,2-way,Sealed,,0,1,,50,,Off,0,0,,76,Auckland,Unknown,,,,,0,0,Urban,1,,,Fine,Null
1754546.354,5968371.655,609309,,506631,0,0,0,1,1,North,2020/2021,MAHURANGI EAST ROAD,ARIKI DRIVE,,Serious Crash,No,2020,0,North,0,0,1,Flat,0,,0,,0,Twilight,139507,0,0,0,2,0,0,0,0,0,,0,0,Auckland Region,Nil,2-way,Sealed,0,0,1,0,50,0,On,0,0,,76,Auckland,Unknown,0,0,0,0,0,0,Urban,0,0,0,Fine,Null
1763416.422,5904897.885,609325,,524200,0,0,0,2,0,North,2019/2020,SOUTH-WESTERN MOTORWAY,PUHINUI ROAD-SH 20B ON RAMP,,Serious Crash,Yes,2020,0,North,0,0,0,Flat,3,,0,,0,Dark,728900,1,0,0,2,0,0,0,0,0,,0,0,Auckland Region,Nil,1-way,Sealed,0,0,1,0,100,0,On,0,0,,76,Auckland,Unknown,0,0,0,0,0,0,Open,0,0,0,Fine,Null
1765254.395,5898262.745,609409,,524811,0,,0,1,,North,2019/2020,DOMAIN RD (MANUREWA),MCLEOD ROAD,,Serious Crash,No,2019,,West,,0,,Flat,,,,,,Dark,773501,0,0,0,2,,,0,,,1,,,Auckland Region,Nil,2-way,Sealed,,0,1,,50,,On,0,0,,76,Auckland,Unknown,,,,,0,1,Urban,0,,,Fine,Null
1754531.83,5924783.287,609426,,510500,0,,0,0,,Null,2019/2020,ONEWA ROAD,PARK AVENUE,,Serious Crash,No,2019,,West,,0,,Flat,,,,,,Bright sun,356201,0,1,0,4,,,0,,,,,,Auckland Region,Nil,2-way,Sealed,,0,1,,50,,Off,1,0,,76,Auckland,Stop,,,,,0,0,Urban,0,,,Fine,Null
1758687.529,5918772.779,609520,,517400,0,,0,0,,North,2019/2020,PARNELL ROAD,GEORGE STREET,,Serious Crash,No,2020,,North,,0,,Flat,,,,,,Bright sun,450800,0,0,1,4,,,0,,,,,,Auckland Region,Nil,2-way,Sealed,,0,1,,50,,Off,1,0,,76,Auckland,Nil,,,,,0,0,Urban,0,,,Fine,Null
1746038.948,5913121.127,609716,,511001,0,,0,1,,Null,2019/2020,PISCES ROAD,ROSIER ROAD,,Serious Crash,No,2019,,East,,0,,Hill Road,,,,,,Dark,282825,0,0,1,2,,,0,,,,,,Auckland Region,Nil,2-way,Sealed,,0,1,,50,,On,0,0,,76,Auckland,Stop,,,,,0,0,Urban,0,,,Fine,Null
1756174.363,5933051.549,609777,,507300,1,,0,1,,Null,2019/2020,BEACH ROAD,SUNRISE AVENUE,,Serious Crash,No,2019,,North,,0,,Hill Road,,,,,,Bright sun,153700,0,0,0,2,,,0,,,,,,Auckland Region,Nil,2-way,Sealed,,0,1,,50,,Off,0,0,,76,Auckland,Give way,,,,,0,0,Urban,0,,,Fine,Null
1757519.512,5929077.386,610038,,507800,0,,0,1,,Null,2019/2020,OFF ROAD DRIVEWAY,,,Serious Crash,No,2019,,Null,,0,,Flat,,,,,,Bright sun,310800,0,0,0,,,,0,,,,,,Auckland Region,Nil,Off road,Sealed,,0,1,,50,,Off,0,0,,76,Auckland,Nil,,,,,0,0,Urban,0,,,Fine,Null
1767192.867,5879665.16,610041,75,521112,0,0,0,2,0,West,2019/2020,WAIUKU RD,ROWLES ROAD,,Serious Crash,No,2019,0,East,0,0,0,Hill Road,0,,0,,0,Twilight,826000,1,0,0,2,0,0,0,0,0,,0,0,Auckland Region,Nil,2-way,Sealed,0,0,1,0,100,0,None,0,0,,76,Auckland,Unknown,0,0,0,1,0,0,Open,0,0,0,Light rain,Strong wind
1769486.854,5899829.841,610070,,525002,0,,0,0,,North,2019/2020,GREAT SOUTH ROAD,MAHIA ROAD,,Serious Crash,No,2019,,North,,0,,Flat,,,,,,Bright sun,754000,0,0,1,3,,,0,,,,,,Auckland Region,Nil,2-way,Sealed,,0,1,,50,,Off,0,0,,76,Auckland,Nil,,,,,0,0,Urban,1,,,Fine,Null
1744976.083,5921203.633,610074,,513530,0,0,0,1,0,South,2019/2020,NORTH-WESTERN MOTORWAY,HURUHURU OBR,,Serious Crash,Yes,2020,0,South,0,0,0,Flat,1,,0,,0,Bright sun,226303,1,0,0,3,0,0,0,0,0,,0,0,Auckland Region,Nil,1-way,Sealed,0,0,1,0,100,0,Off,1,0,,76,Auckland,Unknown,0,0,0,0,0,0,Open,0,0,0,Fine,Null
1748259.068,5945176.809,610294,,506201,0,0,0,1,0,Null,2019/2020,DAIRY FLAT HIGHWAY,PINE VALLEY ROAD,,Serious Crash,No,2020,0,West,0,0,1,Flat,0,,0,,0,Dark,176700,0,0,0,2,0,0,0,1,0,,0,0,Auckland Region,Nil,2-way,Sealed,0,0,1,0,80,0,None,0,0,,76,Auckland,Nil,0,0,0,0,0,0,Open,0,0,0,Fine,Null
1764043.229,5911777.137,610399,,520500,0,,0,1,,North,2019/2020,MOUNT WELLINGTON HIGHWAY,GEORGE BOURKE DRIVE,,Serious Crash,No,2020,,North,,0,,Hill Road,,,,,,Bright sun,637900,0,0,1,4,,,0,,,,,,Auckland Region,Nil,2-way,Sealed,,0,1,,50,,Off,0,0,,76,Auckland,Nil,,,,,0,0,Urban,0,,,Fine,Null
1743065.616,5911202.78,610444,,512902,0,0,0,1,0,North,2020/2021,PARKER ROAD,NORTH WAY,,Fatal Crash,No,2020,0,North,0,1,2,Hill Road,0,,0,,0,Overcast,279500,0,0,0,2,0,0,0,1,0,,0,1,Auckland Region,Nil,2-way,Sealed,0,0,1,0,80,0,Off,0,0,,76,Auckland,Nil,0,0,0,0,0,0,Open,0,0,0,Light rain,Null
1769339.571,5902305.957,610560,,524901,0,0,0,2,0,North,2019/2020,SOUTHERN MOTORWAY,HILL ROAD ON RAMP,,Serious Crash,Yes,2020,0,North,0,0,0,Hill Road,0,,0,,0,Bright sun,755600,0,0,0,3,0,0,0,1,0,,0,0,Auckland Region,Nil,1-way,Sealed,0,0,1,0,100,0,Off,0,0,,76,Auckland,Nil,0,0,0,1,0,0,Open,0,0,0,Fine,Null
1746461.492,5947631.513,610662,,506614,0,0,0,0,0,West,2020/2021,WAINUI ROAD,ARGENT LANE,,Serious Crash,No,2020,0,East,0,0,1,Hill Road,0,,0,,0,Bright sun,177702,0,0,0,2,0,0,0,0,0,,0,0,Auckland Region,Nil,2-way,Sealed,0,0,1,0,100,0,None,0,0,,76,Auckland,Nil,0,0,0,1,1,0,Open,0,0,0,Fine,Null
1746207.373,5969879.091,610697,,506613,0,,0,1,,East,2020/2021,WOODCOCKS ROAD,CARRAN ROAD,,Serious Crash,No,2020,,East,,0,,Flat,,,,,,Overcast,145900,0,0,0,2,,,0,,,,,,Auckland Region,Nil,2-way,Sealed,,0,1,,100,,None,0,0,50,76,Auckland,Nil,,,,,1,0,Open,0,,,Fine,Null
1760547.368,5916343.361,610768,,516002,0,,0,1,,North,2020/2021,ASCOT AVENUE,GREEN LANE EAST,,Serious Crash,No,2020,,North,,0,,Flat,,,,,,Overcast,493600,0,0,0,2,,,0,,,1,,,Auckland Region,Nil,2-way,Sealed,,0,1,,40,,Off,0,0,,76,Auckland,Nil,,,,,0,0,Urban,1,,,Fine,Null
1742553.286,5983998.159,610938,65,506660,0,0,0,0,0,West,2020/2021,WHANGARIPO VALLEY ROAD,OTOTARA LANE,,Serious Crash,No,2020,0,West,1,0,0,Hill Road,0,Christmas New Year,0,,0,Bright sun,136101,0,0,1,2,0,0,0,0,0,,0,0,Auckland Region,Nil,2-way,Sealed,0,0,1,0,100,0,None,0,0,,76,Auckland,Nil,0,0,0,1,0,0,Open,0,0,0,Fine,Null
1747428.153,5911406.717,610979,,511901,0,0,0,2,0,North,2020/2021,ATKINSON ROAD,DAFFODIL STREET,,Serious Crash,No,2020,0,North,0,0,0,Hill Road,0,,0,,0,Dark,294001,1,0,0,2,0,0,0,0,1,,0,0,Auckland Region,Speed hump,2-way,Sealed,0,0,3,0,50,0,On,0,0,,76,Auckland,Nil,0,0,0,0,0,0,Urban,0,0,0,Fine,Null
1757359.358,5931153.17,611021,,507500,0,,0,0,,North,2020/2021,BEACH ROAD,ABERDEEN ROAD,,Serious Crash,No,2020,,South,,0,,Hill Road,,,,,,Dark,148500,0,0,0,2,,,0,,,1,,,Auckland Region,Nil,2-way,Sealed,,0,1,,50,,On,1,0,,76,Auckland,Nil,,,,,0,0,Urban,0,,,Fine,Null
1766125.317,5916529.31,611084,,517100,0,,0,1,,Null,2020/2021,PT ENGLAND ROAD,TAURIMA AVENUE,,Serious Crash,No,2020,,East,,0,,Flat,,,,,,Dark,477100,0,0,0,2,,,0,,,1,,,Auckland Region,Nil,2-way,Sealed,,0,1,,50,,On,0,0,,76,Auckland,Give way,,,,,0,0,Urban,0,,,Fine,Null
1778801.86,5902073.917,611091,,525201,0,,0,0,,East,2019/2020,CLEVEDON-TAKANINI ROAD,PARISH LINE ROAD,,Serious Crash,No,2020,,North,,0,,Flat,,,,,,Bright sun,763300,0,0,1,2,,,0,,,,,,Auckland Region,Nil,2-way,Sealed,,0,1,,100,,None,0,0,,76,Auckland,Nil,,,,,0,0,Open,0,,,Fine,Null
1766241.458,5903798.879,611242,,524604,0,0,0,1,0,East,2020/2021,SOUTH-WESTERN MOTORWAY,PLUNKET OBR,,Serious Crash,Yes,2020,0,West,0,0,0,Flat,1,,0,,0,Dark,780210,2,0,0,2,0,0,0,0,0,,0,0,Auckland Region,Nil,1-way,Sealed,0,0,1,0,100,0,On,0,0,,76,Auckland,Nil,0,0,0,0,1,0,Open,0,0,0,Fine,Null
1781309.358,5904075.859,611262,,525201,0,,0,0,,South,2019/2020,PAPAKURA-CLEVEDON ROAD,CLEVEDON-KAWAKAWA ROAD,,Serious Crash,No,2020,,South,,0,,Flat,,,,,,Dark,762900,0,0,0,2,,,0,,,1,,,Auckland Region,Nil,2-way,Sealed,,0,1,,50,,On,0,0,30,76,Auckland,Nil,,,,,0,0,Urban,0,,,Light rain,Null
1757206.464,5919601.267,611268,,514103,0,0,0,1,0,North,2020/2021,LIVERPOOL STREET,CITY ROAD,,Serious Crash,No,2021,0,West,0,0,0,Hill Road,0,,1,,0,Dark,436300,0,0,0,1,0,0,0,0,0,,0,0,Auckland Region,Nil,1-way,Sealed,0,0,1,0,30,0,On,0,0,,76,Auckland,Nil,0,0,0,0,0,0,Urban,0,0,0,Fine,Null
1743369.433,5923595.189,611512,,513511,1,,0,1,,South,2020/2021,DON BUCK ROAD,FRED TAYLOR DRIVE,,Serious Crash,No,2020,,East,,0,,Flat,,,,,,Bright sun,224306,0,0,0,2,,,0,,,,,,Auckland Region,Nil,2-way,Sealed,,0,1,,50,,Off,0,0,,76,Auckland,Nil,,,,,0,0,Urban,0,,,Fine,Null
1775458.985,5909735.702,611517,,523202,0,0,0,1,0,Null,2020/2021,TRIG ROAD,WHITFORD MARAETAI ROAD,,Serious Crash,No,2021,0,North,1,0,1,Hill Road,0,,0,,0,Bright sun,716401,0,0,0,2,0,0,0,0,0,,0,0,Auckland Region,Nil,2-way,Sealed,0,0,1,0,60,0,Null,0,0,,76,Auckland,Give way,0,0,0,1,0,0,Urban,0,0,0,Fine,Null
1751960.266,5935050.656,611612,,508701,1,,0,1,,Null,2019/2020,WAKA STREET,WAIHOU CRESCENT,,Serious Crash,No,2020,,East,,0,,Flat,,,,,,Bright sun,178501,0,0,0,1,,,0,,,1,,,Auckland Region,Nil,2-way,Sealed,,0,1,,50,,Off,0,0,,76,Auckland,Nil,,,,,0,0,Urban,0,,,Fine,Null
1759326.207,5909601.723,611635,,524002,0,,1,0,,East,2020/2021,HASTIE AVENUE,CORONATION ROAD,,Serious Crash,No,2020,,West,,0,,Hill Road,,,,,,Bright sun,724300,0,0,0,2,,,0,,,1,,,Auckland Region,Nil,2-way,Sealed,,0,1,,50,,Off,0,0,,76,Auckland,Nil,,,,,0,0,Urban,0,,,Fine,Null
1757296.044,5919480.867,611663,,514301,0,,0,0,,South,2019/2020,SYMONDS ST (CITY),CITY ROAD,,Serious Crash,No,2019,,North,,0,,Flat,,,,,,Bright sun,440904,0,0,1,4,,,0,,,1,,,Auckland Region,Nil,2-way,Sealed,,0,1,,50,,Off,0,0,,76,Auckland,Unknown,,,,,0,0,Urban,0,,,Fine,Null
1771808.86,5879540.646,611840,,525922,0,0,0,0,0,Null,2020/2021,LOGAN ROAD,GOLDING ROAD,,Serious Crash,No,2020,0,North,1,0,0,Hill Road,0,,0,,0,Dark,827100,0,0,0,2,0,0,0,0,0,,0,0,Auckland Region,Nil,2-way,Sealed,0,0,1,0,100,0,None,1,0,,76,Auckland,Give way,0,0,0,0,0,0,Open,0,0,0,Fine,Null
1772813.237,5904261.952,611897,,523818,0,0,0,1,0,North,2020/2021,REDOUBT ROAD,ANNMARIE AVENUE,,Serious Crash,No,2020,0,South,0,0,1,Hill Road,0,,0,,0,Bright sun,762100,0,0,0,2,0,0,0,0,0,,0,0,Auckland Region,Nil,2-way,Sealed,0,0,1,0,50,0,Off,0,0,,76,Auckland,Nil,0,0,0,1,0,0,Urban,0,0,0,Fine,Null
1738295.435,5979613.716,611910,,506660,0,,0,2,,Null,2020/2021,SH 1,ROBERTSON ROAD,,Serious Crash,Yes,2021,,South,,0,,Hill Road,,,,,,Bright sun,136400,0,0,0,2,,,0,,,,,,Auckland Region,Nil,2-way,Sealed,,0,1,,100,,None,0,0,,76,Auckland,Nil,,,,,0,0,Open,0,,,Fine,Null
1763150.226,5905193.856,611942,,524200,0,,0,2,,South,2020/2021,SOUTH-WESTERN MOTORWAY,PORTAGE OBR,,Serious Crash,Yes,2021,,North,,0,,Flat,,,,,,Dark,728900,1,0,0,2,,,0,,,,,,Auckland Region,Nil,1-way,Sealed,,0,1,,100,,On,0,0,,76,Auckland,Nil,,,,,0,0,Open,0,,,Fine,Null
1753005.887,5935047.82,611979,,508703,0,0,0,1,0,Null,2020/2021,OTEHA VALLEY ROAD OFF RAMP,OTEHA VALLEY ROAD,,Serious Crash,No,2020,0,South,0,0,0,Flat,0,,0,,0,Dark,178511,0,0,0,1,0,0,0,0,0,,0,1,Auckland Region,Motorway ramp,1-way,Sealed,0,0,1,0,60,0,On,1,0,,76,Auckland,Traffic Signals,1,1,0,0,0,0,Urban,0,0,0,Fine,Null
1753961.29,5881623.105,611985,45,521152,0,0,0,0,0,North,2020/2021,GLENBROOK BEACH ROAD,BROOKSIDE ROAD,,Serious Crash,No,2020,0,North,0,0,1,Flat,0,,0,,0,Overcast,833701,0,0,0,2,0,0,0,0,0,,0,0,Auckland Region,Nil,2-way,Sealed,0,0,1,0,80,0,None,0,0,,76,Auckland,Unknown,0,0,0,0,0,0,Open,1,0,0,Light rain,Null
1758002.802,5914676.894,611987,,519300,0,,0,1,,South,2020/2021,MANUKAU ROAD,NGAROMA ROAD,,Serious Crash,No,2020,,South,,0,,Flat,,,,,,Bright sun,624200,1,0,0,2,,,0,,,1,,,Auckland Region,Nil,2-way,Sealed,,0,1,,50,,Off,0,0,,76,Auckland,Nil,,,,,0,0,Urban,0,,,Fine,Null
1744590.835,5917825.821,612010,,510700,0,,0,2,,North,2020/2021,STURGES ROAD,SEPTIMUS PLACE,,Serious Crash,No,2021,,South,,0,,Flat,,,,,,Overcast,239300,1,0,0,2,,,0,,,,,,Auckland Region,Nil,2-way,Sealed,,0,1,,50,,Off,0,0,,76,Auckland,Nil,,,,,0,0,Urban,0,,,Fine,Null
1740236.317,5976804.756,612110,55,506660,0,0,0,2,1,North,2020/2021,SH 1,WAITARAIRE BR,,Serious Crash,Yes,2020,1,East,0,0,0,Flat,0,Christmas New Year,0,,0,Overcast,136700,2,0,0,2,0,0,0,0,0,,0,0,Auckland Region,Nil,2-way,Sealed,0,0,1,0,80,0,None,0,0,,76,Auckland,Nil,0,0,0,0,1,0,Open,0,0,0,Fine,Null
1750890.263,5925727.049,612137,,510020,0,,0,0,,South,2020/2021,RANGATIRA ROAD,ROSECAMP ROAD,,Serious Crash,No,2021,,South,,0,,Flat,,,,,,Overcast,345700,2,0,0,2,,,0,,,,,,Auckland Region,Nil,2-way,Sealed,,0,1,,50,,Off,1,0,,76,Auckland,Nil,,,,,0,0,Urban,1,,,Fine,Null
1735636.639,5923465.446,612140,,505700,0,0,0,0,0,West,2020/2021,ANNANDALE ROAD,CUTHBERT ROAD,,Fatal Crash,No,2021,0,South,0,1,0,Flat,0,,0,,0,Overcast,216403,0,0,1,2,0,0,0,0,0,,0,0,Auckland Region,Nil,2-way,Sealed,0,0,0,0,100,0,None,0,0,,76,Auckland,Nil,0,0,0,1,0,0,Open,0,0,0,Fine,Null
1793959.827,5906266.211,612164,,525202,0,0,0,0,0,North,2020/2021,KAWAKAWA-ORERE ROAD,FORESTRY ROAD 3,,Serious Crash,No,2020,0,South,0,0,0,Hill Road,1,,0,,0,Bright sun,765003,0,0,1,2,0,0,0,0,0,,0,0,Auckland Region,Nil,2-way,Sealed,0,0,1,0,50,0,None,0,0,,76,Auckland,Nil,0,0,0,0,0,0,Urban,0,0,0,Fine,Null
1753800.576,5930034.843,612203,,508420,0,0,0,1,0,West,2021/2022,FINN PLACE,CHEVAL DRIVE,,Serious Crash,No,2021,0,West,0,0,0,Flat,0,,0,,0,Bright sun,182708,0,0,0,2,0,0,0,0,1,1,0,0,Auckland Region,Nil,2-way,Sealed,0,0,1,0,50,0,Off,1,0,,76,Auckland,Unknown,0,0,0,0,0,0,Urban,0,0,0,Fine,Null
1752868.313,5926996.272,612345,,508220,0,,0,0,,South,2020/2021,WINDY RIDGE ROAD,VALLEY VIEW ROAD,,Serious Crash,No,2020,,East,,0,,Hill Road,,,,,,Dark,188500,0,0,0,2,,,0,,,1,,,Auckland Region,Nil,2-way,Sealed,,0,1,,50,,On,0,0,,76,Auckland,Nil,,,,,0,0,Urban,0,,,Fine,Null