X,Y,OBJECTID,advisorySpeed,areaUnitID,bicycle,bridge,bus,carStationWagon,cliffBank,crashDirectionDescription,crashFinancialYear,crashLocation1,crashLocation2,crashRoadSideRoad,crashSeverity,crashSHDescription,crashYear,debris,directionRoleDescription,ditch,fatalCount,fence,flatHill,guardRail,holiday,houseOrBuilding,intersection,kerb,light,meshblockId,minorInjuryCount,moped,motorcycle,NumberOfLanes,objectThrownOrDropped,otherObject,otherVehicleType,overBank,parkedVehicle,pedestrian,phoneBoxEtc,postOrPole,region,roadCharacter,roadLane,roadSurface,roadworks,schoolBus,seriousInjuryCount,slipOrFlood,speedLimit,strayAnimal,streetLight,suv,taxi,temporarySpeedLimit,tlaId,tlaName,trafficControl,trafficIsland,trafficSign,train,tree,truck,unknownVehicleType,urban,vanOrUtility,vehicle,waterRiver,weatherA,weatherB
1760908.179,5915316.983,612378,,520201,0,0,0,0,0,Null,2020/2021,TECOMA STREET,TECOMA STREET OFF RAMP,,Fatal Crash,No,2020,0,South,0,1,0,Flat,0,,0,,0,Bright sun,613500,3,0,1,2,0,0,0,0,0,,0,0,Auckland Region,Motorway ramp,2-way,Sealed,0,0,0,0,50,0,Off,1,0,,76,Auckland,Give way,1,0,0,0,0,0,Urban,0,0,0,Fine,Null
1763591.155,5913813.879,612488,,520402,0,,0,1,,North,2021/2022,PENROSE ROAD,JARMAN ROAD,,Serious Crash,No,2021,,South,,0,,Flat,,,,,,Dark,640001,0,0,0,4,,,0,,,1,,,Auckland Region,Nil,2-way,Sealed,,0,1,,50,,On,0,0,,76,Auckland,Nil,,,,,0,0,Urban,0,,,Fine,Null
1756979.509,5917342.933,612536,,518102,0,0,0,1,0,South,2021/2022,MOUNT EDEN ROAD,HILLSIDE CRESCENT SOUTH,,Serious Crash,No,2022,0,North,0,0,0,Flat,0,,0,,0,Dark,546600,0,0,0,2,0,0,0,0,1,,0,0,Auckland Region,Nil,2-way,Sealed,0,0,1,0,50,0,On,0,0,,76,Auckland,Nil,0,0,0,0,0,0,Urban,1,0,0,Fine,Strong wind
1742534.066,5919374.653,612630,,513211,0,0,0,1,0,South,2021/2022,LUANDA DRIVE,URLICH DRIVE,,Serious Crash,No,2022,0,South,0,0,0,Flat,0,,0,,0,Bright sun,235008,0,0,0,2,0,0,0,0,1,,0,0,Auckland Region,Nil,2-way,Sealed,0,0,1,0,50,0,Off,0,0,,76,Auckland,Nil,0,0,0,0,1,0,Urban,0,0,0,Fine,Null
1745557.191,5917522.522,612712,,510700,0,,0,1,,Null,2021/2022,ALDERMAN DRIVE,SEL PEACOCK DRIVE,,Serious Crash,No,2022,,South,,0,,Flat,,,,,,Dark,239900,0,0,0,2,,,0,,,1,,,Auckland Region,Nil,2-way,Sealed,,0,2,,50,,On,0,0,40,76,Auckland,Give way,,,,,0,0,Urban,0,,,Fine,Null
1767573.185,5905458.96,612853,,523722,0,,0,1,,South,2021/2022,SOUTHERN MOTORWAY,TE IRIRANGI DRIVE OFF RAMP,,Serious Crash,Yes,2022,,South,,0,,Flat,,Easter,,,,Bright sun,715701,0,0,0,3,,,0,,,,,,Auckland Region,Nil,1-way,Sealed,,0,1,,100,,Off,0,0,,76,Auckland,Nil,,,,,0,0,Open,2,,,Fine,Null
1754995.409,5924742.656,612856,,509800,0,0,0,2,0,Null,2021/2022,ONEWA ROAD,SEAVIEW AVENUE,,Serious Crash,No,2022,0,East,0,0,0,Flat,0,,0,,0,Bright sun,361600,0,0,0,4,0,0,0,0,0,,0,0,Auckland Region,Nil,2-way,Sealed,0,0,1,0,50,0,Off,0,0,,76,Auckland,Give way,0,1,0,0,0,0,Urban,0,0,0,Fine,Null
1757219.665,5912482.699,612922,,518702,0,0,0,1,0,North,2021/2022,SOUTH-WESTERN MOTORWAY,QUEENSTOWN OBR,,Serious Crash,Yes,2021,0,South,0,0,0,Hill Road,1,,0,,0,Bright sun,570300,0,0,0,3,0,0,0,0,0,,0,0,Auckland Region,Motorway ramp,1-way,Sealed,0,0,1,0,100,0,Off,0,0,,76,Auckland,Nil,0,0,0,0,0,0,Open,0,0,0,Fine,Null
1744040.568,5923094.466,613059,,513511,0,,0,1,,South,2020/2021,WESTGATE DRIVE,ALLOWAY STREET,,Serious Crash,No,2021,,North,,0,,Hill Road,,,,,,Dark,224303,2,0,0,2,,,0,,,,,,Auckland Region,Nil,2-way,Sealed,,0,1,,50,,On,1,0,,76,Auckland,Unknown,,,,,0,0,Urban,0,,,Light rain,Null
1747541.243,5921546.204,613145,,512300,0,0,0,2,0,East,2021/2022,HARBOUR VIEW ROAD,PRINGLE ROAD,,Serious Crash,No,2022,0,East,0,0,0,Flat,0,Christmas New Year,0,,0,Dark,250102,1,0,0,2,0,0,0,0,1,,0,0,Auckland Region,Nil,2-way,Sealed,0,0,1,0,50,0,On,0,0,,76,Auckland,Nil,0,0,0,0,0,0,Urban,1,0,0,Fine,Null
1740690.787,5928749.177,613169,,505604,0,,0,1,,Null,2021/2022,OLD RAILWAY ROAD,OLD NORTH ROAD,,Fatal Crash,No,2022,,South,,1,,Flat,,,,,,Bright sun,214202,1,0,0,2,,,0,,,,,,Auckland Region,Nil,2-way,Sealed,,0,0,,80,,Off,0,0,,76,Auckland,Stop,,,,,0,0,Open,1,,,Fine,Null
1735958.466,5984969.636,613395,,506660,0,0,0,1,0,North,2021/2022,SH 1,LOVERS LANE,,Serious Crash,Yes,2022,0,North,0,0,0,Flat,2,,0,,0,Bright sun,143900,0,0,0,2,0,0,0,0,0,,0,0,Auckland Region,Nil,2-way,Sealed,0,0,1,0,100,0,Off,0,0,,76,Auckland,Nil,0,0,0,0,1,0,Open,0,0,0,Fine,Null
1769179.274,5906879.737,613466,,523712,0,0,0,2,0,North,2021/2022,TE IRIRANGI DRIVE,WHETSTONE ROAD,,Serious Crash,No,2021,0,South,0,0,0,Flat,0,,0,,0,Overcast,712806,0,0,0,2,0,0,0,0,0,,0,0,Auckland Region,Nil,2-way,Sealed,0,0,1,0,60,0,None,0,0,,76,Auckland,Nil,0,0,0,1,0,0,Urban,0,0,0,Fine,Strong wind
1754785.461,5924760.937,613500,,509800,0,,0,0,,Null,2021/2022,ONEWA ROAD,VALLEY ROAD,,Serious Crash,No,2022,,West,,0,,Flat,,,,,,Dark,361400,1,0,1,4,,,0,,,,,,Auckland Region,Nil,2-way,Sealed,,0,1,,50,,On,0,0,,76,Auckland,Give way,,,,,0,0,Urban,1,,,Fine,Null
1734071.943,5933726.99,613737,,506653,0,0,0,1,0,South,2021/2022,OLD NORTH ROAD,PEAK ROAD,,Serious Crash,No,2022,0,North,0,0,0,Flat,0,,0,,0,Overcast,217704,0,0,0,2,0,0,0,1,0,,0,0,Auckland Region,Nil,2-way,Sealed,0,0,1,0,80,0,Off,0,0,,76,Auckland,Nil,0,0,0,2,0,0,Open,0,0,0,Fine,Null
1738794.581,5928859.209,613753,,505602,0,,0,1,,North,2021/2022,MAIN ROAD,ACCESS ROAD,,Serious Crash,Yes,2022,,South,,0,,Flat,,,,,,Twilight,215000,0,0,1,2,,,0,,,,,,Auckland Region,Nil,2-way,Sealed,,0,1,,50,,On,0,0,,76,Auckland,Nil,,,,,0,0,Urban,0,,,Fine,Null
1758683.424,5911599.877,613966,,519810,0,0,0,3,0,South,2021/2022,SOUTH-WESTERN MOTORWAY,NEILSON STREET OFF RAMP,,Serious Crash,Yes,2021,0,South,0,0,0,Flat,1,,0,,0,Dark,602501,0,0,0,3,0,0,0,0,0,,0,0,Auckland Region,Nil,1-way,Sealed,0,0,1,0,100,0,On,0,0,,76,Auckland,Nil,0,0,0,0,0,0,Open,0,0,0,Fine,Null
1763185.872,5915530.554,614034,,520302,1,,0,0,,East,2021/2022,MARUA ROAD,STANHOPE ROAD,,Fatal Crash,No,2022,,East,,1,,Flat,,,,,,Bright sun,625600,0,0,0,2,,,0,,,,,,Auckland Region,Nil,2-way,Sealed,,0,0,,50,,Off,0,0,,76,Auckland,Nil,,,,,0,0,Urban,1,,,Fine,Null
1757596.013,5913588.998,614147,,518702,0,,0,0,,West,2021/2022,MOUNT ALBERT ROAD,PAH ROAD,,Serious Crash,No,2021,,West,,0,,Flat,,,,,,Overcast,567600,3,0,0,4,,,0,,,,,,Auckland Region,Nil,2-way,Sealed,,0,1,,50,,Off,2,0,,76,Auckland,Nil,,,,,0,0,Urban,0,,,Fine,Null
1775166.833,5899102.706,614314,,523813,0,,0,1,,Null,2022/2023,HAMLIN ROAD,HARVARD LANE,,Serious Crash,No,2022,,South,,0,,Hill Road,,,,,,Dark,761601,2,0,0,2,,,0,,,,,,Auckland Region,Nil,2-way,Sealed,,0,3,,80,,None,0,0,,76,Auckland,Give way,,,,,0,0,Open,1,,,Fine,Null
1753687.33,5915772.699,614332,,517903,0,,0,3,,South,2022/2023,MOUNT ALBERT ROAD,MOUNT ROYAL AVENUE,,Serious Crash,No,2022,,North,,0,,Flat,,,,,,Bright sun,522000,1,0,0,2,,,0,,,,,,Auckland Region,Nil,2-way,Sealed,,0,1,,50,,Off,0,0,,76,Auckland,Nil,,,,,0,0,Urban,0,,,Fine,Null
1760057.236,5914502.162,614453,,519400,0,,0,1,,South,2021/2022,KAWAU ROAD,TE KAWA ROAD,,Serious Crash,No,2022,,South,,0,,Flat,,,,,,Dark,618100,0,0,0,2,,,0,,,1,,,Auckland Region,Nil,2-way,Sealed,,0,1,,50,,On,0,0,,76,Auckland,Nil,,,,,0,0,Urban,0,,,Fine,Null
1759454.775,5912226.414,614535,,519820,0,,0,0,,East,2021/2022,CHURCH STREET,SPRING STREET,,Serious Crash,No,2022,,West,,0,,Flat,,,,,,Bright sun,602100,1,0,1,2,,,0,,,,,,Auckland Region,Nil,2-way,Sealed,,0,1,,50,,Off,1,0,,76,Auckland,Nil,,,,,0,0,Urban,0,,,Fine,Null
1756203.24,5920440.581,614556,,514000,1,,0,0,,Null,2020/2021,FRANKLIN ROAD,WILKINS STREET,,Serious Crash,No,2021,,North,,0,,Hill Road,,,,,,Overcast,416700,0,0,0,2,,,0,,,1,,,Auckland Region,Nil,2-way,Sealed,,0,1,,30,,None,0,0,,76,Auckland,Nil,,,,,1,0,Urban,0,,,Fine,Null
1747288.645,5919774.751,614569,,512300,0,,0,1,,South,2021/2022,TE ATATU ROAD ON RAMP,TE ATATU ROAD,,Serious Crash,No,2021,,South,,0,,Flat,,,,,,Bright sun,252000,1,0,0,3,,,0,,,,,,Auckland Region,Motorway ramp,1-way,Sealed,,0,1,,100,,Off,0,0,,76,Auckland,Nil,,,,,1,0,Open,1,,,Fine,Null
1760070.958,5911284.001,614697,,520000,0,0,0,0,0,Null,2019/2020,OFF ROAD WAIKARAKA CEMETERY,,,Fatal Crash,No,2019,0,Null,0,1,0,Flat,0,,0,,0,Overcast,607800,0,0,0,,0,0,0,0,0,1,0,0,Auckland Region,Nil,Off road,Unsealed,0,0,0,0,30,0,None,1,0,,76,Auckland,Nil,0,0,0,1,0,0,Urban,0,0,1,Fine,Null
1773804.477,5896640.064,614729,,525620,0,,0,0,,West,2021/2022,ELIZABETH STREET,CAMERON STREET,,Serious Crash,No,2021,,South,,0,,Flat,,,,,,Overcast,797200,1,0,0,2,,,0,,,1,,,Auckland Region,Nil,2-way,Sealed,,0,1,,50,,Off,1,0,,76,Auckland,Nil,,,,,0,0,Urban,0,,,Fine,Null
1772333.489,5911767.541,614732,35,523102,0,0,0,1,0,West,2021/2022,WHITFORD ROAD,MAUNGAMAUNGAROA BR,,Fatal Crash,No,2021,0,West,0,1,0,Hill Road,1,,0,,0,Overcast,718003,1,0,0,2,0,0,0,0,0,,0,0,Auckland Region,Bridge,2-way,Sealed,0,0,0,0,60,0,None,1,0,,76,Auckland,Nil,0,0,0,0,0,0,Urban,0,0,0,Fine,Null
1769977.614,5900503.81,614961,,523816,0,0,0,1,0,South,2020/2021,SHIFNAL DRIVE,RIVERTON DRIVE,,Serious Crash,No,2020,0,South,0,0,0,Flat,0,,0,,0,Dark,759734,0,0,0,2,0,0,0,0,1,,0,0,Auckland Region,Nil,2-way,Sealed,0,0,2,0,50,0,On,0,0,,76,Auckland,Nil,0,0,0,0,1,0,Urban,0,0,0,Fine,Null
1757565.247,5929416.362,614975,,507800,0,0,0,0,0,North,2020/2021,INGA ROAD,OMANA ROAD,,Serious Crash,No,2020,0,North,0,0,0,Flat,0,,0,,0,Overcast,311200,0,0,1,2,0,0,0,0,0,,0,0,Auckland Region,Nil,2-way,Sealed,0,0,1,0,50,0,Off,1,0,,76,Auckland,Nil,0,0,0,1,0,0,Urban,0,0,0,Fine,Null
1766228.938,5900675.726,615142,,524711,0,,0,1,,West,2021/2022,WORDSWORTH ROAD,POUTINI PLACE,,Serious Crash,No,2021,,West,,0,,Flat,,,,,,Twilight,774502,0,0,0,2,,,0,,,1,,,Auckland Region,Nil,2-way,Sealed,,0,1,,50,,Off,0,0,,76,Auckland,Nil,,,,,0,0,Urban,0,,,Fine,Null
1750831.591,5949877.013,615283,,505805,0,,0,0,,Null,2021/2022,WEST HOE ROAD,GRAND DRIVE,,Serious Crash,No,2021,,South,,0,,Flat,,,,,,Twilight,171709,0,0,1,2,,,0,,,,,,Auckland Region,Nil,2-way,Sealed,,0,1,,50,,On,0,0,,76,Auckland,Give way,,,,,0,0,Urban,1,,,Fine,Null
1757929.58,5879172.902,615308,65,521152,0,,0,0,,South,2020/2021,WAIUKU ROAD,MORLEY ROAD,,Serious Crash,No,2021,,South,,0,,Hill Road,,,,,,Bright sun,832800,0,0,1,2,,,0,,,,,,Auckland Region,Nil,2-way,Sealed,,0,2,,80,,Off,0,0,,76,Auckland,Nil,,,,,0,0,Open,1,,,Fine,Null
1749346.545,5913187.575,615323,,511401,0,0,0,1,0,South,2021/2022,SEABROOK AVENUE,GARDNER AVENUE,,Serious Crash,No,2021,0,North,0,0,0,Flat,0,,0,,0,Dark,264300,0,0,0,2,0,0,0,0,0,,0,1,Auckland Region,Nil,2-way,Sealed,0,0,1,0,50,0,On,0,0,,76,Auckland,Nil,0,1,0,0,0,0,Urban,0,0,0,Light rain,Null
1755583.978,5920049.057,615408,,515302,0,,0,1,,North,2020/2021,PONSONBY ROAD,VERMONT STREET,,Serious Crash,No,2021,,North,,0,,Flat,,,,,,Overcast,431000,0,0,0,4,,,0,,,1,,,Auckland Region,Nil,2-way,Sealed,,0,1,,30,,Off,0,0,,76,Auckland,Nil,,,,,0,0,Urban,0,,,Fine,Null
1765972.413,5903276.347,615558,,524604,0,,0,2,,Null,2021/2022,WIRI STATION ROAD,ASH ROAD,,Serious Crash,No,2022,,West,,0,,Flat,,,,,,Twilight,780403,1,0,0,5,,,0,,,,,,Auckland Region,Nil,2-way,Sealed,,0,1,,60,,On,0,0,,76,Auckland,Traffic Signals,,,,,0,0,Urban,0,,,Fine,Null
1776691.337,5880636.663,615595,,521160,0,0,0,0,0,North,2021/2022,GREAT SOUTH ROAD,BEAVER ROAD WEST ON RAMP,,Fatal Crash,Yes,2021,2,South,0,1,0,Hill Road,1,,0,,0,Overcast,827700,0,0,0,4,0,0,0,0,0,,0,0,Auckland Region,Nil,2-way,Sealed,0,0,1,0,100,0,Off,1,0,,76,Auckland,Unknown,0,0,0,0,2,0,Open,0,0,0,Fine,Null
1757091.32,5920896.73,615604,,514101,0,,1,1,,Null,2021/2022,STURDEE STREET,PAKENHAM STREET EAST,,Serious Crash,No,2021,,North,,0,,Flat,,,,,,Dark,433003,1,0,0,3,,,0,,,,,,Auckland Region,Nil,1-way,Sealed,,0,1,,30,,On,0,1,,76,Auckland,Stop,,,,,0,0,Urban,0,,,Light rain,Null
1739412.455,5928658.956,615612,,505602,1,,0,0,,East,2021/2022,MAIN ROAD,KUMEU BR,,Serious Crash,Yes,2021,,West,,0,,Flat,,,,,,Overcast,214103,0,0,0,2,,,0,,,,,,Auckland Region,Bridge,2-way,Sealed,,0,1,,50,,Off,0,0,,76,Auckland,Nil,,,,,0,0,Urban,0,,,Light rain,Null
1762255.609,5913743.937,615697,,520401,1,,0,0,,Null,2021/2022,PENROSE ROAD,PORTMAN ROAD,,Serious Crash,No,2021,,North,,0,,Flat,,,,,,Dark,644300,0,0,0,2,,,0,,,,,,Auckland Region,Nil,2-way,Sealed,,0,1,,50,,On,1,0,,76,Auckland,Stop,,,,,0,0,Urban,0,,,Fine,Null
1770159.067,5901356.829,615753,,523814,0,,0,1,,Null,2021/2022,ALFRISTON ROAD,MAGIC WAY,,Serious Crash,No,2022,,West,,0,,Flat,,,,,,Twilight,759515,0,0,0,2,,,0,,,,,,Auckland Region,Nil,2-way,Sealed,,0,2,,50,,On,1,0,,76,Auckland,Traffic Signals,,,,,0,0,Urban,0,,,Fine,Null
1756406.16,5932900.903,615780,,507400,0,,0,1,,Null,2021/2022,BEACH ROAD,BRIGHTON TERRACE,,Serious Crash,No,2021,,South,,0,,Hill Road,,,,,,Dark,152600,0,1,0,2,,,0,,,,,,Auckland Region,Nil,2-way,Sealed,,0,1,,50,,On,0,0,,76,Auckland,Nil,,,,,0,0,Urban,0,,,Fine,Null
1753672.296,5914754.329,615862,,518801,0,,0,0,,Null,2021/2022,FARRELLY AVENUE,HEDLEY ROAD,,Serious Crash,No,2022,,South,,0,,Flat,,,,,,Dark,576900,0,0,1,2,,,0,,,,,,Auckland Region,Nil,2-way,Sealed,,0,1,,50,,On,0,0,,76,Auckland,Nil,,,,,0,0,Urban,0,,,Fine,Null
1754333.48,5935900.718,615928,,508704,0,,0,0,,South,2021/2022,EAST COAST ROAD,CARLISLE ROAD,,Serious Crash,No,2021,,North,,0,,Flat,,,,,,Overcast,178602,0,0,0,3,,,0,,,1,,,Auckland Region,Nil,2-way,Sealed,,0,1,,50,,Off,0,0,,76,Auckland,Nil,,,,,0,0,Urban,1,,,Light rain,Null
1760253.108,5913237.689,615974,,519900,0,0,0,0,0,North,2021/2022,ROOSEVELT AVENUE,BOW PLACE,,Serious Crash,No,2021,0,North,0,0,0,Flat,0,,0,,1,Overcast,603700,0,0,1,2,0,0,0,0,0,,0,0,Auckland Region,Nil,2-way,Sealed,0,0,1,0,50,0,Off,0,0,,76,Auckland,Nil,0,0,0,0,0,0,Urban,0,0,0,Fine,Null
1773578.384,5897157.41,616081,,525630,0,0,0,1,0,North,2021/2022,GROVE ROAD,HILL CRESCENT,,Serious Crash,No,2021,0,South,0,0,0,Flat,0,,0,,0,Dark,795400,0,0,1,2,0,0,0,0,1,,0,0,Auckland Region,Nil,2-way,Sealed,0,0,1,0,50,0,On,0,0,,76,Auckland,Nil,0,0,0,0,0,0,Urban,1,0,0,Fine,Null
1764647.663,5919595.199,616113,,516602,0,,0,1,,South,2020/2021,ALLUM STREET,MELANESIA ROAD,,Serious Crash,No,2020,,South,,0,,Hill Road,,,,,,Overcast,504602,0,0,0,2,,,0,,,1,,,Auckland Region,Nil,2-way,Sealed,,0,1,,50,,Off,0,0,,76,Auckland,Nil,,,,,0,0,Urban,0,,,Fine,Null
1756834.071,5920775.577,616147,,514102,1,,0,1,,West,2020/2021,FANSHAWE STREET,NELSON STREET,,Serious Crash,No,2021,,West,,0,,Flat,,,,,,Overcast,432603,0,0,0,3,,,0,,,,,,Auckland Region,Nil,1-way,Sealed,,0,1,,40,,Off,0,0,,76,Auckland,Nil,,,,,0,0,Urban,0,,,Fine,Null
1746262.468,5991922.372,616250,,506660,0,0,0,1,0,West,2021/2022,OCEAN VIEW ROAD,CIVIL ROAD,,Fatal Crash,No,2022,0,West,1,1,0,Hill Road,0,,0,,0,Dark,135400,0,0,0,2,0,0,0,1,0,,0,0,Auckland Region,Nil,2-way,Unsealed,0,0,0,0,80,0,None,0,0,,76,Auckland,Nil,0,0,0,0,0,0,Open,0,0,0,Fine,Null
1757733.101,5919077.711,616349,,514302,1,,0,0,,East,2021/2022,PARK ROAD,PARK AVENUE,,Serious Crash,No,2022,,East,,0,,Flat,,,,,,Overcast,442400,0,0,0,3,,,0,,,,,,Auckland Region,Nil,2-way,Sealed,,0,1,,50,,On,0,0,,76,Auckland,Traffic Signals,,,,,0,0,Urban,0,,,Light rain,Null
1736850.695,5917567.03,616381,25,513102,0,,0,1,,West,2021/2022,SCENIC DRIVE,TE HENGA ROAD,,Serious Crash,No,2021,,South,,0,,Hill Road,,,,,,Bright sun,237304,1,0,1,2,,,0,,,,,,Auckland Region,Nil,2-way,Sealed,,0,1,,100,,None,0,0,,76,Auckland,Nil,,,,,0,0,Open,0,,,Fine,Null
1756876.149,5927317.301,616414,,507900,0,,0,1,,South,2020/2021,TAHAROTO ROAD,RANGITIRA AVENUE,,Serious Crash,No,2020,,South,,0,,Flat,,,,,,Overcast,304600,0,0,0,4,,,0,,,1,,,Auckland Region,Nil,2-way,Sealed,,0,1,,50,,Off,0,0,40,76,Auckland,Nil,,,,,0,0,Urban,0,,,Fine,Null
1756175.433,5928139.639,616446,,507900,1,,0,0,,South,2020/2021,FORREST HILL ROAD,NILE ROAD,,Serious Crash,No,2020,,South,,0,,Hill Road,,,,,,Bright sun,305300,0,0,0,5,,,0,,,,,,Auckland Region,Nil,2-way,Sealed,,0,1,,50,,Off,0,0,,76,Auckland,Nil,,,,,0,0,Urban,0,,,Fine,Null
1763865.994,5912221.314,616527,,520500,0,0,0,0,0,East,2020/2021,SYLVIA PARK ROAD,PACIFIC RISE,,Fatal Crash,No,2021,0,West,0,1,0,Flat,0,,0,,0,Dark,637300,0,0,1,5,0,0,0,0,0,,0,0,Auckland Region,Nil,2-way,Sealed,0,0,0,0,50,0,On,0,0,,76,Auckland,Nil,0,0,0,0,1,0,Urban,0,1,0,Fine,Null
1750068.111,5911415.784,616738,,512100,0,0,0,1,0,Null,2021/2022,BISHOP STREET,CLIFF VIEW DRIVE,,Serious Crash,No,2022,0,West,0,0,1,Flat,0,,0,,0,Dark,289000,0,0,0,2,0,0,0,0,0,,0,0,Auckland Region,Nil,2-way,Sealed,0,0,1,0,50,0,On,0,0,,76,Auckland,Nil,0,0,0,1,0,0,Urban,0,0,0,Light rain,Null
1742137.692,5976313.869,616749,,506661,0,,0,2,,West,2021/2022,SH 1,CROWTHER ROAD,,Serious Crash,Yes,2021,,East,,0,,Flat,,Christmas New Year,,,,Bright sun,139000,1,0,0,2,,,0,,,,,,Auckland Region,Nil,2-way,Sealed,,0,1,,80,,None,0,0,50,76,Auckland,Nil,,,,,0,0,Open,1,,,Fine,Null
1750884.632,5879097.646,616757,,521151,0,0,0,1,0,North,2021/2022,AWHITU ROAD,MAYHEAD ROAD,,Fatal Crash,No,2022,0,North,0,1,1,Flat,0,,0,,0,Dark,831000,0,0,0,2,0,0,0,1,0,,0,0,Auckland Region,Bridge,2-way,Sealed,0,0,0,0,100,0,None,0,0,,76,Auckland,Unknown,0,0,0,0,0,0,Open,0,0,1,Heavy rain,Null
1744806.142,5921345.892,616761,,513631,0,0,0,1,0,North,2021/2022,NORTH-WESTERN MOTORWAY,HURUHURU OBR,,Serious Crash,Yes,2021,0,North,0,0,0,Flat,1,,0,,0,Dark,227601,2,0,0,2,0,0,0,0,0,,0,0,Auckland Region,Nil,1-way,Sealed,0,0,1,0,100,0,On,0,0,,76,Auckland,Nil,0,0,0,0,0,0,Open,0,0,0,Fine,Null
1770095.75,5916571.576,616803,,522604,0,0,0,1,0,Null,2020/2021,OFF ROAD CARPARK - PIGEON MOUNTAIN PRIMARY SCHOOL,,,Fatal Crash,No,2021,0,West,0,1,0,Flat,0,,0,,0,Bright sun,677901,0,0,0,,0,0,0,0,0,1,0,0,Auckland Region,Nil,Off road,Sealed,0,0,0,0,,0,None,0,0,,76,Auckland,Nil,0,0,0,1,0,0,Urban,0,0,0,Fine,Null
1766762.215,5913363.839,616809,,522820,0,,0,1,,Null,2020/2021,OFF ROAD - SHARED DRIVEWAY,,,Serious Crash,No,2020,,East,,0,,Flat,,,,,,Bright sun,694800,1,0,0,,,,0,,,2,,,Auckland Region,Nil,Off road,Sealed,,0,1,,10,,Off,0,0,,76,Auckland,Nil,,,,,0,0,Urban,0,,,Fine,Null
1755089.952,5920666.116,616888,,515302,0,0,0,2,0,North,2020/2021,CLARENCE STREET,POMPALLIER TERRACE,,Serious Crash,No,2021,0,North,0,0,0,Flat,0,,0,,1,Bright sun,429100,0,0,0,2,0,0,0,0,1,,0,0,Auckland Region,Nil,2-way,Sealed,0,0,1,0,50,0,Off,0,0,,76,Auckland,Nil,0,0,0,0,0,0,Urban,0,0,0,Fine,Null
1753689.423,5938986.65,616908,,508900,0,0,0,0,0,North,2021/2022,OKURA RIVER ROAD,WARMAN ROAD,,Serious Crash,No,2022,0,South,0,0,0,Hill Road,0,,0,,0,Dark,178305,0,0,1,2,0,0,0,0,1,,0,0,Auckland Region,Nil,2-way,Sealed,0,0,1,0,80,0,None,0,0,,76,Auckland,Unknown,0,0,0,0,1,0,Open,0,0,0,Fine,Null
1769299.124,5915084.275,617024,,522730,0,0,0,0,0,North,2020/2021,PIGEON MOUNTAIN ROAD,FORTUNES ROAD,,Serious Crash,No,2021,0,North,0,0,0,Flat,0,,0,,0,Bright sun,679810,0,0,0,2,0,0,0,0,0,,0,0,Auckland Region,Nil,2-way,Sealed,0,0,1,0,50,0,Off,0,0,,76,Auckland,Nil,0,0,0,1,0,0,Urban,1,0,0,Fine,Null
1754446.874,5915152.018,617059,,518801,0,,0,1,,Null,2021/2022,MOUNT ALBERT ROAD,SANDRINGHAM ROAD EXTENSION,,Serious Crash,No,2022,,East,,0,,Hill Road,,,,,,Bright sun,574900,0,1,0,2,,,0,,,,,,Auckland Region,Nil,2-way,Sealed,,0,1,,50,,Off,0,0,,76,Auckland,Traffic Signals,,,,,0,0,Urban,0,,,Fine,Null
1746399.962,5915962.01,617300,15,511800,0,,0,1,,Null,2021/2022,WAITAKI STREET,KAIKOURA STREET,,Serious Crash,No,2021,,South,,0,,Hill Road,,,,,,Twilight,276201,0,0,1,2,,,0,,,,,,Auckland Region,Speed hump,2-way,Sealed,,0,1,,50,,On,0,0,,76,Auckland,Stop,,,,,0,0,Urban,0,,,Fine,Null
1766140.552,5905922.194,617443,,522202,0,0,0,1,0,Null,2021/2022,BIRDWOOD AVENUE,PHILIP STREET,,Serious Crash,No,2022,0,North,0,0,0,Flat,0,,0,,0,Overcast,665500,0,0,0,2,0,0,0,0,0,,0,0,Auckland Region,Nil,2-way,Sealed,0,0,1,0,50,0,Off,0,0,,76,Auckland,Nil,0,0,0,1,0,0,Urban,0,0,0,Fine,Null
1758248.127,5926861.385,617491,,508010,0,,0,1,,Null,2021/2022,LAKE ROAD,BRACKEN AVENUE,,Serious Crash,No,2022,,South,,0,,Flat,,,,,,Dark,324400,1,0,2,2,,,0,,,,,,Auckland Region,Nil,2-way,Sealed,,0,1,,50,,On,0,0,,76,Auckland,Give way,,,,,0,0,Urban,0,,,Light rain,Null
1765342.088,5917053.936,617669,,517001,0,0,0,1,0,Null,2021/2022,OFF ROAD CARPARK,,,Serious Crash,No,2022,0,South,0,0,0,Flat,0,,1,,0,Bright sun,475900,0,0,0,0,0,0,0,0,0,1,0,0,Auckland Region,Nil,Off road,Sealed,0,0,1,0,,0,Off,0,0,,76,Auckland,Nil,0,0,0,0,0,0,Urban,0,0,0,Fine,Strong wind
1743823.089,5947568.139,617737,55,506614,0,0,0,2,0,West,2021/2022,WAINUI ROAD,JOBLIN ROAD,,Serious Crash,No,2022,0,West,2,0,0,Hill Road,0,,0,,0,Dark,177702,3,0,0,2,0,0,0,0,0,,0,1,Auckland Region,Nil,2-way,Sealed,0,0,1,0,80,0,None,0,0,,76,Auckland,Nil,0,0,0,0,0,0,Open,0,0,0,Mist or Fog,Null