X,Y,OBJECTID,advisorySpeed,areaUnitID,bicycle,bridge,bus,carStationWagon,cliffBank,crashDirectionDescription,crashFinancialYear,crashLocation1,crashLocation2,crashRoadSideRoad,crashSeverity,crashSHDescription,crashYear,debris,directionRoleDescription,ditch,fatalCount,fence,flatHill,guardRail,holiday,houseOrBuilding,intersection,kerb,light,meshblockId,minorInjuryCount,moped,motorcycle,NumberOfLanes,objectThrownOrDropped,otherObject,otherVehicleType,overBank,parkedVehicle,pedestrian,phoneBoxEtc,postOrPole,region,roadCharacter,roadLane,roadSurface,roadworks,schoolBus,seriousInjuryCount,slipOrFlood,speedLimit,strayAnimal,streetLight,suv,taxi,temporarySpeedLimit,tlaId,tlaName,trafficControl,trafficIsland,trafficSign,train,tree,truck,unknownVehicleType,urban,vanOrUtility,vehicle,waterRiver,weatherA,weatherB
1758095.662,5915410.455,617807,,519300,0,,0,1,,North,2021/2022,MANUKAU ROAD,ARCADIA ROAD,,Serious Crash,No,2022,,North,,0,,Flat,,,,,,Bright sun,624000,0,0,0,4,,,0,,,1,,,Auckland Region,Nil,2-way,Sealed,,0,1,,50,,Off,0,0,,76,Auckland,Nil,,,,,0,0,Urban,0,,,Fine,Null
1774761.446,5908627.03,617832,,523202,0,,0,1,,West,2021/2022,SANDSTONE ROAD,WHITFORD PARK ROAD,,Serious Crash,No,2021,,West,,0,,Hill Road,,,,,,Bright sun,717600,0,0,1,3,,,0,,,,,,Auckland Region,Nil,2-way,Sealed,,0,1,,80,,Off,0,0,,76,Auckland,Nil,,,,,0,0,Open,0,,,Fine,Strong wind
1755865.899,5921149.257,617923,,515202,0,0,0,1,0,West,2021/2022,NORTHERN MOTORWAY,FANSHAWE STREET ON RAMP,,Serious Crash,Yes,2022,0,East,0,0,0,Flat,1,,0,,0,Dark,425600,0,0,0,6,0,0,0,0,0,,0,0,Auckland Region,Nil,1-way,Sealed,0,0,1,0,80,0,On,0,0,,76,Auckland,Nil,0,0,0,0,0,0,Open,0,0,0,Light rain,Null
1768089.037,5900495.497,618006,,525101,0,0,0,2,0,Null,2022/2023,WEYMOUTH ROAD,COXHEAD ROAD,,Serious Crash,No,2022,0,East,0,0,1,Flat,0,,0,,0,Dark,771200,0,0,0,2,0,0,0,0,0,,0,0,Auckland Region,Nil,2-way,Sealed,0,0,1,0,50,0,On,0,0,,76,Auckland,Stop,0,0,0,0,0,0,Urban,0,0,0,Light rain,Null
1765817.216,5914937.736,618042,,520601,0,,0,2,,Null,2021/2022,TRIPOLI ROAD,BELLONA ROAD,,Serious Crash,No,2022,,South,,0,,Flat,,,,,,Bright sun,632701,1,0,0,2,,,0,,,,,,Auckland Region,Nil,2-way,Sealed,,0,1,,50,,Off,0,0,,76,Auckland,Give way,,,,,0,0,Urban,0,,,Fine,Null
1767190.601,5904874.252,618101,,524603,0,,0,0,,North,2021/2022,FREEMAN WAY,CAVENDISH DRIVE,,Serious Crash,No,2022,,North,,0,,Flat,,,,,,Dark,780205,0,0,1,2,,,0,,,,,,Auckland Region,Nil,2-way,Sealed,,0,1,,50,,On,0,0,,76,Auckland,Nil,,,,,0,0,Urban,0,,,Light rain,Null
1742936.656,5915496.414,618164,,513020,0,0,0,1,0,East,2021/2022,HENDERSON VALLEY ROAD,CANDIA ROAD,,Serious Crash,No,2021,0,East,0,0,0,Flat,0,,0,,0,Dark,280901,0,0,0,2,0,0,0,1,0,,0,0,Auckland Region,Nil,2-way,Sealed,0,0,1,0,70,0,None,0,0,,76,Auckland,Nil,0,0,0,1,0,0,Urban,0,0,0,Light rain,Null
1768776.184,5904745.873,618250,,523722,0,,0,2,,North,2021/2022,HOLLYFORD DRIVE,REDOUBT ROAD,,Serious Crash,No,2021,,South,,0,,Flat,,,,,,Dark,715909,1,0,0,2,,,0,,,,,,Auckland Region,Nil,2-way,Sealed,,0,1,,50,,On,0,0,,76,Auckland,Nil,,,,,0,0,Urban,0,,,Fine,Null
1767908.369,5905142.614,618336,,523722,0,0,0,0,0,North,2021/2022,TE IRIRANGI DRIVE,TE IRIRANGI DRIVE OFF RAMP,,Serious Crash,No,2022,0,North,0,0,1,Flat,0,,0,,0,Dark,715701,0,0,1,2,0,0,0,0,0,,0,0,Auckland Region,Nil,1-way,Sealed,0,0,1,0,60,0,On,0,0,,76,Auckland,Nil,0,0,0,0,0,0,Urban,0,0,0,Fine,Null
1750226.521,5913801.771,618377,,511303,0,,0,1,,Null,2020/2021,CLARK STREET,HETANA STREET,,Serious Crash,No,2021,,West,,0,,Flat,,,,,,Twilight,265002,0,0,0,5,,,0,,,1,,,Auckland Region,Nil,2-way,Sealed,,0,1,,50,,Off,0,0,,76,Auckland,Traffic Signals,,,,,0,1,Urban,0,,,Fine,Null
1773950.961,5897511.971,618474,,525630,0,,0,0,,East,2021/2022,OLD WAIROA ROAD,YANG PLACE,,Serious Crash,No,2021,,West,,0,,Flat,,,,,,Bright sun,795802,0,0,0,2,,,0,,,,,,Auckland Region,Nil,2-way,Sealed,,0,1,,50,,Off,2,0,,76,Auckland,Nil,,,,,0,0,Urban,0,,,Fine,Null
1772091.058,5898042.365,618563,,523912,0,0,0,1,0,Null,2021/2022,PORCHESTER ROAD,WALTERS ROAD,,Fatal Crash,No,2022,0,North,0,1,1,Flat,0,Easter,0,,0,Dark,767400,1,0,0,2,0,0,0,0,0,,0,1,Auckland Region,Nil,2-way,Sealed,0,0,1,0,50,0,On,0,0,,76,Auckland,Give way,1,1,0,0,0,0,Urban,0,0,0,Fine,Null
1752983.732,5924753.672,618804,,510401,0,,0,0,,Null,2021/2022,MOKOIA ROAD,ROSEBERRY AVENUE,,Serious Crash,No,2022,,East,,0,,Flat,,,,,,Bright sun,355200,0,0,1,4,,,0,,,,,,Auckland Region,Nil,2-way,Sealed,,0,2,,50,,Off,0,0,,76,Auckland,Give way,,,,,1,0,Urban,0,,,Fine,Null
1749663.193,5916052.388,618848,,514801,0,0,0,1,0,East,2021/2022,AVONDALE ROAD,MAIRE STREET,,Serious Crash,No,2022,0,East,0,0,0,Flat,0,,0,,0,Bright sun,387300,1,0,0,2,0,0,0,0,0,2,0,0,Auckland Region,Nil,2-way,Sealed,0,0,1,0,50,0,Off,0,0,,76,Auckland,Nil,0,1,0,0,0,0,Urban,0,0,0,Fine,Null
1754680.456,5918989.502,618896,,515410,0,,0,1,,Null,2021/2022,SURREY CRESCENT,FIRTH ROAD,,Serious Crash,No,2021,,South,,0,,Flat,,,,,,Bright sun,404200,0,0,0,2,,,0,,,,,,Auckland Region,Nil,2-way,Sealed,,0,1,,50,,Off,0,0,,76,Auckland,Give way,,,,,0,0,Urban,1,,,Fine,Null
1759091.851,5917490.523,619045,,516102,0,,0,1,,Null,2022/2023,REMUERA ROAD,BASSETT ROAD,,Serious Crash,No,2022,,West,,0,,Flat,,,,,,Bright sun,484100,0,0,0,5,,,0,,,1,,,Auckland Region,Nil,2-way,Sealed,,0,1,,50,,Off,0,0,,76,Auckland,Traffic Signals,,,,,0,0,Urban,0,,,Fine,Null
1754146.437,5975592.429,619100,,506659,0,,0,1,,Null,2021/2022,LEIGH ROAD,MATAKANA WHARF ROAD,,Serious Crash,No,2021,,South,,0,,Flat,,Christmas New Year,,,,Bright sun,138003,0,0,1,1,,,0,,,,,,Auckland Region,Nil,1-way,Sealed,,0,1,,50,,Off,0,0,,76,Auckland,Give way,,,,,0,0,Urban,0,,,Fine,Null
1747180.452,5919717.353,619104,,512300,0,,0,0,,West,2021/2022,NORTH-WESTERN MOTORWAY,TE ATATU OBR,,Serious Crash,Yes,2022,,East,,0,,Flat,,,,,,Bright sun,251700,0,0,0,3,,,0,,,,,,Auckland Region,Nil,1-way,Sealed,,0,1,,100,,Off,0,0,,76,Auckland,Nil,,,,,2,0,Open,0,,,Fine,Null
1767775.258,5904306.4,619216,,524604,0,,0,0,,Null,2021/2022,GREAT SOUTH ROAD,MANUKAU STATION ROAD,,Serious Crash,No,2022,,South,,0,,Flat,,,,,,Dark,780302,0,0,0,6,,,0,,,,,,Auckland Region,Nil,2-way,Sealed,,0,1,,60,,On,2,0,,76,Auckland,Traffic Signals,,,,,0,0,Urban,0,,,Fine,Null
1757331.933,5917768.396,619328,,518101,0,0,0,1,0,Null,2021/2022,OFF ROAD,,,Serious Crash,No,2022,0,East,0,0,0,Hill Road,0,,0,,0,Bright sun,546200,2,0,0,,0,0,0,0,0,3,1,0,Auckland Region,Nil,Off road,Sealed,0,0,1,0,,0,Off,0,0,,76,Auckland,Nil,0,0,0,0,0,0,Urban,0,0,0,Fine,Null
1744829.756,5923562.887,619396,,513521,0,,0,1,,North,2021/2022,SUMICH PLACE,KAYLE GLEN,,Serious Crash,No,2022,,South,,0,,Hill Road,,,,,,Overcast,224238,0,0,0,2,,,0,,,1,,,Auckland Region,Nil,2-way,Sealed,,0,1,,50,,None,0,0,,76,Auckland,Nil,,,,,0,0,Urban,0,,,Fine,Null
1755437.028,5928247.511,619430,,507900,0,,0,1,,South,2021/2022,ARCHERS ROAD,POLAND ROAD,,Serious Crash,No,2022,,North,,0,,Flat,,,,,,Bright sun,305100,0,0,0,2,,,0,,,,,,Auckland Region,Nil,2-way,Sealed,,0,1,,50,,Off,0,0,,76,Auckland,Nil,,,,,1,0,Urban,0,,,Fine,Null
1753601.169,5914960.879,619504,,518801,0,,0,0,,East,2021/2022,PARKINSON AVENUE,FARRELLY AVENUE,,Serious Crash,No,2022,,West,,0,,Flat,,,,,,Bright sun,575700,0,0,1,2,,,0,,,,,,Auckland Region,Nil,2-way,Sealed,,0,1,,50,,Off,0,0,,76,Auckland,Nil,,,,,0,0,Urban,0,,,Fine,Strong wind
1772931.363,5896396.01,619554,,525410,0,,0,1,,East,2021/2022,CLEVEDON ROAD,CLEVEDON RAIL OBR,,Serious Crash,No,2022,,West,,0,,Hill Road,,,,,,Dark,793100,0,0,0,2,,,0,,,1,,,Auckland Region,Overpass,2-way,Sealed,,0,1,,50,,On,0,0,,76,Auckland,Nil,,,,,0,0,Urban,0,,,Fine,Null
1746792.291,5918385.322,619675,,512402,0,0,0,1,0,North,2021/2022,TE ATATU ROAD,STRID ROAD,,Serious Crash,No,2022,0,South,0,0,0,Flat,0,,0,,0,Bright sun,256300,1,0,0,2,0,0,0,0,1,,0,0,Auckland Region,Nil,2-way,Sealed,0,0,1,0,50,0,Off,0,0,,76,Auckland,Nil,0,0,0,0,1,0,Urban,0,0,0,Fine,Null
1753225.182,5926031.605,619698,,508220,0,,0,1,,North,2021/2022,ESKDALE ROAD,INGLIS STREET,,Serious Crash,No,2021,,North,,0,,Hill Road,,,,,,Overcast,189103,1,0,0,2,,,0,,,,,,Auckland Region,Nil,2-way,Sealed,,0,1,,50,,Off,0,0,,76,Auckland,Nil,,,,,0,0,Urban,1,,,Fine,Null
1755836.041,5914808.012,619747,,518500,1,,0,0,,West,2021/2022,PRINCES AVENUE,PARAU STREET,,Serious Crash,No,2022,,West,,0,,Hill Road,,,,,,Overcast,561700,0,0,0,2,,,0,,,,,,Auckland Region,Nil,2-way,Sealed,,0,1,,50,,Off,0,0,,76,Auckland,Nil,,,,,0,0,Urban,0,,,Fine,Strong wind
1759387.425,5908316.73,619797,,524121,0,0,0,1,0,North,2021/2022,BADER DRIVE,CESSNA PLACE,,Serious Crash,No,2021,0,North,0,0,0,Flat,0,,0,,0,Dark,737200,0,0,0,2,0,0,0,0,0,,0,0,Auckland Region,Nil,2-way,Sealed,0,0,1,0,50,0,On,0,0,,76,Auckland,Nil,1,0,0,1,0,0,Urban,0,0,0,Fine,Null
1726041.105,5942996.883,619837,,506642,0,0,0,1,0,South,2021/2022,SOUTH HEAD ROAD,EVANS ROAD,,Serious Crash,No,2021,0,East,0,0,0,Flat,0,,0,,0,Bright sun,210500,0,0,0,2,0,0,0,0,0,,0,0,Auckland Region,Nil,2-way,Sealed,0,0,1,0,100,0,None,0,0,,76,Auckland,Nil,0,0,0,1,0,0,Open,0,0,0,Fine,Null
1753208.337,5913731.539,619858,,514500,0,,0,0,,South,2021/2022,ROSAMUND AVENUE,LABURNUM ROAD,,Fatal Crash,No,2021,,South,,1,,Hill Road,,Christmas New Year,,,,Dark,375600,0,0,0,2,,,0,,,1,,,Auckland Region,Nil,2-way,Sealed,,0,0,,50,,On,0,0,,76,Auckland,Nil,,,,,0,0,Urban,1,,,Fine,Null
1745055.216,5930813.016,619871,,506400,0,0,0,0,0,North,2021/2022,RIDGE ROAD,DIAMOND LANE,,Serious Crash,No,2021,0,North,0,0,0,Hill Road,0,,0,,1,Bright sun,216902,0,0,1,2,0,0,0,0,0,,0,0,Auckland Region,Nil,2-way,Sealed,0,0,1,0,80,0,None,0,0,,76,Auckland,Nil,0,0,0,0,0,0,Open,0,0,0,Fine,Null
1769333.638,5907463.819,620107,,523713,0,,0,1,,Null,2021/2022,TE IRIRANGI DRIVE,ORMISTON ROAD,,Serious Crash,No,2022,,South,,0,,Flat,,,,,,Bright sun,712302,1,0,0,6,,,0,,,,,,Auckland Region,Nil,2-way,Sealed,,0,2,,80,,Off,1,0,,76,Auckland,Traffic Signals,,,,,0,0,Open,0,,,Fine,Null
1745528.434,5913128.675,620131,,511001,0,0,0,0,0,East,2021/2022,SOLAR ROAD,ADAM SUNDE PLACE,,Serious Crash,No,2021,0,East,0,0,0,Flat,0,,0,,0,Dark,282807,0,0,1,2,0,0,0,0,0,,0,1,Auckland Region,Speed hump,2-way,Sealed,0,0,1,0,50,0,On,0,0,,76,Auckland,Nil,0,0,0,0,0,0,Urban,0,0,0,Fine,Null
1768106.243,5881073.979,620257,,525921,0,0,0,1,0,North,2021/2022,VICTORIA STREET,HELVETIA ROAD,,Serious Crash,No,2021,0,North,0,0,0,Hill Road,0,,0,,0,Dark,821800,1,0,0,2,0,0,0,0,0,,0,0,Auckland Region,Speed hump,2-way,Sealed,0,0,1,0,50,0,On,0,0,,76,Auckland,Nil,0,0,0,1,0,0,Urban,0,0,0,Light rain,Null
1757510.116,5928899.293,620263,,507800,0,,0,1,,East,2021/2022,KITCHENER ROAD,OMANA ROAD,,Serious Crash,No,2021,,East,,0,,Flat,,,,,,Overcast,307800,0,0,0,2,,,0,,,1,,,Auckland Region,Nil,2-way,Sealed,,0,1,,50,,Off,0,0,,76,Auckland,Unknown,,,,,0,0,Urban,0,,,Heavy rain,Null
1755438.847,5934205.951,620326,,507200,0,0,0,1,0,South,2021/2022,BEACH ROAD,BROWNS BAY ROAD,,Serious Crash,No,2022,0,South,0,0,0,Hill Road,0,,0,,0,Dark,156304,0,0,0,2,0,0,0,0,1,,0,0,Auckland Region,Nil,2-way,Sealed,0,0,1,0,50,0,On,0,0,,76,Auckland,Nil,0,1,0,0,0,0,Urban,2,0,0,Fine,Null
1760744.207,5906595.224,620337,,524112,0,,0,1,,Null,2022/2023,FRIESIAN DRIVE,PAINE PLACE,,Serious Crash,No,2022,,East,,0,,Flat,,,,,,Overcast,741500,0,0,1,2,,,0,,,,,,Auckland Region,Nil,2-way,Sealed,,0,1,,50,,Off,0,0,,76,Auckland,Give way,,,,,0,0,Urban,0,,,Fine,Null
1757242.812,5889438.5,620370,,521122,0,0,0,0,0,North,2021/2022,WRIGHT ROAD,MCKENZIE ROAD,,Serious Crash,No,2022,0,North,0,0,1,Flat,0,Queens Birthday,0,,0,Bright sun,810400,0,0,0,2,0,0,0,0,0,,0,0,Auckland Region,Nil,2-way,Sealed,0,0,1,0,60,0,None,0,0,,76,Auckland,Nil,0,0,0,1,0,0,Urban,1,0,0,Fine,Null
1731181.784,5908840.87,620420,,513800,0,0,0,1,0,West,2021/2022,SEAVIEW ROAD,RAYNER ROAD,,Serious Crash,No,2022,0,West,0,0,0,Hill Road,0,Easter,0,,0,Bright sun,282013,0,0,0,2,0,0,0,0,1,1,0,0,Auckland Region,Nil,2-way,Sealed,0,0,1,0,50,0,Off,0,0,,76,Auckland,Nil,0,0,0,0,0,0,Urban,1,0,0,Fine,Null
1737109.431,5960589.7,620773,,506613,0,,0,0,,North,2021/2022,WEST COAST ROAD,PARKER ROAD,,Serious Crash,No,2021,,South,,0,,Flat,,,,,,Bright sun,146500,0,0,1,2,,,0,,,,,,Auckland Region,Nil,2-way,Sealed,,0,1,,100,,None,0,0,,76,Auckland,Nil,,,,,0,0,Open,0,,,Fine,Null
1745042.26,5916285.871,620798,,510800,0,0,0,1,0,South,2021/2022,HENDERSON VALLEY ROAD,WOODRUFFE AVENUE,,Fatal Crash,No,2021,0,South,0,2,0,Flat,0,,0,,1,Dark,242501,1,0,0,2,0,0,0,0,1,,0,1,Auckland Region,Nil,2-way,Sealed,0,0,1,0,50,0,On,0,0,,76,Auckland,Unknown,0,0,0,0,1,0,Urban,0,0,0,Fine,Null
1766260.148,5899907.273,620950,,524822,0,,0,1,,South,2021/2022,ROSCOMMON ROAD,ROBERT ROSS PLACE,,Serious Crash,No,2022,,North,,0,,Flat,,,,,,Dark,774431,0,0,1,2,,,0,,,,,,Auckland Region,Nil,1-way,Sealed,,0,1,,50,,On,0,0,30,76,Auckland,Nil,,,,,0,0,Urban,0,,,Fine,Null
1768176.217,5913801.562,620981,,523000,0,0,0,2,0,West,2021/2022,PAKURANGA ROAD,GOSSAMER DRIVE,,Serious Crash,No,2022,0,West,0,0,3,Flat,0,,0,,0,Bright sun,690700,4,0,0,2,0,0,0,0,0,,0,0,Auckland Region,Nil,1-way,Sealed,0,0,1,0,60,0,Null,1,0,,76,Auckland,Nil,0,0,0,0,0,0,Urban,1,0,0,Fine,Null
1742412.863,5926160.935,620986,,513410,0,0,0,1,0,South,2021/2022,FRED TAYLOR DRIVE,SH 16,,Serious Crash,No,2022,0,North,1,0,0,Flat,0,,0,,0,Overcast,220400,0,0,0,2,0,0,0,0,0,,0,0,Auckland Region,Nil,2-way,Sealed,1,0,1,0,80,0,Off,0,0,,76,Auckland,Nil,1,0,0,0,0,0,Open,0,0,0,Heavy rain,Null
1757292.404,5918920.046,621009,,514301,0,0,0,1,0,North,2021/2022,PORT TO SOUTHERN LINK,SOUTHERN MOTORWAY,,Serious Crash,Yes,2022,0,South,0,0,0,Flat,2,,0,,0,Dark,441300,1,0,0,2,0,0,0,0,0,,0,0,Auckland Region,Motorway ramp,1-way,Sealed,0,0,1,0,80,0,On,1,0,,76,Auckland,Unknown,0,0,0,0,0,0,Open,0,0,0,Fine,Null
1774012.462,5891359.836,621054,,521301,0,0,0,1,1,South,2021/2022,FITZGERALD ROAD,WAIHOEHOE ROAD,,Serious Crash,No,2021,0,South,0,0,0,Flat,0,,0,,0,Dark,809002,0,0,0,2,0,0,0,0,0,,0,0,Auckland Region,Nil,2-way,Sealed,0,0,1,0,80,0,None,0,0,,76,Auckland,Nil,0,0,0,0,0,0,Open,0,0,0,Fine,Null
1727964.972,5939067.445,621072,,506644,0,,0,1,,Null,2021/2022,SH 16,RIMMER ROAD,,Serious Crash,Yes,2021,,South,,0,,Flat,,,,,,Bright sun,211002,0,0,1,2,,,0,,,,,,Auckland Region,Nil,2-way,Sealed,,0,1,,100,,Off,0,0,,76,Auckland,Give way,,,,,0,0,Open,0,,,Fine,Null
1775023.955,5888786.992,621193,,521301,0,0,0,1,0,Null,2021/2022,MAKETU ROAD,BILL STEVENSON DRIVE,,Serious Crash,No,2022,0,Null,0,0,0,Flat,0,,0,,0,Dark,809103,0,0,0,4,0,0,0,0,1,1,0,0,Auckland Region,Nil,2-way,Sealed,0,0,1,0,50,0,On,0,0,,76,Auckland,Traffic Signals,0,0,0,0,0,0,Urban,0,0,0,Light rain,Null
1764670.927,5911003.325,621293,,520500,0,,0,0,,East,2020/2021,COPPINS ROAD,WALTERS ROAD,,Fatal Crash,No,2021,,West,,1,,Hill Road,,Easter,,,,Bright sun,636300,0,0,0,2,,,0,,,,,,Auckland Region,Nil,2-way,Sealed,,0,0,,50,,Off,1,0,,76,Auckland,Nil,,,,,0,0,Urban,0,,,Fine,Null
1753136.057,5918384.318,621427,,515002,0,,1,1,,West,2021/2022,GREAT NORTH ROAD,MOTIONS ROAD,,Serious Crash,No,2021,,East,,0,,Hill Road,,,,,,Bright sun,390501,2,0,0,6,,,0,,,,,,Auckland Region,Nil,2-way,Sealed,,0,1,,50,,Off,0,0,,76,Auckland,Nil,,,,,0,0,Urban,2,,,Fine,Null
1746021.008,5943255.808,621428,,506614,0,0,0,0,0,South,2021/2022,KAHIKATEA FLAT ROAD,SELMAN ROAD,,Serious Crash,No,2022,0,East,1,0,0,Hill Road,0,,0,,0,Bright sun,177803,0,0,0,2,0,0,0,0,0,,0,0,Auckland Region,Nil,2-way,Sealed,0,0,1,0,80,0,None,0,0,,76,Auckland,Nil,0,0,0,0,1,0,Open,0,0,0,Fine,Null
1753324.394,5911754.156,621481,,518902,0,,0,1,,Null,2021/2022,THE AVENUE,CARONIA CRESCENT,,Serious Crash,No,2022,,South,,0,,Hill Road,,,,,,Dark,587400,0,0,0,2,,,0,,,1,,,Auckland Region,Nil,2-way,Sealed,,0,1,,50,,On,0,0,,76,Auckland,Give way,,,,,0,0,Urban,0,,,Fine,Null
1752614.257,5931170.456,621489,,508807,0,,0,1,,Null,2021/2022,OFF ROAD CARPARK,,,Serious Crash,No,2022,,South,,0,,Flat,,,,,,Bright sun,180809,0,0,0,,,,0,,,1,,,Auckland Region,Nil,Off road,Sealed,,0,1,,10,,Off,0,0,,76,Auckland,Nil,,,,,0,0,Urban,0,,,Fine,Null
1760755.498,5917075.611,621490,,516202,0,0,0,2,0,North,2022/2023,ORAKEI ROAD,ELMSTONE AVENUE,,Serious Crash,No,2022,0,South,0,0,0,Flat,0,,0,,0,Bright sun,489500,1,0,0,2,0,0,0,0,1,,0,0,Auckland Region,Nil,2-way,Sealed,0,0,1,0,50,0,Off,0,0,,76,Auckland,Nil,0,0,0,0,0,0,Urban,1,0,0,Fine,Null
1743917,5914973,746569,,513013,0,0,0,1,0,Null,2011/2012,FOREST HILL ROAD,PINE AVENUE,,Serious Crash,No,2012,0,South,0,0,0,Hill Road,0,,0,,0,Dark,281102,0,0,0,2,0,0,0,0,0,,0,1,Auckland Region,Nil,2-way,Sealed,0,0,1,0,50,0,On,0,0,,76,Auckland,Give way,0,0,0,0,0,0,Urban,0,0,0,Fine,Null
1725175,5943359,746974,,506642,0,0,0,0,0,West,2011/2012,SOUTH HEAD ROAD,GREEN ROAD,,Serious Crash,No,2012,0,North,0,0,1,Flat,0,,0,,0,Dark,210500,0,0,0,2,0,0,0,0,0,,0,0,Auckland Region,Nil,2-way,Sealed,0,0,1,0,100,0,None,0,0,,76,Auckland,Nil,0,0,0,0,1,0,Open,0,0,0,Light rain,Null
1756173,5913010,746979,,518701,0,0,0,1,0,North,2012/2013,HAYR ROAD,MELROSE ROAD,,Serious Crash,No,2012,0,South,0,0,0,Hill Road,0,,0,,0,Dark,572001,0,0,0,2,0,0,0,0,0,,0,0,Auckland Region,Nil,2-way,Sealed,0,0,1,0,50,0,On,0,0,,76,Auckland,Nil,0,0,0,1,0,0,Urban,0,0,0,Fine,Null
1757431,5920144,747354,,514103,0,,0,1,,Null,2011/2012,MAYORAL DRIVE,WELLESLEY ST EAST,,Serious Crash,No,2012,,West,,0,,Hill Road,,,,,,Bright sun,436700,0,0,1,5,,,0,,,,,,Auckland Region,Nil,2-way,Sealed,,0,1,,50,,Off,0,0,,76,Auckland,Traffic Signals,,,,,0,0,Urban,0,,,Fine,Null
1769981,5900668,747383,,523816,0,0,0,1,0,North,2012/2013,SHIFNAL DRIVE,RIVERTON DRIVE,,Serious Crash,No,2012,0,South,0,0,0,Flat,0,,0,,0,Dark,759734,1,0,0,2,0,0,0,0,0,,0,0,Auckland Region,Nil,2-way,Sealed,0,0,3,0,50,0,On,0,0,,76,Auckland,Nil,0,0,0,1,0,0,Urban,0,0,0,Fine,Null
1756036,5926714,747407,,508620,1,,0,1,,South,2011/2012,AKORANGA DRIVE,NORTHCOTE ROAD,,Serious Crash,No,2012,,East,,0,,Flat,,,,,,Overcast,204702,0,0,0,4,,,0,,,,,,Auckland Region,Nil,2-way,Sealed,,0,1,,50,,Off,0,0,,76,Auckland,Nil,,,,,0,0,Urban,0,,,Fine,Null
1748275,5912874,747474,,511902,0,,0,0,,East,2011/2012,TITIRANGI ROAD,OLD TITIRANGI ROAD E,,Serious Crash,No,2012,,West,,0,,Hill Road,,,,,,Overcast,292002,0,0,0,2,,,0,,,1,,,Auckland Region,Nil,2-way,Sealed,,0,1,,50,,Off,1,0,,76,Auckland,Nil,,,,,0,0,Urban,0,,,Light rain,Null
1750163,5916570,747479,,514801,0,0,0,1,0,East,2011/2012,HONAN PLACE,ROSEBANK ROAD,,Serious Crash,No,2012,0,West,0,0,0,Flat,0,,0,,0,Dark,389500,1,0,0,2,0,0,0,0,0,,0,0,Auckland Region,Nil,2-way,Sealed,0,0,1,0,50,0,On,0,0,,76,Auckland,Nil,0,0,0,1,0,0,Urban,0,0,0,Fine,Null
1766213,5905066,747991,,524603,0,,0,1,,North,2012/2013,NORMAN SPENCER DRIVE,LEITH COURT,,Serious Crash,No,2012,,North,,0,,Flat,,,,,,Bright sun,780202,0,0,0,2,,,0,,,1,,,Auckland Region,Nil,2-way,Sealed,,0,1,,50,,Off,0,0,,76,Auckland,Nil,,,,,0,0,Urban,0,,,Fine,Null
1772093,5911894,748273,,523114,0,0,0,1,0,South,2011/2012,POINT VIEW DRIVE,WHITFORD ROAD,,Fatal Crash,No,2012,0,North,0,1,0,Hill Road,0,,0,,0,Overcast,718004,0,0,1,2,0,0,0,0,0,,0,1,Auckland Region,Nil,2-way,Sealed,0,0,0,0,50,0,Off,0,0,,76,Auckland,Nil,0,0,0,0,0,0,Urban,0,0,0,Fine,Null
1738918,5928677,748510,,505602,0,,0,1,,South,2011/2012,WAITAKERE ROAD,ACCESS ROAD,,Serious Crash,No,2012,,South,,0,,Flat,,,,,,Overcast,215000,0,0,0,2,,,0,,,1,,,Auckland Region,Nil,2-way,Sealed,,0,1,,60,,Null,0,0,,76,Auckland,Unknown,,,,,0,0,Urban,0,,,Fine,Null
1727723,5938724,748591,,506642,0,0,0,1,0,South,2012/2013,SH 16,RIMMER ROAD,,Serious Crash,Yes,2012,0,North,1,0,1,Flat,0,,0,,0,Dark,211100,1,0,0,2,0,0,0,0,0,,0,0,Auckland Region,Nil,2-way,Sealed,0,0,2,0,100,0,On,0,0,,76,Auckland,Nil,0,0,0,0,0,0,Open,0,0,0,Fine,Null
1767587,5904632,748717,,524604,0,,0,1,,Null,2012/2013,GREAT SOUTH ROAD,BAKERFIELD PLACE,,Serious Crash,No,2012,,South,,0,,Flat,,,,,,Bright sun,780302,0,0,0,4,,,0,,,,,,Auckland Region,Nil,2-way,Sealed,,0,1,,50,,Off,0,0,,76,Auckland,Traffic Signals,,,,,0,0,Urban,1,,,Fine,Null
1742716,5921559,748786,,513631,0,,0,1,,West,2012/2013,DON BUCK ROAD,GALLONY AVENUE,,Serious Crash,No,2012,,East,,0,,Hill Road,,,,,,Overcast,227101,1,0,0,2,,,0,,,,,,Auckland Region,Nil,2-way,Sealed,,0,1,,50,,Off,0,0,,76,Auckland,Nil,,,,,0,0,Urban,2,,,Fine,Null
1760956,5911875,749259,,520000,0,0,0,1,0,West,2012/2013,NEILSON ST,EDINBURGH ST,,Fatal Crash,No,2012,0,West,0,1,0,Flat,0,,0,,0,Dark,608000,0,0,0,2,0,0,0,0,0,,0,1,Auckland Region,Nil,2-way,Sealed,0,0,0,0,50,0,On,0,0,,76,Auckland,Nil,0,0,0,0,0,0,Urban,0,0,0,Fine,Null