X,Y,OBJECTID,advisorySpeed,areaUnitID,bicycle,bridge,bus,carStationWagon,cliffBank,crashDirectionDescription,crashFinancialYear,crashLocation1,crashLocation2,crashRoadSideRoad,crashSeverity,crashSHDescription,crashYear,debris,directionRoleDescription,ditch,fatalCount,fence,flatHill,guardRail,holiday,houseOrBuilding,intersection,kerb,light,meshblockId,minorInjuryCount,moped,motorcycle,NumberOfLanes,objectThrownOrDropped,otherObject,otherVehicleType,overBank,parkedVehicle,pedestrian,phoneBoxEtc,postOrPole,region,roadCharacter,roadLane,roadSurface,roadworks,schoolBus,seriousInjuryCount,slipOrFlood,speedLimit,strayAnimal,streetLight,suv,taxi,temporarySpeedLimit,tlaId,tlaName,trafficControl,trafficIsland,trafficSign,train,tree,truck,unknownVehicleType,urban,vanOrUtility,vehicle,waterRiver,weatherA,weatherB
1774572,5894834,749342,,525510,0,0,0,1,0,West,2012/2013,BOUNDARY ROAD,HUNUA ROAD,,Serious Crash,No,2012,0,West,0,0,0,Flat,0,,0,,0,Overcast,801600,2,0,0,2,0,0,0,0,0,,0,0,Auckland Region,Nil,2-way,Sealed,0,0,1,0,70,0,Off,0,0,,76,Auckland,Nil,0,0,0,0,1,0,Urban,0,1,0,Light rain,Null
1760380,5906852,749454,,524111,0,,0,0,,North,2012/2013,MASCOT AVENUE,CANNING CRESCENT S,,Serious Crash,No,2012,,North,,0,,Flat,,,,,,Bright sun,740500,0,0,0,2,,,0,,,1,,,Auckland Region,Nil,2-way,Sealed,,0,1,,50,,Off,1,0,,76,Auckland,Nil,,,,,0,0,Urban,0,,,Fine,Null
1754169,5931274,749567,,508805,0,,0,3,,South,2011/2012,SH 1N,CONSTELLATION OBR,,Serious Crash,Yes,2012,,South,,0,,Hill Road,,,,,,Overcast,180826,0,0,0,2,,,0,,,,,,Auckland Region,Nil,1-way,Sealed,,0,2,,100,,Off,0,0,,76,Auckland,Nil,,,,,1,0,Open,0,,,Fine,Null
1760350,5885015,749638,,521121,0,,0,1,,Null,2012/2013,GLENBROOK ROAD,KINGSEAT ROAD,,Serious Crash,No,2013,,West,,0,,Flat,,,,,,Overcast,811200,2,0,0,2,,,0,,,,,,Auckland Region,Nil,2-way,Sealed,,0,1,,100,,Off,0,0,,76,Auckland,Stop,,,,,0,0,Open,1,,,Fine,Null
1767796,5881409,749849,,525921,0,,0,1,,West,2011/2012,PRINCES ST,HELVETIA ROAD,,Serious Crash,No,2012,,West,,0,,Flat,,,,,,Dark,820508,0,0,0,2,,,0,,,1,,,Auckland Region,Nil,2-way,Sealed,,0,1,,50,,None,0,0,,76,Auckland,Nil,,,,,0,0,Urban,0,,,Fine,Null
1758964,5917076,749982,,516001,0,,0,1,,North,2011/2012,SH 1N,MARKET OBR,,Serious Crash,Yes,2012,,South,,0,,Flat,,,,,,Dark,491200,0,0,1,5,,,0,,,,,,Auckland Region,Nil,1-way,Sealed,,0,1,,100,,On,0,0,,76,Auckland,Nil,,,,,0,0,Open,0,,,Fine,Null
1752151,5914661,750053,,514500,0,0,0,1,0,Null,2012/2013,NEW WINDSOR ROAD,WHITNEY ST,,Serious Crash,No,2012,0,West,0,0,1,Flat,0,,0,,0,Dark,377702,0,0,0,2,0,0,0,0,0,,0,0,Auckland Region,Nil,2-way,Sealed,0,0,1,0,50,0,On,0,0,,76,Auckland,Stop,0,0,0,1,0,0,Urban,0,0,0,Fine,Null
1758492,5917372,750132,,516001,0,,0,2,,East,2012/2013,GREAT SOUTH ROAD,MARGOT ST,,Serious Crash,No,2012,,West,,0,,Flat,,,,,,Bright sun,490900,0,0,0,4,,,0,,,,,,Auckland Region,Nil,2-way,Sealed,,0,1,,50,,Off,0,0,,76,Auckland,Give way,,,,,0,0,Urban,1,,,Fine,Null
1752119,5930927,750135,,508807,0,,0,1,,East,2011/2012,BUSH ROAD,BEATRICE TINSLEY CRESCENT,,Serious Crash,No,2012,,West,,0,,Flat,,,,,,Twilight,180301,0,0,1,2,,,0,,,,,,Auckland Region,Nil,2-way,Sealed,,0,1,,50,,Off,0,0,,76,Auckland,Nil,,,,,0,0,Urban,0,,,Fine,Null
1750564,5912357,750147,,511402,0,0,0,0,0,West,2013/2014,GOLF ROAD,PORTAGE ROAD,,Serious Crash,No,2013,0,West,0,0,0,Flat,0,,0,,0,Dark,260600,0,1,0,2,0,0,0,0,0,,0,0,Auckland Region,Nil,2-way,Sealed,0,0,1,0,50,0,On,0,0,,76,Auckland,Nil,1,0,0,0,0,0,Urban,0,0,0,Fine,Null
1798324,5905053,750156,,525202,1,,0,1,,East,2012/2013,ORERE-MATINGARAHI ROAD,KAWAKAWA-ORERE ROAD,,Serious Crash,No,2013,,West,,0,,Hill Road,,,,,,Bright sun,765300,0,0,0,2,,,0,,,,,,Auckland Region,Nil,2-way,Sealed,,0,1,,100,,None,0,0,,76,Auckland,Nil,,,,,0,0,Open,0,,,Fine,Null
1775190,5909671,750293,,523202,0,0,0,1,0,West,2012/2013,WHITFORD-MARAETAI ROAD,TRIG ROAD W,,Serious Crash,No,2012,0,East,0,0,1,Flat,0,,0,,0,Overcast,716401,0,0,0,2,0,0,0,0,0,,0,1,Auckland Region,Nil,2-way,Sealed,0,0,2,0,80,0,None,0,0,,76,Auckland,Nil,0,0,0,1,0,0,Open,0,0,0,Fine,Null
1754517,5876372,750351,,526104,0,,0,1,,Null,2011/2012,KITCHENER ROAD,COLLINGWOOD ROAD W,,Serious Crash,No,2012,,East,,0,,Hill Road,,,,,,Bright sun,836600,0,0,0,3,,,0,,,,,,Auckland Region,Nil,2-way,Sealed,,0,1,,50,,Off,0,0,,76,Auckland,Give way,,,,,1,0,Urban,0,,,Fine,Null
1747551,5912372,750376,,511901,0,,0,1,,North,2011/2012,ATKINSON ROAD,CAPTAIN SCOTT ROAD,,Serious Crash,No,2012,,East,,0,,Hill Road,,,,,,Dark,294401,1,0,0,2,,,0,,,,,,Auckland Region,Nil,2-way,Sealed,,0,1,,50,,On,0,0,,76,Auckland,Nil,,,,,0,0,Urban,0,,,Fine,Null
1766471,5908899,750426,,523402,0,,0,1,,West,2012/2013,GAYE CRESCENT,BENTLEY ROAD,,Serious Crash,No,2012,,West,,0,,Flat,,,,,,Overcast,697400,0,0,0,2,,,0,,,1,,,Auckland Region,Nil,2-way,Sealed,,0,1,,50,,Off,0,1,,76,Auckland,Nil,,,,,0,0,Urban,0,,,Fine,Null
1760331,5923229,750485,,509400,0,,0,1,,South,2011/2012,LAKE ROAD,ALLENBY AVENUE,,Serious Crash,No,2012,,South,,0,,Flat,,,,,,Overcast,332000,0,0,0,2,,,0,,,1,,,Auckland Region,Nil,2-way,Sealed,,0,1,,50,,Off,0,0,,76,Auckland,Nil,,,,,0,0,Urban,0,,,Light rain,Null
1762692,5920818,750580,,516400,0,0,0,4,0,West,2012/2013,TAMAKI DRIVE,ATKIN AVENUE,,Serious Crash,No,2013,0,West,0,0,0,Flat,0,,0,,0,Twilight,498801,1,0,0,2,0,0,0,0,1,,0,0,Auckland Region,Nil,2-way,Sealed,0,0,4,0,50,0,Off,0,0,,76,Auckland,Nil,0,0,0,0,0,0,Urban,0,0,0,Fine,Null
1757292,5920655,750585,,514102,0,,0,0,,Null,2011/2012,ALBERT ST,WYNDHAM ST,,Serious Crash,No,2012,,East,,0,,Hill Road,,,,,,Bright sun,433501,1,0,0,4,,,0,,,2,,,Auckland Region,Nil,2-way,Sealed,,0,1,,50,,Off,0,0,,76,Auckland,Traffic Signals,,,,,0,0,Urban,1,,,Fine,Null
1756442,5919378,750692,,514200,1,,0,0,,Null,2012/2013,KARANGAHAPE ROAD,HOWE ST,,Serious Crash,No,2012,,West,,0,,Flat,,,,,,Bright sun,411900,1,0,0,5,,,0,,,1,,,Auckland Region,Nil,2-way,Sealed,,0,1,,50,,Off,0,0,,76,Auckland,Traffic Signals,,,,,0,0,Urban,0,,,Fine,Null
1769654,5880765,750761,,525922,0,,0,1,,North,2012/2013,STATION ROAD,BIRCH ROAD,,Serious Crash,No,2013,,North,,0,,Flat,,,,,,Bright sun,817001,0,0,0,2,,,0,,,1,,,Auckland Region,Nil,2-way,Sealed,,0,1,,50,,Off,0,0,,76,Auckland,Nil,,,,,0,0,Urban,0,,,Fine,Null
1757035,5918411,750810,,518101,1,,0,1,,Null,2012/2013,MOUNT EDEN ROAD,BOSTON ROAD,,Serious Crash,No,2013,,South,,0,,Hill Road,,,,,,Dark,542600,0,0,0,5,,,0,,,,,,Auckland Region,Nil,2-way,Sealed,,0,1,,50,,On,0,0,,76,Auckland,Traffic Signals,,,,,0,0,Urban,0,,,Fine,Null
1757679,5919094,750899,,514302,1,0,0,1,0,Null,2012/2013,PARK ROAD,PARK AVENUE,,Serious Crash,No,2013,0,East,0,0,0,Flat,0,,0,,0,Overcast,442400,0,0,0,2,0,0,0,0,0,,0,0,Auckland Region,Nil,2-way,Sealed,0,0,1,0,50,0,Off,0,0,,76,Auckland,Stop,0,0,0,0,0,0,Urban,0,1,0,Fine,Null
1754776,5917720,750958,,517600,1,,0,0,,Null,2011/2012,NEW NORTH ROAD,MORNINGSIDE DRIVE,,Serious Crash,No,2012,,West,,0,,Hill Road,,,,,,Dark,533700,0,0,0,4,,,0,,,,,,Auckland Region,Nil,2-way,Sealed,,0,1,,50,,On,0,0,,76,Auckland,Traffic Signals,,,,,0,0,Urban,1,,,Fine,Null
1762066,5913821,751017,,520500,0,0,0,0,0,North,2013/2014,SH 1N,PENROSE OBR,,Serious Crash,Yes,2013,1,North,0,0,0,Flat,0,,0,,0,Overcast,637000,0,0,1,3,0,0,0,0,0,,0,0,Auckland Region,Nil,1-way,Sealed,0,0,1,0,100,0,Off,0,0,,76,Auckland,Nil,0,0,0,0,0,0,Open,0,0,0,Fine,Null
1764702,5919834,751043,,516602,1,0,0,1,0,East,2012/2013,SPEIGHT ROAD,SAGE ROAD,,Serious Crash,No,2013,0,West,0,0,1,Hill Road,0,,0,,1,Bright sun,504400,1,0,0,2,0,0,0,0,0,,0,0,Auckland Region,Nil,2-way,Sealed,0,0,1,0,50,0,Off,0,0,,76,Auckland,Nil,0,0,0,1,0,0,Urban,0,0,0,Fine,Null
1742918,5921414,751190,,513631,0,,1,0,,West,2012/2013,DON BUCK ROAD,GALLONY AVENUE,,Serious Crash,No,2013,,West,,0,,Flat,,,,,,Dark,227101,1,0,0,2,,,0,,,1,,,Auckland Region,Nil,2-way,Sealed,,0,1,,50,,On,0,0,,76,Auckland,Nil,,,,,0,0,Urban,0,,,Fine,Null
1748250,5945167,751220,,506201,0,0,0,1,1,Null,2012/2013,DAIRY FLAT HIGHWAY,PINE VALLEY ROAD,,Serious Crash,No,2012,0,East,0,0,1,Hill Road,0,Labour Weekend,0,,0,Twilight,176801,0,0,0,2,0,0,0,0,0,,0,0,Auckland Region,Nil,2-way,Sealed,0,0,2,0,100,0,Off,0,0,,76,Auckland,Give way,0,0,0,0,0,0,Open,0,0,0,Fine,Null
1745077,5917899,751291,,510700,1,,0,1,,South,2012/2013,LINCOLN ROAD,SEL PEACOCK DRIVE,,Serious Crash,No,2013,,South,,0,,Flat,,,,,,Overcast,240200,0,0,0,4,,,0,,,,,,Auckland Region,Nil,2-way,Sealed,,0,1,,50,,Off,0,0,,76,Auckland,Nil,,,,,0,0,Urban,0,,,Fine,Null
1758471,5919387,751704,,515902,0,,0,1,,East,2012/2013,DOMAIN DRIVE,LOWER DOMAIN DRIVE,,Serious Crash,No,2012,,East,,0,,Flat,,,,,,Dark,451400,0,0,0,2,,,0,,,1,,,Auckland Region,Nil,2-way,Sealed,,0,1,,40,,On,0,0,,76,Auckland,Nil,,,,,0,0,Urban,0,,,Light rain,Null
1748718,5912713,751834,,511401,1,,0,1,,Null,2012/2013,PARKER AVENUE,SEABROOK AVENUE,,Serious Crash,No,2012,,South,,0,,Hill Road,,,,,,Overcast,261900,0,0,0,2,,,0,,,,,,Auckland Region,Nil,2-way,Sealed,,0,1,,50,,Off,0,0,,76,Auckland,Stop,,,,,0,0,Urban,0,,,Fine,Null
1755673,5919768,751862,,514000,0,,0,2,,South,2011/2012,PONSONBY ROAD,COLLINGWOOD ST,,Serious Crash,No,2012,,South,,0,,Flat,,,,,,Dark,414000,5,0,0,4,,,0,,,,,,Auckland Region,Nil,2-way,Sealed,,0,1,,50,,On,0,0,,76,Auckland,Nil,,,,,0,0,Urban,0,,,Fine,Null
1742399,5996118,751870,45,506660,0,,0,0,,North,2012/2013,MANGAWHAI ROAD,TE ARAI POINT ROAD,,Fatal Crash,No,2013,,North,,1,,Hill Road,,,,,,Bright sun,135201,0,0,0,2,,,0,,,,,,Auckland Region,Nil,2-way,Sealed,,0,0,,100,,Off,0,0,,76,Auckland,Give way,,,,,1,0,Open,1,,,Fine,Null
1727085,5942916,752118,65,506642,0,,0,1,,Null,2011/2012,SOUTH HEAD ROAD,PARKHURST ROAD,,Serious Crash,No,2012,,North,,0,,Flat,,,,,,Dark,210702,0,0,0,2,,,0,,,,,,Auckland Region,Nil,2-way,Sealed,,0,1,,100,,None,1,0,,76,Auckland,Nil,,,,,0,0,Open,0,,,Fine,Null
1759249,5916417,752193,,519200,0,,0,1,,Null,2012/2013,GREAT SOUTH ROAD,CORNWALL PARK AVENUE,,Serious Crash,No,2013,,North,,0,,Flat,,,,,,Overcast,615000,0,0,1,3,,,0,,,,,,Auckland Region,Nil,2-way,Sealed,,0,1,,50,,Off,0,0,,76,Auckland,Stop,,,,,0,0,Urban,0,,,Fine,Null
1745078,5917725,752212,,510700,0,,0,1,,South,2012/2013,GREAT NORTH ROAD,BUSCOMB AVENUE,,Serious Crash,No,2012,,North,,0,,Hill Road,,,,,,Dark,239804,0,0,0,6,,,0,,,1,,,Auckland Region,Nil,1-way,Sealed,,0,1,,50,,On,0,0,,76,Auckland,Nil,,,,,0,0,Urban,0,,,Light rain,Null
1756606,5919439,752239,,514200,0,,0,1,,Null,2012/2013,KARANGAHAPE ROAD,DAY ST,,Serious Crash,No,2012,,East,,0,,Flat,,,,,,Dark,412000,0,0,0,4,,,0,,,1,,,Auckland Region,Nil,2-way,Sealed,,0,1,,50,,On,0,0,,76,Auckland,Traffic Signals,,,,,0,0,Urban,0,,,Fine,Null
1756257,5912320,752325,,518702,0,,0,1,,Null,2012/2013,HILLSBOROUGH ROAD,OLSEN AVENUE,,Serious Crash,No,2013,,East,,0,,Flat,,,,,,Dark,571400,0,0,1,4,,,0,,,,,,Auckland Region,Nil,2-way,Sealed,,0,1,,50,,On,0,0,,76,Auckland,Stop,,,,,0,0,Urban,0,,,Fine,Null
1764871,5877631,752341,,521121,0,0,0,0,0,West,2012/2013,WAIUKU ROAD,TRAMWAY ROAD,,Serious Crash,No,2013,0,East,1,0,1,Flat,0,,0,,0,Dark,825301,1,0,0,2,0,0,0,0,0,,0,0,Auckland Region,Nil,2-way,Sealed,0,0,1,0,80,0,None,0,0,,76,Auckland,Nil,0,1,0,0,0,0,Open,1,0,0,Fine,Null
1766665,5912966,752370,,522910,0,,0,0,,North,2011/2012,Z CPK PAKURANGA PLAZA,REEVES ROAD,,Serious Crash,No,2012,,West,,0,,Flat,,,,,,Dark,684000,0,0,0,0,,,0,,,1,,,Auckland Region,Nil,Off road,Sealed,,0,1,,20,,On,1,0,,76,Auckland,Nil,,,,,0,0,Urban,0,,,Fine,Null
1770927,5887147,752403,,521122,0,0,0,1,1,South,2012/2013,BURTT ROAD,CHERITON LANE,,Serious Crash,No,2013,0,North,0,0,0,Hill Road,0,,0,,0,Overcast,813400,0,0,0,2,0,0,0,0,0,,0,0,Auckland Region,Nil,2-way,Sealed,0,0,1,0,100,0,None,0,0,,76,Auckland,Nil,0,0,0,0,0,0,Open,0,0,0,Light rain,Null
1763137,5905202,752549,,524200,0,,0,1,,West,2013/2014,SH 20,PUHINUI OBR,,Serious Crash,Yes,2013,,North,,0,,Flat,,,,,,Bright sun,728900,0,0,1,2,,,0,,,,,,Auckland Region,Nil,2-way,Sealed,,0,1,,100,,Off,0,0,,76,Auckland,Nil,,,,,0,0,Open,0,,,Fine,Null
1776665,5904100,752617,,525201,0,0,0,1,0,West,2012/2013,BROOKBY ROAD,WEST ROAD,,Serious Crash,No,2013,0,East,0,0,0,Flat,0,,0,,0,Overcast,762200,0,0,0,2,0,0,0,0,0,,0,1,Auckland Region,Nil,2-way,Sealed,0,0,1,0,100,0,None,0,0,,76,Auckland,Nil,0,0,0,0,0,0,Open,0,0,0,Light rain,Null
1750780,5981741,752758,,506660,0,0,0,1,0,East,2012/2013,MATAKANA VALLEY ROAD,WHANGARIPO VALLEY ROAD,,Serious Crash,No,2012,0,East,0,0,1,Flat,0,,0,,0,Bright sun,136204,0,0,0,1,0,0,0,0,0,,0,0,Auckland Region,Nil,2-way,Unsealed,0,0,1,0,100,0,None,0,0,,76,Auckland,Nil,0,0,0,0,0,0,Open,0,0,0,Fine,Null
1738806,5978422,752858,,506660,0,,0,2,,Null,2012/2013,SH 1N,WAYBY VALLEY ROAD,,Serious Crash,Yes,2012,,North,,0,,Flat,,Christmas New Year,,,,Overcast,136400,3,0,0,2,,,0,,,,,,Auckland Region,Nil,2-way,Sealed,,0,3,,100,,Off,0,0,,76,Auckland,Give way,,,,,0,0,Open,0,,,Fine,Null
1728538,5932022,752860,,506652,0,0,0,1,0,Null,2012/2013,SH 16,PULPIT ROCK ROAD,,Serious Crash,Yes,2012,0,North,0,0,0,Flat,0,,0,,0,Overcast,218200,0,0,0,2,0,0,0,0,0,,0,0,Auckland Region,Nil,2-way,Sealed,0,0,1,1,100,0,None,1,0,,76,Auckland,Give way,0,0,0,0,0,0,Open,0,0,0,Heavy rain,Null
1769823,5889637,752932,,521202,0,,0,3,,Null,2013/2014,SH 22,BYCROFT ROAD,,Serious Crash,Yes,2013,,East,,0,,Hill Road,,,,,,Bright sun,807100,3,0,0,2,,,0,,,,,,Auckland Region,Nil,2-way,Sealed,,0,1,,100,,None,0,1,,76,Auckland,Stop,,,,,0,0,Open,1,,,Fine,Null
1757443,5926255,752948,,507900,0,,0,1,,North,2011/2012,FRED THOMAS DRIVE,ESMONDE ROAD,,Serious Crash,No,2012,,South,,0,,Flat,,,,,,Overcast,304000,0,0,0,4,,,0,,,1,,,Auckland Region,Nil,2-way,Sealed,,0,1,,50,,Off,0,0,,76,Auckland,Nil,,,,,0,0,Urban,0,,,Fine,Null
1757623,5917927,753013,,518101,0,,0,0,,Null,2012/2013,MOUNTAIN ROAD,ROCKWOOD PLACE,,Serious Crash,No,2013,,North,,0,,Flat,,,,,,Bright sun,543000,0,0,1,2,,,0,,,,,,Auckland Region,Nil,2-way,Sealed,,0,1,,50,,Off,1,0,,76,Auckland,Give way,,,,,0,0,Urban,0,,,Fine,Null
1769651,5908708,753036,,523113,4,,0,1,,North,2012/2013,TE IRIRANGI DRIVE,ACCENT DRIVE,,Serious Crash,No,2013,,North,,0,,Flat,,,,,,Bright sun,711902,3,0,0,4,,,0,,,,,,Auckland Region,Nil,2-way,Sealed,,0,1,,50,,Off,0,0,,76,Auckland,Nil,,,,,0,0,Urban,0,,,Fine,Null
1733650,5929976,753124,,505605,0,,0,1,,West,2013/2014,SH 16,WINTOUR ROAD,,Fatal Crash,Yes,2013,,West,,1,,Flat,,,,,,Overcast,216105,0,0,1,2,,,0,,,,,,Auckland Region,Nil,2-way,Sealed,,0,0,,70,,None,0,0,,76,Auckland,Nil,,,,,0,0,Urban,0,,,Light rain,Null
1753880,5911710,753159,,519001,0,0,0,1,0,East,2013/2014,HILLSBOROUGH ROAD,CANBERRA AVENUE,,Serious Crash,No,2013,0,West,0,0,0,Hill Road,0,,0,,0,Overcast,591501,0,0,0,2,0,0,0,0,1,,0,0,Auckland Region,Nil,2-way,Sealed,0,0,1,0,50,0,Off,0,0,,76,Auckland,Nil,0,0,0,0,1,0,Urban,0,0,0,Fine,Null
1757604,5913381,753261,,518702,0,,0,2,,South,2013/2014,PAH ROAD,MOUNT ALBERT ROAD,,Serious Crash,No,2013,,North,,0,,Flat,,,,,,Dark,567900,0,0,0,3,,,0,,,,,,Auckland Region,Nil,2-way,Sealed,,0,1,,50,,On,0,1,,76,Auckland,Nil,,,,,0,0,Urban,0,,,Light rain,Null
1758130,5917794,753282,,515700,0,,0,2,,Null,2013/2014,GILLIES AVENUE,GILLIES ON NBD,,Serious Crash,No,2013,,North,,0,,Flat,,,,,,Dark,443401,3,0,0,3,,,0,,,,,,Auckland Region,Motorway ramp,2-way,Sealed,,0,1,,50,,On,0,0,,76,Auckland,Traffic Signals,,,,,0,0,Urban,0,,,Fine,Null
1756395,5916034,753338,,518201,0,,0,1,,Null,2012/2013,BALMORAL ROAD,HENLEY ROAD,,Serious Crash,No,2013,,East,,0,,Flat,,,,,,Overcast,553400,0,1,0,4,,,0,,,,,,Auckland Region,Nil,2-way,Sealed,,0,1,,50,,Off,0,0,,76,Auckland,Stop,,,,,0,0,Urban,0,,,Fine,Null
1750307,5915294,753406,,514802,0,,0,1,,East,2012/2013,ASH ST,SANDY LANE,,Serious Crash,No,2012,,West,,0,,Flat,,,,,,Overcast,387008,1,1,1,4,,,0,,,,,,Auckland Region,Nil,2-way,Sealed,,0,1,,50,,Off,0,0,,76,Auckland,Nil,,,,,0,0,Urban,0,,,Fine,Null
1759250,5920030,753470,,515902,1,0,0,1,0,South,2013/2014,GLADSTONE ROAD,STANWELL ST,,Serious Crash,No,2013,0,North,0,0,0,Flat,0,,0,,0,Bright sun,453900,0,0,0,2,0,0,0,0,0,,0,0,Auckland Region,Nil,2-way,Sealed,0,0,1,0,50,0,Off,0,0,,76,Auckland,Give way,0,0,0,0,0,0,Urban,0,1,0,Fine,Null
1755243,5920854,753499,,515202,0,,0,1,,Null,2013/2014,JERVOIS ROAD,SHELLY BEACH ROAD,,Serious Crash,No,2013,,North,,0,,Flat,,,,,,Bright sun,424500,0,0,0,4,,,0,,,1,,,Auckland Region,Nil,2-way,Sealed,,0,1,,50,,Null,0,0,,76,Auckland,Traffic Signals,,,,,0,0,Urban,0,,,Fine,Null
1752013,5947599,753739,,505808,0,,0,1,,West,2012/2013,BAY ST,ROSARIO CRESCENT,,Serious Crash,No,2013,,East,,0,,Flat,,,,,,Bright sun,173119,0,0,0,2,,,0,,,1,,,Auckland Region,Nil,2-way,Sealed,,0,1,,50,,Off,0,0,,76,Auckland,Nil,,,,,0,0,Urban,0,,,Fine,Null
1742711,5997316,753745,45,506660,0,0,0,0,0,South,2013/2014,MANGAWHAI ROAD,CARTER ROAD,,Serious Crash,No,2013,0,North,0,0,0,Flat,0,,0,,0,Bright sun,135201,0,0,1,2,0,0,0,1,0,,0,0,Auckland Region,Nil,2-way,Sealed,0,0,1,0,100,0,Off,0,0,,76,Auckland,Nil,0,0,0,0,0,0,Open,0,0,0,Fine,Null
1728611,5933891,753812,,506652,0,,0,1,,North,2012/2013,SH 16,TWIN SPRINGS DRIVE,,Fatal Crash,Yes,2013,,North,,3,,Flat,,,,,,Bright sun,218300,1,0,0,2,,,0,,,,,,Auckland Region,Nil,2-way,Sealed,,0,1,,100,,None,0,0,,76,Auckland,Nil,,,,,0,0,Open,1,,,Fine,Null
1758227,5928653,753840,,507800,0,,0,1,,Null,2013/2014,KITCHENER ROAD,TIRI ROAD,,Serious Crash,No,2013,,East,,0,,Flat,,,,,,Bright sun,308900,0,0,1,2,,,0,,,,,,Auckland Region,Nil,2-way,Sealed,,0,1,,50,,Off,0,0,,76,Auckland,Nil,,,,,0,0,Urban,0,,,Fine,Null
1739253,5928059,754372,,505602,0,0,0,0,0,East,2013/2014,TROTTING COURSE DRIVE,WAITAKERE ROAD,,Serious Crash,No,2013,0,East,0,0,0,Flat,0,,0,,0,Bright sun,214105,0,0,0,2,0,0,1,0,0,,0,0,Auckland Region,Rail xing,2-way,Sealed,0,0,1,0,70,0,Off,0,0,,76,Auckland,Stop,0,0,1,0,1,0,Urban,0,0,0,Fine,Null
1749489,5945809,754427,,505806,0,0,0,1,0,Null,2014/2015,HIBISCUS COAST HIGHWAY,EAST COAST ROAD,,Fatal Crash,No,2014,0,West,0,1,0,Hill Road,0,,0,,0,Dark,176602,1,0,0,5,0,0,0,0,0,,0,1,Auckland Region,Nil,2-way,Sealed,0,0,0,0,80,0,On,0,0,,76,Auckland,Traffic Signals,1,1,0,0,0,0,Open,1,0,0,Fine,Null
1773281,5897263,754445,,525630,0,0,0,2,0,Null,2013/2014,OLD WAIROA ROAD,SHIRLEY AVENUE,,Serious Crash,No,2014,0,North,0,0,1,Hill Road,0,,0,,0,Dark,794400,1,0,0,2,0,0,0,0,0,,0,0,Auckland Region,Nil,2-way,Sealed,0,0,1,0,50,0,On,0,0,,76,Auckland,Give way,0,0,0,0,0,0,Urban,0,0,0,Fine,Null
1745227,5919709,754452,,513301,0,0,0,0,0,South,2012/2013,Z CPK PAK N SAVE,UNIVERSAL DRIVE,,Serious Crash,No,2012,0,West,0,0,0,Flat,0,,0,,0,Bright sun,232001,0,0,0,2,0,0,0,0,0,,0,0,Auckland Region,Nil,Off road,Sealed,0,0,1,0,20,0,Off,1,0,,76,Auckland,Nil,0,0,0,0,0,0,Urban,1,1,0,Fine,Null
1753635,5930322,754579,,508803,0,,0,1,,North,2012/2013,CARIBBEAN DRIVE,GOLDFINCH RISE,,Serious Crash,No,2012,,South,,0,,Hill Road,,,,,,Bright sun,180832,0,0,0,2,,,0,,,1,,,Auckland Region,Nil,2-way,Sealed,,0,1,,50,,Off,0,1,,76,Auckland,Nil,,,,,0,0,Urban,0,,,Fine,Null
1760746,5905208,754631,,524200,0,0,0,0,0,South,2013/2014,PUKAKI ROAD,CYCLAMEN ROAD,,Serious Crash,No,2014,0,North,1,0,0,Flat,0,,0,,0,Dark,728605,0,0,1,2,0,0,0,0,0,,0,0,Auckland Region,Nil,2-way,Sealed,0,0,1,0,70,0,On,0,0,,76,Auckland,Nil,0,0,0,0,0,0,Urban,0,0,0,Fine,Null
1711801,5960894,754695,,506642,0,0,0,0,0,South,2013/2014,SOUTH HEAD ROAD,TRIG ROAD,,Serious Crash,No,2014,0,North,1,0,0,Hill Road,0,Queens Birthday,0,,0,Bright sun,210000,0,0,1,2,0,0,0,0,0,,0,0,Auckland Region,Nil,2-way,Sealed,0,0,1,0,100,0,Null,0,0,,76,Auckland,Nil,0,0,0,0,0,0,Open,0,0,0,Fine,Null
1772986,5882473,754705,,521160,0,0,0,1,1,East,2012/2013,RUTHERFORD ROAD,RUNCIMAN ROAD,,Fatal Crash,No,2013,0,West,0,1,0,Flat,0,,0,,0,Bright sun,827300,0,0,0,2,0,0,0,0,0,,0,0,Auckland Region,Nil,2-way,Sealed,0,0,0,0,100,0,None,0,0,,76,Auckland,Nil,0,0,0,0,0,0,Open,0,0,0,Fine,Null
1764336,5918263,754751,,516500,0,,0,1,,South,2013/2014,EDISON PLACE,WHYTEHEAD CRESCENT,,Serious Crash,No,2014,,North,,0,,Flat,,,,,,Bright sun,503800,0,0,0,1,,,0,,,1,,,Auckland Region,Nil,2-way,Sealed,,0,1,,50,,Off,0,0,,76,Auckland,Nil,,,,,0,0,Urban,0,,,Fine,Null
1755838,5919395,754888,,515420,0,,0,1,,Null,2013/2014,WILLIAMSON AVENUE,POLLEN ST,,Serious Crash,No,2014,,West,,0,,Flat,,,,,,Bright sun,411100,0,0,1,2,,,0,,,,,,Auckland Region,Nil,2-way,Sealed,,0,1,,50,,Null,0,0,,76,Auckland,Stop,,,,,0,0,Urban,0,,,Fine,Null
1754816,5933433,754889,,507300,0,,1,0,,South,2013/2014,EAST COAST ROAD,BROWNS BAY ROAD,,Serious Crash,No,2014,,North,,0,,Hill Road,,,,,,Overcast,156001,0,0,0,2,,,0,,,1,,,Auckland Region,Nil,2-way,Sealed,,0,1,,50,,Null,0,0,,76,Auckland,Nil,,,,,0,0,Urban,0,,,Fine,Null