X,Y,OBJECTID,advisorySpeed,areaUnitID,bicycle,bridge,bus,carStationWagon,cliffBank,crashDirectionDescription,crashFinancialYear,crashLocation1,crashLocation2,crashRoadSideRoad,crashSeverity,crashSHDescription,crashYear,debris,directionRoleDescription,ditch,fatalCount,fence,flatHill,guardRail,holiday,houseOrBuilding,intersection,kerb,light,meshblockId,minorInjuryCount,moped,motorcycle,NumberOfLanes,objectThrownOrDropped,otherObject,otherVehicleType,overBank,parkedVehicle,pedestrian,phoneBoxEtc,postOrPole,region,roadCharacter,roadLane,roadSurface,roadworks,schoolBus,seriousInjuryCount,slipOrFlood,speedLimit,strayAnimal,streetLight,suv,taxi,temporarySpeedLimit,tlaId,tlaName,trafficControl,trafficIsland,trafficSign,train,tree,truck,unknownVehicleType,urban,vanOrUtility,vehicle,waterRiver,weatherA,weatherB
1770419,5913259,754963,,523101,0,0,0,1,0,Null,2012/2013,GOSFORD DRIVE,COUBRAY PLACE,,Serious Crash,No,2013,0,South,0,0,1,Flat,0,,0,,0,Dark,710511,0,0,0,2,0,0,0,0,0,,0,1,Auckland Region,Nil,2-way,Sealed,0,0,1,0,50,0,On,0,0,,76,Auckland,Nil,0,0,0,0,0,0,Urban,0,0,0,Fine,Null
1755298,5913661,754980,,518803,0,0,0,1,0,Null,2013/2014,DENBIGH AVENUE,SOMERSET ROAD,,Serious Crash,No,2013,0,North,0,0,0,Flat,0,,0,,0,Dark,582600,0,0,0,2,0,0,0,0,0,,0,0,Auckland Region,Nil,2-way,Sealed,0,0,2,0,50,0,On,0,0,,76,Auckland,Give way,0,0,0,1,0,0,Urban,0,0,0,Fine,Null
1742259,5904400,755004,,513800,0,0,0,1,0,South,2012/2013,HUIA ROAD,PINE AVENUE,,Serious Crash,No,2013,0,West,0,0,0,Flat,0,,0,,0,Overcast,303101,0,0,0,2,0,0,0,0,0,,0,0,Auckland Region,Nil,2-way,Sealed,0,0,1,0,100,0,Off,0,0,,76,Auckland,Nil,0,0,0,1,0,0,Open,0,0,0,Light rain,Null
1783871,5925041,755017,,520801,0,0,0,0,0,East,2013/2014,ONETANGI ROAD,OBRIEN ROAD,,Serious Crash,No,2013,0,West,0,0,0,Flat,0,,0,,0,Bright sun,515402,0,0,1,2,0,0,0,1,0,,0,0,Auckland Region,Nil,2-way,Sealed,0,0,1,0,60,0,Off,0,0,,76,Auckland,Nil,0,0,0,0,0,0,Urban,0,0,0,Fine,Null
1749886,5916167,755137,,514801,0,0,0,1,0,East,2013/2014,AVONDALE ROAD,OREGON AVENUE,,Serious Crash,No,2013,0,West,0,0,0,Flat,0,,0,,0,Dark,389004,0,0,0,2,0,0,0,0,0,,0,1,Auckland Region,Nil,2-way,Sealed,0,0,1,0,50,0,On,0,0,,76,Auckland,Nil,0,0,0,1,0,0,Urban,0,0,0,Light rain,Null
1764351,5903974,755138,,524604,0,0,0,0,0,West,2013/2014,SH 20,CAVENDISH UNDERPASS,,Serious Crash,Yes,2013,0,North,0,0,0,Flat,1,,0,,0,Overcast,781100,0,0,1,2,0,0,0,0,0,,0,0,Auckland Region,Nil,2-way,Sealed,0,0,1,0,100,0,Off,0,0,,76,Auckland,Nil,0,0,0,0,0,0,Open,0,0,0,Fine,Null
1764221,5910832,755313,,520500,0,,0,1,,Null,2013/2014,MEADOW ST,NEW BRIGHTON ROAD,,Serious Crash,No,2013,,South,,0,,Flat,,,,,,Overcast,638100,1,0,0,2,,,0,,,,,,Auckland Region,Nil,2-way,Sealed,,0,3,,50,,Null,0,0,,76,Auckland,Give way,,,,,0,0,Urban,1,,,Heavy rain,Null
1759626,5912242,755481,,519820,0,,0,1,,Null,2012/2013,CHURCH ST,VICTORIA ST,,Serious Crash,No,2012,,South,,0,,Flat,,,,,,Bright sun,602100,1,0,1,2,,,0,,,,,,Auckland Region,Nil,2-way,Sealed,,0,1,,50,,Off,0,0,,76,Auckland,Stop,,,,,0,0,Urban,0,,,Fine,Null
1756972,5917129,755486,,518102,0,,0,1,,Null,2014/2015,MOUNT EDEN ROAD,BATGER ROAD,,Serious Crash,No,2014,,South,,0,,Hill Road,,,,,,Bright sun,547100,0,1,0,4,,,0,,,,,,Auckland Region,Nil,2-way,Sealed,,0,1,,50,,Null,0,0,,76,Auckland,Give way,,,,,0,0,Urban,0,,,Fine,Null
1770473,5915596,755517,,522712,0,0,0,2,0,East,2012/2013,GILLS ROAD,WYCHERLEY DRIVE,,Serious Crash,No,2013,0,East,0,0,0,Hill Road,0,,0,,0,Dark,680502,0,0,0,2,0,0,0,0,2,,0,0,Auckland Region,Nil,2-way,Sealed,0,0,1,0,50,0,On,0,0,,76,Auckland,Nil,0,0,0,0,0,0,Urban,1,0,0,Fine,Null
1789616,5902537,755592,,525201,0,0,0,0,1,South,2012/2013,MOUMOUKAI HILL ROAD,NESS VALLEY ROAD,,Fatal Crash,No,2013,0,North,0,1,0,Hill Road,0,,0,,0,Bright sun,764400,0,0,0,2,0,0,0,0,0,1,0,0,Auckland Region,Nil,2-way,Unsealed,0,0,0,0,100,0,None,0,0,,76,Auckland,Nil,0,0,0,0,1,0,Open,0,0,0,Fine,Null
1767197,5912341,755679,,522910,0,0,0,1,0,East,2013/2014,TI RAKAU DRIVE,MARRIOTT ROAD,,Serious Crash,No,2013,0,East,0,0,0,Flat,0,,0,,0,Dark,686400,1,0,0,4,0,0,0,0,0,,0,0,Auckland Region,Nil,2-way,Sealed,0,0,2,0,60,0,On,0,0,,76,Auckland,Nil,0,0,0,1,0,0,Urban,0,0,0,Fine,Null
1757988,5920652,755828,,514103,0,,0,2,,North,2012/2013,ANZAC AVENUE,SHORT ST,,Serious Crash,No,2013,,North,,0,,Hill Road,,,,,,Bright sun,438301,1,0,0,4,,,0,,,,,,Auckland Region,Nil,2-way,Sealed,,0,1,,50,,Off,0,0,,76,Auckland,Nil,,,,,0,0,Urban,0,,,Fine,Null
1752555,5917656,755858,,515003,0,0,0,0,0,North,2013/2014,A DWY UNITEC INSTITUTE,SEGAR AVENUE,,Serious Crash,No,2014,0,West,0,0,0,Flat,0,,0,,1,Overcast,390801,0,0,1,0,0,0,0,0,0,,0,0,Auckland Region,Nil,Off road,Sealed,0,0,1,0,50,0,Null,0,0,,76,Auckland,Unknown,0,0,0,0,0,0,Urban,0,0,0,Fine,Null
1758766,5911767,755869,,519810,0,,0,1,,Null,2013/2014,GLOUCESTER PARK ROAD,NEILSON ST,,Serious Crash,No,2014,,South,,0,,Flat,,Christmas New Year,,,,Overcast,602200,0,0,1,3,,,0,,,,,,Auckland Region,Motorway ramp,1-way,Sealed,,0,1,,50,,Null,0,0,,76,Auckland,Traffic Signals,,,,,0,0,Urban,0,,,Fine,Null
1759779,5916183,755870,,516002,0,,0,1,,North,2013/2014,SH 1N,GREENLANE INT N,,Serious Crash,Yes,2014,,South,,0,,Flat,,,,,,Bright sun,492000,0,0,1,4,,,0,,,,,,Auckland Region,Nil,2-way,Sealed,,0,1,,100,,Null,0,0,,76,Auckland,Unknown,,,,,0,0,Open,0,,,Fine,Null
1758722,5926144,755878,,508020,0,0,0,2,0,North,2013/2014,HAURAKI ROAD,LAKE ROAD,,Serious Crash,No,2014,0,North,0,0,0,Hill Road,0,,0,,0,Dark,321200,0,0,0,2,0,0,0,0,1,,0,0,Auckland Region,Nil,2-way,Sealed,0,0,1,0,50,0,On,0,0,,76,Auckland,Unknown,0,0,0,0,0,0,Urban,0,0,0,Fine,Null
1753062,5916788,756041,,517800,0,,1,1,,Null,2013/2014,NEW NORTH ROAD,ASQUITH AVENUE,,Serious Crash,No,2014,,North,,0,,Flat,,,,,,Bright sun,527600,0,0,0,4,,,0,,,,,,Auckland Region,Nil,2-way,Sealed,,0,1,,50,,Null,0,0,,76,Auckland,Stop,,,,,0,0,Urban,0,,,Fine,Null
1750391,5953288,756137,,506201,0,0,0,0,0,South,2013/2014,SH 1N,BILLING ROAD,,Serious Crash,Yes,2014,0,South,0,0,0,Hill Road,1,,0,,0,Twilight,176203,3,0,0,2,0,0,0,0,0,,0,0,Auckland Region,Nil,1-way,Sealed,0,0,1,0,100,0,None,0,0,,76,Auckland,Unknown,0,0,0,0,0,0,Open,1,0,0,Fine,Null
1768630,5904101,756190,,523820,0,0,0,3,0,West,2013/2014,DE HAVILLAND DRIVE,PIPER PLACE,,Serious Crash,No,2013,0,West,0,0,0,Hill Road,0,,0,,0,Dark,760138,0,0,0,2,0,0,0,0,2,,0,0,Auckland Region,Nil,2-way,Sealed,0,0,1,0,50,0,On,0,0,,76,Auckland,Unknown,0,0,0,0,0,0,Urban,0,0,0,Fine,Null
1743578,5922043,756402,,513631,1,,0,1,,Null,2013/2014,TRIANGLE ROAD,BELLRINGER ROAD,,Serious Crash,No,2014,,East,,0,,Hill Road,,,,,,Bright sun,227006,0,0,0,2,,,0,,,,,,Auckland Region,Nil,2-way,Sealed,,0,1,,50,,Null,0,0,,76,Auckland,Stop,,,,,0,0,Urban,0,,,Fine,Null
1799324,5906636,756439,,525202,0,0,0,0,0,South,2014/2015,ORERE POINT ROAD,BAYS ROAD,,Serious Crash,No,2014,0,North,0,0,0,Flat,0,,0,,1,Bright sun,765103,0,0,1,2,0,0,0,0,0,,0,0,Auckland Region,Nil,2-way,Sealed,0,0,1,0,100,0,Null,0,0,,76,Auckland,Unknown,0,0,0,0,0,0,Open,0,0,0,Fine,Null
1761340,5919330,756550,,516400,0,0,0,1,0,Null,2012/2013,NGAPIPI ROAD,NGAIWI ST,,Fatal Crash,No,2013,0,North,0,1,1,Hill Road,0,,1,,0,Dark,497000,1,0,0,2,0,0,0,0,0,,0,0,Auckland Region,Nil,2-way,Sealed,0,0,0,0,50,0,On,0,0,,76,Auckland,Stop,0,0,0,1,0,0,Urban,0,0,0,Fine,Null
1758828,5908335,756587,,524002,0,,0,1,,Null,2012/2013,MOUNTAIN ROAD,LILI CHEN WAY,,Serious Crash,No,2013,,South,,0,,Flat,,,,,,Dark,725601,0,1,0,2,,,0,,,,,,Auckland Region,Nil,2-way,Sealed,,0,1,,50,,On,0,0,,76,Auckland,Give way,,,,,0,0,Urban,0,,,Fine,Null
1771026,5902634,756637,,523814,0,0,1,1,0,East,2012/2013,HILL ROAD,PHOENICIA COURT,,Fatal Crash,No,2013,0,West,0,1,0,Flat,0,,0,,0,Overcast,760809,1,0,0,2,0,0,0,0,0,,0,0,Auckland Region,Nil,2-way,Sealed,0,0,2,0,50,0,Off,0,1,,76,Auckland,Nil,0,0,0,1,0,0,Urban,0,0,0,Fine,Null
1783203,5925744,756642,,520801,0,,0,0,,East,2013/2014,OSTEND ROAD,CALAIS TERRACE,,Serious Crash,No,2014,,West,,0,,Flat,,,,,,Bright sun,515401,0,0,1,2,,,0,,,,,,Auckland Region,Nil,2-way,Sealed,,0,1,,50,,Null,1,0,,76,Auckland,Unknown,,,,,0,0,Urban,0,,,Fine,Null
1758432,5918583,756698,,517400,0,,0,1,,Null,2014/2015,CARLTON GORE ROAD,CLAYTON ST,,Serious Crash,No,2014,,East,,0,,Flat,,,,,,Dark,451000,0,1,0,2,,,0,,,,,,Auckland Region,Nil,2-way,Sealed,,0,1,,50,,On,0,0,,76,Auckland,Nil,,,,,0,0,Urban,0,,,Fine,Null
1757072,5943517,756841,35,505902,0,,0,2,,South,2012/2013,WHANGAPARAOA ROAD,RAKINO AVENUE,,Serious Crash,No,2013,,East,,0,,Flat,,,,,,Overcast,174608,0,0,0,2,,,0,,,,,,Auckland Region,Nil,2-way,Sealed,,0,1,,50,,Off,0,0,,76,Auckland,Nil,,,,,0,0,Urban,0,,,Light rain,Null
1768956,5911193,756874,,523112,0,,0,1,,Null,2013/2014,HARRIS ROAD,CRYERS ROAD,,Serious Crash,No,2013,,North,,0,,Flat,,,,,,Overcast,711404,1,0,0,4,,,0,,,,,,Auckland Region,Nil,2-way,Sealed,,0,1,,60,,Null,0,0,,76,Auckland,Give way,,,,,1,0,Urban,0,,,Fine,Null
1758193,5915991,756877,,519300,0,,0,1,,Null,2012/2013,MANUKAU ROAD,CORBETT-SCOTT AVENUE,,Serious Crash,No,2013,,North,,0,,Flat,,,,,,Bright sun,622900,0,1,0,4,,,0,,,,,,Auckland Region,Nil,2-way,Sealed,,0,1,,50,,Off,0,0,,76,Auckland,Give way,,,,,0,0,Urban,0,,,Fine,Null
1761430,5906532,756945,,524112,0,,0,1,,West,2013/2014,IMRIE AVENUE,MASSEY ROAD,,Serious Crash,No,2013,,East,,0,,Flat,,,,,,Overcast,742300,0,0,0,2,,,0,,,1,,,Auckland Region,Nil,2-way,Sealed,,0,1,,50,,Off,0,0,,76,Auckland,Nil,,,,,0,0,Urban,0,,,Light rain,Null
1747776,5968024,757016,,506613,0,0,0,1,0,North,2013/2014,SH 1N,VALERIE CLOSE N,,Fatal Crash,Yes,2013,0,North,0,1,0,Hill Road,0,,0,,0,Dark,146103,0,0,0,2,0,0,0,0,0,,0,0,Auckland Region,Nil,2-way,Sealed,0,0,0,0,100,0,None,0,0,,76,Auckland,Nil,0,0,0,1,0,0,Open,0,0,0,Fine,Null
1751614,5915258,757019,,514401,0,,0,1,,East,2013/2014,NEW NORTH ROAD,BLOCKHOUSE BAY ROAD,,Serious Crash,No,2013,,East,,0,,Hill Road,,,,,,Overcast,380001,0,0,0,4,,,0,,,1,,,Auckland Region,Nil,2-way,Sealed,,0,1,,50,,Off,0,0,,76,Auckland,Nil,,,,,0,0,Urban,0,,,Fine,Null
1759070,5917506,757041,,516001,0,,0,1,,North,2013/2014,REMUERA ROAD,BASSETT ROAD,,Serious Crash,No,2014,,North,,0,,Flat,,,,,,Bright sun,491200,0,0,1,2,,,0,,,,,,Auckland Region,Nil,2-way,Sealed,,0,1,,50,,Null,0,0,,76,Auckland,Traffic Signals,,,,,0,0,Urban,0,,,Fine,Null
1737820,5931926,757147,55,506653,0,0,0,0,1,North,2012/2013,OLD NORTH ROAD,PINETONE ROAD,,Serious Crash,No,2013,0,North,0,0,0,Hill Road,0,,0,,0,Bright sun,217000,0,0,0,2,0,0,0,0,0,,0,0,Auckland Region,Nil,2-way,Sealed,0,0,1,0,100,0,None,0,0,,76,Auckland,Nil,0,0,0,0,1,0,Open,0,0,0,Fine,Null
1757363,5920348,757160,,514102,0,,0,1,,Null,2013/2014,QUEEN ST,DARBY ST,,Serious Crash,No,2013,,North,,0,,Flat,,,,,,Twilight,434000,0,0,0,4,,,0,,,1,,,Auckland Region,Nil,2-way,Sealed,,0,1,,50,,Off,0,0,,76,Auckland,Nil,,,,,0,0,Urban,0,,,Fine,Null
1746740,5917341,757248,,512500,0,,0,1,,Null,2013/2014,TE ATATU ROAD,MILTONIA AVENUE,,Serious Crash,No,2014,,North,,0,,Flat,,,,,,Dark,257601,0,0,1,2,,,0,,,,,,Auckland Region,Nil,2-way,Sealed,,0,1,,50,,On,0,0,,76,Auckland,Give way,,,,,0,0,Urban,0,,,Fine,Null
1758458,5918162,757284,,517400,0,,0,0,,North,2013/2014,BROADWAY,TEED ST,,Serious Crash,No,2013,,North,,0,,Flat,,,,,,Bright sun,451300,0,0,0,4,,,0,,,1,,,Auckland Region,Nil,2-way,Sealed,,0,1,,50,,Off,1,0,,76,Auckland,Give way,,,,,0,0,Urban,0,,,Fine,Null
1766519,5913270,757295,,522920,0,,0,2,,Null,2012/2013,PAKURANGA ROAD,TI RAKAU DRIVE,,Serious Crash,No,2013,,West,,0,,Flat,,Queens Birthday,,,,Dark,683900,0,0,0,5,,,0,,,,,,Auckland Region,Nil,2-way,Sealed,,0,1,,60,,On,0,0,,76,Auckland,Traffic Signals,,,,,0,0,Urban,0,,,Fine,Null
1741934,5904081,757338,65,513800,0,0,0,0,0,West,2013/2014,HUIA ROAD,CORNWALLIS ROAD,,Serious Crash,No,2013,0,West,1,0,0,Flat,0,,0,,0,Dark,303101,0,0,1,2,0,0,0,0,0,,0,0,Auckland Region,Nil,2-way,Sealed,0,0,1,0,100,0,None,0,0,,76,Auckland,Nil,0,0,0,1,0,0,Open,0,0,0,Fine,Null
1750251,5946364,757346,,506001,0,,0,1,,East,2013/2014,HIBISCUS COAST HIGHWAY,WAINUI ROAD,,Fatal Crash,No,2013,,East,,1,,Hill Road,,,,,,Twilight,175501,0,0,0,4,,,0,,,1,,,Auckland Region,Nil,2-way,Sealed,,0,0,,80,,Off,0,0,,76,Auckland,Unknown,,,,,0,0,Open,1,,,Fine,Null
1737617,5920518,757350,,513702,0,,0,0,,Null,2012/2013,WAITAKERE ROAD,TOWNSHIP ROAD,,Serious Crash,No,2013,,South,,0,,Flat,,,,,,Dark,237204,0,0,1,2,,,0,,,,,,Auckland Region,Bridge,2-way,Sealed,,0,1,,70,,On,0,0,,76,Auckland,Give way,,,,,0,0,Urban,0,,,Fine,Null
1754576,5918813,757513,,515431,0,,1,0,,West,2012/2013,GREAT NORTH ROAD,SURREY CRESCENT,,Serious Crash,No,2013,,West,,0,,Hill Road,,,,,,Overcast,405800,0,0,0,4,,,0,,,1,,,Auckland Region,Nil,2-way,Sealed,,0,1,,50,,Off,0,0,,76,Auckland,Nil,,,,,0,0,Urban,0,,,Fine,Null
1770531,5881544,757756,,525922,0,0,0,1,0,Null,2013/2014,EAST ST,GOLDING ROAD,,Serious Crash,No,2013,0,East,0,0,0,Hill Road,0,Labour Weekend,0,,0,Bright sun,816900,3,0,0,4,0,0,0,0,0,,0,1,Auckland Region,Nil,2-way,Sealed,0,0,1,0,70,0,Null,0,0,,76,Auckland,Give way,0,0,0,0,1,0,Urban,0,0,0,Fine,Null
1754905,5913589,757820,,518803,0,0,0,2,0,East,2012/2013,SH 20,DOMINION ON WBD,,Serious Crash,Yes,2013,0,West,0,0,0,Flat,1,,0,,0,Overcast,581900,4,0,0,2,0,0,0,0,0,,0,0,Auckland Region,Nil,1-way,Sealed,0,0,1,0,100,0,Off,0,0,,76,Auckland,Nil,0,0,0,0,0,0,Open,0,0,0,Fine,Null
1774689,5891453,757934,,521301,0,0,0,2,0,Null,2012/2013,WAIHOEHOE ROAD,FIELDING ROAD,,Serious Crash,No,2013,0,West,0,0,1,Hill Road,0,,0,,0,Overcast,808800,3,0,0,2,0,0,0,0,0,,0,0,Auckland Region,Nil,2-way,Sealed,0,0,2,0,80,0,Off,0,0,,76,Auckland,Stop,0,0,0,0,0,0,Open,0,0,0,Fine,Null
1735060,5929961,758008,,505605,1,0,0,0,0,East,2013/2014,SH 16,FOSTER ROAD,,Serious Crash,Yes,2013,0,East,0,0,0,Flat,0,Labour Weekend,0,,0,Bright sun,214700,0,0,0,2,0,1,0,0,0,,0,0,Auckland Region,Nil,2-way,Sealed,0,0,1,0,100,0,Null,0,0,,76,Auckland,Unknown,0,0,0,0,0,0,Open,0,0,0,Fine,Null
1764595,5905553,758011,,522100,0,,0,2,,Null,2013/2014,WYLLIE ROAD,HILL ROAD,,Serious Crash,No,2013,,North,,0,,Flat,,,,,,Overcast,657900,0,0,0,2,,,0,,,,,,Auckland Region,Nil,2-way,Sealed,,0,1,,50,,Off,0,0,,76,Auckland,Give way,,,,,0,0,Urban,0,,,Light rain,Null
1754933,5917747,758021,,517500,1,,0,0,,Null,2012/2013,NEW NORTH ROAD,WESTERN SPRINGS ROAD,,Serious Crash,No,2013,,West,,0,,Hill Road,,,,,,Bright sun,530600,0,0,0,4,,,0,,,,,,Auckland Region,Nil,2-way,Sealed,,0,1,,50,,Off,0,0,,76,Auckland,Stop,,,,,1,0,Urban,0,,,Fine,Null
1753597,5945788,758274,,505906,0,,0,2,,East,2013/2014,WHANGAPARAOA ROAD,BLUE HERON RISE,,Serious Crash,No,2013,,South,,0,,Flat,,,,,,Overcast,173805,0,0,0,2,,,0,,,,,,Auckland Region,Nil,2-way,Sealed,,0,1,,60,,Null,0,0,,76,Auckland,Unknown,,,,,0,0,Urban,0,,,Light rain,Null
1757037,5918440,758296,,518101,0,,1,1,,South,2012/2013,MOUNT EDEN ROAD,BURLEIGH ST,,Fatal Crash,No,2013,,North,,1,,Hill Road,,,,,,Dark,542501,2,0,0,3,,,0,,,,,,Auckland Region,Nil,2-way,Sealed,,0,1,,50,,On,0,0,,76,Auckland,Nil,,,,,0,0,Urban,0,,,Light rain,Null
1756739,5917726,758312,,518102,0,0,0,1,1,West,2013/2014,VIEW ROAD,ESPLANADE ROAD,,Serious Crash,No,2014,0,East,0,0,0,Flat,0,,0,,0,Twilight,543300,0,0,0,2,0,0,0,0,0,,1,0,Auckland Region,Nil,2-way,Sealed,0,0,1,0,50,0,On,0,0,,76,Auckland,Unknown,0,0,0,0,0,0,Urban,0,0,0,Fine,Null
1757025,5919442,758357,,514103,0,,0,1,,Null,2013/2014,KARANGAHAPE ROAD,QUEEN ST,,Serious Crash,No,2013,,East,,0,,Flat,,,,,,Bright sun,436401,0,0,1,5,,,0,,,,,,Auckland Region,Nil,2-way,Sealed,,0,1,,50,,Off,0,0,,76,Auckland,Traffic Signals,,,,,0,0,Urban,0,,,Fine,Null
1736731,5920531,758446,,505700,0,0,0,0,0,West,2013/2014,WAIRERE ROAD,BETHELLS ROAD,,Serious Crash,No,2013,0,East,0,0,0,Flat,0,,0,,0,Bright sun,216700,0,0,0,2,0,0,0,0,0,,0,0,Auckland Region,Nil,2-way,Sealed,0,0,1,0,80,0,Off,1,0,,76,Auckland,Nil,0,0,0,1,0,0,Open,0,0,0,Light rain,Null
1773254,5899590,758463,,523912,0,0,0,0,0,South,2013/2014,MILL ROAD,AIRFIELD ROAD,,Serious Crash,No,2013,0,North,0,0,0,Flat,0,,0,,1,Dark,765401,0,0,1,2,0,0,0,0,0,,0,0,Auckland Region,Nil,2-way,Sealed,0,0,1,0,80,0,On,0,0,,76,Auckland,Nil,0,0,0,0,0,0,Open,0,0,0,Fine,Null
1740939,5910507,758501,,512902,0,,0,1,,South,2013/2014,SCENIC DRIVE,WEST COAST ROAD,,Serious Crash,No,2014,,South,,0,,Hill Road,,,,,,Overcast,282102,2,0,0,2,,,0,,,,,,Auckland Region,Nil,2-way,Sealed,,0,1,,80,,Off,1,0,,76,Auckland,Nil,,,,,0,0,Open,0,,,Fine,Null
1766521,5901327,758530,,524712,0,,0,1,,East,2013/2014,ADDINGTON AVENUE,ROWANDALE AVENUE,,Serious Crash,No,2014,,West,,0,,Flat,,,,,,Bright sun,779400,0,0,0,2,,,0,,,1,,,Auckland Region,Nil,2-way,Sealed,,0,1,,50,,Null,0,0,,76,Auckland,Unknown,,,,,0,0,Urban,0,,,Fine,Null
1761181,5915221,758531,,520201,2,,0,0,,North,2013/2014,ROBERT ST,TECOMA ST,,Serious Crash,No,2014,,North,,0,,Flat,,,,,,Bright sun,613100,1,0,0,2,,,0,,,,,,Auckland Region,Nil,2-way,Sealed,,0,1,,50,,Null,0,0,,76,Auckland,Unknown,,,,,0,0,Urban,0,,,Fine,Null
1755120,5914103,758536,,518803,0,,0,1,,Null,2013/2014,DOMINION ROAD,MEMORIAL AVENUE,,Serious Crash,No,2014,,East,,0,,Flat,,,,,,Bright sun,581200,0,0,0,2,,,0,,,,,,Auckland Region,Nil,2-way,Sealed,,0,2,,50,,Off,1,0,,76,Auckland,Stop,,,,,0,0,Urban,0,,,Fine,Null
1764872,5906671,758579,,522201,0,0,0,2,0,East,2014/2015,SHIRLEY ROAD,TRIMMER TERRACE,,Serious Crash,No,2014,0,West,0,0,0,Flat,0,,0,,0,Dark,661800,0,0,0,2,0,0,0,0,1,,0,0,Auckland Region,Nil,2-way,Sealed,0,0,1,0,50,0,On,0,0,,76,Auckland,Nil,0,0,0,0,0,0,Urban,0,0,0,Fine,Null
1770724,5909807,758633,,523109,0,,1,0,,South,2014/2015,KILKENNY DRIVE,DELMONT CLOSE,,Serious Crash,No,2015,,North,,0,,Flat,,Queens Birthday,,,,Bright sun,712017,1,0,0,2,,,0,,,,,,Auckland Region,Nil,2-way,Sealed,,0,1,,50,,Null,0,0,,76,Auckland,Nil,,,,,0,0,Urban,1,,,Fine,Null
1764683,5915964,758661,,520301,1,0,0,1,0,East,2014/2015,COLLEGE ROAD,TIHI ST,,Serious Crash,No,2014,0,West,0,0,0,Hill Road,0,,0,,0,Dark,465302,0,0,0,2,0,0,0,0,1,,0,0,Auckland Region,Nil,2-way,Sealed,0,0,1,0,50,0,None,0,0,,76,Auckland,Nil,0,0,0,0,0,0,Urban,0,0,0,Fine,Null
1761913,5906379,758709,,524200,0,0,0,1,0,South,2013/2014,SH 20,MASSEY OBR,,Serious Crash,Yes,2013,0,North,0,0,0,Flat,1,,0,,0,Dark,728700,0,0,0,2,0,0,0,0,0,,0,0,Auckland Region,Nil,1-way,Sealed,0,0,2,0,100,0,On,0,0,,76,Auckland,Nil,0,0,0,0,1,0,Open,0,0,0,Fine,Null
1754410,5918666,758766,,515431,0,,0,1,,East,2014/2015,GREAT NORTH ROAD,BULLOCK TRACK,,Serious Crash,No,2015,,West,,0,,Hill Road,,,,,,Dark,405300,0,0,0,4,,,0,,,1,,,Auckland Region,Nil,2-way,Sealed,,0,1,,50,,On,0,0,,76,Auckland,Nil,,,,,0,0,Urban,0,,,Fine,Null
1743789,5917015,758878,,513220,0,0,0,2,0,East,2013/2014,SUMMERLAND DRIVE,SOMERTON RISE,,Serious Crash,No,2014,0,West,0,0,0,Flat,0,Queens Birthday,0,,0,Dark,236801,0,0,0,2,0,0,0,0,1,,0,0,Auckland Region,Nil,2-way,Sealed,0,0,1,0,50,0,On,0,0,,76,Auckland,Nil,0,0,0,0,0,0,Urban,0,0,0,Fine,Null
1762621,5914186,759010,,520401,0,0,0,3,0,West,2014/2015,LEONARD ROAD,RELIABLE WAY,,Serious Crash,No,2014,0,East,0,0,0,Flat,0,,0,,0,Bright sun,644103,0,0,0,2,0,0,0,0,1,,0,0,Auckland Region,Nil,2-way,Sealed,0,0,1,0,50,0,Off,0,0,,76,Auckland,Nil,0,0,0,1,0,0,Urban,0,0,0,Fine,Null
1746996,5928023,759028,,513420,0,0,0,1,1,East,2013/2014,KINGSWAY ROAD,KAURI ROAD,,Fatal Crash,No,2014,0,West,0,1,0,Hill Road,0,,0,,0,Dark,221100,0,0,0,2,0,0,0,0,0,,0,0,Auckland Region,Nil,2-way,Sealed,0,0,0,0,50,0,None,0,0,,76,Auckland,Unknown,0,0,0,0,0,0,Urban,0,0,0,Light rain,Null
1748546,5913907,759100,,511302,0,,0,3,,East,2014/2015,GREAT NORTH ROAD,LYNWOOD ROAD,,Serious Crash,No,2014,,North,,0,,Hill Road,,,,,,Bright sun,269200,1,0,0,4,,,0,,,,,,Auckland Region,Nil,2-way,Sealed,,0,1,,50,,Off,0,0,,76,Auckland,Nil,,,,,0,0,Urban,0,,,Fine,Null
1763870,5908894,759135,,521901,0,,0,0,,East,2014/2015,MANGERE ROAD,AWA ST,,Serious Crash,No,2015,,West,,0,,Flat,,,,,,Overcast,785100,0,0,1,2,,,0,,,,,,Auckland Region,Nil,2-way,Sealed,,0,1,,50,,Null,1,0,,76,Auckland,Unknown,,,,,0,0,Urban,0,,,Light rain,Null
1749544,5914152,759151,,511302,0,,0,1,,Null,2013/2014,RATA ST,RIMU ST,,Serious Crash,No,2014,,North,,0,,Flat,,,,,,Bright sun,268800,0,0,1,4,,,0,,,,,,Auckland Region,Nil,2-way,Sealed,,0,1,,50,,Off,0,0,,76,Auckland,Stop,,,,,0,0,Urban,0,,,Fine,Null
1766836,5912729,759316,,522920,0,,0,1,,North,2014/2015,TI RAKAU DRIVE,MATTSON ROAD,,Serious Crash,No,2015,,North,,0,,Flat,,,,,,Bright sun,684800,0,0,0,6,,,0,,,1,,,Auckland Region,Nil,2-way,Sealed,,0,1,,60,,Null,0,0,,76,Auckland,Traffic Signals,,,,,0,0,Urban,0,,,Fine,Null