X,Y,OBJECTID,advisorySpeed,areaUnitID,bicycle,bridge,bus,carStationWagon,cliffBank,crashDirectionDescription,crashFinancialYear,crashLocation1,crashLocation2,crashRoadSideRoad,crashSeverity,crashSHDescription,crashYear,debris,directionRoleDescription,ditch,fatalCount,fence,flatHill,guardRail,holiday,houseOrBuilding,intersection,kerb,light,meshblockId,minorInjuryCount,moped,motorcycle,NumberOfLanes,objectThrownOrDropped,otherObject,otherVehicleType,overBank,parkedVehicle,pedestrian,phoneBoxEtc,postOrPole,region,roadCharacter,roadLane,roadSurface,roadworks,schoolBus,seriousInjuryCount,slipOrFlood,speedLimit,strayAnimal,streetLight,suv,taxi,temporarySpeedLimit,tlaId,tlaName,trafficControl,trafficIsland,trafficSign,train,tree,truck,unknownVehicleType,urban,vanOrUtility,vehicle,waterRiver,weatherA,weatherB
1761518,5914785,759350,,520202,0,0,0,2,0,East,2014/2015,Z DWY BP MAIN HIGHWAY,AMY ST,,Serious Crash,No,2014,0,East,0,0,0,Flat,0,,0,,0,Bright sun,612000,0,0,0,0,0,0,0,0,0,,0,0,Auckland Region,Nil,Off road,Sealed,0,0,1,0,50,0,Null,0,0,,76,Auckland,Nil,0,0,0,0,0,0,Urban,0,1,0,Fine,Null
1768191,5907921,759374,,523502,0,,0,1,,North,2015/2016,EAST TAMAKI ROAD,PRESTON ROAD,,Serious Crash,No,2015,,South,,0,,Flat,,,,,,Bright sun,703800,0,0,0,4,,,0,,,,,,Auckland Region,Nil,2-way,Sealed,,0,2,,60,,Null,0,0,,76,Auckland,Unknown,,,,,1,0,Urban,1,,,Fine,Null
1755556,5932567,759544,,507400,0,,0,1,,Null,2015/2016,EAST COAST ROAD,HASTINGS ROAD,,Serious Crash,No,2015,,North,,0,,Flat,,,,,,Bright sun,152900,1,0,0,5,,,0,,,1,,,Auckland Region,Nil,Null,Sealed,,0,1,,50,,Null,0,0,,76,Auckland,Traffic Signals,,,,,0,0,Urban,0,,,Fine,Null
1767278,5888174,759554,,521122,0,,0,1,,East,2014/2015,SH 22,GLENBROOK ROAD,,Serious Crash,Yes,2014,,West,,0,,Flat,,,,,,Bright sun,810000,0,0,0,2,,,0,,,,,,Auckland Region,Nil,2-way,Sealed,,0,1,,100,,Null,0,0,,76,Auckland,Nil,,,,,1,0,Open,0,,,Fine,Null
1748500,5961371,759569,45,506613,0,0,0,0,0,South,2015/2016,SH 1N,SCHOLLUM ACCESS ROAD,,Serious Crash,Yes,2015,0,South,0,0,0,Hill Road,0,,0,,0,Dark,147107,0,0,0,3,0,0,0,1,0,,0,0,Auckland Region,Nil,2-way,Sealed,0,0,1,0,100,0,None,0,0,,76,Auckland,Unknown,0,0,0,0,1,0,Open,0,0,0,Fine,Null
1760875,5915346,759658,,520201,0,0,0,1,1,North,2014/2015,TE COMA OFF SBD,KENTUCKY ST,,Serious Crash,Yes,2014,0,South,0,0,0,Hill Road,0,,0,,0,Dark,613000,0,0,0,1,0,1,0,0,0,,0,0,Auckland Region,Motorway ramp,1-way,Sealed,0,0,1,0,100,0,On,0,0,,76,Auckland,Unknown,0,0,0,0,0,0,Open,0,0,0,Light rain,Null
1762103,5912509,759664,,519500,0,,0,0,,Null,2014/2015,CHURCH ST,HUGO JOHNSTON DRIVE,,Serious Crash,No,2014,,West,,0,,Hill Road,,,,,,Bright sun,622500,0,0,0,6,,,0,,,,,,Auckland Region,Nil,2-way,Sealed,,0,1,,50,,Null,0,0,,76,Auckland,Traffic Signals,,,,,1,0,Urban,1,,,Fine,Null
1750346,5914399,759673,,511303,1,,0,1,,Null,2014/2015,GREAT NORTH ROAD,CRUM AVENUE,,Serious Crash,No,2014,,North,,0,,Flat,,,,,,Twilight,266200,0,0,0,4,,,0,,,,,,Auckland Region,Nil,2-way,Sealed,,0,1,,50,,Off,0,0,,76,Auckland,Stop,,,,,0,0,Urban,0,,,Fine,Null
1747252,5913776,759676,,511100,0,,0,2,,West,2013/2014,WEST COAST ROAD,CAPTAIN SCOTT ROAD,,Serious Crash,No,2014,,East,,0,,Flat,,,,,,Overcast,286200,0,0,0,4,,,0,,,,,,Auckland Region,Nil,2-way,Sealed,,0,1,,50,,Null,1,0,,76,Auckland,Unknown,,,,,0,0,Urban,0,,,Fine,Null
1754037,5914455,759777,,518801,0,,0,1,,South,2014/2015,SANDRINGHAM ROAD,FARRELLY AVENUE,,Serious Crash,No,2015,,South,,0,,Flat,,,,,,Dark,577200,0,0,0,4,,,0,,,1,,,Auckland Region,Nil,2-way,Sealed,,0,1,,50,,On,0,0,,76,Auckland,Traffic Signals,,,,,0,0,Urban,0,,,Fine,Null
1734132,5929984,759797,,505605,0,,0,0,,West,2013/2014,SH 16,FOSTER ROAD,,Serious Crash,Yes,2014,,West,,0,,Flat,,,,,,Overcast,216105,0,0,0,2,,,0,,,1,,,Auckland Region,Nil,2-way,Sealed,,0,1,,100,,Off,0,0,,76,Auckland,Nil,,,,,1,0,Open,0,,,Light rain,Null
1758208,5920371,759798,,514103,1,,0,0,,South,2013/2014,BEACH ROAD,RONAYNE ST,,Serious Crash,No,2014,,South,,0,,Flat,,,,,,Dark,438307,0,0,0,4,,,0,,,,,,Auckland Region,Nil,2-way,Sealed,,0,1,,50,,On,1,0,,76,Auckland,Nil,,,,,0,0,Urban,0,,,Heavy rain,Null
1746529,5916470,759818,,510700,0,,0,1,,South,2013/2014,GREAT NORTH ROAD,TE ATATU ROAD,,Serious Crash,No,2014,,South,,0,,Flat,,,,,,Dark,241000,0,0,0,4,,,0,,,2,,,Auckland Region,Nil,2-way,Sealed,,0,2,,50,,On,0,0,,76,Auckland,Traffic Signals,,,,,0,0,Urban,0,,,Fine,Null
1764482,5905584,759848,,522100,0,,0,1,,East,2013/2014,HILL ROAD,HILLSIDE ROAD,,Serious Crash,No,2014,,East,,0,,Flat,,Queens Birthday,,,,Bright sun,657900,0,0,0,2,,,0,,,1,,,Auckland Region,Nil,2-way,Sealed,,0,1,,50,,Null,0,0,,76,Auckland,Unknown,,,,,0,0,Urban,0,,,Fine,Null
1756110,5919209,759858,,515420,1,,0,1,,North,2013/2014,MAIDSTONE ST,GREAT NORTH ROAD,,Serious Crash,No,2014,,North,,0,,Flat,,,,,,Dark,411600,0,0,0,2,,,0,,,,,,Auckland Region,Nil,2-way,Sealed,,0,1,,50,,On,0,0,,76,Auckland,Nil,,,,,0,0,Urban,0,,,Fine,Null
1769371,5899741,759910,,525002,0,,0,1,,East,2014/2015,MAHIA ROAD,NIELD ROAD,,Serious Crash,No,2015,,West,,0,,Flat,,,,,,Bright sun,753800,0,0,0,3,,,0,,,1,,,Auckland Region,Nil,2-way,Sealed,,0,1,,50,,Off,0,0,,76,Auckland,Nil,,,,,0,0,Urban,0,,,Fine,Null
1760174,5889242,759931,,521122,0,0,0,0,0,South,2015/2016,KINGSEAT ROAD,LINWOOD ROAD,,Serious Crash,No,2015,0,South,1,0,0,Flat,0,,0,,0,Overcast,811002,0,0,1,2,0,0,0,0,0,,0,0,Auckland Region,Nil,2-way,Sealed,0,0,1,0,70,0,Null,0,0,,76,Auckland,Unknown,0,0,0,0,0,0,Urban,0,0,0,Light rain,Null
1769000,5909132,759933,,523113,0,,0,1,,West,2014/2015,LADY RUBY DRIVE,BARMAC PLACE,,Serious Crash,No,2015,,West,,0,,Flat,,,,,,Bright sun,711811,0,0,0,2,,,0,,,,,,Auckland Region,Nil,2-way,Sealed,,0,1,,50,,Null,0,0,,76,Auckland,Unknown,,,,,0,0,Urban,1,,,Light rain,Strong wind
1750139,5916292,760060,,514801,0,,0,2,,Null,2014/2015,ROSEBANK ROAD,EASTDALE ROAD,,Serious Crash,No,2015,,North,,0,,Flat,,Easter,,,,Overcast,389102,0,0,0,2,,,0,,,,,,Auckland Region,Nil,2-way,Sealed,,0,2,,50,,Null,0,0,,76,Auckland,Traffic Signals,,,,,0,0,Urban,0,,,Fine,Null
1766704,5908049,760107,,523501,0,0,0,1,0,North,2014/2015,BAIRDS ROAD,NEWBURY ST,,Serious Crash,No,2015,0,North,0,0,1,Flat,0,,0,,0,Dark,700601,0,0,0,2,0,0,0,0,0,,0,0,Auckland Region,Nil,2-way,Sealed,0,0,1,0,50,0,On,0,0,,76,Auckland,Nil,0,0,0,1,0,0,Urban,0,0,0,Fine,Null
1756126,5917694,760164,,518102,0,,0,1,,Null,2014/2015,BELLEVUE ROAD,DOMINION ROAD,,Serious Crash,No,2014,,North,,0,,Flat,,,,,,Dark,545900,0,0,0,2,,,0,,,1,,,Auckland Region,Nil,2-way,Sealed,,0,1,,50,,On,0,0,,76,Auckland,Stop,,,,,0,0,Urban,0,,,Light rain,Null
1756268,5919214,760177,,515500,1,,0,1,,Null,2014/2015,NEWTON ROAD,ABBEY ST,,Serious Crash,No,2015,,South,,0,,Hill Road,,,,,,Dark,417500,0,0,0,5,,,0,,,,,,Auckland Region,Nil,2-way,Sealed,,0,1,,50,,On,0,0,,76,Auckland,Stop,,,,,0,0,Urban,0,,,Fine,Null
1759386,5920526,760261,,515902,0,0,0,0,0,Null,2014/2015,SOLENT ST,TAMAKI DRIVE,,Serious Crash,No,2015,0,East,0,0,0,Flat,1,,0,,0,Bright sun,454800,0,0,0,2,0,0,0,0,0,,0,0,Auckland Region,Nil,2-way,Sealed,0,0,1,0,30,0,Null,0,0,,76,Auckland,Traffic Signals,0,0,0,0,0,0,Urban,1,0,0,Fine,Null
1795099,5904303,760386,,525202,0,0,0,1,0,South,2014/2015,KAWAKAWA-ORERE ROAD,ORERE-MATINGARAHI ROAD,,Serious Crash,No,2015,0,West,0,0,0,Hill Road,0,,0,,0,Bright sun,764501,0,0,0,2,0,0,0,0,0,,0,1,Auckland Region,Nil,2-way,Sealed,0,0,1,0,100,0,Null,0,0,,76,Auckland,Unknown,0,0,0,0,0,0,Open,0,0,0,Fine,Null
1727085,5942916,760454,,506642,0,0,0,1,0,Null,2015/2016,PARKHURST ROAD,SOUTH HEAD ROAD,,Serious Crash,No,2015,0,East,0,0,0,Flat,0,,0,,0,Dark,210702,0,0,0,2,0,0,0,0,0,,0,1,Auckland Region,Nil,2-way,Sealed,0,0,1,0,100,0,None,0,0,,76,Auckland,Give way,0,0,0,0,0,0,Open,0,0,0,Light rain,Null
1758274,5920198,760479,,515902,1,,0,0,,Null,2013/2014,SH 16,PARNELL RISE,,Fatal Crash,Yes,2014,,South,,1,,Hill Road,,,,,,Bright sun,452300,0,0,0,4,,,0,,,,,,Auckland Region,Nil,2-way,Sealed,,0,0,,50,,Null,0,0,,76,Auckland,Traffic Signals,,,,,1,0,Urban,0,,,Fine,Null
1754301,5934369,760487,,507102,0,0,0,1,0,West,2015/2016,OAKTREE AVENUE,PALLISER LANE,,Serious Crash,No,2015,0,East,0,0,0,Hill Road,0,,0,,0,Dark,159002,0,0,0,2,0,0,0,0,0,,0,0,Auckland Region,Nil,2-way,Sealed,0,0,1,0,50,0,On,0,0,,76,Auckland,Unknown,0,0,0,1,0,0,Urban,0,0,0,Fine,Null
1751037,5878021,760488,75,521151,0,,0,2,,South,2014/2015,AWHITU ROAD,TAHUNA PA ROAD,,Serious Crash,No,2015,,South,,0,,Hill Road,,Queens Birthday,,,,Overcast,831100,1,0,0,2,,,0,,,,,,Auckland Region,Nil,2-way,Sealed,,0,1,,100,,None,0,0,,76,Auckland,Unknown,,,,,0,0,Open,0,,,Fine,Null
1755679,5921219,760489,,515202,0,,0,0,,South,2014/2015,SH 1N,SHELLY BEACH OBR,,Serious Crash,Yes,2015,,North,,0,,Flat,,,,,,Bright sun,425600,0,0,1,4,,,0,,,,,,Auckland Region,Nil,1-way,Sealed,,0,1,,100,,Null,0,0,,76,Auckland,Unknown,,,,,0,0,Open,1,,,Fine,Null
1774656,5897380,760547,,525610,0,0,0,1,0,West,2014/2015,CLEVEDON ROAD,ROBB ST,,Serious Crash,No,2014,0,West,0,0,0,Flat,0,,0,,0,Dark,799400,0,0,0,1,0,0,0,0,0,,0,1,Auckland Region,Nil,2-way,Sealed,0,0,1,0,50,0,On,0,0,,76,Auckland,Unknown,0,0,0,0,0,0,Urban,0,0,0,Fine,Strong wind
1780632,5893891,760633,,521132,0,0,0,1,0,East,2014/2015,HUNUA ROAD,GILLESPIE ROAD,,Fatal Crash,No,2015,0,East,0,1,1,Flat,0,,0,,0,Dark,816401,1,0,0,2,0,0,0,0,0,,0,1,Auckland Region,Nil,2-way,Sealed,0,0,0,0,100,0,None,0,0,,76,Auckland,Unknown,0,0,0,0,0,0,Open,0,0,0,Fine,Null
1745374,5916992,760673,,510800,0,,0,2,,Null,2015/2016,RAILSIDE AVENUE,EDSEL ST,,Serious Crash,No,2015,,North,,0,,Flat,,,,,,Dark,242900,0,0,0,4,,,0,,,,,,Auckland Region,Nil,2-way,Sealed,,0,2,,50,,On,0,0,,76,Auckland,Traffic Signals,,,,,0,0,Urban,0,,,Light rain,Null
1748662,5969655,760783,,505500,0,,0,2,,South,2015/2016,SH 1N,WOODCOCKS ROAD,,Serious Crash,Yes,2015,,North,,0,,Hill Road,,,,,,Bright sun,140500,0,0,0,2,,,0,,,,,,Auckland Region,Nil,2-way,Sealed,,0,1,,60,,Null,0,0,,76,Auckland,Nil,,,,,1,0,Urban,0,,,Fine,Null
1749145,5914721,760784,,511301,0,,0,0,,Null,2015/2016,KELSTON ST,NIKAU ST,,Serious Crash,No,2015,,North,,0,,Flat,,,,,,Dark,267901,0,0,0,2,,,0,,,1,,,Auckland Region,Nil,2-way,Sealed,,0,1,,50,,On,0,0,,76,Auckland,Nil,,,,,0,0,Urban,1,,,Fine,Null
1766941,5917295,760974,,517002,0,,0,1,,North,2013/2014,TANIWHA ST,KIANO PLACE,,Serious Crash,No,2013,,South,,0,,Hill Road,,,,,,Overcast,473000,0,0,0,2,,,0,,,1,,,Auckland Region,Nil,2-way,Sealed,,0,1,,50,,Null,0,0,,76,Auckland,Nil,,,,,0,0,Urban,0,,,Fine,Null
1744731,5910388,761083,,512902,0,,1,0,,Null,2014/2015,SCENIC DRIVE,SHAW ROAD,,Serious Crash,No,2014,,North,,0,,Flat,,,,,,Bright sun,282302,0,0,1,2,,,0,,,,,,Auckland Region,Nil,2-way,Sealed,,0,1,,50,,Null,0,0,,76,Auckland,Stop,,,,,0,0,Urban,0,,,Fine,Null
1767019,5879552,761327,,521112,0,,0,2,,Null,2013/2014,WAIUKU ROAD,STUART ROAD,,Serious Crash,No,2014,,West,,0,,Hill Road,,,,,,Bright sun,825900,6,0,0,2,,,0,,,,,,Auckland Region,Nil,2-way,Sealed,,0,1,,100,,Null,0,0,,76,Auckland,Stop,,,,,0,0,Open,0,,,Fine,Null
1773868,5902600,761420,,523813,0,0,0,1,0,South,2013/2014,ALFRISTON ROAD,ALFRISTON-ARDMORE ROAD,,Serious Crash,No,2014,0,South,0,0,1,Flat,0,,0,,0,Dark,761000,0,0,0,2,0,0,0,0,0,,0,0,Auckland Region,Nil,2-way,Sealed,0,0,1,0,100,0,None,0,0,,76,Auckland,Unknown,0,0,0,0,0,0,Open,0,0,0,Light rain,Null
1750969,5915681,761591,,514401,0,,0,2,,East,2014/2015,Z CPK AVONDALE BOWLING CL,HIGHBURY ST,,Serious Crash,No,2014,,North,,0,,Flat,,,,,,Dark,381801,0,0,0,0,,,0,,,1,,,Auckland Region,Nil,Off road,Sealed,,0,1,,30,,On,0,0,,76,Auckland,Unknown,,,,,0,0,Urban,0,,,Fine,Null
1745254,5919713,761627,,513301,0,0,0,2,0,South,2014/2015,Z CPK PAK N SAVE,UNIVERSAL DRIVE,,Serious Crash,No,2014,0,South,0,0,0,Flat,0,,0,,0,Overcast,232001,0,0,0,0,0,1,0,0,1,1,0,0,Auckland Region,Nil,Off road,Sealed,0,0,1,0,20,0,Null,0,0,,76,Auckland,Unknown,0,0,0,0,0,0,Urban,0,0,0,Light rain,Null
1745396,5920370,761637,,513301,0,,0,1,,East,2013/2014,CENTRAL PARK DRIVE,LINCOLN ROAD,,Serious Crash,No,2014,,West,,0,,Flat,,,,,,Overcast,230301,0,0,1,5,,,0,,,,,,Auckland Region,Nil,2-way,Sealed,,0,1,,50,,Null,0,0,,76,Auckland,Unknown,,,,,0,0,Urban,0,,,Fine,Null
1756200,5918287,761713,,517500,0,0,0,0,0,West,2014/2015,NEW NORTH ROAD,ACE PLACE,,Serious Crash,No,2014,0,West,0,0,0,Flat,0,,0,,0,Bright sun,531700,0,1,0,3,0,0,0,0,0,,0,1,Auckland Region,Nil,2-way,Sealed,0,0,1,0,50,0,Off,0,0,,76,Auckland,Nil,0,0,0,0,0,0,Urban,0,0,0,Fine,Null
1747644,5910783,761729,,512000,0,,0,0,,North,2014/2015,TITIRANGI ROAD,RANGIWAI ROAD,,Serious Crash,No,2014,,South,,0,,Flat,,,,,,Bright sun,295200,0,0,0,2,,,0,,,1,,,Auckland Region,Nil,2-way,Sealed,,0,1,,50,,Null,1,0,,76,Auckland,Unknown,,,,,0,0,Urban,0,,,Fine,Null
1756085,5917549,761847,,518102,0,,0,1,,North,2014/2015,DOMINION ROAD,VALLEY ROAD,,Serious Crash,No,2014,,North,,0,,Hill Road,,,,,,Overcast,545900,0,0,0,4,,,0,,,1,,,Auckland Region,Nil,2-way,Sealed,,0,1,,50,,Null,0,0,,76,Auckland,Unknown,,,,,0,0,Urban,0,,,Fine,Null
1756364,5920856,762273,,514101,0,0,0,1,0,West,2014/2015,FANSHAWE ST,DALDY ST,,Serious Crash,No,2014,0,East,0,0,0,Flat,0,,0,,0,Dark,432400,0,0,0,6,0,0,0,0,0,,0,1,Auckland Region,Nil,2-way,Sealed,0,0,1,0,50,0,On,0,0,,76,Auckland,Nil,1,1,0,0,0,0,Urban,0,0,0,Fine,Null
1751970,5948550,762411,,505805,0,,0,1,,Null,2014/2015,HIBISCUS COAST HIGHWAY,CENTREWAY ROAD,,Serious Crash,No,2015,,North,,0,,Flat,,,,,,Bright sun,172401,0,0,0,2,,,0,,,1,,,Auckland Region,Nil,2-way,Sealed,,0,1,,50,,Null,0,0,,76,Auckland,Give way,,,,,0,0,Urban,0,,,Fine,Null
1763346,5903993,762431,,524604,0,,0,1,,East,2013/2014,SH 20B,PRICES ROAD,,Serious Crash,Yes,2013,,West,,0,,Flat,,,,,,Overcast,780902,2,0,0,2,,,0,,,,,,Auckland Region,Nil,2-way,Sealed,,0,1,,80,,Off,1,0,,76,Auckland,Nil,,,,,0,0,Open,0,,,Light rain,Null
1766436,5917428,762571,,517002,1,,0,0,,North,2014/2015,ELSTREE AVENUE,CHILTERN CRESCENT N,,Serious Crash,No,2014,,South,,0,,Hill Road,,,,,,Overcast,471900,1,0,0,2,,,0,,,1,,,Auckland Region,Nil,2-way,Sealed,,0,1,,50,,Off,0,0,,76,Auckland,Nil,,,,,0,0,Urban,0,,,Fine,Null
1734472,5936041,762610,,506653,0,0,0,1,0,North,2013/2014,PEAK ROAD,OLD NORTH ROAD,,Serious Crash,No,2014,0,South,0,0,0,Hill Road,0,,0,,0,Bright sun,217702,0,0,0,2,0,0,0,0,0,,0,0,Auckland Region,Nil,2-way,Sealed,0,0,1,0,80,0,Null,0,0,,76,Auckland,Unknown,0,0,0,1,0,0,Open,0,0,0,Fine,Null
1743169,5919100,762798,,513213,0,0,0,1,0,East,2013/2014,SWANSON ROAD,WAITEMATA DRIVE,,Fatal Crash,No,2014,0,East,0,1,0,Flat,0,,0,,0,Dark,235904,0,0,0,2,0,0,0,0,0,,0,0,Auckland Region,Nil,2-way,Sealed,0,0,0,0,50,0,On,0,0,,76,Auckland,Unknown,0,0,0,1,0,0,Urban,0,0,0,Heavy rain,Null
1769840,5901912,762929,,523814,0,,0,0,,East,2014/2015,HILL ROAD,NORM PELLOW DRIVE,,Serious Crash,No,2014,,West,,0,,Flat,,,,,,Twilight,759513,0,0,0,2,,,0,,,1,,,Auckland Region,Nil,2-way,Sealed,,0,1,,50,,Off,0,0,,76,Auckland,Unknown,,,,,0,0,Urban,1,,,Fine,Null
1765256,5917252,762950,,517001,0,,0,3,,North,2014/2015,APIRANA AVENUE,TANIWHA ST,,Serious Crash,No,2014,,North,,0,,Flat,,,,,,Bright sun,463901,1,0,0,2,,,0,,,,,,Auckland Region,Nil,2-way,Sealed,,0,1,,50,,Null,0,0,,76,Auckland,Nil,,,,,0,0,Urban,0,,,Fine,Null
1751534,5949793,762991,,505805,0,,0,0,,Null,2014/2015,FLORENCE AVENUE,HILLARY SQUARE W,,Fatal Crash,No,2015,,West,,1,,Flat,,,,,,Overcast,171500,0,0,0,2,,,0,,,1,,,Auckland Region,Nil,2-way,Sealed,,0,0,,50,,Null,0,0,,76,Auckland,Nil,,,,,0,0,Urban,1,,,Fine,Null
1769892,5899497,763083,,523911,0,0,0,2,0,Null,2014/2015,SH 1N,TAKANINI OFF SBD,,Serious Crash,Yes,2014,0,South,0,0,0,Flat,1,,0,,0,Dark,766500,0,0,0,2,0,0,0,0,0,,0,0,Auckland Region,Nil,2-way,Sealed,0,0,1,0,100,0,On,0,0,,76,Auckland,Nil,0,0,0,0,0,0,Open,0,0,0,Fine,Null
1759659,5915972,763087,,519200,0,0,0,2,0,Null,2014/2015,GREAT SOUTH ROAD,MAPAU ROAD,,Serious Crash,No,2014,0,South,0,0,0,Flat,0,,0,,0,Bright sun,616000,0,0,0,2,0,0,0,0,1,,0,0,Auckland Region,Nil,2-way,Sealed,0,0,1,0,50,0,Null,0,0,,76,Auckland,Stop,0,0,0,0,0,0,Urban,1,0,0,Fine,Null
1774823,5908673,763251,,523202,0,,0,1,,South,2015/2016,SANDSTONE ROAD,WHITFORD PARK ROAD,,Serious Crash,No,2015,,East,,0,,Hill Road,,,,,,Overcast,717600,1,0,0,3,,,0,,,,,,Auckland Region,Nil,2-way,Sealed,,0,2,,100,,Null,0,0,,76,Auckland,Unknown,,,,,0,0,Open,0,,,Fine,Null
1755541,5917930,763343,,517500,0,,0,1,,North,2014/2015,CENTRAL ROAD,NEW NORTH ROAD,,Serious Crash,No,2014,,South,,0,,Hill Road,,,,,,Overcast,530800,0,0,0,2,,,0,,,1,,,Auckland Region,Nil,2-way,Sealed,,0,1,,50,,Null,0,0,,76,Auckland,Unknown,,,,,0,0,Urban,0,,,Fine,Null
1757239,5919364,763436,,514301,0,,0,2,,East,2014/2015,GRAFTON BRIDGE,SYMONDS ST,,Serious Crash,No,2015,,North,,0,,Flat,,,,,,Dark,441200,0,0,0,3,,,0,,,,,,Auckland Region,Nil,1-way,Sealed,,0,1,,50,,On,0,0,,76,Auckland,Nil,,,,,0,0,Urban,0,,,Fine,Null
1774348,5893684,763470,35,521301,0,,0,0,,South,2016/2017,SUTTON ROAD,OPAHEKE ROAD,,Serious Crash,No,2016,,South,,0,,Flat,,,,,,Bright sun,808302,0,0,1,2,,,0,,,,,,Auckland Region,Nil,2-way,Sealed,,0,1,,80,,Null,0,0,,76,Auckland,Unknown,,,,,1,0,Open,0,,,Fine,Null
1782729,5905196,763556,65,525201,0,0,0,1,0,North,2014/2015,CLEVEDON-KAWAKAWA ROAD,HOLDENS ROAD,,Fatal Crash,No,2015,0,North,0,1,0,Flat,0,,0,,0,Dark,764400,1,0,0,2,0,0,0,0,0,,0,0,Auckland Region,Nil,2-way,Sealed,0,0,0,0,100,0,None,0,0,,76,Auckland,Nil,0,0,0,1,0,0,Open,0,0,0,Mist or Fog,Null
1766352,5920366,763622,,516700,2,,0,0,,East,2015/2016,GLOVER ROAD,RARANGI ROAD,,Serious Crash,No,2016,,West,,0,,Flat,,,,,,Dark,511600,0,0,0,2,,,0,,,,,,Auckland Region,Nil,2-way,Sealed,,0,1,,50,,None,0,0,,76,Auckland,Unknown,,,,,0,0,Urban,0,,,Fine,Null
1750014,5914514,763671,,511303,0,,0,1,,West,2015/2016,BINSTED ROAD,DELTA AVENUE,,Serious Crash,No,2016,,East,,0,,Flat,,,,,,Bright sun,266502,0,0,0,2,,,0,,,1,,,Auckland Region,Nil,2-way,Sealed,,0,1,,50,,Null,0,0,,76,Auckland,Unknown,,,,,0,0,Urban,0,,,Fine,Null
1757868,5916665,763753,,515801,0,,0,2,,Null,2015/2016,GILLIES AVENUE,EPSOM AVENUE,,Serious Crash,No,2015,,South,,0,,Flat,,,,,,Bright sun,445200,0,0,0,2,,,0,,,,,,Auckland Region,Nil,2-way,Sealed,,0,1,,50,,Off,0,1,,76,Auckland,Traffic Signals,,,,,0,0,Urban,0,,,Fine,Null
1737678,5916033,763809,45,513020,0,0,0,0,0,South,2015/2016,SCENIC DRIVE,SUMMIT RD STH,,Serious Crash,No,2016,0,North,0,0,0,Hill Road,0,,0,,1,Bright sun,281800,0,0,1,2,0,0,0,0,0,,0,0,Auckland Region,Nil,2-way,Sealed,0,0,1,0,100,0,Null,0,0,,76,Auckland,Unknown,0,0,0,0,0,0,Open,0,0,0,Fine,Null
1769948,5912907,763908,,522722,0,,0,2,,West,2015/2016,CASCADES ROAD,AVIEMORE DRIVE,,Serious Crash,No,2015,,East,,0,,Flat,,,,,,Bright sun,681334,0,0,0,2,,,0,,,1,,,Auckland Region,Nil,2-way,Sealed,,0,1,,60,,Null,0,0,,76,Auckland,Give way,,,,,0,0,Urban,0,,,Fine,Null
1759039,5912347,763913,,519820,0,,0,0,,Null,2015/2016,Z DWAY ONEHUNGA MALL,PAYNES LANE,,Serious Crash,No,2015,,East,,0,,Flat,,,,,,Overcast,601000,0,0,0,0,,,0,,,1,,,Auckland Region,Nil,Off road,Sealed,,0,1,,50,,Null,0,0,,76,Auckland,Nil,,,,,1,0,Urban,0,,,Fine,Null
1763884,5912598,763930,,520500,0,,0,2,,Null,2014/2015,MOUNT WELLINGTON HIGHWAY,MT WGTN ON SBD S,,Serious Crash,No,2014,,North,,0,,Hill Road,,,,,,Overcast,637400,1,0,0,3,,,0,,,,,,Auckland Region,Motorway ramp,1-way,Sealed,,0,1,,100,,Null,0,0,,76,Auckland,Traffic Signals,,,,,0,0,Open,0,,,Fine,Null
1757376,5918651,764217,,514302,0,,0,2,,Null,2016/2017,KHYBER PASS ROAD,ARAWA ST,,Serious Crash,No,2016,,East,,0,,Hill Road,,,,,,Bright sun,442000,0,0,0,4,,,0,,,,,,Auckland Region,Nil,2-way,Sealed,,0,1,,50,,Null,0,0,,76,Auckland,Stop,,,,,0,0,Urban,1,,,Fine,Null
1744646,5971002,764308,,506613,0,0,0,0,1,West,2014/2015,KAIPARA FLATS ROAD,MARUA WAY,,Serious Crash,No,2015,0,South,1,0,0,Flat,0,,0,,0,Overcast,145800,0,0,0,2,0,0,0,0,0,,0,0,Auckland Region,Nil,2-way,Sealed,0,0,1,0,100,0,Null,0,0,,76,Auckland,Unknown,0,0,0,0,0,0,Open,1,0,0,Fine,Null
1770937,5877921,764358,,521116,0,,0,0,,South,2015/2016,BUCKLAND ROAD,GEORGE CRESCENT,,Serious Crash,No,2016,,South,,0,,Flat,,,,,,Dark,824408,0,0,1,2,,,0,,,,,,Auckland Region,Nil,2-way,Sealed,,0,1,,50,,None,0,0,,76,Auckland,Unknown,,,,,0,0,Urban,0,,,Fine,Null
1745461,5920739,764362,,513301,0,,0,0,,Null,2015/2016,SH 16,LINCOLN OBR,,Serious Crash,Yes,2016,,West,,0,,Flat,,,,,,Bright sun,231700,0,0,1,3,,,0,,,,,,Auckland Region,Nil,1-way,Sealed,,0,1,,80,,Null,0,0,,76,Auckland,Unknown,,,,,0,0,Open,0,,,Fine,Null