X,Y,OBJECTID,advisorySpeed,areaUnitID,bicycle,bridge,bus,carStationWagon,cliffBank,crashDirectionDescription,crashFinancialYear,crashLocation1,crashLocation2,crashRoadSideRoad,crashSeverity,crashSHDescription,crashYear,debris,directionRoleDescription,ditch,fatalCount,fence,flatHill,guardRail,holiday,houseOrBuilding,intersection,kerb,light,meshblockId,minorInjuryCount,moped,motorcycle,NumberOfLanes,objectThrownOrDropped,otherObject,otherVehicleType,overBank,parkedVehicle,pedestrian,phoneBoxEtc,postOrPole,region,roadCharacter,roadLane,roadSurface,roadworks,schoolBus,seriousInjuryCount,slipOrFlood,speedLimit,strayAnimal,streetLight,suv,taxi,temporarySpeedLimit,tlaId,tlaName,trafficControl,trafficIsland,trafficSign,train,tree,truck,unknownVehicleType,urban,vanOrUtility,vehicle,waterRiver,weatherA,weatherB
1760080,5905970,764368,,524200,0,,0,0,,West,2015/2016,OUTRIGGER PLACE,CYCLAMEN ROAD,,Serious Crash,No,2016,,South,,0,,Flat,,,,,,Overcast,728614,0,0,0,0,,,0,,,1,,,Auckland Region,Nil,2-way,Sealed,,0,1,,50,,Null,0,0,,76,Auckland,Nil,,,,,0,0,Urban,1,,,Fine,Null
1759085,5911598,764507,,519820,0,,0,1,,South,2016/2017,ONEHUNGA MALL,NEILSON ST,,Fatal Crash,No,2016,,South,,1,,Flat,,,,,,Bright sun,602402,0,0,1,2,,,0,,,,,,Auckland Region,Nil,2-way,Sealed,,0,0,,50,,Null,0,0,,76,Auckland,Unknown,,,,,0,0,Urban,0,,,Fine,Null
1759297,5977919,764613,,506658,0,,0,0,,South,2015/2016,OMAHA DRIVE,SUCCESS COURT,,Serious Crash,No,2016,,South,,0,,Flat,,,,,,Bright sun,138810,0,0,0,2,,,1,,,1,,,Auckland Region,Nil,2-way,Sealed,,0,1,,50,,Null,0,0,,76,Auckland,Unknown,,,,,0,0,Urban,0,,,Fine,Null
1745865,5920020,764622,,513301,0,,0,1,,West,2015/2016,PARAMOUNT DRIVE,CENTRAL PARK DRIVE,,Serious Crash,No,2016,,East,,0,,Flat,,,,,,Bright sun,230401,0,0,0,1,,,0,,,1,,,Auckland Region,Nil,2-way,Sealed,,0,1,,50,,Null,0,0,,76,Auckland,Unknown,,,,,0,0,Urban,0,,,Fine,Null
1742502,5925339,764711,,513410,0,0,0,0,0,South,2015/2016,FRED TAYLOR DRIVE,HAILES ROAD,,Serious Crash,No,2015,0,North,1,0,0,Flat,0,,0,,0,Overcast,220400,0,0,0,2,0,0,0,0,0,,0,0,Auckland Region,Nil,2-way,Sealed,0,0,1,0,80,0,Off,1,0,,76,Auckland,Unknown,0,0,0,1,0,0,Open,0,0,0,Fine,Null
1744659,5944635,764796,,506614,0,0,0,1,0,East,2016/2017,PINE VALLEY ROAD,KAHIKATEA FLAT ROAD,,Serious Crash,No,2016,0,West,1,0,0,Hill Road,0,,0,,0,Bright sun,177803,0,0,0,2,0,0,0,0,0,,0,0,Auckland Region,Nil,2-way,Sealed,0,0,1,0,80,0,Null,0,0,,76,Auckland,Unknown,0,0,0,0,0,0,Open,0,0,0,Fine,Null
1772017,5911744,764829,,523110,0,0,0,1,0,South,2015/2016,POINT VIEW DRIVE,SOMERVILLE ROAD,,Serious Crash,No,2015,0,North,0,0,0,Hill Road,0,Labour Weekend,0,,0,Dark,711171,0,0,0,2,0,0,0,0,0,,0,1,Auckland Region,Nil,2-way,Sealed,0,0,1,0,50,0,On,0,0,,76,Auckland,Unknown,0,0,0,0,0,0,Urban,0,0,0,Fine,Null
1751525,5915203,764914,,514401,0,0,0,1,0,West,2016/2017,ST JUDE ST,BLOCKHOUSE BAY ROAD,,Serious Crash,No,2016,0,South,0,0,0,Hill Road,0,,0,,0,Dark,382901,0,0,0,2,0,0,0,0,0,,0,1,Auckland Region,Nil,2-way,Sealed,0,0,1,0,50,0,On,0,0,,76,Auckland,Unknown,0,0,0,0,0,0,Urban,0,0,0,Fine,Null
1761940,5913946,764921,,520202,0,,0,2,,East,2015/2016,SH 1N,PENROSE ON SBD,,Serious Crash,Yes,2016,,East,,0,,Flat,,,,,,Bright sun,612800,1,0,0,3,,,0,,,,,,Auckland Region,Nil,1-way,Sealed,,0,1,,100,,Null,0,0,,76,Auckland,Unknown,,,,,0,0,Open,0,,,Fine,Null
1757837,5919802,765040,,514301,0,0,0,1,0,West,2015/2016,SH 16,GRAFTON ON EBD,,Serious Crash,Yes,2016,0,East,0,0,0,Null,1,,0,,0,Dark,440400,0,0,0,2,0,0,0,0,0,,0,0,Auckland Region,Motorway ramp,1-way,Sealed,0,0,1,0,80,0,On,0,0,,76,Auckland,Unknown,0,0,0,0,0,0,Open,0,0,0,Fine,Null
1751565,5915247,765041,,514401,0,,0,3,,Null,2015/2016,BLOCKHOUSE BAY ROAD,NEW NORTH ROAD,,Serious Crash,No,2016,,West,,0,,Flat,,,,,,Bright sun,382600,2,0,0,6,,,0,,,,,,Auckland Region,Nil,2-way,Sealed,,0,1,,50,,Null,0,0,,76,Auckland,Traffic Signals,,,,,0,0,Urban,0,,,Fine,Null
1775608,5881843,765050,,521160,0,,0,1,,West,2015/2016,MILL ROAD,MILL OFF NBD,,Serious Crash,No,2016,,West,,0,,Flat,,,,,,Overcast,827603,3,0,1,2,,,0,,,,,,Auckland Region,Nil,2-way,Sealed,,0,1,,70,,Null,0,0,,76,Auckland,Nil,,,,,0,0,Urban,0,,,Fine,Null
1773426,5905562,765060,,523818,0,0,0,1,0,North,2016/2017,REDOUBT ROAD,UMBRIA LANE,,Fatal Crash,No,2016,0,South,0,1,1,Hill Road,0,,1,,0,Bright sun,717202,0,0,0,2,0,0,0,0,0,,0,0,Auckland Region,Nil,2-way,Sealed,0,0,1,0,50,0,Null,0,0,,76,Auckland,Unknown,0,0,0,0,0,0,Urban,0,0,0,Fine,Null
1755575,5929035,765223,,508510,0,,0,1,,Null,2015/2016,TRISTRAM AVENUE,TRISTRAM OFF SBD,,Serious Crash,No,2016,,East,,0,,Flat,,,,,,Bright sun,195200,4,0,0,2,,,0,,,,,,Auckland Region,Nil,2-way,Sealed,,0,2,,50,,Null,1,0,,76,Auckland,Traffic Signals,,,,,0,0,Urban,0,,,Fine,Null
1770474,5898556,765237,,523920,0,0,0,1,0,East,2014/2015,WALTER STREVENS DRIVE,ZENITH PLACE,,Serious Crash,No,2015,0,West,0,0,0,Flat,0,,0,,0,Overcast,768001,0,0,0,2,0,0,0,0,0,,0,0,Auckland Region,Nil,2-way,Sealed,0,0,1,0,50,0,Null,0,0,,76,Auckland,Unknown,0,0,0,1,0,0,Urban,0,0,0,Light rain,Null
1775221,5884693,765247,,521132,0,0,0,2,0,North,2015/2016,GREAT SOUTH ROAD,HELLAND DRIVE,,Serious Crash,No,2015,0,South,0,0,1,Hill Road,0,,0,,0,Dark,814701,1,0,0,2,0,0,0,0,0,,0,0,Auckland Region,Nil,2-way,Sealed,0,0,1,0,100,0,None,0,0,,76,Auckland,Nil,0,0,0,1,0,0,Open,0,0,0,Fine,Null
1745248,5917840,765326,,510700,1,,0,0,,South,2015/2016,SEL PEACOCK DRIVE,BUSCOMB AVENUE,,Serious Crash,No,2016,,East,,0,,Flat,,,,,,Overcast,239804,0,0,0,2,,,0,,,,,,Auckland Region,Nil,2-way,Sealed,,0,1,,50,,Null,0,0,,76,Auckland,Nil,,,,,0,0,Urban,1,,,Light rain,Null
1751133,5913926,765393,,514402,0,,0,2,,East,2014/2015,WOLVERTON ST,ST GEORGES ROAD,,Serious Crash,No,2015,,East,,0,,Flat,,,,,,Bright sun,379402,2,0,0,5,,,0,,,1,,,Auckland Region,Nil,2-way,Sealed,,0,1,,50,,Null,0,0,,76,Auckland,Nil,,,,,0,0,Urban,1,,,Fine,Null
1741697,5918753,765467,,513101,0,0,0,1,0,South,2015/2016,Z YARD CPK,SWANSON ROAD,,Serious Crash,No,2016,0,North,0,0,0,Flat,0,,0,,0,Dark,238200,0,0,0,,0,0,0,0,1,,0,0,Auckland Region,Nil,Off road,Unsealed,0,0,1,0,50,0,None,1,0,,76,Auckland,Unknown,0,0,0,0,0,0,Urban,0,0,0,Fine,Null
1756770,5928231,765507,,507900,1,,0,1,,South,2014/2015,SHAKESPEARE ROAD,WATERLOO ROAD,,Serious Crash,No,2015,,South,,0,,Flat,,,,,,Overcast,304300,0,0,0,1,,,0,,,,,,Auckland Region,Nil,2-way,Sealed,,0,1,,50,,Null,0,0,,76,Auckland,Unknown,,,,,0,0,Urban,0,,,Fine,Null
1757878,5914453,765509,,518600,0,,0,1,,Null,2015/2016,PAH ROAD,SELWYN ROAD,,Serious Crash,No,2016,,North,,0,,Flat,,,,,,Twilight,566000,0,0,1,2,,,0,,,,,,Auckland Region,Nil,2-way,Sealed,,0,1,,50,,On,0,0,,76,Auckland,Stop,,,,,0,0,Urban,0,,,Fine,Null
1749544,5914152,765738,,511302,0,0,0,2,0,Null,2015/2016,RATA ST (SOUTHBOUND),RIMU STREET,,Fatal Crash,No,2015,0,North,0,1,0,Flat,0,,0,,0,Bright sun,268800,1,0,0,2,0,0,0,0,0,,0,0,Auckland Region,Nil,2-way,Sealed,0,0,0,0,50,0,Null,0,0,,76,Auckland,Traffic Signals,1,0,0,0,0,0,Urban,0,0,0,Fine,Null
1756361,5927283,765755,,507900,0,0,0,1,0,North,2014/2015,SH 1N,NORTHCOTE OBR,,Serious Crash,Yes,2015,0,South,0,0,0,Flat,1,,0,,0,Dark,305202,0,0,0,3,0,0,0,0,0,,0,0,Auckland Region,Nil,1-way,Sealed,0,0,1,0,100,0,On,0,0,,76,Auckland,Unknown,0,0,0,0,0,0,Open,0,0,0,Fine,Null
1755251,5924720,765779,,509800,0,,0,2,,Null,2015/2016,ONEWA ROAD,WOODSIDE AVENUE,,Serious Crash,No,2015,,East,,0,,Hill Road,,,,,,Overcast,360200,0,0,0,4,,,0,,,,,,Auckland Region,Nil,2-way,Sealed,,0,1,,50,,Off,0,0,,76,Auckland,Give way,,,,,0,0,Urban,0,,,Light rain,Null
1771345,5900037,765818,,523911,0,,0,0,,Null,2015/2016,PORCHESTER ROAD,POPES ROAD,,Serious Crash,No,2016,,North,,0,,Flat,,,,,,Dark,767202,0,0,0,1,,,0,,,1,,,Auckland Region,Nil,2-way,Sealed,,0,1,,80,,On,1,0,,76,Auckland,Stop,,,,,0,0,Open,0,,,Fine,Null
1757666,5944290,765867,,505902,0,0,0,1,0,North,2015/2016,WHANGAPARAOA ROAD,TIRI ROAD,,Fatal Crash,No,2016,0,North,0,1,1,Flat,0,Christmas New Year,0,,0,Dark,174513,0,0,0,2,0,0,0,0,0,,1,0,Auckland Region,Nil,2-way,Sealed,0,0,0,0,50,0,On,0,0,,76,Auckland,Unknown,1,0,0,0,0,0,Urban,0,0,0,Heavy rain,Strong wind
1757082,5919926,765920,,514102,0,,0,0,,North,2015/2016,GREYS AVENUE,MAYORAL DRIVE,,Serious Crash,No,2016,,North,,0,,Hill Road,,,,,,Overcast,435201,0,0,0,2,,,0,,,1,,,Auckland Region,Nil,2-way,Sealed,,0,1,,50,,Null,0,0,,76,Auckland,Nil,,,,,1,0,Urban,0,,,Fine,Null
1755498,5932425,765946,,508805,0,,0,1,,Null,2015/2016,EAST COAST ROAD,AMANTE CRESCENT,,Serious Crash,No,2016,,South,,0,,Flat,,,,,,Bright sun,153200,0,0,1,4,,,0,,,,,,Auckland Region,Nil,2-way,Sealed,,0,1,,50,,Null,0,0,,76,Auckland,Give way,,,,,0,0,Urban,0,,,Fine,Null
1767985,5900452,765992,,525101,0,,0,1,,East,2015/2016,WEYMOUTH ROAD,CLENDON PLACE,,Serious Crash,No,2016,,East,,0,,Flat,,,,,,Bright sun,771500,0,0,0,2,,,0,,,1,,,Auckland Region,Nil,2-way,Sealed,,0,1,,50,,Null,0,0,,76,Auckland,Give way,,,,,0,0,Urban,0,,,Fine,Null
1756304,5930725,766006,,507500,1,,0,0,,Null,2015/2016,FORREST HILL ROAD,EAST COAST ROAD,,Serious Crash,No,2015,,West,,0,,Hill Road,,,,,,Overcast,148701,0,0,0,4,,,0,,,,,,Auckland Region,Nil,2-way,Sealed,,0,1,,50,,Off,0,0,,76,Auckland,Give way,,,,,0,0,Urban,1,,,Fine,Null
1770811,5896382,766148,,521201,0,0,0,1,0,East,2016/2017,CAPRIANA DRIVE,ASOLA PLACE,,Serious Crash,No,2016,0,East,0,0,0,Flat,0,,0,,0,Dark,806604,0,0,0,2,0,0,0,0,2,,0,0,Auckland Region,Nil,2-way,Sealed,0,0,1,0,50,0,On,0,0,,76,Auckland,Unknown,0,0,0,0,0,0,Urban,2,0,0,Fine,Null
1763950,5912271,766200,,520500,0,,0,2,,Null,2015/2016,MOUNT WELLINGTON HIGHWAY,SYLVIA PARK ROAD,,Serious Crash,No,2016,,North,,0,,Flat,,,,,,Bright sun,639500,0,0,1,6,,,0,,,,,,Auckland Region,Nil,2-way,Sealed,,0,1,,50,,Null,0,0,,76,Auckland,Traffic Signals,,,,,0,0,Urban,0,,,Fine,Null
1771415,5901398,766341,,523813,0,1,0,0,0,West,2016/2017,ALFRISTON ROAD,WASTNEY ROAD,,Serious Crash,No,2016,0,West,1,0,0,Flat,1,,0,,0,Overcast,759600,0,0,0,2,0,0,0,0,0,,0,0,Auckland Region,Bridge,2-way,Sealed,0,0,1,0,80,0,Null,0,0,,76,Auckland,Unknown,0,0,0,0,0,0,Open,1,0,0,Light rain,Null
1770252,5877157,766357,,525922,0,,0,1,,Null,2015/2016,BUCKLAND ROAD,TUAKAU ROAD,,Fatal Crash,No,2016,,East,,1,,Flat,,,,,,Bright sun,824302,0,0,1,2,,,0,,,,,,Auckland Region,Nil,2-way,Sealed,,0,0,,100,,Null,0,0,,76,Auckland,Give way,,,,,0,0,Open,0,,,Fine,Null
1769438,5901890,766360,,524901,0,,0,2,,Null,2016/2017,GRANDE VUE ROAD,MANUREWA ON NBD,,Serious Crash,No,2016,,South,,0,,Hill Road,,,,,,Bright sun,756000,1,0,0,2,,,0,,,,,,Auckland Region,Motorway ramp,1-way,Sealed,,0,1,,50,,Null,0,0,,76,Auckland,Give way,,,,,0,0,Urban,0,,,Fine,Null
1757973,5919812,766446,,515902,0,,0,1,,Null,2015/2016,STANLEY ST,LOWER DOMAIN DRIVE,,Serious Crash,No,2016,,North,,0,,Flat,,,,,,Overcast,451400,0,0,0,1,,,0,,,1,,,Auckland Region,Nil,1-way,Sealed,,0,1,,50,,Null,0,0,,76,Auckland,Give way,,,,,0,0,Urban,0,,,Fine,Null
1755251,5924720,766622,,509800,0,,0,1,,Null,2016/2017,ONEWA ROAD,WOODSIDE AVENUE,,Serious Crash,No,2016,,East,,0,,Hill Road,,,,,,Bright sun,360200,0,0,1,3,,,0,,,,,,Auckland Region,Nil,2-way,Sealed,,0,1,,50,,Null,0,0,,76,Auckland,Nil,,,,,0,0,Urban,0,,,Fine,Null
1765854,5909848,766639,,523112,0,0,0,0,0,West,2015/2016,HIGHBROOK DRIVE,EL KOBAR DRIVE,,Serious Crash,No,2016,0,South,0,0,0,Flat,0,,0,,1,Dark,711302,0,1,0,2,0,0,0,0,0,,0,0,Auckland Region,Nil,1-way,Sealed,0,0,1,0,70,0,On,0,0,,76,Auckland,Traffic Signals,0,0,0,0,0,0,Urban,0,0,0,Fine,Null
1754317,5914947,766701,,518801,0,0,0,5,0,South,2014/2015,SANDRINGHAM ROAD,SHEPPARD AVENUE,,Serious Crash,No,2014,0,South,0,0,0,Hill Road,0,,0,,0,Bright sun,575200,0,0,0,2,0,0,0,0,1,,0,0,Auckland Region,Nil,2-way,Sealed,0,0,1,0,50,0,Null,0,1,,76,Auckland,Unknown,0,0,0,0,0,0,Urban,0,0,0,Fine,Null
1737602,5912968,766737,,513020,0,,0,1,,South,2014/2015,SCENIC DRIVE,MOUNTAIN ROAD,,Serious Crash,No,2015,,South,,0,,Hill Road,,,,,,Dark,281800,1,0,0,2,,,0,,,,,,Auckland Region,Nil,2-way,Sealed,,0,1,,100,,None,0,0,,76,Auckland,Nil,,,,,0,0,Open,0,,,Light rain,Null
1757162,5920306,766847,,514102,0,,0,1,,North,2016/2017,ALBERT ST,WELLESLEY ST WEST,,Serious Crash,No,2016,,South,,0,,Flat,,,,,,Dark,433802,0,0,0,4,,,0,,,1,,,Auckland Region,Nil,2-way,Sealed,,0,1,,50,,On,0,0,30,76,Auckland,Traffic Signals,,,,,0,0,Urban,0,,,Heavy rain,Strong wind
1742116,5921284,766942,,513622,1,,0,1,,Null,2015/2016,BIRDWOOD ROAD,MUDGEWAYS ROAD,,Serious Crash,No,2015,,South,,0,,Hill Road,,,,,,Overcast,226700,0,0,0,2,,,0,,,,,,Auckland Region,Nil,2-way,Sealed,,0,1,,100,,Off,0,0,,76,Auckland,Give way,,,,,0,0,Open,0,,,Fine,Null
1753544,5927067,766952,,508310,1,,0,1,,Null,2014/2015,GLENFIELD ROAD,ROBERTS ROAD,,Serious Crash,No,2015,,North,,0,,Hill Road,,,,,,Dark,202400,0,0,0,1,,,0,,,,,,Auckland Region,Nil,1-way,Sealed,,0,1,,50,,On,0,0,,76,Auckland,Give way,,,,,0,0,Urban,0,,,Light rain,Null
1750470,5913170,766956,,511303,0,0,0,1,0,West,2014/2015,HILL CRESCENT,PORTAGE ROAD,,Serious Crash,No,2015,0,West,0,0,0,Hill Road,0,,0,,0,Bright sun,265300,0,0,0,2,0,1,0,0,0,,0,1,Auckland Region,Nil,2-way,Sealed,0,0,1,0,50,0,Null,0,0,,76,Auckland,Nil,0,0,0,0,0,0,Urban,0,0,0,Light rain,Null
1755455,5926299,767051,,509701,1,,0,1,,North,2016/2017,OCEAN VIEW ROAD,LISTON ST,,Serious Crash,No,2016,,South,,0,,Hill Road,,,,,,Dark,362000,0,0,0,2,,,0,,,,,,Auckland Region,Nil,2-way,Sealed,,0,1,,50,,On,0,0,,76,Auckland,Unknown,,,,,0,0,Urban,0,,,Fine,Null
1768609,5909650,767156,,523112,0,,0,2,,South,2014/2015,SPRINGS ROAD,SMALES ROAD,,Serious Crash,No,2015,,North,,0,,Flat,,,,,,Overcast,711600,0,0,0,4,,,0,,,,,,Auckland Region,Nil,2-way,Sealed,,0,1,,60,,Off,0,0,,76,Auckland,Unknown,,,,,0,0,Urban,0,,,Fine,Null
1757252,5918928,767166,,514301,0,,0,1,,North,2014/2015,SH 1N,GRAFTON OBR,,Serious Crash,Yes,2015,,North,,0,,Flat,,,,,,Dark,441300,0,0,1,4,,,0,,,,,,Auckland Region,Nil,1-way,Sealed,,0,1,,80,,On,0,0,,76,Auckland,Nil,,,,,0,0,Open,0,,,Fine,Null
1750160,5929119,767180,,509100,0,0,0,3,0,West,2014/2015,GREENHITHE ROAD,DURBIN COURT,,Serious Crash,No,2015,0,East,0,0,0,Hill Road,0,,0,,0,Bright sun,181302,0,0,0,2,0,0,0,0,1,,0,0,Auckland Region,Nil,2-way,Sealed,0,0,1,0,50,0,Null,0,0,,76,Auckland,Unknown,0,0,0,0,0,0,Urban,0,0,0,Fine,Null
1728280,5935168,767316,,506642,0,,0,0,,South,2014/2015,SH 16,HUTCHINSON ROAD,,Serious Crash,Yes,2015,,North,,0,,Flat,,,,,,Overcast,211300,0,0,0,2,,,0,,,,,,Auckland Region,Nil,2-way,Sealed,,0,1,,100,,Null,2,0,,76,Auckland,Unknown,,,,,0,0,Open,0,,,Fine,Null
1757014,5916663,767343,,518202,0,0,0,2,0,Null,2015/2016,MOUNT EDEN ROAD,PORONUI ST,,Serious Crash,No,2015,0,South,0,0,0,Flat,0,,0,,0,Dark,550200,0,0,0,2,0,0,0,0,1,,0,0,Auckland Region,Nil,2-way,Sealed,0,0,1,0,50,0,On,1,0,,76,Auckland,Stop,0,0,0,0,0,0,Urban,0,0,0,Fine,Null
1750950,5915531,767454,,514401,0,,0,1,,Null,2016/2017,COMMUNITY LANE,ROSEBANK ROAD,,Serious Crash,No,2016,,East,,0,,Flat,,,,,,Bright sun,381802,0,0,1,4,,,0,,,,,,Auckland Region,Nil,2-way,Sealed,,0,1,,50,,Null,0,0,,76,Auckland,Give way,,,,,0,0,Urban,0,,,Fine,Null
1764786,5903710,767476,,524604,0,,0,1,,West,2015/2016,CAVENDISH DRIVE,SH 20,,Serious Crash,No,2015,,West,,0,,Flat,,,,,,Bright sun,781200,0,0,1,2,,,0,,,,,,Auckland Region,Nil,1-way,Sealed,,0,1,,50,,Null,0,0,,76,Auckland,Nil,,,,,0,0,Urban,0,,,Fine,Null
1762690,5920818,767501,,516400,0,,0,3,,East,2016/2017,TAMAKI DRIVE,HAPIMANA ST,,Serious Crash,No,2016,,West,,0,,Flat,,,,,,Overcast,498801,2,0,0,2,,,0,,,,,,Auckland Region,Nil,2-way,Sealed,,0,1,,50,,Null,0,0,,76,Auckland,Unknown,,,,,0,0,Urban,0,,,Fine,Null
1731381,5936400,767538,,506648,0,0,0,1,0,South,2015/2016,KIWITAHI ROAD,OLD NORTH ROAD,,Serious Crash,No,2016,0,North,1,0,0,Flat,0,,0,,0,Bright sun,212200,0,0,0,2,0,0,0,0,0,,0,0,Auckland Region,Nil,2-way,Sealed,0,0,1,0,100,0,Null,0,0,,76,Auckland,Unknown,0,0,0,1,0,0,Open,0,0,0,Fine,Null
1761196,5913119,767547,,519500,0,,0,1,,Null,2016/2017,STATION ROAD,MAURICE ROAD,,Serious Crash,No,2016,,West,,0,,Flat,,,,,,Dark,621200,0,1,0,2,,,0,,,,,,Auckland Region,Nil,2-way,Sealed,,0,1,,50,,On,0,0,,76,Auckland,Give way,,,,,0,0,Urban,0,,,Fine,Null
1751616,5913572,767661,,514600,0,0,0,1,0,South,2015/2016,BLOCKHOUSE BAY ROAD,MARGATE ROAD,,Serious Crash,No,2015,0,South,0,0,1,Hill Road,1,,0,,0,Dark,372400,0,0,0,2,0,0,0,0,0,,0,0,Auckland Region,Nil,2-way,Sealed,0,0,1,0,50,0,On,0,0,,76,Auckland,Unknown,0,1,0,1,0,0,Urban,0,0,0,Fine,Null
1772734,5900994,767748,,523911,0,,0,1,,North,2014/2015,MILL ROAD,POPES ROAD,,Serious Crash,No,2015,,South,,0,,Flat,,,,,,Bright sun,767201,0,0,1,2,,,0,,,,,,Auckland Region,Nil,2-way,Sealed,,0,1,,80,,Null,0,0,,76,Auckland,Unknown,,,,,0,0,Open,0,,,Fine,Null
1756413,5913740,767758,,518500,0,,0,1,,Null,2015/2016,MOUNT ALBERT ROAD,THREE KINGS,,Serious Crash,No,2016,,East,,0,,Flat,,,,,,Bright sun,563800,0,0,0,2,,,0,,,1,,,Auckland Region,Nil,2-way,Sealed,,0,1,,50,,Null,0,0,,76,Auckland,Unknown,,,,,0,0,Urban,0,,,Fine,Null
1743798,5920779,767787,,513632,0,0,0,0,0,South,2016/2017,ZITA MARIA DRIVE,DONOVAN AVENUE,,Serious Crash,No,2016,0,South,0,0,1,Hill Road,1,,0,,0,Dark,229002,0,0,1,2,0,0,0,0,0,,0,0,Auckland Region,Nil,2-way,Sealed,0,0,1,0,50,0,On,0,0,,76,Auckland,Unknown,0,0,0,0,0,0,Urban,0,0,0,Fine,Null
1764838,5905776,767990,,522202,0,,0,1,,Null,2017/2018,RANGITOTO ROAD,ST GEORGE ST,,Serious Crash,No,2017,,West,,0,,Flat,,,,,,Bright sun,663300,0,0,0,2,,,0,,,1,,,Auckland Region,Nil,2-way,Sealed,,0,1,,50,,Null,0,0,40,76,Auckland,Give way,,,,,0,0,Urban,0,,,Fine,Null
1753967,5926856,768007,,508610,0,,0,1,,Null,2016/2017,CORONATION ROAD,ARCHERS ROAD,,Fatal Crash,No,2017,,East,,1,,Flat,,,,,,Bright sun,205201,0,0,1,2,,,0,,,,,,Auckland Region,Nil,2-way,Sealed,,0,0,,50,,Null,0,0,,76,Auckland,Stop,,,,,0,0,Urban,0,,,Fine,Null
1764737,5911690,768008,,520500,0,,0,1,,Null,2016/2017,PANAMA ROAD,MCLENNAN ROAD,,Fatal Crash,No,2017,,West,,1,,Hill Road,,,,,,Dark,639602,0,0,1,2,,,0,,,,,,Auckland Region,Nil,2-way,Sealed,,0,0,,50,,On,0,0,,76,Auckland,Give way,,,,,0,0,Urban,0,,,Fine,Null
1744477,5918514,768058,,513302,0,,0,1,,South,2016/2017,RATHGAR ROAD,EDWARDS AVENUE,,Serious Crash,No,2017,,South,,0,,Flat,,,,,,Bright sun,231402,0,0,0,3,,,0,,,1,,,Auckland Region,Nil,2-way,Sealed,,0,1,,50,,Null,0,0,40,76,Auckland,Unknown,,,,,0,0,Urban,0,,,Fine,Null
1734597,5945659,768113,65,506646,0,1,0,1,0,East,2016/2017,KAHIKATEA FLAT ROAD,WYN CLOSE,,Fatal Crash,No,2017,0,West,0,1,0,Flat,1,,0,,0,Dark,213000,0,0,0,2,0,0,0,0,0,,0,0,Auckland Region,Bridge,2-way,Sealed,0,0,0,0,100,0,On,0,0,,76,Auckland,Unknown,0,0,0,0,0,0,Open,0,0,1,Fine,Null
1770020,5911250,768141,,523113,0,0,0,1,0,Null,2016/2017,TI RAKAU DRIVE,TE KOHA ROAD,,Serious Crash,No,2016,0,West,0,0,0,Flat,0,,0,,0,Overcast,711716,0,0,0,6,0,0,0,0,0,,0,0,Auckland Region,Nil,2-way,Sealed,0,0,1,0,60,0,Off,0,0,,76,Auckland,Traffic Signals,1,0,0,0,0,0,Urban,1,0,0,Light rain,Null
1748105,5938610,768257,,506614,0,0,0,0,0,South,2016/2017,KENNEDY ROAD,DAIRY FLAT HIGHWAY,,Serious Crash,No,2017,0,North,1,0,0,Flat,0,,0,,0,Bright sun,178102,0,0,1,2,0,0,0,0,0,,0,0,Auckland Region,Nil,2-way,Sealed,0,0,1,0,80,0,Null,0,0,,76,Auckland,Unknown,0,0,0,0,0,0,Open,0,0,0,Fine,Null
1763963,5920375,768302,,516500,1,0,0,0,0,West,2017/2018,TAMAKI DRIVE,KOHIMARAMA ROAD,,Serious Crash,No,2017,0,West,0,0,0,Flat,0,,0,,0,Overcast,501102,0,0,0,2,0,0,0,0,1,,0,0,Auckland Region,Nil,2-way,Sealed,0,0,1,0,50,0,Null,0,0,,76,Auckland,Unknown,0,0,0,0,1,0,Urban,0,0,0,Fine,Null
1744025,5917029,768356,,513011,0,,0,2,,North,2017/2018,Z CARPARK,SPENCE ROAD,,Serious Crash,No,2017,,North,,0,,Flat,,,,,,Overcast,280500,3,0,0,,,,0,,,3,,,Auckland Region,Nil,Off road,Sealed,,0,1,,50,,Null,0,0,,76,Auckland,Unknown,,,,,0,0,Urban,0,,,Light rain,Null
1757303,5926895,768390,,507900,0,,0,1,,South,2016/2017,Z CPK FRED THOMAS UN,ANZAC ST,,Fatal Crash,No,2017,,South,,1,,Flat,,,,,,Bright sun,304100,0,0,0,,,,0,,,1,,,Auckland Region,Nil,Off road,Sealed,,0,0,,30,,Null,0,0,,76,Auckland,Unknown,,,,,0,0,Urban,0,,,Fine,Null
1754543,5918791,768408,35,515431,0,0,0,3,0,West,2017/2018,GREAT NORTH ROAD,SURREY CRESCENT,,Serious Crash,No,2017,0,East,0,0,1,Hill Road,0,,0,,0,Dark,405300,0,0,0,5,0,0,0,0,1,,0,0,Auckland Region,Nil,2-way,Sealed,0,0,1,0,50,0,On,0,0,30,76,Auckland,Unknown,0,0,0,0,0,0,Urban,0,0,0,Fine,Null