X,Y,OBJECTID,advisorySpeed,areaUnitID,bicycle,bridge,bus,carStationWagon,cliffBank,crashDirectionDescription,crashFinancialYear,crashLocation1,crashLocation2,crashRoadSideRoad,crashSeverity,crashSHDescription,crashYear,debris,directionRoleDescription,ditch,fatalCount,fence,flatHill,guardRail,holiday,houseOrBuilding,intersection,kerb,light,meshblockId,minorInjuryCount,moped,motorcycle,NumberOfLanes,objectThrownOrDropped,otherObject,otherVehicleType,overBank,parkedVehicle,pedestrian,phoneBoxEtc,postOrPole,region,roadCharacter,roadLane,roadSurface,roadworks,schoolBus,seriousInjuryCount,slipOrFlood,speedLimit,strayAnimal,streetLight,suv,taxi,temporarySpeedLimit,tlaId,tlaName,trafficControl,trafficIsland,trafficSign,train,tree,truck,unknownVehicleType,urban,vanOrUtility,vehicle,waterRiver,weatherA,weatherB
1716585,5975961,768436,,506613,0,0,0,1,0,West,2016/2017,OKAHUKURA ROAD,JOURNEYS END,,Serious Crash,No,2016,0,North,0,0,0,Flat,0,,0,,0,Dark,144700,0,0,0,2,0,0,0,1,0,,0,0,Auckland Region,Nil,2-way,Unsealed,0,0,1,0,100,0,None,0,0,,76,Auckland,Unknown,0,0,0,0,0,0,Open,0,0,0,Light rain,Strong wind
1752847,5916574,768455,,517901,0,,0,1,,South,2016/2017,NEW NORTH ROAD,MOUNT ALBERT ROAD,,Serious Crash,No,2017,,South,,0,,Flat,,,,,,Bright sun,524800,0,0,1,4,,,0,,,,,,Auckland Region,Nil,2-way,Sealed,,0,1,,50,,Null,0,0,,76,Auckland,Unknown,,,,,0,0,Urban,0,,,Fine,Null
1764392,5905554,768473,,522100,0,0,0,1,0,South,2017/2018,HILLSIDE ROAD,HILL ROAD,,Serious Crash,No,2017,0,North,0,0,0,Flat,0,,0,,0,Dark,657900,0,0,0,2,0,0,0,0,1,,0,0,Auckland Region,Nil,2-way,Sealed,0,0,2,0,50,0,On,0,0,,76,Auckland,Unknown,0,0,0,0,1,0,Urban,0,0,0,Light rain,Null
1740252,5928066,768537,,505604,0,,0,1,,South,2017/2018,Z DRIVEWAY,OLD RAILWAY ROAD,,Fatal Crash,No,2017,,West,,1,,Flat,,,,,,Bright sun,214501,0,0,0,,,,0,,,1,,,Auckland Region,Nil,Off road,Sealed,,0,0,,80,,Null,0,0,,76,Auckland,Unknown,,,,,0,0,Open,0,,,Fine,Null
1756735,5927465,768550,,507900,1,,0,1,,South,2017/2018,TAHAROTO ROAD,NORTHCOTE ROAD,,Serious Crash,No,2017,,South,,0,,Flat,,,,,,Bright sun,303502,0,0,0,4,,,0,,,,,,Auckland Region,Nil,2-way,Sealed,,0,1,,50,,Null,0,0,,76,Auckland,Nil,,,,,0,0,Urban,0,,,Fine,Null
1749619,5914311,768611,,511301,0,0,0,1,0,North,2016/2017,RATA ST,CASPIAN CLOSE,,Serious Crash,No,2017,0,South,0,0,1,Hill Road,0,,0,,0,Bright sun,266800,0,0,0,4,0,0,0,0,0,,0,0,Auckland Region,Nil,2-way,Sealed,0,0,1,0,50,0,Null,0,0,,76,Auckland,Unknown,0,0,0,0,0,0,Urban,0,0,0,Fine,Null
1772583.751,5890929.017,768623,,521203,0,,0,1,,Null,2016/2017,GREAT SOUTH ROAD,OLD GREAT SOUTH ROAD,,Serious Crash,Yes,2017,,South,,0,,Flat,,,,,,Dark,807300,1,0,0,2,,,0,,,,,,Auckland Region,Nil,2-way,Sealed,,0,2,,100,,On,1,0,,76,Auckland,Give way,,,,,0,0,Open,0,,,Fine,Null
1736083,5981818,768960,,505300,0,0,0,1,0,West,2016/2017,SH 16,PRICTOR ROAD,,Serious Crash,Yes,2017,0,East,0,0,0,Flat,0,,0,,0,Bright sun,143500,0,0,0,2,0,0,0,0,1,,0,0,Auckland Region,Nil,2-way,Sealed,0,0,1,0,70,0,Null,0,0,,76,Auckland,Unknown,0,0,0,0,0,0,Urban,1,0,0,Fine,Null
1762018,5906291,769026,,524200,0,0,0,2,0,South,2016/2017,SH 20,MASSEY OFF NBD,,Serious Crash,Yes,2017,0,North,0,0,0,Flat,1,,0,,0,Overcast,728900,0,0,0,2,0,0,0,0,0,,0,0,Auckland Region,Nil,1-way,Sealed,0,0,1,0,100,0,Null,0,0,,76,Auckland,Unknown,0,0,0,0,0,0,Open,0,0,0,Fine,Null
1758328,5927949,769038,,508010,1,0,0,1,0,North,2015/2016,HURSTMERE ROAD,BRETT AVENUE,,Serious Crash,No,2016,0,South,0,0,0,Flat,0,,0,,0,Dark,325800,0,0,0,2,0,0,0,0,1,,0,0,Auckland Region,Nil,2-way,Sealed,0,0,1,0,50,0,On,0,0,,76,Auckland,Unknown,0,0,0,0,0,0,Urban,0,0,0,Fine,Null
1748283.502,5961229.334,769070,45,506613,0,0,0,1,1,South,2016/2017,SH 1,SCHOLLUM ACCESS ROAD,,Fatal Crash,Yes,2017,0,South,0,1,0,Hill Road,1,,0,,0,Dark,146800,0,0,0,2,0,0,0,0,0,,0,0,Auckland Region,Nil,2-way,Sealed,0,0,0,0,100,0,None,0,0,,76,Auckland,Unknown,0,0,0,0,0,0,Open,0,0,0,Light rain,Null
1756991,5928476,769169,,507800,1,,0,1,,Null,2016/2017,SHAKESPEARE ROAD,ALMA ROAD,,Serious Crash,No,2017,,North,,0,,Flat,,,,,,Bright sun,307400,0,0,0,2,,,0,,,,,,Auckland Region,Nil,2-way,Sealed,,0,1,,50,,Null,0,0,,76,Auckland,Stop,,,,,0,0,Urban,0,,,Fine,Null
1760573,5906538,769195,,524111,0,,0,1,,Null,2016/2017,MASCOT AVENUE,FRIESIAN DRIVE,,Serious Crash,No,2017,,South,,0,,Flat,,,,,,Overcast,741001,1,0,0,2,,,0,,,,,,Auckland Region,Nil,2-way,Sealed,,0,2,,50,,Null,0,0,40,76,Auckland,Give way,,,,,0,0,Urban,1,,,Fine,Null
1757131,5916923,769222,,518102,0,,0,1,,East,2016/2017,OAKLANDS ROAD,MOUNT EDEN ROAD,,Serious Crash,No,2017,,East,,0,,Flat,,,,,,Bright sun,546700,0,0,0,2,,,0,,,2,,,Auckland Region,Nil,2-way,Sealed,,0,2,,50,,Null,0,0,,76,Auckland,Unknown,,,,,0,0,Urban,0,,,Fine,Null
1757349,5918797,769273,,514302,0,0,0,1,0,West,2016/2017,WELLESLEY OFF NBD,SH 1N,,Serious Crash,Yes,2017,0,West,0,0,0,Hill Road,1,Queens Birthday,0,,0,Overcast,441700,0,0,0,5,0,0,0,0,0,,0,0,Auckland Region,Motorway ramp,1-way,Sealed,0,0,1,0,80,0,Null,0,0,,76,Auckland,Unknown,0,0,0,0,1,0,Open,0,0,0,Fine,Null
1759822,5909788,769277,,524002,0,,0,2,,North,2017/2018,MAHUNGA DRIVE,HASTIE AVENUE,,Serious Crash,No,2017,,North,,0,,Hill Road,,,,,,Dark,722400,1,0,0,2,,,0,,,,,,Auckland Region,Nil,2-way,Sealed,,0,1,,50,,On,0,0,,76,Auckland,Unknown,,,,,0,0,Urban,0,,,Fine,Null
1770278,5908056,769477,,523713,0,0,0,0,0,East,2017/2018,STANCOMBE ROAD,KESTEV DRIVE,,Fatal Crash,No,2017,0,West,0,1,0,Flat,0,,0,,0,Dark,712401,0,0,1,2,0,0,0,0,1,,0,0,Auckland Region,Nil,2-way,Sealed,0,0,0,0,60,0,On,0,0,,76,Auckland,Unknown,1,0,0,0,0,0,Urban,1,0,0,Fine,Null
1768772,5907597,769485,,523711,0,0,0,1,0,Null,2017/2018,ORMISTON ROAD,LAIDLAW WAY,,Serious Crash,No,2017,0,East,0,0,0,Flat,0,,0,,0,Overcast,712304,0,0,0,2,0,0,0,0,0,,0,0,Auckland Region,Nil,1-way,Sealed,0,0,1,0,60,0,Null,0,0,,76,Auckland,Traffic Signals,0,1,0,0,0,0,Urban,0,0,0,Fine,Null
1773055,5913359,769487,,523102,1,,0,1,,South,2016/2017,SANDSPIT ROAD,SUNNYVIEW AVENUE,,Serious Crash,No,2017,,North,,0,,Hill Road,,,,,,Bright sun,711035,0,0,0,2,,,0,,,,,,Auckland Region,Nil,2-way,Sealed,,0,1,,50,,Null,0,0,,76,Auckland,Unknown,,,,,0,0,Urban,0,,,Fine,Null
1758217,5927680,769490,,508010,0,0,0,1,0,East,2016/2017,THE PROMENADE,KILLARNEY ST,,Serious Crash,No,2017,0,North,0,0,0,Hill Road,0,,0,,0,Overcast,326700,0,0,0,1,0,0,0,0,1,1,0,0,Auckland Region,Nil,1-way,Sealed,0,0,1,0,50,0,Off,0,0,,76,Auckland,Unknown,0,0,0,0,0,0,Urban,1,0,0,Fine,Null
1754865,5930459,769529,,508420,0,,0,2,,South,2016/2017,SH 1N,UPPER HWY OFF NBD,,Serious Crash,Yes,2016,,North,,0,,Hill Road,,,,,,Bright sun,182100,0,0,1,3,,,0,,,,,,Auckland Region,Nil,1-way,Sealed,,0,1,,100,,Null,0,0,,76,Auckland,Unknown,,,,,0,0,Open,0,,,Fine,Null
1735898,5984612,769606,,506660,0,0,0,0,0,North,2017/2018,SH 1N,BOSHER ROAD,,Fatal Crash,Yes,2017,0,South,0,1,0,Flat,1,,0,,0,Overcast,143800,0,0,2,2,0,0,0,0,0,,0,0,Auckland Region,Nil,2-way,Sealed,0,0,2,0,100,0,Null,0,0,,76,Auckland,Unknown,0,0,0,0,0,0,Open,0,0,0,Fine,Null
1745862,5917493,769749,,510700,0,0,0,1,0,East,2016/2017,EDMONTON ROAD,TAKAPU ST,,Serious Crash,No,2016,0,North,0,0,0,Hill Road,0,,0,,0,Dark,240401,0,0,0,2,0,0,0,0,0,,0,0,Auckland Region,Nil,2-way,Sealed,0,0,1,0,50,0,On,0,0,,76,Auckland,Unknown,0,0,0,1,0,0,Urban,0,0,0,Fine,Null
1768753,5900989,769773,,524901,0,,0,1,,North,2017/2018,GREAT SOUTH ROAD,HALVER ROAD,,Serious Crash,No,2017,,South,,0,,Flat,,,,,,Bright sun,757100,0,0,0,2,,,0,,,1,,,Auckland Region,Nil,2-way,Sealed,,0,2,,50,,Null,0,0,,76,Auckland,Unknown,,,,,0,0,Urban,0,,,Fine,Null
1775435,5889630,769800,,521301,0,0,0,0,0,South,2016/2017,FITZGERALD ROAD,DRURY HILLS ROAD,,Serious Crash,No,2017,0,South,0,0,1,Hill Road,0,,0,,0,Dark,809003,0,0,0,2,0,0,0,0,0,,0,0,Auckland Region,Nil,2-way,Sealed,0,0,1,0,80,0,None,0,0,,76,Auckland,Unknown,0,0,0,1,1,0,Open,0,0,0,Fine,Null
1764106,5918717,769801,,516500,0,,0,3,,North,2016/2017,KOHIMARAMA ROAD,ALLUM ST,,Serious Crash,No,2017,,North,,0,,Hill Road,,,,,,Twilight,503401,1,0,0,2,,,0,,,,,,Auckland Region,Nil,2-way,Sealed,,0,1,,50,,Off,1,0,,76,Auckland,Unknown,,,,,0,0,Urban,0,,,Fine,Null
1769346,5905530,769808,,523712,0,0,0,1,0,West,2017/2018,THOMAS ROAD,GLENLEA PLACE,,Serious Crash,No,2017,0,West,0,0,0,Flat,0,,0,,0,Dark,713208,1,0,0,2,0,0,0,0,0,,0,0,Auckland Region,Nil,2-way,Sealed,0,0,1,0,50,0,On,0,0,,76,Auckland,Unknown,0,0,0,1,0,0,Urban,0,0,0,Fine,Null
1742097,5993083,769939,,506660,0,,0,1,,North,2016/2017,MANGAWHAI ROAD,BRADDICK ROAD,,Serious Crash,No,2017,,South,,0,,Flat,,Easter,,,,Dark,135400,0,0,0,2,,,0,,,,,,Auckland Region,Nil,2-way,Sealed,,0,1,,100,,None,0,0,,76,Auckland,Unknown,,,,,0,0,Open,1,,,Fine,Null
1746756,5939601,770081,,506300,0,0,0,2,0,East,2016/2017,DAIRY FLAT HIGHWAY,LOWER JEFFS ROAD,,Fatal Crash,No,2017,0,West,0,2,0,Hill Road,0,,0,,0,Dark,175904,0,0,0,2,0,0,0,1,0,,0,0,Auckland Region,Nil,2-way,Sealed,0,0,1,0,100,0,None,0,0,,76,Auckland,Unknown,0,0,0,0,0,0,Open,0,0,0,Mist or Fog,Null
1743795,5919223,770134,,513213,0,0,0,1,1,Null,2016/2017,SWANSON ROAD,METCALFE ROAD,,Serious Crash,No,2017,0,North,0,0,0,Flat,0,,0,,0,Bright sun,236001,0,0,0,2,0,0,0,0,0,,0,0,Auckland Region,Nil,2-way,Sealed,0,0,2,0,50,0,Null,0,0,,76,Auckland,Give way,0,0,0,0,0,0,Urban,0,0,0,Fine,Null
1753130,5934197,770150,,508704,0,,0,1,,South,2016/2017,SH 1N,MCCLYMONTS OBR,,Serious Crash,Yes,2016,,South,,0,,Hill Road,,,,,,Overcast,179119,1,0,0,3,,,0,,,,,,Auckland Region,Nil,1-way,Sealed,,0,1,,100,,Off,1,0,,76,Auckland,Unknown,,,,,0,0,Open,1,,,Light rain,Null
1766598,5910363,770219,,523112,0,,0,1,,Null,2016/2017,HIGHBROOK DRIVE,EL KOBAR DRIVE,,Serious Crash,No,2017,,West,,0,,Flat,,,,,,Bright sun,711301,0,0,0,5,,,0,,,,,,Auckland Region,Nil,2-way,Sealed,,0,1,,70,,Null,0,0,,76,Auckland,Traffic Signals,,,,,0,0,Urban,1,,,Fine,Null
1751579,5914776,770424,,514402,0,,0,1,,Null,2016/2017,BLOCKHOUSE BAY ROAD,CHALMERS ST,,Serious Crash,No,2017,,North,,0,,Hill Road,,,,,,Dark,380503,0,0,1,2,,,0,,,,,,Auckland Region,Nil,2-way,Sealed,,0,1,,50,,On,0,0,,76,Auckland,Stop,,,,,0,0,Urban,0,,,Light rain,Null
1756903,5916199,770474,,518202,0,,0,0,,South,2016/2017,MOUNT EDEN ROAD,WOODSIDE ROAD,,Serious Crash,No,2017,,South,,0,,Flat,,,,,,Dark,551300,0,0,1,2,,,0,,,,,,Auckland Region,Nil,2-way,Sealed,,0,1,,50,,On,1,0,,76,Auckland,Nil,,,,,0,0,Urban,0,,,Fine,Null
1755335,5918243,770567,,517500,0,0,0,2,0,West,2016/2017,SH 16,BOND OBR,,Fatal Crash,Yes,2017,0,West,0,1,0,Flat,1,,0,,0,Dark,529900,1,0,0,4,0,0,0,0,0,,0,0,Auckland Region,Nil,1-way,Sealed,0,0,2,0,100,0,On,0,1,80,76,Auckland,Unknown,0,0,0,0,0,0,Open,0,0,0,Light rain,Null
1774036,5902848,770665,,525201,0,0,0,0,0,Null,2016/2017,ALFRISTON-ARDMORE ROAD,ALFRISTON ROAD,,Serious Crash,No,2017,0,East,0,0,1,Flat,0,,0,,0,Bright sun,762301,0,0,1,2,0,0,0,0,0,,0,0,Auckland Region,Nil,2-way,Sealed,0,0,1,0,100,0,Null,1,0,,76,Auckland,Give way,0,0,0,0,0,0,Open,0,0,0,Fine,Null
1751829,5930353,770740,,509100,0,0,0,1,0,Null,2017/2018,SH 18,ALBANY HIGHWAY OFF EBD,,Serious Crash,Yes,2017,0,North,0,0,0,Flat,1,,0,,0,Dark,181003,0,0,0,3,0,0,0,0,0,,0,0,Auckland Region,Nil,1-way,Sealed,0,0,1,0,100,0,On,0,0,,76,Auckland,Nil,0,0,0,0,0,0,Open,0,0,0,Fine,Null
1756873,5927850,770790,,507900,0,0,0,1,0,Null,2017/2018,OFF ROAD - HOSPITAL ACCESS ROAD,,,Fatal Crash,No,2017,0,South,0,1,0,Flat,0,,0,,0,Bright sun,304300,0,0,0,,0,0,0,0,0,,0,0,Auckland Region,Nil,Off road,Sealed,0,0,0,0,,0,Null,0,0,,76,Auckland,Nil,0,0,0,1,0,0,Urban,0,0,0,Fine,Null
1767828,5903933,770795,,524602,0,,0,0,,East,2016/2017,SH 20,GREAT SOUTH OBR,,Serious Crash,Yes,2016,,East,,0,,Flat,,,,,,Dark,780506,0,0,0,2,,,0,,,,,,Auckland Region,Nil,1-way,Sealed,,0,1,,100,,On,1,0,,76,Auckland,Unknown,,,,,0,0,Open,2,,,Fine,Null
1761359,5922807,770804,,509400,1,0,0,1,0,West,2016/2017,TAKARUNGA ROAD,MACKY AVENUE,,Serious Crash,No,2017,0,West,0,0,0,Flat,0,,0,,0,Twilight,328500,0,0,0,2,0,0,0,0,0,,0,0,Auckland Region,Nil,2-way,Sealed,0,0,1,0,50,0,None,0,0,,76,Auckland,Unknown,0,0,0,0,0,0,Urban,0,1,0,Fine,Null
1759525,5920512,770819,,515902,0,,0,0,,East,2015/2016,TAMAKI DRIVE,SOLENT ST,,Serious Crash,No,2016,,West,,0,,Flat,,,,,,Dark,454800,0,0,0,4,,,0,,,1,,,Auckland Region,Nil,2-way,Sealed,,0,1,,50,,On,1,0,,76,Auckland,Nil,,,,,0,0,Urban,0,,,Fine,Null
1758902,5913568,770838,,519710,1,,0,0,,Null,2016/2017,ONEHUNGA MALL,TAWA ROAD,,Serious Crash,No,2017,,South,,0,,Hill Road,,Easter,,,,Overcast,593500,0,0,0,2,,,0,,,,,,Auckland Region,Nil,2-way,Sealed,,0,1,,50,,Null,0,0,,76,Auckland,Give way,,,,,0,0,Urban,1,,,Fine,Null
1769496,5911396,770839,,523107,0,,1,0,,East,2017/2018,TI RAKAU DRIVE,GREENMOUNT DRIVE,,Fatal Crash,No,2017,,East,,1,,Flat,,,,,,Overcast,711702,0,0,1,4,,,0,,,,,,Auckland Region,Nil,2-way,Sealed,,0,0,,60,,Off,0,0,,76,Auckland,Nil,,,,,0,0,Urban,0,,,Fine,Null
1741535,5927179,770996,,513701,0,,0,2,,East,2017/2018,SH 16,COATESVILLE-RIVERHEAD HIG,,Fatal Crash,Yes,2017,,South,,1,,Hill Road,,,,,,Dark,220100,1,0,0,3,,,0,,,,,,Auckland Region,Nil,2-way,Sealed,,0,1,,80,,On,1,0,,76,Auckland,Unknown,,,,,0,0,Open,0,,,Fine,Null
1767350,5897947,771099,,525102,0,0,0,1,0,East,2015/2016,WATTLE FARM ROAD,TURNBERRY DRIVE,,Fatal Crash,No,2016,0,East,0,1,0,Flat,0,,0,,0,Bright sun,769039,0,0,0,2,0,0,0,0,1,,0,0,Auckland Region,Nil,2-way,Sealed,0,0,0,0,50,0,Null,0,0,,76,Auckland,Unknown,0,0,0,0,1,0,Urban,0,0,0,Fine,Null
1762471,5908197,771211,,524530,0,,0,1,,East,2016/2017,VINE ST,BLAKE ROAD,,Serious Crash,No,2017,,West,,0,,Flat,,,,,,Bright sun,731600,0,0,0,2,,,0,,,1,,,Auckland Region,Nil,2-way,Sealed,,0,1,,50,,Null,0,0,,76,Auckland,Unknown,,,,,0,0,Urban,0,,,Fine,Null
1766951,5907320,771342,,523601,0,0,0,1,0,South,2017/2018,BAIRDS ROAD,CLAYTON AVENUE,,Fatal Crash,No,2017,0,South,0,1,0,Flat,0,,0,,0,Dark,708000,0,0,0,2,0,0,0,0,0,,0,0,Auckland Region,Nil,2-way,Sealed,0,0,2,0,50,0,Off,0,0,,76,Auckland,Unknown,0,0,0,1,0,0,Urban,0,0,0,Fine,Null
1766405,5910258,771356,,523112,0,0,0,1,0,West,2016/2017,HIGHBROOK DRIVE,EL KOBAR DRIVE,,Serious Crash,No,2016,0,East,0,0,0,Flat,0,,0,,0,Dark,711301,1,0,0,4,0,0,0,0,0,,0,0,Auckland Region,Nil,2-way,Sealed,0,0,2,0,70,0,On,0,0,,76,Auckland,Unknown,1,0,0,0,0,0,Urban,0,0,0,Fine,Null
1750992,5878119,771431,75,521151,0,,0,2,,North,2016/2017,AWHITU ROAD,TAHUNA PA ROAD,,Serious Crash,No,2017,,South,,0,,Flat,,,,,,Bright sun,831000,0,0,0,2,,,0,,,,,,Auckland Region,Nil,2-way,Sealed,,0,2,,100,,Null,0,0,,76,Auckland,Unknown,,,,,0,0,Open,0,,,Light rain,Strong wind
1756763,5924954,771471,,509702,0,,0,4,,South,2016/2017,SH 1N,EXMOUTH FTBR,,Serious Crash,Yes,2017,,South,,0,,Flat,,,,,,Dark,366602,1,0,0,3,,,0,,,,,,Auckland Region,Nil,1-way,Sealed,,0,1,,100,,On,0,0,,76,Auckland,Unknown,,,,,0,0,Open,0,,,Fine,Null
1744540,5917955,771481,,510700,0,0,0,2,0,North,2016/2017,Z DRIVEWAY,STURGES ROAD,,Serious Crash,No,2017,0,South,0,0,1,Null,0,,0,,0,Dark,239200,0,0,0,0,0,0,0,0,0,,0,0,Auckland Region,Nil,Off road,Sealed,0,0,1,0,10,0,None,0,0,,76,Auckland,Unknown,0,0,0,0,1,0,Urban,0,0,0,Fine,Null
1766939,5900016,771592,,524713,0,,0,1,,Null,2016/2017,SYKES ROAD,WEYMOUTH ROAD,,Serious Crash,No,2017,,West,,0,,Flat,,,,,,Dark,775805,0,0,0,2,,,0,,,1,,,Auckland Region,Nil,2-way,Sealed,,0,1,,50,,On,0,0,,76,Auckland,Give way,,,,,0,0,Urban,0,,,Light rain,Null
1728162,5942092,771626,,506645,0,,0,1,,East,2016/2017,SPRINGS ROAD,PENGELLY PLACE,,Serious Crash,No,2017,,West,,0,,Flat,,Easter,,,,Dark,210802,0,0,0,2,,,0,,,1,,,Auckland Region,Nil,2-way,Sealed,,0,1,,50,,On,0,0,,76,Auckland,Unknown,,,,,0,0,Urban,0,,,Fine,Null
1755632,5925855,771686,,509702,0,,0,1,,North,2017/2018,LAKE ROAD,PEARN CRESCENT,,Serious Crash,No,2017,,North,,0,,Flat,,,,,,Dark,364900,0,0,0,1,,,0,,,1,,,Auckland Region,Nil,1-way,Sealed,,0,1,,50,,Off,0,0,,76,Auckland,Unknown,,,,,0,0,Urban,0,,,Fine,Null
1768144,5901773,771725,,525001,0,,0,1,,Null,2017/2018,HALSEY ROAD,MAICH ROAD,,Serious Crash,No,2017,,North,,0,,Flat,,,,,,Bright sun,751000,0,0,0,2,,,0,,,1,,,Auckland Region,Nil,2-way,Sealed,,0,1,,50,,Null,0,0,,76,Auckland,Give way,,,,,0,0,Urban,0,,,Fine,Null
1755100,5917107,771837,,517701,1,,0,1,,Null,2016/2017,SANDRINGHAM ROAD,PAICE AVENUE,,Serious Crash,No,2017,,North,,0,,Flat,,,,,,Overcast,536800,0,0,0,2,,,0,,,,,,Auckland Region,Nil,2-way,Sealed,,0,1,,50,,Null,0,0,,76,Auckland,Stop,,,,,0,0,Urban,0,,,Fine,Null
1745208,5919759,771914,,513301,0,,0,1,,West,2017/2018,UNIVERSAL DRIVE,LINCOLN NORTH CPK ENT,,Serious Crash,No,2017,,East,,0,,Flat,,,,,,Overcast,232001,0,0,0,4,,,0,,,2,,,Auckland Region,Nil,2-way,Sealed,,0,2,,50,,Null,0,0,,76,Auckland,Traffic Signals,,,,,0,0,Urban,0,,,Fine,Strong wind
1728621,5966767,771994,,506613,0,0,0,1,0,West,2016/2017,SH 16,MANGAKURA BR,,Serious Crash,Yes,2016,0,North,0,0,0,Hill Road,0,,0,,0,Bright sun,146200,0,0,0,2,0,0,0,1,0,,0,0,Auckland Region,Nil,2-way,Sealed,0,0,1,0,100,0,Null,0,0,,76,Auckland,Unknown,0,0,0,1,0,0,Open,0,0,0,Fine,Null
1754075,5932221,772175,,508805,0,0,0,1,0,Null,2016/2017,ARRENWAY DRIVE,TRITON DRIVE,,Serious Crash,No,2017,0,West,0,0,0,Hill Road,0,,0,,0,Dark,180866,0,0,0,2,0,0,0,0,0,,0,0,Auckland Region,Nil,2-way,Sealed,0,0,1,0,50,0,On,0,0,,76,Auckland,Nil,0,0,0,1,0,0,Urban,0,0,0,Fine,Null
1745300,5920125,772244,,513301,0,,0,1,,North,2017/2018,DAYTONA ROAD,LINCOLN ROAD,,Serious Crash,No,2017,,North,,0,,Flat,,,,,,Bright sun,231700,0,0,1,4,,,0,,,,,,Auckland Region,Nil,2-way,Sealed,,0,1,,50,,Null,0,0,,76,Auckland,Unknown,,,,,0,0,Urban,0,,,Fine,Null
1762856,5905521,772267,,524200,0,,0,3,,South,2016/2017,SH 20,PORTAGE OBR,,Serious Crash,Yes,2017,,North,,0,,Flat,,,,,,Dark,728900,1,0,0,2,,,0,,,,,,Auckland Region,Nil,1-way,Sealed,,0,1,,100,,On,0,0,,76,Auckland,Unknown,,,,,0,0,Open,1,,,Fine,Null
1777318,5894570,772273,35,521301,0,,0,0,,West,2017/2018,HUNUA ROAD,ARDMORE QUARRY ROAD,,Serious Crash,No,2017,,West,,0,,Hill Road,,,,,,Overcast,808001,0,0,1,2,,,0,,,,,,Auckland Region,Nil,2-way,Sealed,,0,1,,80,,Null,0,0,,76,Auckland,Unknown,,,,,0,0,Open,0,,,Fine,Strong wind
1766311,5916893,772302,,517001,0,0,0,1,0,South,2016/2017,ELSTREE AVENUE,TANIWHA ST,,Serious Crash,No,2017,0,South,0,0,0,Flat,0,,0,,0,Bright sun,476500,3,0,0,2,0,0,0,0,0,,0,1,Auckland Region,Nil,2-way,Sealed,0,0,1,0,50,0,Null,0,0,,76,Auckland,Unknown,0,0,0,0,0,0,Urban,0,0,0,Fine,Null
1764279,5904374,772344,,522100,0,0,0,1,0,East,2017/2018,PUHINUI ROAD,VISION PLACE,,Fatal Crash,No,2017,0,West,0,1,0,Flat,0,,0,,0,Dark,659300,0,0,0,2,0,0,0,0,1,,0,0,Auckland Region,Nil,2-way,Sealed,0,0,1,0,50,0,On,0,0,,76,Auckland,Unknown,0,0,0,0,0,0,Urban,1,0,0,Heavy rain,Null
1751683,5917943,772357,,515001,0,,0,1,,West,2017/2018,SH 16,WATERVIEW ON WBD,,Serious Crash,Yes,2017,,West,,0,,Flat,,,,,,Overcast,392200,0,0,1,4,,,0,,,,,,Auckland Region,Nil,1-way,Sealed,,0,1,,80,,Null,0,0,,76,Auckland,Unknown,,,,,0,0,Open,0,,,Fine,Null
1748585,5960204,772404,,506613,0,0,0,1,0,South,2018/2019,SH 1N,HIKAUAE CK BR,,Fatal Crash,Yes,2018,0,South,0,1,0,Hill Road,1,,0,,0,Overcast,146800,1,0,0,2,0,0,0,0,0,,0,0,Auckland Region,Bridge,2-way,Sealed,0,0,2,0,100,0,Null,0,0,,76,Auckland,Unknown,0,0,0,0,1,0,Open,1,0,0,Light rain,Null
1754295,5931092,772428,,508420,0,0,0,1,0,North,2018/2019,SH 1N,SUNSET OBR,,Serious Crash,Yes,2018,0,North,0,0,0,Flat,1,,0,,0,Dark,182001,0,0,0,3,0,0,0,0,0,,0,0,Auckland Region,Nil,1-way,Sealed,0,0,1,0,100,0,On,1,0,,76,Auckland,Unknown,0,0,0,0,0,0,Open,0,0,0,Fine,Null
1756512,5927702,772454,,507900,1,,0,1,,South,2017/2018,TAHAROTO ROAD,SHAKESPEARE ROAD,,Serious Crash,No,2018,,North,,0,,Flat,,,,,,Bright sun,304300,0,0,0,6,,,0,,,,,,Auckland Region,Nil,2-way,Sealed,,0,1,,50,,Null,0,0,,76,Auckland,Unknown,,,,,0,0,Urban,0,,,Fine,Null
1744001,5918813,772507,,513220,1,,0,0,,Null,2018/2019,SWANSON ROAD,BRICK ST,,Serious Crash,No,2018,,South,,0,,Flat,,,,,,Bright sun,236103,0,0,0,2,,,0,,,,,,Auckland Region,Nil,2-way,Sealed,,0,1,,50,,Null,1,0,,76,Auckland,Give way,,,,,0,0,Urban,0,,,Fine,Null
1764379.667,5904416.086,772518,,522100,0,,1,0,,Null,2017/2018,PUHINUI ROAD,WYLLIE ROAD,,Fatal Crash,No,2018,,East,,2,,Flat,,,,,,Dark,659100,0,0,0,4,,,0,,,2,,,Auckland Region,Nil,2-way,Sealed,,0,0,,50,,On,0,0,,76,Auckland,Traffic Signals,,,,,0,0,Urban,0,,,Fine,Null
1775544,5897977,772524,,523813,0,0,0,1,0,North,2017/2018,PAPAKURA-CLEVEDON ROAD,HEARD ROAD,,Serious Crash,No,2018,0,North,0,0,1,Flat,0,,0,,0,Overcast,761601,0,0,0,2,0,0,0,0,0,,0,0,Auckland Region,Nil,2-way,Sealed,0,0,1,0,100,0,Null,0,0,,76,Auckland,Unknown,0,0,0,0,0,0,Open,0,0,0,Fine,Null