X,Y,OBJECTID,advisorySpeed,areaUnitID,bicycle,bridge,bus,carStationWagon,cliffBank,crashDirectionDescription,crashFinancialYear,crashLocation1,crashLocation2,crashRoadSideRoad,crashSeverity,crashSHDescription,crashYear,debris,directionRoleDescription,ditch,fatalCount,fence,flatHill,guardRail,holiday,houseOrBuilding,intersection,kerb,light,meshblockId,minorInjuryCount,moped,motorcycle,NumberOfLanes,objectThrownOrDropped,otherObject,otherVehicleType,overBank,parkedVehicle,pedestrian,phoneBoxEtc,postOrPole,region,roadCharacter,roadLane,roadSurface,roadworks,schoolBus,seriousInjuryCount,slipOrFlood,speedLimit,strayAnimal,streetLight,suv,taxi,temporarySpeedLimit,tlaId,tlaName,trafficControl,trafficIsland,trafficSign,train,tree,truck,unknownVehicleType,urban,vanOrUtility,vehicle,waterRiver,weatherA,weatherB
1754542,5913742,772785,,518803,0,,0,1,,East,2018/2019,SH 20,MAY OBR,,Serious Crash,Yes,2018,,East,,0,,Flat,,,,,,Dark,581700,0,0,0,6,,,0,,,1,,,Auckland Region,Nil,2-way,Sealed,,0,1,,100,,On,0,0,,76,Auckland,Unknown,,,,,0,0,Open,0,,,Light rain,Null
1758405,5911735,772814,,519810,1,,0,1,,North,2018/2019,ORPHEUS DRIVE,ONEHUNGA ON NBD,,Serious Crash,No,2018,,North,,0,,Flat,,,,,,Overcast,602501,0,0,0,2,,,0,,,,,,Auckland Region,Nil,2-way,Sealed,,0,1,,50,,Null,0,0,,76,Auckland,Nil,,,,,0,0,Urban,0,,,Fine,Null
1754657,5912525,772972,35,519002,0,,0,0,,Null,2017/2018,DOMINION ROAD,RICHARDSON ROAD,,Serious Crash,No,2018,,North,,0,,Flat,,,,,,Dark,589400,0,1,0,2,,,0,,,,,,Auckland Region,Nil,2-way,Sealed,,0,1,,50,,On,0,0,,76,Auckland,Give way,,,,,0,0,Urban,0,,,Light rain,Strong wind
1753644,5929128,772978,,508411,0,,0,1,,South,2017/2018,GLENFIELD ROAD,ST THOMAS MORE LANE,,Serious Crash,No,2018,,South,,0,,Flat,,,,,,Bright sun,184000,0,0,0,4,,,0,,,1,,,Auckland Region,Nil,2-way,Sealed,,0,1,,50,,Null,0,0,,76,Auckland,Unknown,,,,,0,0,Urban,0,,,Fine,Null
1744825,5974017,773147,55,506661,0,,0,2,,South,2017/2018,SH 1N,KRAACK ROAD,,Serious Crash,Yes,2018,,South,,0,,Hill Road,,,,,,Bright sun,138900,0,0,0,2,,,0,,,,,,Auckland Region,Nil,2-way,Sealed,,0,2,,80,,Null,0,0,,76,Auckland,Unknown,,,,,0,0,Open,0,,,Fine,Null
1758104,5920145,773192,,514103,0,,0,2,,North,2018/2019,ALTEN ROAD,CHURCHILL ST,,Serious Crash,No,2018,,South,,0,,Hill Road,,,,,,Overcast,438203,1,0,0,2,,,0,,,,,,Auckland Region,Nil,2-way,Sealed,,0,1,,50,,Null,0,0,,76,Auckland,Unknown,,,,,0,0,Urban,0,,,Heavy rain,Null
1753521,5929484,773211,,508420,0,,0,1,,North,2017/2018,GLENFIELD ROAD,JAMES ST,,Serious Crash,No,2018,,South,,0,,Hill Road,,,,,,Bright sun,183201,0,0,1,4,,,0,,,,,,Auckland Region,Nil,2-way,Sealed,,0,1,,50,,Null,0,0,,76,Auckland,Unknown,,,,,0,0,Urban,0,,,Fine,Null
1743546,5920245,773225,,513632,0,,0,1,,North,2018/2019,DON BUCK ROAD,GORDON STANLEY DRIVE,,Serious Crash,No,2018,,South,,0,,Flat,,,,,,Overcast,229004,0,0,0,2,,,0,,,,,,Auckland Region,Nil,2-way,Sealed,,0,2,,50,,Null,0,0,,76,Auckland,Unknown,,,,,0,0,Urban,1,,,Light rain,Null
1770309,5899846,773236,,523911,0,0,0,1,0,East,2017/2018,RANGI ROAD,WESTBROOK AVENUE,,Serious Crash,No,2018,0,East,0,0,0,Flat,0,,0,,0,Twilight,766600,0,0,0,2,0,0,0,0,1,,0,0,Auckland Region,Nil,2-way,Sealed,0,0,1,0,50,0,On,0,0,,76,Auckland,Unknown,0,0,0,0,1,0,Urban,0,0,0,Fine,Frost
1772469,5881554,773245,75,521111,0,0,0,1,1,West,2017/2018,PUKEKOHE EAST ROAD,RUNCIMAN ROAD,,Serious Crash,No,2018,0,West,0,0,0,Hill Road,0,,0,,0,Twilight,827001,0,0,0,2,0,0,0,0,0,,0,0,Auckland Region,Nil,2-way,Sealed,0,0,1,0,100,0,None,0,0,,76,Auckland,Unknown,0,0,0,0,0,0,Open,0,0,0,Heavy rain,Strong wind
1750532,5913852,773265,,511303,0,,0,1,,Null,2017/2018,PORTAGE ROAD,PURIRI ST,,Serious Crash,No,2018,,North,,0,,Flat,,,,,,Overcast,265200,0,0,1,2,,,0,,,,,,Auckland Region,Nil,2-way,Sealed,,0,1,,50,,Null,0,0,,76,Auckland,Give way,,,,,0,0,Urban,0,,,Light rain,Null
1750357,5914409,773286,,511303,0,,0,1,,North,2017/2018,GREAT NORTH ROAD,CRUM AVENUE,,Fatal Crash,No,2018,,South,,1,,Hill Road,,,,,,Dark,266200,0,0,0,5,,,0,,,1,,,Auckland Region,Nil,2-way,Sealed,,0,0,,50,,On,0,0,,76,Auckland,Stop,,,,,0,0,Urban,0,,,Fine,Null
1764351,5908655,773363,,521901,0,0,0,2,0,West,2017/2018,BEATTY ST,GREAT SOUTH ROAD,,Serious Crash,No,2018,0,East,0,0,0,Flat,0,,0,,0,Dark,785500,0,0,0,2,0,0,0,0,0,,0,0,Auckland Region,Nil,2-way,Sealed,0,0,1,0,50,0,On,0,0,,76,Auckland,Nil,0,1,0,0,0,0,Urban,0,0,0,Fine,Null
1766378,5919687,773404,,516800,1,,0,2,,Null,2018/2019,VALE ROAD,MASKELL ST,,Serious Crash,No,2018,,South,,0,,Hill Road,,,,,,Dark,512400,0,0,0,2,,,0,,,,,,Auckland Region,Nil,2-way,Sealed,,0,1,,50,,On,0,0,,76,Auckland,Stop,,,,,0,0,Urban,0,,,Fine,Null
1752978,5970569,773438,,506631,0,,0,2,,West,2017/2018,SANDSPIT ROAD,MAHURANGI EAST ROAD,,Serious Crash,No,2018,,East,,0,,Hill Road,,,,,,Dark,139501,0,0,0,2,,,0,,,,,,Auckland Region,Nil,2-way,Sealed,,0,2,,100,,None,0,0,,76,Auckland,Unknown,,,,,0,0,Open,0,,,Heavy rain,Null
1772561,5896382,773439,,525420,0,,0,1,,Null,2018/2019,ELLIOT ST,EAST ST,,Serious Crash,No,2018,,East,,0,,Flat,,,,,,Dark,791600,1,0,0,2,,,0,,,,,,Auckland Region,Nil,2-way,Sealed,,0,1,,50,,On,0,0,,76,Auckland,Traffic Signals,,,,,1,0,Urban,0,,,Fine,Null
1764941,5912004,773500,,520500,0,0,0,0,0,North,2017/2018,CARBINE ROAD,FISHER CRESCENT,,Serious Crash,No,2018,0,North,0,0,0,Flat,0,,0,,0,Overcast,639700,0,0,0,2,0,1,0,0,0,1,0,1,Auckland Region,Nil,2-way,Sealed,0,0,1,0,50,0,Null,0,0,,76,Auckland,Unknown,0,0,0,0,0,0,Urban,1,0,0,Fine,Null
1771227,5903515,773544,,523818,0,0,0,1,1,South,2018/2019,MILL ROAD,REDOUBT ROAD,,Serious Crash,No,2018,0,North,0,0,0,Hill Road,0,,0,,0,Overcast,760600,0,0,0,2,0,0,0,0,0,,0,0,Auckland Region,Nil,2-way,Sealed,0,0,1,0,80,0,Null,0,0,50,76,Auckland,Unknown,0,0,0,0,0,0,Open,0,0,0,Heavy rain,Null
1753142,5933826,773776,,508701,0,,0,3,,South,2018/2019,SH 1N,MCCLYMONTS OBR,,Serious Crash,Yes,2018,,North,,0,,Flat,,,,,,Bright sun,178900,0,0,0,3,,,0,,,,,,Auckland Region,Nil,1-way,Sealed,,0,1,,100,,Null,1,0,,76,Auckland,Unknown,,,,,0,0,Open,1,,,Fine,Null
1758979,5904638,773791,,524200,1,,0,0,,Null,2018/2019,VERISSIMO DRIVE,GEORGE BOLT MEMORIAL DRIV,,Serious Crash,No,2018,,West,,0,,Hill Road,,,,,,Overcast,727800,0,0,0,5,,,0,,,,,,Auckland Region,Nil,2-way,Sealed,,0,1,,50,,Null,0,0,,76,Auckland,Traffic Signals,,,,,1,0,Urban,0,,,Light rain,Null
1756419,5934581,773903,,507200,0,,0,0,,North,2017/2018,ROTHESAY BAY ROAD,SANDOWN ROAD,,Fatal Crash,No,2018,,North,,1,,Flat,,,,,,Dark,158300,1,0,0,2,,,0,,,,,,Auckland Region,Nil,2-way,Sealed,,0,6,,50,,Off,0,0,,76,Auckland,Unknown,,,,,0,0,Urban,1,,,Light rain,Frost
1747185,5920184,773905,,512300,0,0,0,1,0,South,2017/2018,TE ATATU ROAD,OLD TE ATATU ROAD,,Serious Crash,No,2018,0,North,0,0,0,Flat,0,,0,,0,Bright sun,252000,0,0,1,4,0,0,0,0,0,,0,0,Auckland Region,Nil,2-way,Sealed,0,0,1,0,50,0,Null,0,0,,76,Auckland,Traffic Signals,1,0,0,0,0,0,Urban,0,0,0,Fine,Null
1759652,5924992,774000,,508110,0,,0,1,,Null,2018/2019,LAKE ROAD,SCHOOL ROAD,,Serious Crash,No,2018,,South,,0,,Flat,,,,,,Twilight,318500,1,0,1,3,,,0,,,,,,Auckland Region,Nil,2-way,Sealed,,0,1,,50,,On,0,0,,76,Auckland,Nil,,,,,0,0,Urban,0,,,Fine,Null
1757010,5917517,774099,,518102,0,,1,1,,Null,2017/2018,MOUNT EDEN ROAD,BELLEVUE ROAD,,Fatal Crash,No,2017,,South,,2,,Flat,,,,,,Overcast,543400,0,0,0,2,,,0,,,,,,Auckland Region,Nil,2-way,Sealed,,0,1,,50,,Null,0,0,,76,Auckland,Stop,,,,,0,0,Urban,0,,,Fine,Null
1744935,5933385,774167,,506653,0,,0,1,,Null,2017/2018,COATESVILLE-RIVERHEAD HIG,GOLDFLATS LANE,,Serious Crash,No,2018,,South,,0,,Hill Road,,,,,,Twilight,217201,0,0,1,2,,,0,,,,,,Auckland Region,Nil,2-way,Sealed,,0,1,,80,,Off,0,0,,76,Auckland,Stop,,,,,0,0,Open,0,,,Fine,Null
1765300,5916723,774402,,520301,0,1,0,0,0,Null,2017/2018,MERTON ROAD,RAIL OBR,,Serious Crash,No,2017,0,East,0,0,0,Hill Road,0,Christmas New Year,0,,0,Twilight,478000,0,0,0,2,0,0,0,0,0,,0,0,Auckland Region,Nil,2-way,Sealed,0,0,1,0,50,0,On,0,0,,76,Auckland,Unknown,0,0,0,0,0,0,Urban,1,0,0,Fine,Null
1778636,5913499,774406,,523202,0,0,0,1,0,South,2017/2018,WHITFORD-MARAETAI ROAD,OKARORO DRIVE,,Serious Crash,No,2017,0,North,1,0,1,Flat,0,,0,,0,Bright sun,762501,0,0,0,2,0,0,0,0,0,,0,1,Auckland Region,Nil,2-way,Sealed,0,0,1,0,100,0,Null,0,0,,76,Auckland,Unknown,0,0,0,0,0,0,Open,0,0,0,Fine,Null
1739537,5990025,774469,55,506660,0,0,0,1,0,East,2018/2019,MANGAWHAI ROAD,WHARFE ROAD,,Fatal Crash,No,2018,0,West,1,1,0,Hill Road,0,,0,,0,Dark,135700,0,0,0,2,0,0,0,0,0,,0,0,Auckland Region,Nil,2-way,Sealed,0,0,0,0,100,0,None,0,0,,76,Auckland,Unknown,0,0,0,0,0,0,Open,0,0,0,Fine,Null
1743240,5890055,774541,,521151,0,,0,1,,South,2016/2017,AWHITU ROAD,FIELDING ROAD,,Fatal Crash,No,2017,,North,,1,,Flat,,,,,,Bright sun,829600,0,0,0,2,,,0,,,,,,Auckland Region,Nil,2-way,Sealed,,0,1,,100,,Null,1,0,,76,Auckland,Unknown,,,,,0,0,Open,0,,,Fine,Null
1762425,5913262,774657,,520402,0,,0,2,,South,2018/2019,SH 1N,PENROSE OBR,,Serious Crash,Yes,2018,,South,,0,,Flat,,,,,,Dark,642400,0,0,0,3,,,0,,,,,,Auckland Region,Nil,1-way,Sealed,,0,1,,100,,On,0,0,,76,Auckland,Unknown,,,,,0,0,Open,0,,,Fine,Null
1766526,5877667,774767,,521121,0,,0,2,,Null,2018/2019,ATTEWELL ROAD,MIDDLETON ROAD,,Serious Crash,No,2018,,North,,0,,Flat,,,,,,Overcast,824901,1,0,0,2,,,0,,,,,,Auckland Region,Nil,2-way,Sealed,,0,1,,100,,Null,0,0,,76,Auckland,Stop,,,,,0,0,Open,0,,,Fine,Null
1767224,5904580,774798,,524604,1,,0,1,,East,2018/2019,RONWOOD AVENUE,SHARKEY ST,,Serious Crash,No,2018,,East,,0,,Flat,,,,,,Dark,780209,0,0,0,2,,,0,,,,,,Auckland Region,Nil,2-way,Sealed,,0,1,,50,,On,0,0,,76,Auckland,Unknown,,,,,0,0,Urban,0,,,Fine,Null
1777117,5910110,774862,,523202,0,,0,2,,Null,2016/2017,WHITFORD-MARAETAI ROAD,CLIFTON ROAD,,Serious Crash,No,2017,,North,,0,,Hill Road,,,,,,Dark,718203,0,0,0,2,,,0,,,,,,Auckland Region,Nil,2-way,Sealed,,0,3,,80,,On,0,0,,76,Auckland,Stop,,,,,0,0,Open,0,,,Fine,Null
1745373,5913712,774987,,512906,0,0,0,1,1,Null,2016/2017,MILAN DRIVE,BRUNNER ROAD,,Serious Crash,No,2017,0,North,0,0,1,Flat,0,,0,,0,Dark,278504,0,0,0,2,0,0,0,0,0,,0,1,Auckland Region,Nil,2-way,Sealed,0,0,1,0,50,0,On,0,0,,76,Auckland,Nil,0,0,0,0,0,0,Urban,0,0,0,Fine,Null
1765476,5908810,775051,,523403,0,0,0,1,0,Null,2017/2018,HIGHBROOK OFF NBD,HIGHBROOK DR OVERBRIDGE,,Serious Crash,Yes,2018,0,North,0,0,0,Hill Road,1,,0,,0,Dark,700100,0,0,0,2,0,0,0,0,0,,0,0,Auckland Region,Motorway ramp,1-way,Sealed,0,0,1,0,50,0,On,0,0,,76,Auckland,Traffic Signals,0,0,0,0,0,0,Urban,0,0,0,Fine,Null
1749898,5913920,775070,,511303,0,0,0,2,0,South,2017/2018,Z CARPARK,GREAT NORTH ROAD,,Serious Crash,No,2018,0,South,0,0,0,Flat,0,,0,,0,Overcast,266000,0,0,0,,0,0,0,0,1,,0,0,Auckland Region,Nil,Off road,Sealed,0,0,1,0,20,0,Null,0,0,,76,Auckland,Unknown,0,0,0,0,0,0,Urban,1,0,0,Fine,Null
1747674,5912699,775138,,511100,0,,0,1,,North,2017/2018,PLEASANT ROAD,FAIRMOUNT ROAD,,Serious Crash,No,2017,,South,,0,,Flat,,,,,,Dark,288202,2,0,0,2,,,0,,,,,,Auckland Region,Nil,2-way,Sealed,,0,1,,50,,On,0,0,,76,Auckland,Unknown,,,,,1,0,Urban,1,,,Fine,Null
1759374,5925774,775257,,508020,1,,0,1,,Null,2017/2018,LAKE ROAD,ST LEONARDS ROAD,,Serious Crash,No,2018,,South,,0,,Flat,,,,,,Overcast,321900,0,0,0,2,,,0,,,,,,Auckland Region,Nil,2-way,Sealed,,0,1,,50,,Null,0,0,,76,Auckland,Give way,,,,,0,0,Urban,0,,,Heavy rain,Null
1732443,5976891,775331,45,506660,0,0,0,0,0,South,2017/2018,SH 16,INGLETON ROAD,,Serious Crash,Yes,2017,0,North,0,0,0,Hill Road,1,,0,,0,Overcast,144600,0,0,1,2,0,0,0,0,0,,0,0,Auckland Region,Nil,2-way,Sealed,0,0,1,0,100,0,Null,0,0,,76,Auckland,Unknown,0,0,0,0,0,0,Open,0,0,0,Light rain,Null
1758616,5919913,775341,,515902,0,,0,1,,North,2017/2018,PARNELL ROAD,AKAROA ST,,Serious Crash,No,2017,,South,,0,,Hill Road,,,,,,Dark,452500,0,0,0,2,,,0,,,1,,,Auckland Region,Nil,2-way,Sealed,,0,1,,50,,On,0,0,,76,Auckland,Stop,,,,,0,0,Urban,0,,,Light rain,Null
1732837,5907658,775360,45,513800,0,0,0,1,0,East,2017/2018,PIHA ROAD,KAREKARE ROAD,,Serious Crash,No,2017,0,East,1,0,0,Hill Road,0,,0,,0,Dark,282027,1,0,0,2,0,0,0,0,0,,0,0,Auckland Region,Nil,2-way,Sealed,0,0,1,0,50,0,None,0,0,,76,Auckland,Unknown,0,0,0,1,0,0,Urban,0,0,0,Fine,Null
1767437,5904926,775370,,524604,0,0,0,1,0,Null,2016/2017,GREAT SOUTH ROAD,CAVENDISH DRIVE,,Fatal Crash,No,2017,0,North,0,1,0,Flat,0,,0,,0,Dark,780302,2,0,0,4,0,0,0,0,0,,0,0,Auckland Region,Nil,1-way,Sealed,0,0,5,0,60,0,On,1,0,,76,Auckland,Traffic Signals,0,1,0,0,0,0,Urban,0,0,0,Fine,Null
1771808,5913483,775417,,523102,1,,0,1,,South,2017/2018,WHITFORD ROAD,EDGAR PEARCE PLACE,,Serious Crash,No,2017,,South,,0,,Flat,,Christmas New Year,,,,Bright sun,711021,0,0,0,2,,,0,,,,,,Auckland Region,Nil,2-way,Sealed,,0,1,,50,,Null,0,0,,76,Auckland,Unknown,,,,,0,0,Urban,0,,,Fine,Null
1761121,5914272,775442,,520202,0,,0,0,,South,2016/2017,GREAT SOUTH ROAD,GT SOUTH LINK,,Serious Crash,No,2017,,South,,0,,Flat,,,,,,Bright sun,612300,0,0,1,4,,,0,,,,,,Auckland Region,Nil,2-way,Sealed,,0,1,,50,,Null,1,0,,76,Auckland,Nil,,,,,0,0,Urban,0,,,Fine,Null
1756063,5934589,775516,,507200,0,,0,1,,Null,2016/2017,KOROTAHA TERRACE,MASTERTON ROAD,,Serious Crash,No,2017,,North,,0,,Flat,,,,,,Dark,158100,0,0,1,2,,,0,,,,,,Auckland Region,Nil,2-way,Sealed,,0,1,,50,,On,0,0,,76,Auckland,Stop,,,,,0,0,Urban,0,,,Fine,Null
1761570,5915772,775577,,516003,0,0,0,1,0,North,2017/2018,MARUA ROAD,LADIES MILE,,Serious Crash,No,2017,0,North,0,0,0,Hill Road,0,,0,,0,Dark,494805,1,0,0,2,0,0,0,0,0,,0,1,Auckland Region,Nil,2-way,Sealed,0,0,1,0,50,0,On,0,0,,76,Auckland,Unknown,0,0,0,0,0,0,Urban,0,0,0,Fine,Null
1758314,5917101,775620,,519200,0,,0,1,,Null,2016/2017,MANUKAU ROAD,OWENS ROAD,,Serious Crash,No,2017,,North,,0,,Flat,,,,,,Twilight,613900,0,0,0,3,,,0,,,,,,Auckland Region,Nil,2-way,Sealed,,0,1,,50,,On,0,0,,76,Auckland,Traffic Signals,,,,,0,0,Urban,1,,,Fine,Null
1757041,5932374,775668,,507500,0,0,0,1,0,North,2017/2018,Z DRIVEWAY,VIEW ROAD,,Serious Crash,No,2017,0,North,0,0,1,Hill Road,0,,0,,0,Bright sun,148900,0,0,0,,0,0,0,0,0,,0,0,Auckland Region,Nil,Off road,Sealed,0,0,1,0,50,0,Null,0,0,,76,Auckland,Unknown,0,0,0,0,0,0,Urban,0,0,0,Fine,Null
1749590,5911968,775671,45,511402,0,0,0,1,0,East,2017/2018,GOLF ROAD,MASON ST,,Serious Crash,No,2017,0,South,0,0,0,Hill Road,0,,0,,0,Dark,261300,1,0,0,2,0,0,0,0,0,,0,0,Auckland Region,Nil,2-way,Sealed,0,0,1,0,50,0,On,0,0,,76,Auckland,Unknown,0,0,0,1,0,0,Urban,0,0,0,Fine,Null
1772098,5898022,775751,,523912,0,,0,1,,Null,2017/2018,PORCHESTER ROAD,WALTERS ROAD,,Serious Crash,No,2017,,North,,0,,Flat,,Christmas New Year,,,,Overcast,766302,0,0,0,2,,,0,,,,,,Auckland Region,Nil,2-way,Sealed,,0,1,,50,,Null,0,0,,76,Auckland,Give way,,,,,0,0,Urban,1,,,Fine,Null
1777545,5911407,775756,,523202,0,,0,0,,South,2016/2017,WHITFORD-MARAETAI ROAD,HENSON ROAD,,Serious Crash,No,2017,,North,,0,,Flat,,Easter,,,,Dark,718300,0,0,0,2,,,0,,,1,,,Auckland Region,Nil,2-way,Sealed,,0,1,,100,,None,0,0,90,76,Auckland,Give way,,,,,0,0,Open,1,,,Light rain,Null
1773872,5897950,775769,,523912,0,,0,1,,North,2017/2018,COSGRAVE ROAD,FERNAIG ST,,Serious Crash,No,2017,,South,,0,,Flat,,,,,,Bright sun,765500,0,0,0,2,,,0,,,,,,Auckland Region,Nil,2-way,Sealed,,0,1,,80,,Null,0,0,,76,Auckland,Unknown,,,,,0,0,Open,1,,,Fine,Null
1756153,5924517,775804,,509702,0,,0,1,,South,2017/2018,ONEWA OFF NBD,ONEWA ROAD,,Serious Crash,Yes,2017,,North,,0,,Flat,,,,,,Overcast,366700,0,0,0,1,,,0,,,,,,Auckland Region,Nil,2-way,Sealed,,0,1,,50,,Null,0,0,,76,Auckland,Traffic Signals,,,,,0,0,Urban,1,,,Fine,Null
1741258,5912872,775855,,512902,0,0,0,2,0,South,2016/2017,FOREST HILL ROAD,KELLYS ROAD,,Serious Crash,No,2016,0,North,0,0,0,Flat,0,,0,,0,Dark,279101,1,0,0,2,0,0,0,0,1,,0,0,Auckland Region,Nil,2-way,Sealed,0,0,1,0,70,0,None,0,0,,76,Auckland,Unknown,0,0,0,0,0,0,Urban,0,0,0,Fine,Null
1768963,5904185,775885,,523820,0,,0,1,,East,2016/2017,RANSOM SMYTH DRIVE,PALMETTO PLACE,,Serious Crash,No,2017,,South,,0,,Hill Road,,,,,,Bright sun,760114,0,0,0,2,,,0,,,,,,Auckland Region,Nil,2-way,Sealed,,0,1,,50,,Null,0,0,,76,Auckland,Unknown,,,,,0,0,Urban,0,,,Fine,Null
1762823,5905558,775896,,524200,0,0,0,1,0,Null,2016/2017,SH 20,PORTAGE OBR,,Serious Crash,Yes,2017,0,North,0,0,0,Flat,1,,0,,0,Dark,728900,0,0,0,2,0,0,0,0,0,,0,0,Auckland Region,Nil,1-way,Sealed,0,0,3,0,100,0,On,0,0,,76,Auckland,Unknown,0,0,0,0,0,0,Open,0,0,0,Fine,Null
1728872,5916175,775986,,513800,0,,0,0,,South,2016/2017,Z BEACH,MCKAY PLACE,,Serious Crash,No,2017,,East,,0,,Flat,,,,,,Twilight,281602,0,0,1,0,,,0,,,,,,Auckland Region,Nil,Off road,Unsealed,,0,1,,60,,None,0,0,,76,Auckland,Unknown,,,,,0,0,Urban,0,,,Fine,Null
1758158,5915778,776002,,519300,0,,0,1,,North,2017/2018,MANUKAU ROAD,KING EDWARD AVENUE,,Serious Crash,No,2017,,South,,0,,Flat,,,,,,Bright sun,622900,0,0,0,4,,,0,,,1,,,Auckland Region,Nil,2-way,Sealed,,0,1,,50,,Null,0,0,,76,Auckland,Unknown,,,,,0,0,Urban,0,,,Fine,Null
1763910,5908895,776060,,521901,0,,0,2,,East,2016/2017,MANGERE ROAD,AWA ST,,Serious Crash,No,2017,,East,,0,,Flat,,Christmas New Year,,,,Overcast,785100,5,0,0,2,,,0,,,,,,Auckland Region,Nil,2-way,Sealed,,0,1,,50,,Null,0,0,,76,Auckland,Unknown,,,,,0,0,Urban,0,,,Light rain,Null
1772115,5902598,776165,65,523818,0,,0,1,,South,2017/2018,MILL ROAD,POLO PRINCE DRIVE,,Serious Crash,No,2017,,North,,0,,Flat,,Christmas New Year,,,,Dark,760904,0,0,0,2,,,0,,,,,,Auckland Region,Nil,2-way,Sealed,,0,1,,80,,None,0,0,,76,Auckland,Unknown,,,,,0,0,Open,0,,,Fine,Null
1764997,5910506,776186,,521801,0,,0,1,,South,2017/2018,SH 1N,OTAHUHU ON NBD,,Serious Crash,Yes,2017,,North,,0,,Flat,,Christmas New Year,,,,Bright sun,787200,0,0,0,3,,,0,,,,,,Auckland Region,Nil,1-way,Sealed,,0,1,,100,,Null,1,0,,76,Auckland,Unknown,,,,,0,0,Open,0,,,Fine,Null
1766427,5899583,776194,,524812,0,0,0,2,0,North,2017/2018,MAHIA ROAD,DAMIAN WAY,,Serious Crash,No,2017,0,South,0,0,0,Flat,0,,0,,0,Dark,774214,0,0,0,2,0,0,0,0,1,,0,0,Auckland Region,Nil,2-way,Sealed,0,0,1,0,50,0,On,0,0,,76,Auckland,Unknown,0,0,0,0,0,0,Urban,0,0,0,Fine,Null
1774280,5896634,776226,,525610,0,,0,2,,Null,2017/2018,ROLLERSON ST,SUTTON CRESCENT,,Serious Crash,No,2017,,North,,0,,Flat,,,,,,Overcast,796900,1,0,0,2,,,0,,,3,,,Auckland Region,Nil,2-way,Sealed,,0,2,,50,,Null,0,0,,76,Auckland,Give way,,,,,0,0,Urban,0,,,Fine,Null
1756723,5927655,776413,,507900,0,0,0,0,0,Null,2017/2018,SHEA TERRACE,MARY POYNTON CRESCENT,,Serious Crash,No,2017,0,North,0,0,1,Flat,0,,1,,0,Twilight,304400,0,0,0,2,0,0,0,0,0,,0,0,Auckland Region,Nil,2-way,Sealed,0,0,1,0,50,0,On,1,0,,76,Auckland,Give way,0,0,0,0,0,0,Urban,0,0,0,Fine,Null
1754812,5945162,776586,,505907,0,,0,0,,South,2016/2017,BRIGHTSIDE ROAD,JEAN PLACE,,Serious Crash,No,2017,,South,,0,,Hill Road,,,,,,Dark,173416,0,0,1,2,,,0,,,,,,Auckland Region,Nil,2-way,Sealed,,0,1,,50,,On,0,0,,76,Auckland,Unknown,,,,,0,0,Urban,0,,,Fine,Null
1766412,5919921,776596,,516700,1,,0,1,,West,2017/2018,BAY ROAD,RIDDELL ROAD,,Serious Crash,No,2017,,West,,0,,Flat,,,,,,Bright sun,511800,0,0,0,2,,,0,,,,,,Auckland Region,Nil,2-way,Sealed,,0,1,,50,,Null,0,0,,76,Auckland,Nil,,,,,0,0,Urban,0,,,Fine,Null
1729721,5960344,776663,,506613,0,0,0,1,0,North,2016/2017,SH 16,WEST COAST ROAD,,Serious Crash,Yes,2017,0,North,1,0,0,Flat,0,,0,,0,Bright sun,146200,0,0,0,2,0,0,0,0,0,,0,0,Auckland Region,Nil,2-way,Sealed,0,0,1,0,100,0,Null,0,0,,76,Auckland,Unknown,0,0,0,0,0,0,Open,0,0,0,Fine,Null
1743549,5923816,776684,,513410,0,,0,1,,Null,2017/2018,FERNHILL DRIVE,FRED TAYLOR DRIVE,,Serious Crash,No,2017,,West,,0,,Flat,,,,,,Dark,224000,1,0,0,4,,,0,,,,,,Auckland Region,Nil,2-way,Sealed,,0,1,,50,,On,0,0,,76,Auckland,Traffic Signals,,,,,0,0,Urban,1,,,Fine,Null
1759378,5924726,776692,,508110,0,0,0,2,0,East,2016/2017,BAYSWATER AVENUE,PRESTON AVENUE,,Serious Crash,No,2017,0,West,0,0,0,Flat,0,,0,,0,Dark,318700,0,0,0,2,0,0,0,0,1,,0,0,Auckland Region,Nil,2-way,Sealed,0,0,1,0,50,0,On,0,0,,76,Auckland,Unknown,0,0,0,0,0,0,Urban,0,0,0,Fine,Null
1747694,5939364,776700,,506300,0,0,0,1,0,North,2017/2018,BAWDEN ROAD,DAIRY FLAT HIGHWAY,,Serious Crash,No,2017,0,South,1,0,0,Flat,0,,0,,0,Dark,175904,0,0,0,2,0,0,0,0,0,,0,0,Auckland Region,Bridge,2-way,Sealed,0,0,1,0,80,0,None,0,0,,76,Auckland,Unknown,0,0,0,0,0,0,Open,0,0,0,Fine,Null
1769928.706,5908148.957,776779,,523115,0,,0,1,,Null,2016/2017,CHAPEL ROAD,STANCOMBE ROAD,,Fatal Crash,No,2017,,South,,1,,Flat,,,,,,Bright sun,711911,1,0,0,5,,,0,,,,,,Auckland Region,Nil,2-way,Sealed,,0,1,,60,,Null,1,0,,76,Auckland,Traffic Signals,,,,,0,0,Urban,0,,,Fine,Null