X,Y,OBJECTID,advisorySpeed,areaUnitID,bicycle,bridge,bus,carStationWagon,cliffBank,crashDirectionDescription,crashFinancialYear,crashLocation1,crashLocation2,crashRoadSideRoad,crashSeverity,crashSHDescription,crashYear,debris,directionRoleDescription,ditch,fatalCount,fence,flatHill,guardRail,holiday,houseOrBuilding,intersection,kerb,light,meshblockId,minorInjuryCount,moped,motorcycle,NumberOfLanes,objectThrownOrDropped,otherObject,otherVehicleType,overBank,parkedVehicle,pedestrian,phoneBoxEtc,postOrPole,region,roadCharacter,roadLane,roadSurface,roadworks,schoolBus,seriousInjuryCount,slipOrFlood,speedLimit,strayAnimal,streetLight,suv,taxi,temporarySpeedLimit,tlaId,tlaName,trafficControl,trafficIsland,trafficSign,train,tree,truck,unknownVehicleType,urban,vanOrUtility,vehicle,waterRiver,weatherA,weatherB
1755182,5927183,776887,,508620,0,,0,2,,Null,2017/2018,CORONATION ROAD,VELMA ROAD,,Serious Crash,No,2017,,East,,0,,Hill Road,,,,,,Dark,203801,0,0,0,2,,,0,,,,,,Auckland Region,Nil,2-way,Sealed,,0,1,,50,,On,0,0,,76,Auckland,Give way,,,,,0,0,Urban,0,,,Fine,Null
1756361,5920258,776931,,514000,0,,0,1,,North,2017/2018,SH 1N,WELLINGTON ON NBD,,Serious Crash,Yes,2017,,North,,0,,Hill Road,,,,,,Bright sun,416800,0,0,1,3,,,0,,,,,,Auckland Region,Nil,1-way,Sealed,,0,1,,80,,Null,0,0,,76,Auckland,Unknown,,,,,0,0,Open,0,,,Fine,Null
1735589.097,5987152.468,776987,65,506660,0,0,0,1,0,North,2017/2018,SH 1,TE HANA RAIL OBR,,Fatal Crash,Yes,2018,0,South,0,1,0,Hill Road,1,,0,,0,Overcast,135800,3,0,0,2,0,0,0,0,0,,0,0,Auckland Region,Nil,2-way,Sealed,0,0,1,0,70,0,Null,1,0,,76,Auckland,Nil,0,0,0,0,0,0,Urban,0,0,0,Light rain,Null
1744401.177,5969035.206,777042,,506613,0,0,0,1,0,Null,2018/2019,WOODCOCKS RD,OLD KAIPARA RD,,Serious Crash,No,2019,0,East,1,0,0,Flat,0,,0,,0,Dark,145800,1,0,0,2,0,0,0,0,0,,0,0,Auckland Region,Nil,2-way,Sealed,0,0,1,0,100,0,None,0,0,,76,Auckland,Unknown,0,0,0,0,0,0,Open,1,0,0,Fine,Null
1733899,5989635,777148,75,506660,0,,0,2,,West,2017/2018,SH 1N,WAIMANU ROAD,,Fatal Crash,Yes,2018,,North,,1,,Hill Road,,,,,,Bright sun,135700,0,0,0,3,,,0,,,,,,Auckland Region,Nil,2-way,Sealed,,0,1,,100,,Null,0,0,,76,Auckland,Unknown,,,,,0,0,Open,0,,,Fine,Null
1754057,5936391,777313,,506902,1,,0,1,,Null,2018/2019,EAST COAST ROAD,GLAMORGAN DRIVE,,Serious Crash,No,2018,,South,,0,,Hill Road,,,,,,Bright sun,166600,0,0,0,2,,,0,,,,,,Auckland Region,Nil,2-way,Sealed,,0,1,,50,,Null,0,0,,76,Auckland,Give way,,,,,0,0,Urban,0,,,Fine,Null
1766682,5905870,777352,,522302,0,0,0,1,0,West,2017/2018,GREAT SOUTH ROAD,ALLENBY ROAD,,Serious Crash,No,2018,0,West,0,0,0,Flat,0,,0,,0,Dark,669200,0,0,0,2,0,0,0,0,1,,0,0,Auckland Region,Nil,2-way,Sealed,0,0,1,0,50,0,On,0,0,,76,Auckland,Give way,0,0,0,0,1,0,Urban,0,0,0,Fine,Null
1778675.851,5907727.433,777369,,523202,0,0,0,0,0,South,2018/2019,ARA-KOTINGA,SOLWAY ROAD,,Serious Crash,No,2019,0,South,0,0,0,Hill Road,0,Christmas New Year,0,,0,Overcast,716500,0,0,1,2,0,0,0,1,0,,0,0,Auckland Region,Nil,2-way,Sealed,0,0,1,0,100,0,None,0,0,,76,Auckland,Unknown,0,0,0,0,0,0,Open,0,0,0,Fine,Null
1764361,5909335,777419,,521802,0,,0,2,,Null,2017/2018,GREAT SOUTH ROAD,FAIRBURN ROAD,,Serious Crash,No,2018,,North,,0,,Flat,,,,,,Bright sun,789301,2,0,0,4,,,0,,,,,,Auckland Region,Nil,2-way,Sealed,,0,1,,50,,Null,0,0,,76,Auckland,Stop,,,,,0,0,Urban,1,,,Fine,Null
1756288,5927437,777794,,507900,0,,0,1,,North,2018/2019,SH 1N,NORTHCOTE OBR,,Serious Crash,Yes,2018,,South,,0,,Flat,,,,,,Overcast,305202,0,0,1,3,,,0,,,,,,Auckland Region,Nil,1-way,Sealed,,0,1,,100,,Null,0,0,,76,Auckland,Unknown,,,,,0,0,Open,0,,,Fine,Null
1750849,5879190,777799,,521151,0,,0,1,,South,2018/2019,AWHITU ROAD,RIDGELEY ROAD,,Serious Crash,No,2018,,South,,0,,Hill Road,,,,,,Bright sun,831000,2,0,0,2,,,0,,,,,,Auckland Region,Nil,2-way,Sealed,,0,2,,100,,Null,0,0,,76,Auckland,Unknown,,,,,0,0,Open,1,,,Fine,Null
1731713,5943985,777827,,506646,0,,0,2,,North,2018/2019,SH 16,MCPIKE ROAD,,Fatal Crash,Yes,2018,,North,,2,,Flat,,,,,,Bright sun,211402,0,0,0,2,,,0,,,,,,Auckland Region,Nil,2-way,Sealed,,0,1,,100,,Null,0,0,,76,Auckland,Unknown,,,,,0,0,Open,0,,,Fine,Null
1742555,5887077,777879,,521151,0,,0,2,,North,2017/2018,AWHITU ROAD,COCHRANE ROAD,,Serious Crash,No,2018,,South,,0,,Hill Road,,,,,,Overcast,830200,4,0,0,1,,,0,,,,,,Auckland Region,Nil,2-way,Sealed,,0,2,,100,,Null,0,0,,76,Auckland,Unknown,,,,,0,0,Open,0,,,Fine,Null
1766526,5908012,778021,,523501,0,,0,1,,Null,2017/2018,EDWARD AVENUE,OTARA ROAD,,Serious Crash,No,2018,,North,,0,,Flat,,,,,,Bright sun,700700,0,0,0,2,,,1,,,,,,Auckland Region,Nil,2-way,Sealed,,0,1,,50,,Null,0,0,,76,Auckland,Nil,,,,,0,0,Urban,0,,,Fine,Null
1753779,5935621,778041,,508703,0,,0,1,,Null,2018/2019,RISING PARADE,OTEHA VALLEY ROAD,,Serious Crash,No,2018,,South,,0,,Flat,,,,,,Bright sun,179211,0,0,0,4,,,0,,,,,,Auckland Region,Nil,2-way,Sealed,,0,1,,50,,Null,0,0,,76,Auckland,Give way,,,,,0,0,Urban,1,,,Fine,Null
1726855,5942920,778072,,506642,0,0,0,1,0,West,2017/2018,SOUTH HEAD ROAD,PARKHURST ROAD,,Serious Crash,No,2018,0,East,0,0,1,Flat,0,,0,,0,Dark,210702,0,0,0,2,0,0,0,0,0,,0,0,Auckland Region,Nil,2-way,Sealed,0,0,1,0,100,0,None,0,0,,76,Auckland,Unknown,0,0,0,0,0,0,Open,0,0,0,Light rain,Null
1745959,5973721,778109,,506661,0,0,0,2,0,Null,2017/2018,SH 1N,L PHILLIPS ROAD,,Serious Crash,Yes,2018,0,North,0,0,0,Flat,1,,0,,0,Bright sun,139000,0,0,0,2,0,0,0,0,0,,0,0,Auckland Region,Nil,2-way,Sealed,0,0,1,0,100,0,Null,1,0,,76,Auckland,Give way,0,0,0,0,0,0,Open,0,0,0,Fine,Null
1755918,5911869,778350,,518702,0,,0,0,,Null,2018/2019,HILLSBOROUGH ROAD,RICHARDSON ROAD,,Serious Crash,No,2018,,North,,0,,Hill Road,,,,,,Bright sun,571700,0,0,1,2,,,0,,,,,,Auckland Region,Nil,2-way,Sealed,,0,1,,50,,Null,1,0,,76,Auckland,Nil,,,,,0,0,Urban,0,,,Fine,Null
1782616,5898822,778485,45,525201,0,0,0,1,0,North,2018/2019,MONUMENT ROAD,MCGREGOR ROAD,,Serious Crash,No,2018,0,South,1,0,1,Hill Road,0,,0,,0,Bright sun,763900,0,0,0,2,0,0,0,0,0,,0,0,Auckland Region,Nil,2-way,Sealed,0,0,1,0,80,0,Null,0,0,,76,Auckland,Unknown,0,0,0,1,0,0,Open,0,0,0,Fine,Null
1768065.434,5899366.891,778548,35,525101,0,0,0,1,0,South,2018/2019,FRIEDLANDERS ROAD,ASTOR PLACE,,Serious Crash,No,2019,0,South,0,0,0,Flat,0,,0,,0,Dark,772804,0,0,0,2,0,0,0,0,0,,0,1,Auckland Region,Nil,2-way,Sealed,0,0,1,0,50,0,On,0,0,,76,Auckland,Nil,0,0,0,0,0,0,Urban,0,0,0,Fine,Null
1754900,5918571,778761,,515420,0,,0,0,,North,2018/2019,GREAT NORTH ROAD,CRUMMER ROAD,,Fatal Crash,No,2018,,South,,1,,Flat,,,,,,Overcast,404700,0,0,0,2,,,0,,,1,,,Auckland Region,Nil,2-way,Sealed,,0,0,,50,,Null,1,0,,76,Auckland,Unknown,,,,,0,0,Urban,0,,,Fine,Null
1757680,5929259,778842,,507800,0,,0,1,,Null,2017/2018,OMANA ROAD,INGA ROAD,,Serious Crash,No,2018,,North,,0,,Hill Road,,,,,,Bright sun,311100,0,0,1,2,,,0,,,,,,Auckland Region,Nil,2-way,Sealed,,0,1,,50,,Null,0,0,,76,Auckland,Give way,,,,,0,0,Urban,0,,,Fine,Null
1729771,5967829,778932,,506613,0,0,0,1,0,East,2017/2018,SH 16,MANGAKURA BR,,Fatal Crash,Yes,2018,0,West,0,1,0,Hill Road,1,,0,,0,Bright sun,145200,1,0,2,2,0,0,0,0,0,,0,0,Auckland Region,Bridge,2-way,Sealed,0,0,1,0,100,0,Null,0,0,,76,Auckland,Nil,0,0,0,0,0,0,Open,0,0,0,Fine,Null
1744233,5931885,779034,,506400,0,,0,2,,South,2018/2019,COATESVILLE-RIVERHEAD HIG,MILL FLAT ROAD,,Serious Crash,No,2018,,South,,0,,Hill Road,,Christmas New Year,,,,Twilight,216800,1,0,0,2,,,0,,,,,,Auckland Region,Nil,2-way,Sealed,,0,1,,80,,None,0,0,,76,Auckland,Unknown,,,,,0,0,Open,0,,,Light rain,Null
1751892.697,5917796.339,779129,,514900,0,0,0,0,0,South,2018/2019,SH 20,GREAT NORTH ROAD ON RAMP,,Serious Crash,Yes,2019,0,South,0,0,0,Hill Road,1,,0,,0,Dark,385801,0,0,1,2,0,0,0,0,0,,0,0,Auckland Region,Motorway ramp,1-way,Sealed,0,0,1,0,80,0,On,0,0,,76,Auckland,Unknown,0,0,0,0,0,0,Open,0,0,0,Fine,Null
1747691,5967955,779208,,506613,0,0,0,0,1,North,2018/2019,SH 1N,VALERIE CLOSE NTH,,Serious Crash,Yes,2018,0,North,0,0,1,Hill Road,0,,0,,0,Dark,146004,0,0,0,2,0,0,0,0,0,,0,0,Auckland Region,Nil,2-way,Sealed,0,0,1,0,100,0,None,0,0,,76,Auckland,Unknown,0,0,0,0,0,0,Open,1,0,0,Fine,Null
1784847,5926671,779210,,520801,0,0,0,0,0,South,2018/2019,SEVENTH AVENUE,THE STRAND,,Serious Crash,No,2018,0,West,0,0,0,Hill Road,0,,0,,0,Bright sun,515502,0,0,0,2,0,0,0,1,0,,0,0,Auckland Region,Nil,2-way,Sealed,0,0,1,0,50,0,Null,1,0,,76,Auckland,Unknown,0,0,0,0,0,0,Urban,0,0,0,Fine,Null
1766778,5900736,779389,,524720,0,,0,1,,North,2018/2019,ROWANDALE AVENUE,BENTON PLACE,,Fatal Crash,No,2018,,South,,1,,Flat,,,,,,Dark,775901,0,0,0,2,,,0,,,1,,,Auckland Region,Nil,2-way,Sealed,,0,0,,50,,On,0,0,,76,Auckland,Unknown,,,,,0,0,Urban,0,,,Fine,Null
1769901.939,5901249.275,779400,,523814,0,,0,2,,East,2018/2019,ALFRISTON RD (MANUREWA),BROUGH ROAD,,Serious Crash,No,2019,,West,,0,,Hill Road,,,,,,Dark,759515,0,0,0,2,,,0,,,,,,Auckland Region,Nil,2-way,Sealed,,0,1,,50,,On,0,0,,76,Auckland,Unknown,,,,,0,0,Urban,0,,,Fine,Null
1742618,5918720,779458,,513213,0,,0,1,,East,2018/2019,Z RUGBY CLUB CPK,RANUI AVENUE,,Serious Crash,No,2018,,South,,0,,Flat,,,,,,Dark,235104,0,0,0,,,,0,,,1,,,Auckland Region,Nil,Off road,Sealed,,0,1,,10,,Off,0,0,,76,Auckland,Unknown,,,,,0,0,Urban,0,,,Light rain,Null
1755729,5918362,779532,,515500,0,0,0,2,0,East,2018/2019,SH 16,BOND OBR,,Serious Crash,Yes,2018,0,East,0,0,0,Flat,1,Christmas New Year,0,,0,Bright sun,419400,2,0,0,5,0,0,0,0,0,,0,0,Auckland Region,Nil,1-way,Sealed,0,0,1,0,80,0,Null,0,0,,76,Auckland,Unknown,0,0,0,0,0,0,Open,0,0,0,Fine,Null
1769789,5900872,779588,,524902,0,,0,1,,South,2018/2019,SCOTTS ROAD,ELLEN ST,,Serious Crash,No,2018,,North,,0,,Flat,,,,,,Bright sun,757700,0,0,0,2,,,0,,,1,,,Auckland Region,Nil,2-way,Sealed,,0,1,,50,,Null,0,0,,76,Auckland,Unknown,,,,,0,0,Urban,0,,,Fine,Null
1752732,5914714,779925,,514500,0,0,0,2,1,East,2018/2019,METHUEN ROAD,KIRKWOOD PLACE,,Serious Crash,No,2018,0,North,0,0,0,Hill Road,0,,0,,0,Bright sun,378100,0,0,0,2,0,0,0,0,0,1,0,0,Auckland Region,Nil,2-way,Sealed,0,0,1,0,50,0,Null,0,0,,76,Auckland,Unknown,0,0,0,0,0,0,Urban,0,0,0,Fine,Null
1758195,5913579,779999,,518600,0,,0,0,,Null,2017/2018,TURAMA ROAD,MANUKAU ROAD,,Serious Crash,No,2018,,East,,0,,Flat,,,,,,Twilight,567300,0,0,0,4,,,0,,,1,,,Auckland Region,Nil,2-way,Sealed,,0,1,,50,,On,0,0,,76,Auckland,Give way,,,,,0,0,Urban,1,,,Fine,Null
1751904,5947281,780044,,505808,0,0,0,1,1,South,2018/2019,RED BEACH ROAD,BAY ST,,Serious Crash,No,2018,0,South,0,0,0,Flat,0,,0,,0,Overcast,173119,0,0,0,2,0,0,0,0,0,,0,0,Auckland Region,Nil,2-way,Sealed,0,0,1,0,50,0,Null,0,0,,76,Auckland,Nil,0,0,0,0,0,0,Urban,0,0,0,Fine,Strong wind
1754080,5935876,780049,,508704,0,,0,1,,East,2017/2018,OTEHA VALLEY ROAD,HARROWGLEN DRIVE,,Fatal Crash,No,2018,,East,,1,,Hill Road,,,,,,Bright sun,178607,0,0,0,4,,,0,,,1,,,Auckland Region,Nil,2-way,Sealed,,0,0,,50,,Null,0,0,,76,Auckland,Unknown,,,,,0,0,Urban,0,,,Fine,Null
1744860,5915297,780105,,512903,0,0,0,1,0,Null,2018/2019,BRUCE MCLAREN ROAD,HINDMARSH ROAD,,Serious Crash,No,2018,0,West,0,0,0,Flat,0,,0,,0,Dark,278009,1,0,0,2,0,0,0,0,0,,0,1,Auckland Region,Nil,2-way,Sealed,0,0,1,0,50,0,On,0,0,,76,Auckland,Give way,0,0,0,0,0,0,Urban,0,0,0,Light rain,Null
1755816,5916701,780245,,518201,0,,0,1,,West,2018/2019,ST ALBANS AVENUE,DOMINION ROAD,,Serious Crash,No,2018,,West,,0,,Hill Road,,,,,,Bright sun,552100,0,1,0,2,,,0,,,,,,Auckland Region,Nil,2-way,Sealed,,0,1,,50,,Null,0,0,,76,Auckland,Nil,,,,,0,0,Urban,0,,,Fine,Null
1754057,5936391,780277,45,506902,1,,0,1,,Null,2017/2018,GLAMORGAN DRIVE,EAST COAST ROAD,,Serious Crash,No,2018,,South,,0,,Hill Road,,,,,,Twilight,166600,0,0,0,4,,,0,,,,,,Auckland Region,Nil,2-way,Sealed,,0,1,,50,,Off,0,0,,76,Auckland,Give way,,,,,0,0,Urban,0,,,Fine,Null
1768700,5900788,780352,,525001,0,0,0,0,0,North,2017/2018,Z CAR PARK,26M N WEYMOUTH ROAD,,Serious Crash,No,2018,0,North,0,0,0,Null,0,,0,,0,Bright sun,752100,0,0,0,,0,0,0,0,2,,0,1,Auckland Region,Nil,Off road,Sealed,0,0,1,0,10,0,Null,1,0,,76,Auckland,Unknown,0,0,0,0,0,0,Urban,2,0,0,Null,Null
1771274,5906758,780495,,523713,0,0,0,2,0,Null,2017/2018,MURPHYS ROAD,TIMMER ROAD,,Serious Crash,No,2018,0,North,0,0,1,Flat,0,,0,,0,Dark,712600,2,0,0,2,0,0,0,0,0,,0,0,Auckland Region,Nil,2-way,Sealed,0,0,1,0,80,0,None,0,0,,76,Auckland,Give way,0,0,0,0,0,0,Open,0,0,0,Fine,Null
1772586,5890922,780528,,521203,0,,0,1,,Null,2018/2019,SH 22,GREAT SOUTH ROAD,,Serious Crash,Yes,2018,,South,,0,,Flat,,,,,,Bright sun,807300,1,0,0,2,,,0,,,,,,Auckland Region,Nil,2-way,Sealed,,0,1,,70,,Null,1,0,,76,Auckland,Give way,,,,,0,0,Urban,0,,,Fine,Null
1823776.915,5978810.966,780580,,521000,0,,0,0,,North,2017/2018,SHOAL BAY ROAD, MULBERRY GROVE ROAD,,Serious Crash,No,2018,,North,,0,,Hill Road,,,,,,Dark,439307,0,0,1,2,,,1,,,,,,Auckland Region,Nil,2-way,Sealed,,0,1,,100,,None,0,0,,76,Auckland,Unknown,,,,,0,0,Open,0,,,Light rain,Null
1759831,5907255,780620,,524111,0,,0,3,,West,2018/2019,SH 20A,BADER OBR,,Serious Crash,Yes,2018,,West,,0,,Flat,,,,,,Overcast,740000,3,0,0,2,,,0,,,,,,Auckland Region,Nil,1-way,Sealed,,0,1,,100,,Null,0,0,,76,Auckland,Unknown,,,,,0,0,Open,2,,,Light rain,Null
1746740,5917341,780726,,512500,0,,0,1,,Null,2018/2019,TE ATATU ROAD,DIVICH AVENUE,,Serious Crash,No,2018,,North,,0,,Flat,,,,,,Bright sun,257601,0,0,0,2,,,0,,,1,,,Auckland Region,Nil,2-way,Sealed,,0,1,,50,,Null,0,0,,76,Auckland,Give way,,,,,0,0,Urban,0,,,Fine,Null
1754515,5912090,780805,,519001,0,,0,1,,Null,2017/2018,DOMINION ROAD,MARYDALE DRIVE,,Serious Crash,No,2018,,South,,0,,Flat,,,,,,Dark,589300,0,0,0,2,,,0,,,1,,,Auckland Region,Nil,2-way,Sealed,,0,1,,50,,On,0,0,,76,Auckland,Nil,,,,,0,0,Urban,0,,,Fine,Null
1761831,5920024,780889,,516400,1,,0,1,,Null,2018/2019,TAMAKI DRIVE,WATENE CRESCENT,,Serious Crash,No,2018,,West,,0,,Flat,,,,,,Bright sun,498900,0,0,0,2,,,0,,,,,,Auckland Region,Nil,2-way,Sealed,,0,1,,50,,Null,0,0,,76,Auckland,Give way,,,,,0,0,Urban,0,,,Fine,Null
1751608,5918018,781388,55,515001,0,,0,0,,North,2018/2019,PT CHEV ON EBD,SH 16,,Serious Crash,Yes,2018,,South,,0,,Flat,,,,,,Dark,392200,1,0,0,3,,,0,,,,,,Auckland Region,Motorway ramp,1-way,Sealed,,0,1,,80,,On,0,0,,76,Auckland,Unknown,,,,,0,0,Open,1,,,Fine,Null
1743047.699,5918280.611,781452,,513220,0,0,0,1,0,North,2018/2019,FERNGROVE AVENUE,MILLCROFT LANE,,Serious Crash,No,2019,0,North,0,0,0,Flat,0,,0,,0,Dark,236609,0,0,0,2,0,0,0,0,0,,0,0,Auckland Region,Nil,2-way,Sealed,0,0,1,0,50,0,On,0,0,,76,Auckland,Unknown,0,0,0,1,0,0,Urban,0,0,0,Fine,Null
1767937,5913677,781503,,523000,0,0,0,1,0,Null,2018/2019,PAKURANGA ROAD,GLENMORE ROAD,,Fatal Crash,No,2018,0,West,0,2,1,Hill Road,0,,1,,0,Dark,690700,0,0,0,2,0,0,0,0,0,,0,1,Auckland Region,Nil,2-way,Sealed,0,0,0,0,60,0,On,0,0,,76,Auckland,Traffic Signals,0,0,0,1,0,0,Urban,0,0,0,Light rain,Frost
1779398.043,5905306.728,781522,,525201,0,,0,0,,South,2018/2019,TWILIGHT ROAD,KIMPTONS ROAD,,Serious Crash,No,2019,,West,,0,,Hill Road,,,,,,Overcast,762000,0,0,1,2,,,0,,,,,,Auckland Region,Nil,2-way,Sealed,,0,1,,100,,None,0,0,,76,Auckland,Unknown,,,,,0,0,Open,0,,,Fine,Null
1757124,5926880,781532,,507900,0,0,0,1,0,South,2017/2018,Z CPK,TAHAROTO ROAD,,Serious Crash,No,2018,0,North,0,0,1,Hill Road,0,,0,,0,Overcast,304000,0,0,0,,0,0,0,0,0,,0,0,Auckland Region,Nil,Off road,Sealed,0,0,1,0,50,0,Null,0,0,,76,Auckland,Unknown,0,0,0,0,0,0,Urban,0,0,0,Fine,Null
1757508.645,5919162.497,781562,,514301,0,,0,1,,Null,2018/2019,GRAFTON ROAD,GRAFTON BRIDGE,,Serious Crash,No,2019,,South,,0,,Hill Road,,,,,,Dark,441200,0,0,0,2,,,0,,,1,,,Auckland Region,Bridge,2-way,Sealed,,0,1,,50,,On,0,0,,76,Auckland,Traffic Signals,,,,,0,0,Urban,0,,,Fine,Null
1765169.502,5909649.61,781570,,521802,0,0,0,2,0,South,2018/2019,SH 1,TRENWITH OBR,,Serious Crash,Yes,2019,0,North,0,0,1,Flat,0,,0,,0,Dark,788400,2,0,0,6,0,0,0,0,0,,0,0,Auckland Region,Nil,2-way,Sealed,0,0,1,0,100,0,On,0,0,,76,Auckland,Unknown,0,0,0,1,0,0,Open,0,0,0,Fine,Null
1752138.557,5955339.847,781655,,506613,0,,0,0,,West,2019/2020,HIBISCUS COAST HWAY,SCHISCHKA ROAD,,Serious Crash,No,2019,,East,,0,,Hill Road,,,,,,Overcast,147000,0,0,1,2,,,0,,,,,,Auckland Region,Nil,2-way,Sealed,,0,1,,80,,Off,0,0,,76,Auckland,Unknown,,,,,0,0,Open,0,,,Light rain,Strong wind
1766907.065,5907641.79,781714,,523602,0,,0,1,,Null,2019/2020,BAIRDS ROAD,EAST TAMAKI ROAD,,Serious Crash,No,2019,,West,,0,,Flat,,,,,,Dark,709300,0,0,1,2,,,0,,,,,,Auckland Region,Nil,2-way,Sealed,,0,1,,50,,On,0,0,,76,Auckland,Traffic Signals,,,,,0,0,Urban,0,,,Fine,Null
1755687.182,5918717.482,781759,,515500,0,,0,1,,East,2017/2018,GREAT NORTH ROAD,KING STREET,,Serious Crash,No,2018,,West,,0,,Flat,,,,,,Overcast,418300,0,1,0,2,,,0,,,,,,Auckland Region,Nil,2-way,Sealed,,0,1,,50,,On,0,0,,76,Auckland,Unknown,,,,,0,0,Urban,0,,,Light rain,Null
1751836.08,5877812.159,781765,,521151,0,,0,0,,Null,2019/2020,OFF ROAD -KARIOTAHI BEACH,,,Serious Crash,No,2019,,Null,,0,,Hill Road,,Christmas New Year,,,,Overcast,831200,0,0,1,,,,0,,,,,,Auckland Region,Nil,Off road,Unsealed,,0,1,,,,None,0,0,,76,Auckland,Unknown,,,,,0,0,Urban,0,,,Light rain,Frost
1760468.137,5913064.022,781816,,520000,0,,0,1,,East,2019/2020,MOUNT SMART ROAD,WAITANGI ROAD,,Serious Crash,No,2020,,East,,0,,Flat,,,,,,Twilight,606201,0,0,0,2,,,0,,,1,,,Auckland Region,Nil,2-way,Sealed,,0,1,,50,,Off,0,0,,76,Auckland,Unknown,,,,,0,0,Urban,0,,,Fine,Null
1753212.532,5914620.813,781948,,518801,0,,0,1,,Null,2019/2020,RICHARDSON ROAD,VALONIA STREET,,Serious Crash,No,2020,,South,,0,,Hill Road,,,,,,Bright sun,578400,0,0,1,2,,,0,,,,,,Auckland Region,Overpass,2-way,Sealed,,0,1,,50,,Off,0,0,,76,Auckland,Give way,,,,,0,0,Urban,0,,,Fine,Null
1766675.198,5903873.105,781950,,524604,0,0,0,2,0,East,2019/2020,020-0000-D,LAMBIE DRIVE OFF RAMP,,Serious Crash,Yes,2019,0,East,0,0,0,Flat,0,,0,,0,Dark,780210,0,0,0,2,0,0,0,0,1,,0,0,Auckland Region,Nil,1-way,Sealed,0,0,1,0,100,0,On,0,0,,76,Auckland,Unknown,0,0,0,0,0,0,Open,0,0,0,Light rain,Null
1768892.911,5905812.415,782014,,523721,0,,0,2,,South,2019/2020,TE IRIRANGI DR (EAST BOUND/MANUKAU) (SW),DAWSON ROAD,,Serious Crash,No,2019,,North,,0,,Flat,,,,,,Overcast,715616,0,0,0,4,,,0,,,,,,Auckland Region,Nil,2-way,Sealed,,0,1,,80,,Off,0,0,,76,Auckland,Unknown,,,,,1,0,Open,0,,,Light rain,Null
1751572.452,5915008.485,782180,,514401,0,0,0,2,0,Null,2018/2019,BLOCKHOUSE BAY ROAD,METHUEN ROAD,,Serious Crash,No,2019,0,South,0,0,0,Flat,0,,0,,0,Dark,380200,3,0,1,2,0,0,0,0,1,,0,0,Auckland Region,Nil,2-way,Sealed,0,0,1,0,50,0,On,0,0,,76,Auckland,Give way,0,0,0,0,0,0,Urban,0,0,0,Fine,Null
1759997.119,5889589.525,782264,35,521122,0,,0,1,,Null,2016/2017,LINWOOD ROAD,KINGSEAT ROAD,,Serious Crash,No,2016,,West,,0,,Flat,,,,,,Bright sun,810901,0,0,0,2,,,0,,,,,,Auckland Region,Nil,2-way,Sealed,,0,1,,70,,None,0,0,,76,Auckland,Stop,,,,,0,0,Urban,1,,,Fine,Null
1757264.346,5876693.76,782338,75,521152,0,,0,2,,Null,2019/2020,WAIUKU ROAD,HALL ROAD,,Serious Crash,No,2019,,North,,0,,Flat,,,,,,Overcast,832900,0,0,0,2,,,0,,,,,,Auckland Region,Nil,2-way,Sealed,,0,1,,100,,None,0,0,,76,Auckland,Stop,,,,,0,0,Open,0,,,Fine,Null
1775413.677,5881785.342,782411,,521160,0,,0,0,,West,2018/2019,"MILL ROAD, BOMBAY, AUCKLAND",BOMBAY OFF RAMP,,Fatal Crash,No,2019,,West,,1,,Hill Road,,,,,,Overcast,827603,0,0,1,2,,,0,,,,,,Auckland Region,Nil,2-way,Sealed,,0,0,,100,,None,1,0,,76,Auckland,Nil,,,,,0,0,Open,0,,,Fine,Null
1771440.609,5885251.197,782459,,521122,0,,0,0,,Null,2018/2019,BUSH ROAD,TUHIMATA ROAD,,Serious Crash,No,2019,,North,,0,,Hill Road,,,,,,Bright sun,813400,0,0,0,2,,,0,,,1,,,Auckland Region,Nil,2-way,Sealed,,0,1,,100,,Off,0,0,,76,Auckland,Give way,,,,,1,0,Open,0,,,Fine,Null
1767470.302,5905706.207,782528,,522302,0,0,0,1,0,North,2019/2020,01N-0431/11.17-D,REAGAN OBR,,Serious Crash,Yes,2019,0,North,0,0,0,Flat,1,,0,,0,Dark,670903,1,0,0,3,0,0,0,0,0,,0,0,Auckland Region,Nil,1-way,Sealed,0,0,1,0,100,0,On,0,0,,76,Auckland,Unknown,0,0,0,1,0,0,Open,1,0,0,Fine,Null
1736205.987,5942200.023,782550,,506646,0,0,0,0,0,North,2019/2020,PEAK RD,CHATHAM ROAD,,Serious Crash,No,2019,0,South,0,0,0,Hill Road,1,,0,,0,Bright sun,211800,0,0,0,2,0,0,0,0,0,,0,0,Auckland Region,Bridge,2-way,Sealed,0,0,1,0,100,0,None,0,0,,76,Auckland,Unknown,0,0,0,0,0,0,Open,1,0,0,Heavy rain,Strong wind