X,Y,OBJECTID,advisorySpeed,areaUnitID,bicycle,bridge,bus,carStationWagon,cliffBank,crashDirectionDescription,crashFinancialYear,crashLocation1,crashLocation2,crashRoadSideRoad,crashSeverity,crashSHDescription,crashYear,debris,directionRoleDescription,ditch,fatalCount,fence,flatHill,guardRail,holiday,houseOrBuilding,intersection,kerb,light,meshblockId,minorInjuryCount,moped,motorcycle,NumberOfLanes,objectThrownOrDropped,otherObject,otherVehicleType,overBank,parkedVehicle,pedestrian,phoneBoxEtc,postOrPole,region,roadCharacter,roadLane,roadSurface,roadworks,schoolBus,seriousInjuryCount,slipOrFlood,speedLimit,strayAnimal,streetLight,suv,taxi,temporarySpeedLimit,tlaId,tlaName,trafficControl,trafficIsland,trafficSign,train,tree,truck,unknownVehicleType,urban,vanOrUtility,vehicle,waterRiver,weatherA,weatherB
1712110.886,5961564.526,782582,,506642,0,,0,0,,North,2019/2020,SOUTH HEAD ROAD,TRIG ROAD,,Serious Crash,No,2020,,South,,0,,Hill Road,,,,,,Bright sun,210100,0,0,1,2,,,0,,,,,,Auckland Region,Nil,2-way,Unsealed,,0,1,,100,,None,0,0,,76,Auckland,Nil,,,,,0,0,Open,1,,,Fine,Strong wind
1738206.528,5923898.582,782666,,505700,0,,0,2,,Null,2018/2019,WAITAKERE ROAD,TAUPAKI ROAD,,Serious Crash,No,2019,,West,,0,,Flat,,,,,,Overcast,216500,1,0,0,2,,,0,,,,,,Auckland Region,Nil,2-way,Sealed,,0,1,,70,,Off,0,0,,76,Auckland,Stop,,,,,0,0,Urban,0,,,Light rain,Null
1756727.806,5915542.632,782677,,518301,0,,0,1,,Null,2019/2020,MOUNT EDEN ROAD,ELLERTON ROAD,,Serious Crash,No,2019,,North,,0,,Flat,,,,,,Bright sun,557800,0,0,1,3,,,0,,,,,,Auckland Region,Nil,2-way,Sealed,,0,1,,50,,Off,0,0,,76,Auckland,Stop,,,,,0,0,Urban,0,,,Fine,Null
1779722.759,5926873.157,782733,,520801,0,0,0,1,0,Null,2018/2019,MANUKA ROAD,MOA AVENUE,,Serious Crash,No,2019,0,East,1,0,0,Flat,0,,0,,0,Dark,516301,1,0,0,2,0,0,0,0,0,,0,0,Auckland Region,Nil,2-way,Sealed,0,0,1,0,50,0,None,0,0,,76,Auckland,Nil,0,0,0,0,0,0,Urban,0,0,0,Fine,Null
1759316.523,5910823.778,782820,,524002,0,,0,2,,North,2017/2018,020-0010/02.54-I,RIMU ROAD ON RAMP,,Serious Crash,Yes,2018,,North,,0,,Hill Road,,,,,,Dark,722400,0,0,0,4,,,0,,,,,,Auckland Region,Bridge,1-way,Sealed,,0,1,,100,,On,0,1,,76,Auckland,Unknown,,,,,0,0,Open,0,,,Fine,Null
1752969.002,5937367.552,783070,55,506300,0,,0,2,,North,2019/2020,EAST COAST RD (SILVERDALE/REDVALE,OKURA RIVER ROAD,,Serious Crash,No,2019,,South,,0,,Hill Road,,,,,,Overcast,176104,0,0,0,2,,,0,,,,,,Auckland Region,Nil,2-way,Sealed,,0,2,,80,,Off,0,0,,76,Auckland,Unknown,,,,,0,0,Open,0,,,Fine,Null
1748849.378,5957649.499,783133,35,506613,0,,0,0,,West,2019/2020,PUHOI ROAD,SLOWATER LANE,,Serious Crash,No,2020,,West,,0,,Hill Road,,,,,,Bright sun,147000,2,0,2,2,,,0,,,,,,Auckland Region,Nil,2-way,Sealed,,0,1,,50,,Off,0,0,,76,Auckland,Nil,,,,,0,0,Urban,0,,,Fine,Null
1747253.577,5913775.727,783274,,511100,0,,0,1,,West,2018/2019,WEST COAST RD (WAITAKERE),CAPTAIN SCOTT ROAD,,Serious Crash,No,2019,,West,,0,,Flat,,,,,,Dark,286200,0,0,0,4,,,0,,,1,,,Auckland Region,Nil,2-way,Sealed,,0,1,,50,,On,0,0,,76,Auckland,Unknown,,,,,0,0,Urban,0,,,Fine,Null
1741762.128,5965737.526,783357,,506613,0,0,0,1,0,West,2019/2020,WOODCOCKS RD,KAPONGA LANE,,Serious Crash,No,2019,0,South,0,0,1,Hill Road,0,,0,,0,Dark,145900,2,0,0,2,0,0,0,0,0,,0,0,Auckland Region,Nil,2-way,Sealed,0,0,1,0,100,0,None,0,0,,76,Auckland,Unknown,0,0,0,1,0,0,Open,0,0,0,Heavy rain,Null
1753375.322,5912189.012,783472,,518902,0,0,0,1,0,North,2018/2019,HILLSBOROUGH ROAD,THE AVENUE,,Serious Crash,No,2019,0,North,0,0,0,Flat,0,,0,,1,Dark,587300,0,0,0,2,0,0,0,0,0,,0,0,Auckland Region,Nil,2-way,Sealed,0,0,1,0,50,0,On,0,0,,76,Auckland,Unknown,0,0,0,0,0,0,Urban,0,0,0,Fine,Null
1768736.828,5881482.051,783628,,525921,0,0,0,0,0,Null,2018/2019,VICTORIA STREET,SEDDON STREET,,Serious Crash,No,2019,0,East,0,0,1,Flat,0,Easter,0,,0,Bright sun,821400,0,0,1,2,0,0,0,0,0,,0,0,Auckland Region,Nil,2-way,Sealed,0,0,1,0,50,0,Off,0,0,,76,Auckland,Give way,0,0,0,0,0,0,Urban,0,0,0,Fine,Frost
1763003.838,5915001.67,783699,,520401,0,,0,1,,Null,2018/2019,ELLERSLIE-PANMURE HIGHWAY,STANHOPE ROAD,,Fatal Crash,No,2019,,East,,1,,Flat,,,,,,Dark,644000,0,0,1,4,,,0,,,,,,Auckland Region,Nil,2-way,Sealed,,0,0,,50,,On,0,0,,76,Auckland,Stop,,,,,0,0,Urban,0,,,Fine,Null
1756091.489,5925933.324,783709,,509702,0,0,0,1,0,North,2018/2019,COLLEGE ROAD,CADNESS STREET,,Serious Crash,No,2018,0,West,0,0,0,Flat,0,,0,,0,Dark,365300,0,0,0,2,0,0,0,0,0,,0,1,Auckland Region,Nil,2-way,Sealed,0,0,1,0,50,0,On,0,0,,76,Auckland,Unknown,0,0,0,0,0,0,Urban,0,0,0,Fine,Null
1758955.894,5911424.861,783866,,519820,0,,1,1,,North,2019/2020,SOUTH-WESTERN MOTORWAY,NEILSON STREET ON RAMP,,Serious Crash,Yes,2020,,North,,0,,Flat,,,,,,Twilight,602402,0,0,0,3,,,0,,,,,,Auckland Region,Nil,1-way,Sealed,,0,1,,100,,On,0,0,,76,Auckland,Nil,,,,,0,0,Open,0,,,Fine,Null
1752838.336,5876857.024,783890,,526103,0,,0,0,,South,2019/2020,SANDSPIT RD (WAIUKU),GLENFIELD CLOSE,,Serious Crash,No,2019,,South,,0,,Flat,,,,,,Overcast,836903,0,0,1,2,,,0,,,,,,Auckland Region,Nil,2-way,Sealed,,0,1,,50,,Off,0,0,,76,Auckland,Nil,,,,,0,0,Urban,1,,,Fine,Null
1741611.238,5983650.349,783953,,506660,0,1,0,1,0,East,2019/2020,WHANGARIPO VALLEY ROAD,TOMARATA VALLEY ROAD,,Serious Crash,No,2019,0,South,0,0,0,Flat,0,,0,,0,Dark,136101,0,0,0,1,0,0,0,0,0,,0,0,Auckland Region,Bridge,2-way,Sealed,0,0,1,0,100,0,None,0,0,,76,Auckland,Unknown,0,0,0,0,0,0,Open,0,0,0,Fine,Null
1747093.837,5926221.69,783969,,513432,1,,0,1,,Null,2019/2020,WISELEY ROAD,CLARK ROAD,,Serious Crash,No,2019,,East,,0,,Hill Road,,,,,,Bright sun,222902,0,0,0,2,,,0,,,,,,Auckland Region,Nil,2-way,Sealed,,0,1,,50,,None,0,0,,76,Auckland,Give way,,,,,0,0,Urban,0,,,Fine,Null
1765961.586,5906417.594,783989,,522202,0,0,0,1,0,Null,2019/2020,GREAT SOUTH ROAD,TUI ROAD,,Serious Crash,No,2019,0,North,0,0,0,Flat,0,,0,,0,Dark,663900,0,0,0,4,0,0,0,0,0,,0,1,Auckland Region,Nil,2-way,Sealed,0,0,1,0,50,0,On,0,0,,76,Auckland,Traffic Signals,0,0,0,0,0,0,Urban,0,0,0,Fine,Null
1761156.004,5915106.65,784060,,520201,1,,0,1,,Null,2018/2019,ROBERT STREET,MAIN HIGHWAY,,Serious Crash,No,2019,,South,,0,,Flat,,,,,,Overcast,610900,0,0,0,2,,,0,,,,,,Auckland Region,Nil,2-way,Sealed,,0,1,,50,,Off,0,0,,76,Auckland,Stop,,,,,0,0,Urban,0,,,Fine,Null
1747889.671,5912504.566,784063,,511901,0,,0,1,,Null,2019/2020,ATKINSON ROAD,NORMAN ROAD,,Serious Crash,No,2020,,South,,0,,Hill Road,,,,,,Bright sun,294401,0,0,1,4,,,0,,,,,,Auckland Region,Nil,2-way,Sealed,,0,1,,50,,Off,0,0,,76,Auckland,Give way,,,,,0,0,Urban,0,,,Fine,Null
1785003.483,5888001.999,784119,35,521132,0,,0,0,,South,2019/2020,ARARIMU RD,KEANEY ROAD,,Serious Crash,No,2019,,North,,0,,Hill Road,,,,,,Overcast,815900,0,0,1,2,,,0,,,,,,Auckland Region,Nil,2-way,Sealed,,0,1,,100,,None,0,0,,76,Auckland,Unknown,,,,,0,0,Open,0,,,Fine,Null
1760573.245,5946141.541,784256,,505910,0,,0,2,,East,2018/2019,GULF HARBOUR DRIVE,PINECREST DRIVE,,Serious Crash,No,2019,,West,,0,,Hill Road,,,,,,Bright sun,175120,0,0,0,2,,,0,,,,,,Auckland Region,Nil,2-way,Sealed,,0,1,,50,,Off,0,0,,76,Auckland,Give way,,,,,0,0,Urban,0,,,Fine,Null
1764840.918,5906916.323,784264,,522201,0,0,0,2,0,Null,2018/2019,"CAMBOURNE ROAD, PAPATOETOE, AUCKLAND",,,Serious Crash,No,2019,0,West,0,0,0,Flat,0,,1,,0,Twilight,661300,2,0,0,2,0,0,0,0,0,3,0,0,Auckland Region,Nil,2-way,Sealed,0,0,1,0,50,0,On,1,0,,76,Auckland,Unknown,0,0,0,0,0,0,Urban,0,0,0,Fine,Null
1757511.303,5919714.819,784342,,514103,0,,0,3,,South,2019/2020,SYMONDS ST (CITY),MOUNT STREET,,Serious Crash,No,2019,,Null,,0,,Hill Road,,,,,,Dark,437000,0,0,0,4,,,0,,,1,,,Auckland Region,Nil,2-way,Sealed,,0,1,,50,,On,0,0,,76,Auckland,Unknown,,,,,0,0,Urban,0,,,Fine,Null
1762089.445,5916960.688,784469,,516301,0,,0,1,,Null,2018/2019,REMUERA ROAD,KORAHA STREET,,Serious Crash,No,2019,,West,,0,,Hill Road,,,,,,Dark,459000,0,1,0,4,,,0,,,,,,Auckland Region,Nil,2-way,Sealed,,0,1,,50,,On,0,0,,76,Auckland,Stop,,,,,0,0,Urban,0,,,Fine,Null
1766007.262,5885068.085,784509,,521122,0,0,0,0,1,East,2019/2020,OSTRICH FARM RD,OSTRICH ROAD,,Fatal Crash,No,2019,0,North,0,1,0,Hill Road,0,,0,,0,Bright sun,813002,0,0,0,2,0,0,0,0,0,,0,0,Auckland Region,Nil,2-way,Sealed,0,0,0,0,100,0,None,0,0,,76,Auckland,Unknown,0,0,0,1,0,0,Open,1,0,0,Fine,Null
1755034.769,5917757.798,784528,,517500,0,,0,1,,East,2019/2020,NEW NORTH RD,WESTERN SPRINGS ROAD,,Serious Crash,No,2019,,East,,0,,Hill Road,,,,,,Bright sun,532000,3,0,0,4,,,0,,,,,,Auckland Region,Nil,2-way,Sealed,,0,1,,50,,Off,1,0,,76,Auckland,Unknown,,,,,0,0,Urban,0,,,Fine,Null
1752409.495,5917893.267,784583,,515003,1,,0,0,,South,2018/2019,CARRINGTON RD,SUTHERLAND ROAD,,Serious Crash,No,2019,,North,,0,,Flat,,,,,,Overcast,391602,0,0,0,2,,,0,,,,,,Auckland Region,Nil,2-way,Sealed,,0,1,,50,,Off,1,0,,76,Auckland,Unknown,,,,,0,0,Urban,0,,,Fine,Null
1742019.148,5918090.39,784758,,513214,0,,0,1,,Null,2018/2019,HETHERINGTON ROAD,MILI WAY SOUTH,,Serious Crash,No,2019,,South,,0,,Hill Road,,,,,,Bright sun,238404,1,0,0,2,,,0,,,,,,Auckland Region,Nil,2-way,Sealed,,0,1,,50,,Off,0,0,,76,Auckland,Give way,,,,,0,0,Urban,1,,,Fine,Null
1765549.571,5906993.298,784781,,522301,0,,0,2,,Null,2019/2020,GREAT SOUTH ROAD,EAST TAMAKI ROAD,,Serious Crash,No,2019,,South,,0,,Flat,,,,,,Dark,666200,0,0,0,5,,,0,,,,,,Auckland Region,Nil,2-way,Sealed,,0,1,,50,,On,0,0,,76,Auckland,Traffic Signals,,,,,0,0,Urban,1,,,Fine,Null
1758997.645,5920456.879,784839,,514101,0,,0,1,,Null,2018/2019,THE STRAND,GLADSTONE ROAD,,Serious Crash,Yes,2019,,South,,0,,Flat,,,,,,Dark,438223,0,1,0,4,,,0,,,,,,Auckland Region,Nil,2-way,Sealed,,0,1,,50,,On,0,0,,76,Auckland,Give way,,,,,0,0,Urban,0,,,Fine,Frost
1775986.777,5881946.904,784840,,521160,0,,0,2,,Null,2018/2019,MILL ROAD,BOMBAY OFF RAMP,,Serious Crash,No,2019,,East,,0,,Flat,,,,,,Bright sun,827604,2,0,0,2,,,0,,,,,,Auckland Region,Overpass,2-way,Sealed,,0,1,,60,,Off,0,0,,76,Auckland,Stop,,,,,0,0,Urban,0,,,Fine,Null
1767162.041,5900111.267,784880,,525101,0,,0,2,,Null,2019/2020,WEYMOUTH ROAD,MINTON PLACE,,Serious Crash,No,2020,,East,,0,,Flat,,,,,,Overcast,772903,4,0,0,2,,,0,,,,,,Auckland Region,Nil,2-way,Sealed,,0,1,,50,,Off,0,0,,76,Auckland,Nil,,,,,0,0,Urban,0,,,Fine,Null
1748312.395,5913311.259,784996,,511100,0,,0,2,,Null,2019/2020,CROYDON ROAD,TOMO STREET,,Serious Crash,No,2019,,North,,0,,Hill Road,,Labour Weekend,,,,Dark,286803,0,0,0,2,,,0,,,,,,Auckland Region,Nil,2-way,Sealed,,0,1,,50,,On,0,0,,76,Auckland,Stop,,,,,0,0,Urban,0,,,Fine,Null
1770095.502,5914443.75,785025,,522722,0,0,0,1,1,Null,2019/2020,HIGHLAND PARK DRIVE,ABERFELDY AVENUE,,Serious Crash,No,2019,0,West,0,0,0,Flat,0,,0,,0,Bright sun,681329,0,0,0,2,0,0,0,0,0,,0,0,Auckland Region,Nil,2-way,Sealed,0,0,1,0,50,0,Off,0,0,,76,Auckland,Give way,0,0,0,0,0,0,Urban,0,0,0,Fine,Null
1758714.932,5920161.791,785168,,515902,0,,0,1,,East,2019/2020,CHURTON ST,BRADFORD ST,,Serious Crash,No,2019,,North,,0,,Flat,,,,,,Overcast,453103,0,0,0,1,,,0,,,,,,Auckland Region,Nil,1-way,Sealed,,0,1,,30,,Off,0,0,,76,Auckland,Nil,,,,,1,0,Urban,0,,,Light rain,Null
1756281.25,5919190.584,785174,,514200,1,,0,1,,Null,2018/2019,NEWTON ROAD,CHAPMAN STREET,,Serious Crash,No,2019,,North,,0,,Hill Road,,,,,,Bright sun,411700,0,0,0,5,,,0,,,1,,,Auckland Region,Nil,2-way,Sealed,,0,1,,50,,Off,0,0,,76,Auckland,Traffic Signals,,,,,0,0,Urban,0,,,Fine,Null
1743123.285,5923869.084,785216,,513410,0,0,0,1,0,Null,2019/2020,FRED TAYLOR DRIVE,BAKER LANE,,Serious Crash,No,2020,0,South,0,0,1,Flat,0,,0,,0,Overcast,226401,0,0,0,2,0,0,0,0,0,,0,0,Auckland Region,Nil,2-way,Sealed,0,0,1,0,80,0,Off,0,0,,76,Auckland,Nil,0,0,0,0,0,0,Open,0,0,0,Heavy rain,Null
1765264.39,5920055.097,785277,,516700,0,,0,0,,Null,2018/2019,TAMAKI DRIVE,THE PARADE,,Serious Crash,No,2019,,South,,0,,Flat,,,,,,Bright sun,509100,1,0,1,2,,,0,,,,,,Auckland Region,Nil,2-way,Sealed,,0,1,,50,,Off,0,0,,76,Auckland,Give way,,,,,0,0,Urban,1,,,Fine,Null
1772914.678,5890719.199,785349,,521301,0,,0,1,,Null,2018/2019,GREAT SOUTH ROAD,PITT ROAD,,Serious Crash,No,2019,,North,,0,,Flat,,,,,,Overcast,809200,1,0,0,2,,,0,,,,,,Auckland Region,Nil,2-way,Unsealed,,0,1,,100,,Off,0,0,,76,Auckland,Give way,,,,,1,0,Open,0,,,Light rain,Null
1756775.402,5920177.756,785561,,514102,1,,0,0,,Null,2019/2020,NELSON STREET,COOK STREET,,Serious Crash,No,2019,,North,,0,,Hill Road,,,,,,Overcast,434500,0,0,0,5,,,0,,,,,,Auckland Region,Nil,1-way,Sealed,,0,1,,50,,Off,0,0,,76,Auckland,Traffic Signals,,,,,0,0,Urban,0,,,Mist or Fog,Null
1749227.88,5883610.695,785589,,521151,0,0,0,0,0,East,2019/2020,AWHITU RD,TE TORO ROAD,,Serious Crash,No,2019,0,North,0,0,1,Flat,0,,0,,0,Overcast,830600,0,0,0,2,0,0,0,0,0,,0,0,Auckland Region,Nil,2-way,Sealed,0,0,1,0,100,0,None,0,0,,76,Auckland,Unknown,0,0,0,0,0,0,Open,1,0,0,Fine,Null
1760049.594,5913315.331,785597,,519900,0,,0,0,,Null,2018/2019,NAMATA ROAD,PAIHIA ROAD,,Serious Crash,No,2019,,South,,0,,Flat,,,,,,Bright sun,603700,0,0,0,2,,,0,,,1,,,Auckland Region,Nil,2-way,Sealed,,0,1,,50,,Off,0,0,,76,Auckland,Nil,,,,,0,0,Urban,1,,,Fine,Null
1770161.219,5914661.689,785656,,522722,0,,0,1,,East,2019/2020,PAKURANGA ROAD,HUTCHINSONS ROAD,,Serious Crash,No,2020,,West,,0,,Flat,,,,,,Overcast,681309,1,0,1,4,,,0,,,,,,Auckland Region,Nil,2-way,Sealed,,0,1,,60,,Off,0,0,,76,Auckland,Nil,,,,,0,0,Urban,0,,,Fine,Null
1754890.769,5935919.717,785680,,507101,0,0,0,1,0,Null,2018/2019,"CARLISLE ROAD, BROWNS BAY",LIMMER PLACE,,Serious Crash,No,2019,0,East,0,0,0,Flat,0,,0,,0,Bright sun,159601,0,0,0,2,0,0,0,0,1,,0,0,Auckland Region,Nil,2-way,Sealed,0,0,1,0,50,0,Off,0,0,,76,Auckland,Unknown,0,0,0,0,0,0,Urban,1,0,0,Fine,Null
1749043.978,5946952.12,785750,,505806,0,,0,1,,Null,2018/2019,WAINUI ROAD,COLIN CHESTER DRIVE,,Serious Crash,No,2019,,South,,0,,Flat,,,,,,Bright sun,176604,0,0,0,2,,,0,,,,,,Auckland Region,Nil,2-way,Sealed,,0,1,,50,,Off,0,0,,76,Auckland,Give way,,,,,0,0,Urban,1,,,Fine,Null
1762000.968,5906310.893,785833,,524200,0,,0,1,,South,2017/2018,020-0000-I,MASSEY ROAD OFF RAMP,,Serious Crash,Yes,2018,,North,,0,,Flat,,,,,,Dark,728700,2,0,0,2,,,0,,,,,,Auckland Region,Nil,1-way,Sealed,,0,2,,100,,On,2,0,,76,Auckland,Unknown,,,,,0,0,Open,1,,,Light rain,Null
1761355.572,5920135.634,785841,,516400,0,0,0,1,0,West,2019/2020,TAMAKI DR,POKANOA POINT ENT,,Serious Crash,No,2019,0,East,0,0,0,Flat,0,,0,,0,Dark,496600,2,0,0,2,0,0,0,0,0,,0,1,Auckland Region,Nil,2-way,Sealed,0,0,1,0,50,0,On,0,0,,76,Auckland,Unknown,0,0,0,0,0,0,Urban,0,0,0,Light rain,Null
1747478.324,5914716.041,785899,,511800,0,,0,1,,Null,2019/2020,GREAT NORTH ROAD,GLENVIEW ROAD,,Serious Crash,No,2019,,North,,0,,Hill Road,,,,,,Dark,277902,0,0,0,4,,,0,,,,,,Auckland Region,Nil,2-way,Sealed,,0,1,,50,,On,2,0,,76,Auckland,Traffic Signals,,,,,0,0,Urban,0,,,Fine,Null
1743532.885,5920364.992,786011,,513622,1,,0,3,,Null,2019/2020,DON BUCK ROAD,ALDERN ROAD,,Fatal Crash,No,2019,,South,,1,,Flat,,,,,,Bright sun,226902,0,0,0,2,,,0,,,,,,Auckland Region,Nil,2-way,Sealed,,0,0,,50,,Off,0,0,,76,Auckland,Give way,,,,,0,0,Urban,0,,,Fine,Null
1754188.005,5916968.822,786263,,517600,0,,0,1,,Null,2020/2021,ST LUKES ROAD,TAYLORS ROAD,,Serious Crash,No,2021,,North,,0,,Flat,,,,,,Bright sun,535000,0,0,0,4,,,0,,,1,,,Auckland Region,Nil,2-way,Sealed,,0,1,,50,,Off,0,0,,76,Auckland,Stop,,,,,0,0,Urban,0,,,Fine,Null
1748179.426,5919078.649,786367,,514801,0,,0,0,,Null,2020/2021,OFF ROAD - SPPEDWAY TRACK,,,Serious Crash,No,2021,,North,,0,,Flat,,,,,,Dark,389300,0,0,0,,,,0,,,,,,Auckland Region,Nil,Off road,Unsealed,,0,1,,10,,None,0,0,,76,Auckland,Nil,,,,,0,0,Urban,1,,,Fine,Null
1748678.281,5925401.055,786431,,513431,0,,0,0,,Null,2020/2021,SCOTT ROAD,TURRET LANE,,Serious Crash,No,2020,,West,,0,,Flat,,,,,,Bright sun,222903,0,0,0,2,,,0,,,1,,,Auckland Region,Nil,2-way,Sealed,,0,1,,50,,Off,0,0,,76,Auckland,Give way,,,,,0,0,Urban,1,,,Fine,Null
1756338.611,5944024.422,786455,,505909,0,,0,0,,Null,2020/2021,WHANGAPARAOA ROAD,WADE RIVER ROAD,,Serious Crash,No,2020,,North,,0,,Flat,,,,,,Bright sun,174013,0,0,0,4,,,0,,,1,,,Auckland Region,Nil,2-way,Sealed,,0,1,,50,,Off,0,0,,76,Auckland,Traffic Signals,,,,,0,0,Urban,1,,,Fine,Null
1747187.317,5943602.245,786500,,506300,0,,0,0,,Null,2020/2021,WILKS ROAD,DAIRY FLAT HIGHWAY,,Serious Crash,No,2020,,North,,0,,Flat,,,,,,Bright sun,175903,0,0,1,2,,,0,,,,,,Auckland Region,Nil,2-way,Sealed,,0,1,,80,,Off,0,0,,76,Auckland,Stop,,,,,0,0,Open,0,,,Fine,Null
1769030.541,5905775.347,786508,,523721,0,,0,0,,South,2020/2021,DAWSON ROAD,TE IRIRANGI DRIVE,,Serious Crash,No,2021,,North,,0,,Flat,,,,,,Dark,715606,1,0,1,2,,,0,,,,,,Auckland Region,Nil,2-way,Sealed,,0,1,,50,,On,0,0,,76,Auckland,Nil,,,,,0,0,Urban,1,,,Fine,Null
1756289.117,5920885.13,786552,,514101,0,,1,0,,Null,2021/2022,FANSHAWE STREET OFF RAMP,BEAUMONT STREET,,Serious Crash,No,2021,,East,,0,,Flat,,,,,,Dark,432400,1,0,0,2,,,0,,,2,,,Auckland Region,Motorway ramp,1-way,Sealed,,0,1,,50,,On,0,0,,76,Auckland,Traffic Signals,,,,,0,0,Urban,0,,,Fine,Null
1739586.132,5977557.464,786555,,506660,0,,0,1,,North,2020/2021,SH 1,RIVER ROAD,,Serious Crash,Yes,2020,,North,,0,,Flat,,,,,,Bright sun,136700,1,0,0,2,,,0,,,,,,Auckland Region,Nil,2-way,Sealed,,0,2,,80,,None,1,0,50,76,Auckland,Nil,,,,,1,0,Open,0,,,Fine,Null
1769094.456,5907515.843,786593,,523711,0,,0,2,,East,2021/2022,ORMISTON ROAD,FLORENCE CARTER AVENUE,,Serious Crash,No,2021,,East,,0,,Flat,,,,,,Dark,712801,0,0,0,4,,,0,,,,,,Auckland Region,Nil,2-way,Sealed,,0,1,,60,,On,0,0,,76,Auckland,Nil,,,,,0,0,Urban,0,,,Fine,Null
1765472.086,5908890.25,786643,,523403,0,0,0,0,0,North,2020/2021,SOUTHERN MOTORWAY,HIGHBROOK OBR,,Fatal Crash,Yes,2021,0,North,0,3,0,Flat,1,,0,,0,Dark,700200,2,0,0,3,0,0,0,0,0,,0,0,Auckland Region,Nil,1-way,Sealed,0,0,1,0,100,0,On,2,0,,76,Auckland,Nil,0,0,0,0,0,0,Open,0,0,0,Light rain,Null
1753789.041,5917815.523,786652,,517800,0,,0,0,,South,2020/2021,ST LUKES ROAD,LINWOOD AVENUE,,Serious Crash,No,2020,,North,,0,,Flat,,,,,,Bright sun,526801,0,1,0,2,,,0,,,,,,Auckland Region,Nil,2-way,Sealed,,0,1,,50,,Off,0,0,,76,Auckland,Nil,,,,,0,0,Urban,0,,,Fine,Null
1770481.016,5911265.183,786690,,523109,0,0,0,2,0,South,2019/2020,TI RAKAU DRIVE,MCDONALDS ENT,,Serious Crash,No,2020,0,West,0,0,0,Flat,0,,0,,0,Bright sun,711709,1,0,0,4,0,0,0,0,0,,0,1,Auckland Region,Nil,1-way,Sealed,0,0,1,0,60,0,Off,0,0,,76,Auckland,Traffic Signals,0,0,0,0,0,0,Urban,0,0,0,Fine,Strong wind
1750486.579,5954862.149,786735,,506201,0,,0,0,,South,2020/2021,NORTHERN GATEWAY TOLL ROAD,WAIWERA VIADUCT MID,,Serious Crash,Yes,2021,,South,,0,,Hill Road,,Easter,,,,Bright sun,176204,0,0,1,2,,,0,,,,,,Auckland Region,Bridge,1-way,Sealed,,0,1,,100,,Off,0,0,,76,Auckland,Nil,,,,,0,0,Open,0,,,Fine,Null
1759330.801,5919545.316,786938,,515902,0,,0,0,,Null,2020/2021,GLADSTONE ROAD,ST STEPHENS AVENUE,,Serious Crash,No,2021,,South,,0,,Flat,,,,,,Twilight,455400,0,0,1,2,,,0,,,,,,Auckland Region,Nil,2-way,Sealed,,0,1,,50,,Off,0,0,,76,Auckland,Give way,,,,,0,0,Urban,0,,,Fine,Null
1791415.212,5908804.056,787047,,525202,0,0,0,1,0,North,2021/2022,CLEVEDON-KAWAKAWA ROAD,TUREI ROAD,,Fatal Crash,No,2021,0,East,0,1,0,Hill Road,0,Labour Weekend,0,,0,Overcast,764800,0,0,0,2,0,0,0,0,0,,0,1,Auckland Region,Nil,2-way,Sealed,0,0,1,0,60,0,None,0,0,,76,Auckland,Nil,0,0,0,0,0,0,Urban,0,0,0,Light rain,Strong wind
1764274.895,5904089.679,787250,,524604,0,0,0,0,0,Null,2020/2021,PUHINUI ROAD,CAVENDISH DRIVE,,Serious Crash,Yes,2020,0,South,0,0,0,Flat,0,,0,,0,Bright sun,781100,0,0,0,2,0,0,0,0,0,,0,0,Auckland Region,Motorway ramp,1-way,End of seal,0,0,1,0,60,0,Off,0,0,,76,Auckland,Nil,0,0,0,1,0,0,Urban,1,0,0,Fine,Null
1754636.35,5933932.457,787300,,507200,0,0,0,1,0,North,2020/2021,ARRAN ROAD,EAST COAST ROAD,,Serious Crash,No,2021,0,South,0,0,0,Flat,0,,0,,0,Overcast,156506,0,0,1,2,0,0,0,0,1,,0,0,Auckland Region,Nil,2-way,Sealed,0,0,1,0,50,0,Off,0,0,,76,Auckland,Nil,0,0,0,0,0,0,Urban,0,0,0,Fine,Null
1760859.156,5907160.615,787573,,524112,0,0,0,1,0,South,2020/2021,SOUTH-WESTERN MOTORWAY,BADER OBR,,Serious Crash,Yes,2021,0,North,0,0,0,Flat,1,,0,,0,Dark,742102,0,0,0,2,0,0,0,0,0,,0,0,Auckland Region,Nil,1-way,Sealed,0,0,1,0,100,0,On,0,0,,76,Auckland,Nil,0,0,0,0,0,0,Open,0,0,0,Fine,Null
1754876.125,5917799.408,787602,,517500,0,0,0,1,0,Null,2020/2021,WESTERN SPRINGS ROAD,SCHOOL ROAD,,Serious Crash,No,2020,0,South,0,0,0,Flat,0,,0,,0,Dark,530600,0,0,1,2,0,0,0,0,1,,0,0,Auckland Region,Nil,2-way,Sealed,0,0,1,0,50,0,On,0,0,,76,Auckland,Stop,0,0,0,0,0,0,Urban,0,0,0,Light rain,Null