X,Y,OBJECTID,advisorySpeed,areaUnitID,bicycle,bridge,bus,carStationWagon,cliffBank,crashDirectionDescription,crashFinancialYear,crashLocation1,crashLocation2,crashRoadSideRoad,crashSeverity,crashSHDescription,crashYear,debris,directionRoleDescription,ditch,fatalCount,fence,flatHill,guardRail,holiday,houseOrBuilding,intersection,kerb,light,meshblockId,minorInjuryCount,moped,motorcycle,NumberOfLanes,objectThrownOrDropped,otherObject,otherVehicleType,overBank,parkedVehicle,pedestrian,phoneBoxEtc,postOrPole,region,roadCharacter,roadLane,roadSurface,roadworks,schoolBus,seriousInjuryCount,slipOrFlood,speedLimit,strayAnimal,streetLight,suv,taxi,temporarySpeedLimit,tlaId,tlaName,trafficControl,trafficIsland,trafficSign,train,tree,truck,unknownVehicleType,urban,vanOrUtility,vehicle,waterRiver,weatherA,weatherB
1761365.951,5919578.887,787606,35,516400,0,,0,1,,North,2019/2020,NGAPIPI ROAD,PARITAI DRIVE,,Serious Crash,No,2020,,North,,0,,Hill Road,,,,,,Dark,497000,1,0,0,2,,,0,,,,,,Auckland Region,Nil,2-way,Sealed,,0,1,,50,,On,0,0,,76,Auckland,Unknown,,,,,0,0,Urban,1,,,Light rain,Null
1766558.87,5913110.331,787665,,522920,0,,0,1,,South,2020/2021,TI RAKAU DRIVE,AYLESBURY STREET,,Serious Crash,No,2021,,North,,0,,Flat,,,,,,Bright sun,683900,0,0,0,6,,,0,,,1,,,Auckland Region,Nil,2-way,Sealed,,0,1,,60,,Off,0,0,,76,Auckland,Nil,,,,,0,0,Urban,0,,,Fine,Null
1756271.794,5919210.732,787702,,514200,0,0,0,1,0,Null,2020/2021,NEWTON ROAD,ABBEY STREET,,Serious Crash,No,2021,0,South,0,0,0,Hill Road,1,,0,,0,Bright sun,411700,1,0,0,4,0,0,0,0,0,1,0,0,Auckland Region,Nil,2-way,Sealed,0,0,1,0,50,0,Off,0,0,,76,Auckland,Stop,0,1,0,0,0,0,Urban,0,0,0,Fine,Null
1765233.434,5901028.241,787758,,524821,0,0,0,0,0,West,2020/2021,FINLAYSON AVENUE,KOPU PLACE,,Serious Crash,No,2021,0,North,0,0,0,Hill Road,0,,0,,1,Overcast,774443,0,0,1,2,0,0,0,0,0,,0,0,Auckland Region,Nil,2-way,Sealed,0,0,1,0,50,0,None,0,0,,76,Auckland,Nil,0,0,0,0,0,0,Urban,0,0,0,Fine,Null
1766540.408,5913274.764,787762,,522910,0,,0,1,,Null,2020/2021,PAKURANGA ROAD,TI RAKAU DRIVE,,Fatal Crash,No,2021,,West,,1,,Flat,,,,,,Bright sun,684000,0,0,1,3,,,0,,,,,,Auckland Region,Nil,1-way,Sealed,,0,0,,60,,Off,0,0,40,76,Auckland,Traffic Signals,,,,,0,0,Urban,0,,,Fine,Null
1762090.429,5916960.061,787792,,516302,1,,0,1,,Null,2020/2021,REMUERA ROAD,KORAHA STREET,,Serious Crash,No,2021,,West,,0,,Hill Road,,,,,,Bright sun,463300,0,0,0,4,,,0,,,,,,Auckland Region,Nil,2-way,Sealed,,0,1,,50,,Off,0,0,,76,Auckland,Stop,,,,,0,0,Urban,0,,,Fine,Null
1729166.076,5939778.504,787825,,506800,0,0,0,0,0,South,2019/2020,MILL ROAD,BAKER STREET,,Serious Crash,Yes,2020,0,South,0,0,0,Flat,0,,0,,0,Twilight,209000,0,0,0,2,0,0,0,0,0,,0,0,Auckland Region,Nil,2-way,Sealed,0,0,1,0,70,0,Off,0,0,,76,Auckland,Nil,0,1,0,0,0,0,Urban,1,0,0,Light rain,Null
1737138.164,5960821.969,787871,,506613,0,,0,1,,North,2020/2021,WEST COAST ROAD,PARKER ROAD,,Fatal Crash,No,2021,,South,,1,,Hill Road,,,,,,Bright sun,146500,0,0,1,2,,,0,,,,,,Auckland Region,Nil,2-way,Sealed,,0,0,,100,,None,0,0,,76,Auckland,Nil,,,,,0,0,Open,0,,,Fine,Null
1740489.905,5918868.747,787938,,513101,0,,0,0,,East,2020/2021,SWANSON ROAD,KNOX ROAD,,Serious Crash,No,2020,,West,,0,,Flat,,,,,,Dark,237600,0,0,0,2,,,0,,,1,,,Auckland Region,Nil,2-way,Sealed,,0,1,,50,,On,0,0,,76,Auckland,Nil,,,,,0,0,Urban,0,,,Light rain,Null
1762395.049,5917192.218,787966,,516301,0,0,0,0,0,Null,2020/2021,WAIATARUA ROAD,KEITH AVENUE,,Serious Crash,No,2021,0,South,0,0,1,Hill Road,0,,0,,1,Bright sun,458900,0,0,1,2,0,0,0,0,0,,0,0,Auckland Region,Nil,2-way,Sealed,0,0,1,0,50,0,Off,0,0,,76,Auckland,Nil,0,0,0,1,0,0,Urban,0,0,0,Fine,Null
1752156.836,5917991.775,787967,,515001,0,0,0,1,0,West,2020/2021,NORTH-WESTERN MOTORWAY,SH 20,,Serious Crash,Yes,2021,0,West,0,0,0,Flat,1,,0,,0,Bright sun,392400,0,0,1,2,0,0,0,0,0,,0,0,Auckland Region,Nil,1-way,Sealed,0,0,1,0,100,0,Off,0,0,,76,Auckland,Nil,0,0,0,0,0,0,Open,1,0,0,Fine,Null
1741671.011,5929884.044,788026,,505603,1,,0,1,,Null,2020/2021,COATESVILLE-RIVERHEAD HIGHWAY,RIVERHEAD POINT DRIVE,,Serious Crash,No,2020,,South,,0,,Flat,,,,,,Bright sun,214401,0,0,0,2,,,0,,,,,,Auckland Region,Nil,2-way,Sealed,,0,1,,50,,Off,0,0,,76,Auckland,Give way,,,,,0,0,Urban,0,,,Fine,Null
1771057.656,5900814.019,788037,,523816,0,0,0,1,0,South,2020/2021,PORCHESTER ROAD,TAIPAN PLACE,,Serious Crash,No,2021,0,South,0,0,0,Flat,0,,0,,0,Dark,759730,0,0,0,2,0,0,0,0,0,,0,1,Auckland Region,Nil,2-way,Sealed,0,0,1,0,60,0,On,0,0,,76,Auckland,Unknown,0,0,0,0,0,0,Urban,0,0,0,Fine,Null
1765599.162,5901561.934,788138,,524604,0,,0,1,,North,2020/2021,ROSCOMMON ROAD,BROWNS ROAD,,Serious Crash,No,2020,,South,,0,,Flat,,,,,,Overcast,781302,0,0,1,2,,,0,,,,,,Auckland Region,Nil,1-way,Sealed,,0,1,,60,,Off,1,0,,76,Auckland,Nil,,,,,0,0,Urban,0,,,Heavy rain,Null
1774012.772,5897575.848,788224,,525630,0,0,0,3,0,North,2020/2021,COSGRAVE ROAD,OLD WAIROA ROAD,,Serious Crash,No,2020,0,South,0,0,0,Flat,0,,0,,0,Bright sun,795700,2,0,0,2,0,0,0,0,1,,0,0,Auckland Region,Nil,2-way,Sealed,0,0,1,0,50,0,Off,0,0,,76,Auckland,Nil,0,0,0,0,0,0,Urban,1,0,0,Fine,Null
1765753.247,5898541.685,788346,,524812,0,,0,0,,Null,2020/2021,WEYMOUTH ROAD,BLANES ROAD,,Fatal Crash,No,2020,,South,,1,,Flat,,,,,,Twilight,774301,0,0,1,2,,,0,,,,,,Auckland Region,Nil,2-way,Sealed,,0,0,,50,,On,0,0,,76,Auckland,Give way,,,,,0,0,Urban,1,,,Fine,Null
1755623.931,5925408.204,788383,,509702,0,,0,0,,North,2020/2021,LAKE ROAD,KORORO STREET,,Fatal Crash,No,2020,,North,,1,,Hill Road,,,,,,Bright sun,366100,0,0,0,2,,,0,,,1,,,Auckland Region,Nil,2-way,Sealed,,0,0,,50,,Off,0,0,,76,Auckland,Nil,,,,,0,0,Urban,1,,,Fine,Null
1751551.954,5912353.437,788388,,514700,0,,0,1,,Null,2019/2020,BLOCKHOUSE BAY ROAD,DONOVAN STREET,,Serious Crash,No,2020,,East,,0,,Flat,,,,,,Bright sun,368700,0,0,1,2,,,0,,,,,,Auckland Region,Nil,2-way,Sealed,,0,1,,50,,Off,0,0,,76,Auckland,Give way,,,,,0,0,Urban,0,,,Fine,Null
1756075.59,5919375.131,788389,,515420,0,,0,1,,Null,2019/2020,PONSONBY ROAD,CRUMMER ROAD,,Fatal Crash,No,2020,,North,,1,,Flat,,Queens Birthday,,,,Dark,411000,0,0,0,4,,,0,,,1,,,Auckland Region,Nil,2-way,Sealed,,0,0,,40,,On,0,0,,76,Auckland,Traffic Signals,,,,,0,0,Urban,0,,,Heavy rain,Null
1783341.584,5905820.41,788426,,525201,0,0,0,1,0,West,2020/2021,CLEVEDON-KAWAKAWA ROAD,ATCHISON BR,,Fatal Crash,No,2020,0,East,1,2,0,Flat,0,Christmas New Year,0,,0,Bright sun,764400,0,0,0,2,0,0,0,0,0,,0,1,Auckland Region,Nil,2-way,Sealed,0,0,0,0,100,0,None,0,0,,76,Auckland,Nil,0,0,0,1,0,0,Open,0,0,0,Fine,Null
1754211.121,5914714.033,788441,,518801,0,0,0,0,0,South,2020/2021,SANDRINGHAM ROAD EXTENSION,O'DONNELL AVENUE,,Serious Crash,No,2021,0,South,0,0,0,Flat,0,,0,,1,Dark,576800,0,0,0,2,0,0,0,0,0,1,0,0,Auckland Region,Nil,2-way,Sealed,0,0,1,0,50,0,On,0,0,,76,Auckland,Nil,0,0,0,0,0,0,Urban,0,0,0,Fine,Null
1766519.028,5912825.862,788609,,522920,0,0,0,1,0,South,2020/2021,PAKURANGA HIGHWAY,TI RAKAU DRIVE,,Serious Crash,No,2020,0,West,0,0,0,Flat,0,,0,,0,Dark,683800,0,0,0,4,0,0,0,0,0,,0,1,Auckland Region,Nil,2-way,Unsealed,0,0,1,0,80,0,On,0,0,,76,Auckland,Unknown,0,0,0,0,0,0,Open,0,0,0,Light rain,Null
1769326.835,5904331.868,788645,,523820,0,0,0,0,1,North,2019/2020,GOODWOOD DR,EWHURST PLACE,,Serious Crash,No,2019,0,Null,0,0,0,Hill Road,0,,0,,0,Bright sun,760134,0,0,0,2,0,0,0,0,0,,0,0,Auckland Region,Nil,2-way,Sealed,0,0,1,0,50,0,Off,0,0,,76,Auckland,Unknown,0,0,0,0,0,1,Urban,0,0,0,Fine,Null
1736941.479,5932796.926,788654,,506653,0,,0,0,,Null,2020/2021,OLD NORTH ROAD,ARARIMU VALLEY ROAD,,Serious Crash,No,2020,,West,,0,,Flat,,Labour Weekend,,,,Bright sun,217000,0,0,1,2,,,0,,,,,,Auckland Region,Nil,2-way,Sealed,,0,1,,80,,Off,1,0,,76,Auckland,Stop,,,,,0,0,Open,0,,,Fine,Null
1764560.471,5912033.902,788668,,520500,0,0,0,1,0,North,2019/2020,01N-0431-I,MOUNT WELLINGTON HWY ON RAMP,,Serious Crash,Yes,2019,0,South,0,0,0,Flat,0,,0,,0,Dark,639601,2,0,0,3,0,0,0,0,0,,0,0,Auckland Region,Nil,1-way,Sealed,0,0,2,0,100,0,On,0,0,,76,Auckland,Unknown,0,0,0,1,0,0,Open,0,0,0,Heavy rain,Strong wind
1769359.212,5916526.246,788841,,522604,0,,0,1,,Null,2019/2020,ARA TAI,PIGEON MOUNTAIN ROAD,,Serious Crash,No,2020,,North,,0,,Hill Road,,,,,,Overcast,677700,2,0,0,2,,,0,,,4,,,Auckland Region,Nil,2-way,Sealed,,0,3,,50,,Off,0,0,,76,Auckland,Nil,,,,,0,0,Urban,0,,,Heavy rain,Null
1767322.174,5904888.066,788947,,524603,0,,0,1,,Null,2019/2020,CAVENDISH DRIVE,GREAT SOUTH ROAD,,Serious Crash,No,2020,,South,,0,,Flat,,,,,,Overcast,780205,0,0,1,5,,,0,,,,,,Auckland Region,Nil,2-way,Sealed,,0,1,,50,,Off,0,0,,76,Auckland,Nil,,,,,0,0,Urban,0,,,Fine,Null
1732877.096,5949183.485,788979,,506646,0,,0,0,,North,2019/2020,016-0047,MCLACHLAN ROAD,,Serious Crash,Yes,2019,,West,,0,,Flat,,,,,,Overcast,212401,0,0,1,2,,,0,,,,,,Auckland Region,Nil,2-way,Sealed,,0,1,,100,,None,0,0,,76,Auckland,Nil,,,,,0,0,Open,1,,,Fine,Null
1758809.272,5908144.86,789009,,524002,0,0,0,1,0,South,2020/2021,KIRKBRIDE ROAD,TAPUWAE WAY,,Serious Crash,No,2020,0,South,0,0,0,Flat,0,,0,,0,Dark,725601,0,0,0,2,0,0,0,0,0,,0,0,Auckland Region,Nil,2-way,Sealed,0,0,1,0,50,0,On,0,0,,76,Auckland,Nil,0,0,0,1,0,0,Urban,0,0,0,Light rain,Null
1755490.883,5912057.844,789043,,519002,0,,0,1,,Null,2020/2021,RICHARDSON ROAD,ROGAN STREET,,Serious Crash,No,2020,,East,,0,,Hill Road,,,,,,Overcast,591100,0,0,1,2,,,0,,,,,,Auckland Region,Nil,2-way,Sealed,,0,1,,50,,Off,0,0,,76,Auckland,Nil,,,,,0,0,Urban,0,,,Light rain,Null
1771166.106,5915560.868,789169,,521501,0,0,0,1,0,South,2019/2020,BLEAKHOUSE ROAD,GILLS ROAD,,Serious Crash,No,2020,0,West,0,0,1,Hill Road,0,,0,,1,Dark,650900,0,0,0,2,0,0,0,0,1,,0,0,Auckland Region,Nil,2-way,Sealed,0,0,1,0,50,0,On,0,0,,76,Auckland,Unknown,0,0,0,0,0,0,Urban,1,0,0,Light rain,Strong wind
1755714.294,5919632.037,789198,,515420,0,,0,1,,Null,2019/2020,RICHMOND ROAD,PONSONBY ROAD,,Serious Crash,No,2019,,East,,0,,Flat,,,,,,Dark,409100,0,0,0,2,,,0,,,1,,,Auckland Region,Nil,2-way,Sealed,,0,1,,50,,On,0,0,,76,Auckland,Traffic Signals,,,,,0,0,Urban,0,,,Fine,Null
1754156.046,5924414.126,789260,,510500,1,,0,1,,Null,2019/2020,HINEMOA STREET,MARIPOSA CRESCENT,,Serious Crash,No,2020,,South,,0,,Hill Road,,,,,,Bright sun,357600,0,0,0,2,,,0,,,,,,Auckland Region,Nil,2-way,Sealed,,0,1,,50,,Off,0,0,,76,Auckland,Unknown,,,,,0,0,Urban,0,,,Fine,Null
1756146.416,5920089.662,789288,,514000,0,,0,1,,West,2018/2019,WELLINGTON STREET,HEPBURN STREET,,Serious Crash,No,2019,,West,,0,,Hill Road,,,,,,Dark,415300,0,0,0,4,,,0,,,1,,,Auckland Region,Nil,2-way,Sealed,,0,1,,50,,On,0,0,,76,Auckland,Nil,,,,,0,0,Urban,0,,,Light rain,Strong wind
1756947.922,5919255.246,789405,,514200,1,,0,1,,Null,2020/2021,UPPER QUEEN STREET,CANADA STREET,,Serious Crash,No,2020,,North,,0,,Hill Road,,,,,,Bright sun,412200,0,0,0,4,,,0,,,,,,Auckland Region,Bridge,2-way,Sealed,,0,1,,50,,Off,0,0,,76,Auckland,Traffic Signals,,,,,0,0,Urban,0,,,Fine,Null
1757148.912,5919781.393,789431,,514102,1,,0,1,,Null,2020/2021,QUEEN STREET,WAVERLEY STREET,,Serious Crash,No,2020,,North,,0,,Hill Road,,,,,,Overcast,435201,0,0,0,4,,,0,,,,,,Auckland Region,Nil,2-way,Sealed,,0,1,,30,,Off,0,0,,76,Auckland,Give way,,,,,0,0,Urban,0,,,Fine,Null
1755330.031,5880465.312,789487,,521152,0,,0,2,,North,2019/2020,GLENBROOK-WAIUKU RD,BANCROFT,,Serious Crash,No,2019,,West,,0,,Flat,,,,,,Overcast,834300,2,0,0,1,,,0,,,,,,Auckland Region,Nil,2-way,Sealed,,0,1,,70,,None,0,0,,76,Auckland,Nil,,,,,0,0,Urban,1,,,Fine,Null
1754404.313,5876399.496,789509,,526104,0,0,0,1,0,East,2019/2020,KITCHENER RD (WAIUKU),HAMILTON DR,,Serious Crash,No,2019,0,West,0,0,0,Flat,0,,0,,0,Dark,834600,0,0,0,2,0,0,0,0,0,,0,1,Auckland Region,Nil,2-way,Sealed,0,0,1,0,50,0,On,0,0,,76,Auckland,Unknown,1,0,0,0,0,0,Urban,0,0,0,Fine,Null
1739973.063,5928389.306,789838,,505604,0,,0,1,,South,2019/2020,SH 16,OLD RAILWAY ROAD,,Serious Crash,Yes,2020,,South,,0,,Hill Road,,,,,,Bright sun,214604,0,0,1,2,,,0,,,,,,Auckland Region,Nil,2-way,Sealed,,0,1,,80,,Off,0,0,,76,Auckland,Unknown,,,,,0,0,Open,0,,,Fine,Null
1750693.498,5886796.03,789850,,521151,0,,0,0,,North,2019/2020,TE TORO ROAD,GREENFIELD ROAD,,Serious Crash,No,2020,,West,,0,,Flat,,,,,,Bright sun,830500,0,0,1,1,,,0,,,,,,Auckland Region,Nil,2-way,Sealed,,0,1,,50,,Off,0,0,,76,Auckland,Unknown,,,,,0,0,Urban,0,,,Fine,Null
1756679.301,5919104.817,789879,,514200,0,0,0,0,1,West,2019/2020,IAN MCKINNON DRIVE,UPPER QUEEN STREET,,Serious Crash,No,2020,0,North,0,0,0,Hill Road,0,,0,,1,Dark,412600,0,0,0,3,0,0,0,0,0,,0,0,Auckland Region,Nil,2-way,Sealed,0,0,1,0,60,0,On,0,0,,76,Auckland,Nil,1,0,0,1,0,0,Urban,1,0,0,Fine,Null
1762098.243,5920393.763,789889,,516400,0,,0,1,,North,2019/2020,TAMAKI DR,KITEMOANA ST,,Serious Crash,No,2019,,East,,0,,Flat,,,,,,Bright sun,498700,0,0,1,2,,,0,,,,,,Auckland Region,Nil,2-way,Sealed,,0,1,,50,,Off,0,0,,76,Auckland,Unknown,,,,,0,0,Urban,0,,,Fine,Null
1769071.426,5900615.555,790088,,525002,0,,0,1,,Null,2020/2021,GREAT SOUTH ROAD,MCANNALLEY STREET,,Serious Crash,No,2020,,South,,0,,Flat,,,,,,Overcast,753202,0,0,0,2,,,0,,,,,,Auckland Region,Nil,1-way,Sealed,,0,1,,50,,Off,0,0,,76,Auckland,Stop,,,,,0,0,Urban,0,,,Fine,Null
1766895.767,5907450.194,790177,,523601,0,,0,0,,South,2020/2021,BAIRDS ROAD,JUKES PLACE,,Serious Crash,No,2020,,Null,,0,,Flat,,,,,,Twilight,708600,0,0,0,2,,,0,,,1,,,Auckland Region,Nil,2-way,Sealed,,0,1,,50,,On,0,0,,76,Auckland,Nil,,,,,0,1,Urban,0,,,Fine,Null
1766951.538,5904718.812,790274,,524603,0,0,0,2,0,West,2019/2020,CAVENDISH DR (EASTBOUND),JACK CONWAY AVENUE,,Serious Crash,No,2019,0,East,0,0,0,Flat,0,,0,,0,Bright sun,780205,0,0,0,4,0,1,0,0,0,,0,0,Auckland Region,Nil,2-way,Sealed,0,0,1,0,50,0,Off,0,0,40,76,Auckland,Unknown,0,0,0,0,0,0,Urban,0,0,0,Fine,Strong wind
1734175.185,5980183.862,790363,65,506660,0,0,0,1,1,North,2019/2020,KAIPARA COAST HIGHWAY,WAYBY STATION ROAD,,Fatal Crash,Yes,2020,0,North,1,1,0,Hill Road,0,Christmas New Year,0,,0,Bright sun,144100,1,0,0,2,0,0,0,0,0,,0,0,Auckland Region,Nil,2-way,Sealed,0,0,1,0,100,0,None,0,0,,76,Auckland,Unknown,0,0,0,1,0,0,Open,0,0,0,Fine,Null
1759759.316,5909981.823,790383,,524002,0,,0,1,,South,2019/2020,MAHUNGA DRIVE,MIRO ROAD,,Serious Crash,No,2020,,North,,0,,Flat,,,,,,Overcast,722400,2,0,0,3,,,0,,,,,,Auckland Region,Nil,2-way,Sealed,,0,2,,50,,Off,0,0,,76,Auckland,Unknown,,,,,2,0,Urban,0,,,Light rain,Null
1746666.989,5912754.314,790473,,511002,0,,0,1,,East,2020/2021,GLENGARRY ROAD,AMBLER AVENUE,,Serious Crash,No,2020,,West,,0,,Hill Road,,,,,,Dark,284305,0,0,0,2,,,0,,,1,,,Auckland Region,Nil,2-way,Sealed,,0,1,,50,,On,0,0,,76,Auckland,Nil,,,,,0,0,Urban,0,,,Fine,Null
1754063.15,5880382.752,790655,,521152,0,0,0,1,0,North,2019/2020,MISSION BUSH ROAD,WILLIAMS ROAD,,Serious Crash,No,2020,0,North,0,0,0,Flat,0,,0,,0,Bright sun,833900,0,0,0,2,0,0,0,0,0,,0,0,Auckland Region,Nil,2-way,Sealed,0,0,1,0,80,0,None,0,0,,76,Auckland,Unknown,0,0,0,1,0,0,Open,0,0,0,Fine,Null
1731919.994,5938368.823,790797,,506648,0,0,0,0,0,South,2020/2021,INLAND ROAD,MANUKA GROVE,,Serious Crash,No,2021,0,South,1,0,0,Hill Road,0,,0,,0,Overcast,212001,0,0,1,2,0,0,0,0,0,,0,0,Auckland Region,Nil,2-way,Sealed,0,0,1,0,80,0,None,0,0,,76,Auckland,Nil,0,0,0,0,0,0,Open,0,0,0,Fine,Null
1767330.605,5883251.987,790798,35,521111,0,0,0,1,0,South,2020/2021,HEIGHTS ROAD,HEIGHTS SOUTH,,Serious Crash,No,2021,0,North,0,0,0,Hill Road,0,,0,,0,Dark,826601,0,0,0,2,0,0,0,0,0,,0,0,Auckland Region,Nil,2-way,Sealed,0,0,1,0,100,0,On,0,0,,76,Auckland,Nil,0,0,0,1,0,0,Open,0,0,0,Fine,Null
1765511.757,5917179.838,790870,,517001,0,0,0,2,0,North,2020/2021,LINE ROAD,TANIWHA STREET,,Serious Crash,No,2021,0,North,0,0,1,Flat,0,,0,,0,Bright sun,475701,0,0,0,2,0,0,0,0,1,,0,0,Auckland Region,Nil,2-way,Sealed,0,0,1,0,50,0,Off,0,0,,76,Auckland,Nil,0,0,0,0,0,0,Urban,0,0,0,Fine,Null
1755532.392,5932490.476,790877,,508805,1,,0,1,,North,2020/2021,EAST COAST ROAD,AMANTE CRESCENT,,Serious Crash,No,2020,,South,,0,,Flat,,,,,,Bright sun,153200,0,0,0,4,,,0,,,,,,Auckland Region,Nil,2-way,Sealed,,0,1,,50,,Off,0,0,,76,Auckland,Nil,,,,,0,0,Urban,0,,,Fine,Null
1776015.068,5883691.325,791102,35,521132,0,,0,2,,Null,2019/2020,GREAT SOUTH ROAD,BOMBAY ROAD,,Serious Crash,No,2020,,South,,0,,Flat,,,,,,Bright sun,814702,0,0,0,2,,,0,,,,,,Auckland Region,Nil,2-way,Sealed,,0,2,,100,,Off,0,0,,76,Auckland,Stop,,,,,0,0,Open,0,,,Fine,Null
1768614.434,5899177.363,791194,,525102,0,,0,0,,Null,2019/2020,CLAYTON ROAD,COXHEAD ROAD,,Serious Crash,No,2020,,West,,0,,Flat,,,,,,Bright sun,768400,0,0,0,2,,,0,,,1,,,Auckland Region,Nil,2-way,Sealed,,0,1,,50,,Off,0,0,,76,Auckland,Stop,,,,,0,0,Urban,1,,,Fine,Null
1774503.372,5897000.538,791269,,525610,0,0,0,1,0,Null,2020/2021,VALENTINE STREET,STEWART STREET,,Serious Crash,No,2021,0,South,0,0,0,Flat,0,,0,,0,Dark,799200,0,0,0,2,0,0,0,0,1,,0,0,Auckland Region,Nil,2-way,Sealed,0,0,1,0,50,0,On,1,0,,76,Auckland,Nil,0,0,0,0,0,0,Urban,1,0,0,Fine,Null
1757165.27,5914982.022,791279,,515802,0,0,0,0,0,South,2020/2021,ST ANDREWS ROAD,EMPIRE ROAD,,Serious Crash,No,2020,0,South,0,0,0,Hill Road,0,,0,,1,Bright sun,448500,0,0,1,2,0,0,0,0,0,1,0,0,Auckland Region,Nil,2-way,Sealed,0,0,1,0,50,0,Off,0,0,,76,Auckland,Nil,0,0,0,0,0,0,Urban,0,0,0,Fine,Null
1773926.565,5894044.344,791301,,521301,0,0,0,1,0,West,2020/2021,OPAHEKE ROAD,RAIL XING,,Serious Crash,No,2021,0,East,0,0,0,Flat,1,,0,,0,Dark,808301,0,0,0,2,0,0,0,0,0,,0,0,Auckland Region,Rail xing,2-way,Sealed,0,0,2,0,60,0,On,0,0,,76,Auckland,Nil,0,0,1,0,0,0,Urban,0,0,0,Fine,Null
1733549.512,5931926.31,791344,,505605,0,,0,1,,North,2020/2021,TAYLOR ROAD,WAIKOUKOU VALLEY ROAD,,Serious Crash,No,2021,,North,,0,,Flat,,,,,,Bright sun,215700,0,0,1,2,,,0,,,,,,Auckland Region,Nil,2-way,Sealed,,0,1,,70,,None,0,0,,76,Auckland,Nil,,,,,0,0,Urban,0,,,Fine,Null
1751283.448,5927021.875,791418,,510010,0,0,0,1,0,South,2021/2022,LANCASTER ROAD,BEACH HAVEN ROAD,,Serious Crash,No,2021,0,North,0,0,0,Flat,0,,0,,1,Overcast,343000,0,0,0,2,0,0,0,0,0,1,0,0,Auckland Region,Nil,2-way,Sealed,0,0,1,0,50,0,Off,0,0,,76,Auckland,Nil,0,0,0,0,0,0,Urban,0,0,0,Fine,Null
1764472.205,5912961.938,791440,,520500,0,,0,1,,Null,2020/2021,CARBINE ROAD,SOUTH-EASTERN HIGHWAY,,Serious Crash,No,2020,,South,,0,,Flat,,,,,,Bright sun,639100,0,0,0,5,,,0,,,,,,Auckland Region,Nil,2-way,Sealed,,0,1,,50,,Off,1,0,,76,Auckland,Traffic Signals,,,,,0,0,Urban,0,,,Fine,Null
1771309.413,5895816.755,791480,,525540,0,0,0,1,0,South,2020/2021,SOUTHERN MOTORWAY,PAPAKURA OFF RAMP,,Serious Crash,Yes,2020,0,South,0,0,0,Flat,2,,0,,0,Dark,806208,0,0,0,2,0,0,0,1,0,,0,0,Auckland Region,Motorway ramp,1-way,Sealed,0,0,1,0,100,0,On,0,0,,76,Auckland,Nil,1,0,0,0,0,0,Open,0,0,0,Fine,Null
1757525.038,5920898.02,791481,,514103,0,,0,3,,Null,2020/2021,CUSTOMS STREET EAST,QUEEN STREET,,Serious Crash,No,2020,,East,,0,,Flat,,Labour Weekend,,,,Dark,438000,1,0,0,4,,,0,,,,,,Auckland Region,Nil,2-way,Sealed,,0,1,,30,,On,0,0,,76,Auckland,Traffic Signals,,,,,0,0,Urban,0,,,Fine,Null
1755486.437,5912059.563,791484,,519002,0,0,0,2,0,Null,2020/2021,RICHARDSON ROAD,ROGAN STREET,,Serious Crash,No,2020,0,South,0,0,0,Hill Road,0,,0,,0,Overcast,591100,0,0,0,2,0,0,0,0,0,,0,1,Auckland Region,Nil,2-way,Sealed,0,0,2,0,50,0,Off,0,0,,76,Auckland,Stop,0,0,0,0,0,0,Urban,0,0,0,Fine,Null
1769575.969,5901113.999,791558,,524901,0,,0,0,,West,2020/2021,ALFRISTON ROAD,SCOTTS ROAD,,Serious Crash,No,2021,,East,,0,,Flat,,,,,,Twilight,757500,0,0,1,2,,,0,,,,,,Auckland Region,Nil,2-way,Sealed,,0,1,,50,,Off,0,0,,76,Auckland,Nil,,,,,0,0,Urban,0,,,Fine,Null
1756433.633,5920312.955,791625,,514102,1,,0,0,,Null,2019/2020,COOK STREET,UNION STREET,,Serious Crash,No,2020,,North,,0,,Hill Road,,,,,,Bright sun,432700,0,0,0,3,,,0,,,,,,Auckland Region,Motorway ramp,1-way,Sealed,,0,1,,50,,Off,0,0,,76,Auckland,Stop,,,,,0,0,Urban,1,,,Fine,Null
1769390.249,5881063.028,791656,,525922,0,,0,0,,Null,2021/2022,OFF ROAD - ACCESS WAY,,,Serious Crash,No,2021,,North,,0,,Hill Road,,,,,,Dark,817200,1,0,0,,,,0,,,2,,,Auckland Region,Nil,Off road,Sealed,,0,1,,10,,None,0,0,,76,Auckland,Nil,,,,,0,0,Urban,1,,,Fine,Null
1761020.57,5903432.541,791690,,524604,1,,0,0,,West,2020/2021,PUHINUI ROAD,AIRPORT LOOKOUT EBD,,Serious Crash,Yes,2021,,West,,0,,Flat,,,,,,Bright sun,781100,0,0,0,2,,,0,,,,,,Auckland Region,Nil,2-way,Sealed,,0,1,,50,,Off,0,0,,76,Auckland,Nil,,,,,0,0,Urban,0,,,Fine,Null