X,Y,OBJECTID,advisorySpeed,areaUnitID,bicycle,bridge,bus,carStationWagon,cliffBank,crashDirectionDescription,crashFinancialYear,crashLocation1,crashLocation2,crashRoadSideRoad,crashSeverity,crashSHDescription,crashYear,debris,directionRoleDescription,ditch,fatalCount,fence,flatHill,guardRail,holiday,houseOrBuilding,intersection,kerb,light,meshblockId,minorInjuryCount,moped,motorcycle,NumberOfLanes,objectThrownOrDropped,otherObject,otherVehicleType,overBank,parkedVehicle,pedestrian,phoneBoxEtc,postOrPole,region,roadCharacter,roadLane,roadSurface,roadworks,schoolBus,seriousInjuryCount,slipOrFlood,speedLimit,strayAnimal,streetLight,suv,taxi,temporarySpeedLimit,tlaId,tlaName,trafficControl,trafficIsland,trafficSign,train,tree,truck,unknownVehicleType,urban,vanOrUtility,vehicle,waterRiver,weatherA,weatherB
1767124.038,5906650.778,791700,,522302,0,0,0,1,0,North,2020/2021,SOUTHERN MOTORWAY,REAGAN OBR,,Serious Crash,Yes,2021,0,North,0,0,1,Flat,0,,0,,0,Twilight,670000,1,0,0,3,0,0,0,0,0,,0,0,Auckland Region,Nil,1-way,Sealed,0,0,1,0,100,0,On,0,0,,76,Auckland,Nil,0,0,0,0,0,0,Open,0,0,0,Fine,Frost
1750870.853,5927033.418,791710,,510010,0,,0,0,,East,2021/2022,BEACH HAVEN ROAD,JOHN BRACKEN WAY,,Serious Crash,No,2021,,East,,0,,Hill Road,,,,,,Bright sun,342801,0,0,1,2,,,0,,,,,,Auckland Region,Nil,2-way,Sealed,,0,1,,50,,Off,1,0,,76,Auckland,Nil,,,,,0,0,Urban,1,,,Fine,Null
1750436.295,5954050.559,791826,,506201,0,,0,0,,South,2020/2021,NORTHERN GATEWAY TOLL ROAD,WAIWERA VIADUCT SOUTH,,Serious Crash,Yes,2021,,South,,0,,Hill Road,,,,,,Bright sun,176203,0,0,0,2,,,0,,,,,,Auckland Region,Nil,1-way,Sealed,,0,1,,100,,None,0,0,,76,Auckland,Nil,,,,,1,0,Open,0,,,Fine,Null
1759811.943,5924547.432,791862,,509300,1,0,0,1,0,North,2019/2020,LAKE RD (DEVONPORT),REGENT STREET,,Serious Crash,No,2019,0,North,0,0,0,Hill Road,0,,0,,0,Bright sun,340100,0,0,0,2,0,1,0,0,0,,0,0,Auckland Region,Nil,2-way,Sealed,0,0,1,0,50,0,Off,0,0,,76,Auckland,Nil,0,0,0,0,0,0,Urban,0,0,0,Fine,Null
1750737.444,5912783.899,791876,,511402,0,,0,2,,West,2020/2021,BOLTON STREET,CASTLEWOOD GROVE,,Serious Crash,No,2021,,East,,0,,Flat,,,,,,Overcast,260700,0,0,0,2,,,0,,,1,,,Auckland Region,Nil,2-way,Sealed,,0,1,,50,,Off,0,0,,76,Auckland,Nil,,,,,0,0,Urban,0,,,Fine,Null
1768342.939,5913587.953,791942,,523000,0,0,0,2,0,Null,2020/2021,GOSSAMER DRIVE,USSHER PLACE,,Serious Crash,No,2021,0,South,0,0,0,Flat,0,,1,,0,Dark,690800,0,0,0,2,0,0,0,0,0,,0,0,Auckland Region,Nil,2-way,Sealed,0,0,1,0,50,0,On,0,0,,76,Auckland,Give way,0,0,0,0,0,0,Urban,0,1,0,Light rain,Null
1761232.504,5920046.492,791974,,516400,0,0,0,1,0,West,2021/2022,TAMAKI DRIVE,POKANOA POINT ENT,,Serious Crash,No,2021,0,East,0,0,0,Flat,0,,0,,0,Dark,496600,0,0,0,2,0,0,0,0,0,,0,0,Auckland Region,Nil,2-way,Sealed,0,0,2,0,50,0,On,0,0,,76,Auckland,Nil,0,0,0,1,0,0,Urban,0,0,0,Fine,Null
1755607.345,5915841.888,791993,,518301,0,,0,1,,Null,2020/2021,DOMINION ROAD,CARMEN AVENUE,,Serious Crash,No,2021,,North,,0,,Flat,,,,,,Bright sun,554000,0,0,1,4,,,0,,,,,,Auckland Region,Nil,2-way,Sealed,,0,1,,50,,Off,0,0,,76,Auckland,Stop,,,,,0,0,Urban,0,,,Fine,Null
1745473.871,5912786.423,791997,,511001,0,0,0,1,0,East,2020/2021,GLENGARRY ROAD,AUTUMN AVENUE,,Serious Crash,No,2020,0,North,0,0,0,Hill Road,0,,0,,0,Dark,283001,0,0,0,2,0,0,0,0,0,,0,1,Auckland Region,Nil,2-way,Sealed,0,0,1,0,50,0,On,0,0,,76,Auckland,Nil,0,0,0,0,0,0,Urban,0,0,0,Fine,Null
1747986.83,5916312.695,792023,,511602,0,,0,0,,Null,2020/2021,BANCROFT CRESCENT,AKATEA ROAD,,Serious Crash,No,2021,,Null,,0,,Flat,,Easter,,,,Dark,273500,0,0,0,2,,,0,,,1,,,Auckland Region,Nil,2-way,Sealed,,0,1,,50,,On,0,0,,76,Auckland,Nil,,,,,0,0,Urban,0,,,Fine,Null
1756130.355,5929176.985,792102,,508510,0,,0,0,,South,2020/2021,FORREST HILL ROAD,TRISTRAM AVENUE,,Fatal Crash,No,2021,,North,,1,,Flat,,,,,,Overcast,195600,0,0,0,2,,,0,,,1,,,Auckland Region,Nil,2-way,Sealed,,0,0,,50,,Off,1,0,,76,Auckland,Nil,,,,,0,0,Urban,0,,,Fine,Null
1770721.173,5898561.645,792161,,523920,0,,0,1,,South,2020/2021,GREAT SOUTH ROAD,TAKA STREET,,Serious Crash,No,2020,,North,,0,,Flat,,,,,,Twilight,767503,0,0,1,4,,,0,,,,,,Auckland Region,Nil,2-way,Sealed,,0,1,,50,,On,0,0,,76,Auckland,Nil,,,,,0,0,Urban,0,,,Fine,Null
1751888.363,5912416.331,792342,,514700,0,,1,0,,West,2020/2021,DONOVAN STREET,RATHLIN STREET,,Serious Crash,No,2021,,West,,0,,Flat,,,,,,Bright sun,368700,0,0,0,4,,,0,,,1,,,Auckland Region,Nil,2-way,Sealed,,0,1,,50,,Off,0,0,,76,Auckland,Unknown,,,,,0,0,Urban,0,,,Fine,Null
1783941.429,5911259.667,792400,,525201,0,0,0,2,2,South,2021/2022,NORTH ROAD,MARAETAI COAST ROAD,,Fatal Crash,No,2021,0,North,1,1,0,Hill Road,0,,0,,0,Overcast,762700,0,0,0,2,0,0,0,0,0,,0,0,Auckland Region,Nil,2-way,Sealed,0,0,3,0,100,0,None,0,0,,76,Auckland,Nil,0,0,0,0,0,0,Open,0,0,0,Light rain,Strong wind
1761703.108,5916002.506,792464,,516003,0,0,0,1,0,Null,2020/2021,ABBOTTS WAY,ABBOTTS WAY,,Serious Crash,No,2020,0,East,0,0,0,Hill Road,0,,0,,0,Bright sun,494803,1,0,0,2,0,0,0,0,0,,0,1,Auckland Region,Nil,2-way,Sealed,0,0,1,0,50,0,Off,0,0,,76,Auckland,Nil,0,0,0,0,0,0,Urban,1,0,0,Fine,Null
1731163.64,5909257.893,792553,,513800,0,,0,1,,Null,2019/2020,OFF ROAD SHOP,,,Serious Crash,No,2019,,South,,0,,Hill Road,,Christmas New Year,,,,Bright sun,282008,0,0,0,,,,0,,,1,,,Auckland Region,Nil,Off road,Sealed,,0,1,,50,,None,0,0,,76,Auckland,Nil,,,,,0,0,Urban,0,,,Fine,Null
1739652.617,5983569.706,792657,,506660,0,,0,1,,West,2019/2020,WHANGARIPO VALLEY ROAD,WAYBY VALLEY ROAD,,Serious Crash,No,2020,,East,,0,,Hill Road,,,,,,Dark,136303,0,0,0,2,,,0,,,,,,Auckland Region,Nil,2-way,Sealed,,0,1,,100,,None,0,0,,76,Auckland,Nil,,,,,0,0,Open,0,,,Fine,Null
1761369.684,5914277.829,792684,,520202,0,,0,0,,Null,2019/2020,ELLERSLIE-PANMURE HIGHWAY,ELLERSLIE-PANMURE HWY ON RAMP,,Serious Crash,No,2020,,Null,,0,,Flat,,,,,,Bright sun,612300,0,0,1,2,,,0,,,,,,Auckland Region,Motorway ramp,2-way,Sealed,,0,1,,50,,Off,0,0,,76,Auckland,Give way,,,,,0,1,Urban,0,,,Fine,Null
1744850.433,5915749.744,792731,45,510800,0,,0,1,,West,2020/2021,CORBAN AVENUE,ENTERPRISE DRIVE,,Serious Crash,No,2020,,West,,0,,Flat,,,,,,Bright sun,242502,0,0,0,2,,,0,,,,,,Auckland Region,Nil,2-way,Sealed,,0,1,,50,,Off,0,0,,76,Auckland,Nil,,,,,0,0,Urban,0,,,Fine,Null
1746768.677,5922848.593,792737,,512201,0,0,1,0,0,West,2020/2021,TAWA ROAD,TE ATATU ROAD,,Serious Crash,No,2021,0,East,0,0,0,Flat,0,,0,,0,Bright sun,245000,4,0,0,2,0,0,0,0,1,,0,0,Auckland Region,Nil,2-way,Sealed,0,0,2,0,50,0,Off,0,0,,76,Auckland,Nil,0,0,0,0,1,0,Urban,0,0,0,Fine,Null
1755168.781,5914293.736,792809,,518803,0,,0,1,,Null,2020/2021,MOUNT ALBERT ROAD,DOMINION ROAD,,Serious Crash,No,2021,,West,,0,,Hill Road,,Queens Birthday,,,,Overcast,580100,0,0,0,4,,,0,,,,,,Auckland Region,Nil,2-way,Sealed,,0,1,,50,,Off,1,0,,76,Auckland,Traffic Signals,,,,,0,0,Urban,0,,,Light rain,Null
1773284.039,5909817.947,792810,,523202,1,,0,1,,North,2020/2021,WHITFORD ROAD,GRIGGS ROAD,,Serious Crash,No,2021,,North,,0,,Hill Road,,,,,,Bright sun,717501,0,0,0,2,,,0,,,,,,Auckland Region,Nil,2-way,Sealed,,0,1,,60,,Off,0,0,,76,Auckland,Nil,,,,,0,0,Urban,0,,,Fine,Null
1750091.96,5913781.544,792829,,511303,0,,0,1,,Null,2021/2022,OFFROAD CARPARK,,,Serious Crash,No,2021,,South,,0,,Flat,,,,,,Bright sun,265001,0,0,0,,,,0,,,1,,,Auckland Region,Nil,Off road,Sealed,,0,1,,,,Off,0,0,,76,Auckland,Nil,,,,,0,0,Urban,0,,,Fine,Null
1746650.573,5916745.869,792909,,512500,0,,0,0,,South,2021/2022,TE ATATU ROAD,CRON AVENUE,,Serious Crash,No,2021,,South,,0,,Flat,,,,,,Bright sun,260000,0,0,0,2,,,0,,,1,,,Auckland Region,Nil,2-way,Sealed,,0,1,,50,,Off,0,0,,76,Auckland,Nil,,,,,0,0,Urban,0,,,Fine,Null
1761233.901,5907890.855,792917,,524510,0,,0,0,,East,2020/2021,MCKINSTRY AVENUE,CRANMERE CRESCENT,,Serious Crash,No,2021,,East,,0,,Flat,,,,,,Dark,736502,0,0,0,2,,,0,,,1,,,Auckland Region,Nil,2-way,Sealed,,0,1,,50,,On,0,0,,76,Auckland,Nil,,,,,0,0,Urban,0,,,Light rain,Null
1760027.199,5922279.458,792921,,509400,0,0,0,1,0,West,2020/2021,QUEENS PARADE,ANNE STREET,,Serious Crash,No,2021,0,North,0,0,0,Flat,0,,0,,0,Overcast,330700,0,0,0,2,0,0,0,0,0,,0,1,Auckland Region,Speed hump,2-way,Sealed,0,0,1,0,50,0,Off,0,0,,76,Auckland,Nil,1,1,0,0,0,0,Urban,0,0,0,Fine,Strong wind
1729926.249,5969741.799,792942,,506613,0,0,0,0,0,North,2020/2021,KAIPARA COAST HIGHWAY,OGLE ROAD,,Serious Crash,Yes,2021,0,North,1,0,0,Flat,0,,0,,0,Dark,145200,0,0,0,2,0,0,0,0,0,,0,0,Auckland Region,Nil,2-way,Sealed,0,0,1,0,100,0,None,0,0,,76,Auckland,Nil,0,0,0,1,0,0,Open,1,0,0,Fine,Null
1773835.088,5895657.636,792976,,525510,0,,0,1,,Null,2019/2020,OFF ROAD DRIVEWAY,,,Fatal Crash,No,2020,,West,,1,,Flat,,,,,,Bright sun,800800,0,0,0,,,,0,,,1,,,Auckland Region,Nil,Off road,Sealed,,0,0,,50,,Off,0,0,,76,Auckland,Nil,,,,,0,0,Urban,0,,,Fine,Null
1759254.135,5910191.353,793114,,524002,0,,0,1,,West,2020/2021,RIMU ROAD,CRAWFORD AVENUE,,Fatal Crash,No,2021,,East,,1,,Flat,,,,,,Bright sun,722100,0,0,0,2,,,0,,,,,,Auckland Region,Nil,2-way,Sealed,,0,1,,50,,Off,0,0,,76,Auckland,Nil,,,,,0,0,Urban,0,,,Fine,Null
1776915.634,5898846.188,793169,,523813,0,,0,2,,Null,2020/2021,PAPAKURA-CLEVEDON ROAD,MULLINS ROAD,,Serious Crash,No,2020,,West,,0,,Hill Road,,,,,,Bright sun,761800,2,0,0,2,,,0,,,,,,Auckland Region,Nil,2-way,Sealed,,0,1,,80,,None,0,0,,76,Auckland,Give way,,,,,0,0,Open,1,,,Fine,Null
1757011.605,5917520.516,793194,,518102,0,,0,1,,Null,2020/2021,MOUNT EDEN ROAD,BELLEVUE ROAD,,Serious Crash,No,2021,,South,,0,,Flat,,,,,,Bright sun,543400,0,0,1,2,,,0,,,,,,Auckland Region,Nil,2-way,Sealed,,0,1,,50,,Off,0,0,,76,Auckland,Stop,,,,,0,0,Urban,0,,,Fine,Null
1763970.933,5907288.517,793236,,522201,0,0,0,1,0,Null,2020/2021,HOSPITAL ROAD,MIDDLEMORE CRESCENT,,Serious Crash,No,2021,0,South,0,0,0,Hill Road,0,,1,,0,Overcast,660700,2,0,0,2,0,0,0,0,0,,0,0,Auckland Region,Nil,2-way,Sealed,0,0,1,0,50,0,Off,0,0,,76,Auckland,Give way,0,0,0,0,0,0,Urban,0,0,0,Fine,Null
1751617.914,5934050.992,793345,,508701,0,,0,2,,Null,2021/2022,ALBANY HIGHWAY,DAIRY FLAT HIGHWAY,,Serious Crash,No,2021,,North,,0,,Flat,,,,,,Bright sun,178800,1,0,0,3,,,0,,,,,,Auckland Region,Nil,1-way,Sealed,,0,1,,50,,Off,0,0,,76,Auckland,Traffic Signals,,,,,0,0,Urban,0,,,Fine,Strong wind
1745201.753,5919737.661,793442,,513301,0,,0,1,,Null,2020/2021,OFF ROAD - PAK N SAVE CARPARK,,,Serious Crash,No,2020,,South,,0,,Flat,,,,,,Overcast,232001,0,0,0,,,,0,,,1,,,Auckland Region,Nil,Off road,Sealed,,0,1,,10,,None,0,0,,76,Auckland,Nil,,,,,0,0,Urban,0,,,Fine,Null
1763547.485,5908713.295,793493,,521901,0,,0,2,,North,2020/2021,MANGERE ROAD,MIDDLEMORE ROAD,,Serious Crash,No,2020,,South,,0,,Flat,,,,,,Dark,783700,0,0,0,4,,,1,,,,,,Auckland Region,Nil,2-way,Sealed,,0,1,,50,,On,2,0,,76,Auckland,Nil,,,,,0,0,Urban,0,,,Fine,Null
1745352.672,5957599.619,793543,,506613,0,,0,1,,South,2020/2021,TUNNEL ROAD,LENZEN ROAD,,Serious Crash,No,2021,,West,,0,,Hill Road,,,,,,Overcast,146703,1,0,0,1,,,0,,,,,,Auckland Region,Nil,2-way,Unsealed,,0,1,,100,,None,0,0,,76,Auckland,Nil,,,,,0,0,Open,1,,,Fine,Null
1755555.676,5932555.069,793717,,507400,0,,0,2,,Null,2020/2021,EAST COAST ROAD,HASTINGS ROAD,,Serious Crash,No,2021,,North,,0,,Flat,,,,,,Bright sun,152500,1,0,0,4,,,0,,,,,,Auckland Region,Nil,2-way,Sealed,,0,1,,50,,Off,0,0,,76,Auckland,Traffic Signals,,,,,0,0,Urban,0,,,Fine,Null
1759542.872,5908881.977,793773,,524002,1,,0,1,,Null,2021/2022,CORONATION ROAD OFF RAMP,CORONATION ROAD,,Serious Crash,No,2022,,South,,0,,Flat,,,,,,Overcast,724101,0,0,0,1,,,0,,,,,,Auckland Region,Nil,1-way,Sealed,,0,1,,50,,Off,0,0,,76,Auckland,Give way,,,,,0,0,Urban,0,,,Fine,Null
1768258.891,5913844.259,793779,,523000,0,,0,1,,West,2021/2022,PAKURANGA ROAD,GOSSAMER DRIVE,,Serious Crash,No,2021,,West,,0,,Hill Road,,,,,,Dark,690700,0,0,0,2,,,0,,,,,,Auckland Region,Nil,1-way,Sealed,,0,1,,60,,On,0,0,,76,Auckland,Nil,,,,,0,0,Urban,0,,,Fine,Null
1753751.905,5926158.876,794229,,508610,0,,0,0,,North,2021/2022,GLENFIELD ROAD,ESKDALE ROAD,,Serious Crash,No,2021,,North,,0,,Flat,,,,,,Twilight,206500,0,0,1,3,,,0,,,,,,Auckland Region,Nil,2-way,Sealed,,0,1,,50,,On,0,0,,76,Auckland,Nil,,,,,0,0,Urban,1,,,Fine,Null
1768161.752,5907838.413,794326,,523711,0,0,0,0,0,Null,2021/2022,PRESTON ROAD,EAST TAMAKI ROAD,,Serious Crash,No,2021,0,East,0,0,0,Hill Road,0,,0,,0,Bright sun,712304,0,0,1,4,0,0,0,0,0,,0,0,Auckland Region,Nil,2-way,Sealed,0,0,1,0,60,0,Off,0,0,,76,Auckland,Give way,1,0,0,0,0,0,Urban,0,0,0,Fine,Null
1752166.678,5938722.113,794366,,506300,0,0,1,1,0,South,2021/2022,EAST COAST ROAD,OLD WRIGHT ROAD,,Fatal Crash,No,2021,0,North,0,1,1,Hill Road,0,,0,,0,Overcast,176103,1,0,0,2,0,0,0,1,0,,0,0,Auckland Region,Nil,2-way,Sealed,0,0,0,0,80,0,Off,0,0,,76,Auckland,Nil,0,0,0,1,0,0,Open,0,0,0,Mist or Fog,Null
1755468.824,5930259.185,794469,,508510,0,0,0,1,1,South,2021/2022,BECROFT DRIVE,SUNNYNOOK ROAD,,Serious Crash,No,2021,0,North,0,0,0,Hill Road,0,,0,,0,Dark,194409,1,0,0,1,0,0,0,0,0,,0,0,Auckland Region,Nil,1-way,Sealed,0,0,2,0,50,0,On,0,0,,76,Auckland,Nil,0,0,0,0,0,0,Urban,0,0,0,Fine,Null
1746738.66,5918815.552,794487,,512401,0,,0,0,,West,2021/2022,EDMONTON ROAD,TE ATATU ROAD,,Serious Crash,No,2022,,West,,0,,Hill Road,,,,,,Dark,255500,0,0,1,2,,,0,,,,,,Auckland Region,Nil,2-way,Sealed,,0,1,,50,,On,1,0,,76,Auckland,Nil,,,,,0,0,Urban,0,,,Fine,Null
1767130.382,5900393.64,794494,,524720,0,0,0,1,0,Null,2021/2022,BURNDALE TERRACE,BENMORE PLACE,,Serious Crash,No,2021,0,South,0,0,0,Flat,0,,0,,0,Bright sun,776000,0,1,0,2,0,0,0,0,1,,0,0,Auckland Region,Nil,2-way,Sealed,0,0,1,0,50,0,Off,0,0,,76,Auckland,Nil,0,0,0,0,0,0,Urban,0,0,0,Fine,Null
1768920.701,5900832.389,794631,,525002,0,0,0,2,0,Null,2021/2022,GREAT SOUTH ROAD,ALFRISTON ROAD,,Serious Crash,No,2021,0,North,0,0,0,Flat,0,,0,,0,Bright sun,752802,2,0,0,3,0,0,0,0,0,,0,0,Auckland Region,Nil,2-way,Sealed,0,0,1,0,50,0,Off,0,0,,76,Auckland,Traffic Signals,1,1,0,0,0,0,Urban,0,0,0,Fine,Strong wind
1771313.793,5903423.801,794684,,523819,0,0,0,0,1,South,2020/2021,MILL ROAD,REDOUBT ROAD,,Serious Crash,No,2021,0,South,1,0,0,Hill Road,0,,0,,0,Overcast,760812,1,0,0,2,0,0,0,0,0,,0,0,Auckland Region,Nil,2-way,Sealed,0,0,1,0,60,0,Off,0,0,,76,Auckland,Nil,0,0,0,0,0,0,Urban,1,0,0,Light rain,Null
1744837.873,5924289.696,794719,,513521,0,,0,3,,East,2021/2022,HOBSONVILLE ROAD,CYRIL CRESCENT,,Serious Crash,No,2022,,East,,0,,Flat,,,,,,Bright sun,224226,1,0,0,2,,,0,,,,,,Auckland Region,Nil,2-way,Sealed,,0,1,,50,,Off,0,0,,76,Auckland,Nil,,,,,0,0,Urban,0,,,Fine,Null
1744064.926,5923302.566,794749,,513511,0,0,0,1,0,North,2021/2022,WESTGATE DRIVE,RUSH CREEK DRIVE,,Fatal Crash,No,2022,0,South,0,1,1,Hill Road,0,,0,,1,Dark,224303,1,0,0,2,0,0,0,0,0,,0,0,Auckland Region,Nil,2-way,Sealed,0,0,0,0,50,0,On,0,0,,76,Auckland,Nil,0,0,0,0,0,0,Urban,0,0,0,Fine,Null
1753434.647,5929750.64,794763,,508411,0,,0,1,,South,2021/2022,GLENFIELD ROAD,SUNSET ROAD,,Serious Crash,No,2021,,North,,0,,Hill Road,,,,,,Overcast,183902,0,0,0,5,,,0,,,1,,,Auckland Region,Nil,2-way,Sealed,,0,1,,50,,Off,0,0,,76,Auckland,Nil,,,,,0,0,Urban,0,,,Fine,Null
1758385.822,5917727.016,794878,,516001,0,,0,1,,Null,2021/2022,BROADWAY,CLOVERNOOK ROAD,,Serious Crash,No,2021,,North,,0,,Flat,,,,,,Overcast,490701,0,0,0,4,,,0,,,1,,,Auckland Region,Nil,2-way,Sealed,,0,1,,50,,Off,0,0,,76,Auckland,Give way,,,,,0,0,Urban,0,,,Fine,Null
1758173.183,5915875.364,794889,,519300,0,,0,1,,North,2020/2021,MANUKAU ROAD,KING GEORGE AVENUE,,Serious Crash,No,2021,,North,,0,,Flat,,,,,,Bright sun,622900,0,0,0,4,,,0,,,1,,,Auckland Region,Nil,2-way,Sealed,,0,1,,50,,Off,0,0,,76,Auckland,Nil,,,,,0,0,Urban,0,,,Fine,Null
1764291.29,5878695.91,794913,55,521121,0,0,0,1,0,North,2020/2021,ROGERS ROAD,WAIUKU ROAD,,Serious Crash,No,2020,0,East,1,0,0,Flat,0,,0,,0,Dark,825000,0,0,0,2,0,0,0,0,0,,0,0,Auckland Region,Nil,2-way,Sealed,0,0,1,0,100,0,None,0,0,,76,Auckland,Nil,0,0,0,0,0,0,Open,0,0,0,Fine,Null
1759015.085,5879706.327,794915,65,521152,0,0,0,0,0,West,2020/2021,WAIUKU ROAD,GLENBROOK STATION ROAD,,Serious Crash,No,2021,0,West,1,0,0,Flat,0,,0,,0,Dark,832800,0,0,0,2,0,0,0,0,0,,0,0,Auckland Region,Nil,2-way,Sealed,0,0,1,0,80,0,None,0,0,,76,Auckland,Nil,0,1,0,1,0,0,Open,1,0,0,Fine,Null
1767433.437,5912101.451,794941,,522920,0,0,0,1,0,Null,2020/2021,TI RAKAU DRIVE,EDGEWATER DRIVE,,Serious Crash,No,2021,0,West,0,0,0,Flat,0,,0,,0,Dark,687004,1,0,0,4,0,0,0,0,0,,0,1,Auckland Region,Nil,2-way,Sealed,0,0,1,0,60,0,On,0,0,,76,Auckland,Give way,0,0,0,0,0,0,Urban,0,0,0,Light rain,Strong wind
1749787.82,5914551.554,795062,,511303,0,,0,0,,South,2020/2021,RATA STREET,BINSTED ROAD,,Serious Crash,No,2020,,North,,0,,Flat,,,,,,Overcast,266401,0,0,0,4,,,0,,,1,,,Auckland Region,Nil,2-way,Sealed,,0,1,,50,,Off,0,0,,76,Auckland,Nil,,,,,1,0,Urban,0,,,Fine,Null
1752407.351,5931368.419,795121,,508807,1,,0,1,,Null,2021/2022,BUSH ROAD,PAUL MATTHEWS ROAD,,Serious Crash,No,2021,,South,,0,,Flat,,,,,,Bright sun,180809,0,0,0,2,,,0,,,,,,Auckland Region,Nil,2-way,Sealed,,0,1,,50,,Off,0,0,,76,Auckland,Give way,,,,,0,0,Urban,0,,,Fine,Null
1755153.131,5914224.009,795156,,518803,0,0,0,1,0,South,2021/2022,DOMINION ROAD,MOUNT ALBERT ROAD,,Fatal Crash,No,2021,0,South,0,1,0,Hill Road,0,,0,,0,Dark,580100,0,0,0,4,0,0,0,0,0,,0,1,Auckland Region,Nil,2-way,Sealed,0,0,0,0,50,0,On,0,0,,76,Auckland,Nil,0,1,0,1,0,0,Urban,0,0,0,Fine,Null
1770027.46,5907288.296,795312,,523713,0,0,0,1,0,West,2021/2022,ORMISTON ROAD,MAHY PLACE,,Serious Crash,No,2022,0,East,0,0,0,Hill Road,0,,0,,0,Dark,712401,0,0,0,2,0,0,0,0,0,,0,0,Auckland Region,Bridge,1-way,Sealed,0,0,1,0,60,0,On,0,0,,76,Auckland,Nil,0,1,0,0,0,0,Urban,0,0,0,Fine,Null
1757502.645,5919160.741,795360,,514301,0,,0,2,,Null,2021/2022,GRAFTON BRIDGE,GRAFTON ROAD,,Serious Crash,No,2021,,South,,0,,Flat,,,,,,Dark,441200,0,0,0,3,,,0,,,,,,Auckland Region,Nil,2-way,Sealed,,0,1,,50,,On,0,0,,76,Auckland,Traffic Signals,,,,,0,0,Urban,0,,,Light rain,Null
1767138.4,5880993.753,795387,,525921,0,,0,0,,South,2021/2022,TAIKARANGA STREET,MATIKAO WAY,,Serious Crash,No,2022,,North,,0,,Flat,,Christmas New Year,,,,Bright sun,820600,0,0,1,2,,,0,,,,,,Auckland Region,Nil,2-way,Sealed,,0,1,,50,,Off,0,0,,76,Auckland,Nil,,,,,0,0,Urban,0,,,Fine,Null
1766870.287,5904693.314,795394,,524604,0,,0,0,,East,2021/2022,CAVENDISH DRIVE,LAMBIE DRIVE,,Fatal Crash,No,2022,,West,,1,,Flat,,,,,,Dark,780209,0,0,0,2,,,0,,,1,,,Auckland Region,Nil,1-way,Sealed,,0,0,,60,,On,1,0,,76,Auckland,Nil,,,,,0,0,Urban,0,,,Fine,Null
1780731.99,5916573.786,795496,,523300,0,0,0,1,0,Null,2022/2023,MARAETAI DRIVE,OMANA BEACH ROAD,,Serious Crash,No,2022,0,East,0,0,0,Flat,0,,0,,0,Dark,720000,1,0,0,2,0,0,0,0,0,,0,0,Auckland Region,Nil,2-way,Sealed,0,0,2,0,80,0,On,0,0,,76,Auckland,Nil,0,0,0,2,0,0,Open,0,0,0,Fine,Null
1765044.006,5910328.263,795615,,521801,0,,0,1,,North,2021/2022,SOUTHERN MOTORWAY,PRINCES OBR,,Serious Crash,Yes,2021,,North,,0,,Flat,,,,,,Overcast,787700,0,0,1,3,,,0,,,,,,Auckland Region,Nil,1-way,Sealed,,0,1,,100,,Off,0,0,,76,Auckland,Nil,,,,,0,0,Open,0,,,Fine,Null
1759290.956,5977857.517,795719,,506658,0,,0,1,,North,2021/2022,OMAHA DRIVE,BLUE BELL PARADE,,Fatal Crash,No,2022,,South,,1,,Flat,,Christmas New Year,,,,Dark,138814,0,0,0,2,,,0,,,1,,,Auckland Region,Nil,2-way,Sealed,,0,0,,50,,None,0,0,,76,Auckland,Nil,,,,,0,0,Urban,0,,,Fine,Null
1743019.276,5926679.885,795798,,513410,0,0,0,1,0,West,2021/2022,BRIGHAM CREEK ROAD,JOSEPH MCDONALD DRIVE,,Fatal Crash,No,2021,0,East,0,2,0,Hill Road,0,,0,,0,Overcast,223200,1,0,0,2,0,0,0,0,0,,0,0,Auckland Region,Bridge,2-way,Sealed,0,0,0,0,80,0,Off,0,0,,76,Auckland,Nil,0,0,0,1,1,0,Open,0,0,0,Fine,Null
1770638.159,5877589.82,795812,,525922,0,0,0,0,1,North,2021/2022,BUCKLAND ROAD,TUAKAU ROAD,,Serious Crash,No,2021,0,South,0,0,0,Flat,0,,0,,0,Overcast,824302,0,0,0,2,0,0,0,0,0,,0,0,Auckland Region,Nil,2-way,Sealed,0,0,1,0,100,0,None,0,0,,76,Auckland,Nil,0,0,0,0,1,0,Open,1,0,0,Light rain,Null
1772104.424,5902608.123,795883,65,523818,0,0,0,3,0,North,2021/2022,MILL ROAD,RANFURLY ROAD,,Fatal Crash,No,2022,0,South,0,1,0,Flat,0,,0,,0,Dark,760904,0,0,0,2,0,0,0,1,0,,0,0,Auckland Region,Nil,2-way,Sealed,0,0,2,0,80,0,On,0,0,,76,Auckland,Nil,0,0,0,0,0,0,Open,0,0,0,Fine,Null
1767993.439,5907135.136,795939,,523711,0,0,0,2,0,South,2020/2021,PRESTON ROAD,CAPSTICK ROAD,,Serious Crash,No,2021,0,South,0,0,0,Flat,0,,0,,0,Dark,714100,0,0,0,2,0,0,0,0,2,,0,0,Auckland Region,Nil,2-way,Sealed,0,0,1,0,50,0,On,2,0,,76,Auckland,Nil,0,0,0,0,0,0,Urban,0,0,0,Fine,Null