X,Y,OBJECTID,advisorySpeed,areaUnitID,bicycle,bridge,bus,carStationWagon,cliffBank,crashDirectionDescription,crashFinancialYear,crashLocation1,crashLocation2,crashRoadSideRoad,crashSeverity,crashSHDescription,crashYear,debris,directionRoleDescription,ditch,fatalCount,fence,flatHill,guardRail,holiday,houseOrBuilding,intersection,kerb,light,meshblockId,minorInjuryCount,moped,motorcycle,NumberOfLanes,objectThrownOrDropped,otherObject,otherVehicleType,overBank,parkedVehicle,pedestrian,phoneBoxEtc,postOrPole,region,roadCharacter,roadLane,roadSurface,roadworks,schoolBus,seriousInjuryCount,slipOrFlood,speedLimit,strayAnimal,streetLight,suv,taxi,temporarySpeedLimit,tlaId,tlaName,trafficControl,trafficIsland,trafficSign,train,tree,truck,unknownVehicleType,urban,vanOrUtility,vehicle,waterRiver,weatherA,weatherB
1773444.14,5895843.713,796003,,525410,0,,0,1,,Null,2021/2022,SETTLEMENT ROAD,MARNE ROAD,,Serious Crash,No,2022,,West,,0,,Flat,,,,,,Dark,793602,3,0,0,2,,,0,,,,,,Auckland Region,Nil,2-way,Sealed,,0,1,,50,,None,0,0,,76,Auckland,Give way,,,,,0,0,Urban,1,,,Light rain,Null
1767869.092,5910286.892,796006,,523112,0,0,0,1,0,Null,2021/2022,ALLENS ROAD,NEILPARK DRIVE,,Serious Crash,No,2022,0,South,0,0,0,Flat,0,,0,,0,Dark,711600,2,0,0,5,0,0,0,0,0,,0,0,Auckland Region,Nil,2-way,Sealed,0,0,2,0,50,0,On,0,0,,76,Auckland,Traffic Signals,0,1,0,0,0,0,Urban,0,0,0,Light rain,Null
1782986.628,5923657.302,796026,,520801,0,,0,0,,North,2021/2022,TE WHAU DRIVE,VINTAGE LANE,,Serious Crash,No,2022,,North,,0,,Hill Road,,,,,,Bright sun,515611,0,0,0,2,,,0,,,1,,,Auckland Region,Nil,2-way,Sealed,,0,1,,50,,None,0,0,,76,Auckland,Nil,,,,,0,0,Urban,1,,,Fine,Null
1771721.031,5912965.715,796028,,523102,0,,0,1,,Null,2021/2022,OFF ROAD - CAR PARK,,,Serious Crash,No,2022,,East,,0,,Flat,,,,,,Bright sun,711005,0,0,0,,,,0,,,1,,,Auckland Region,Nil,Off road,Sealed,,0,1,,,,None,0,0,,76,Auckland,Nil,,,,,0,0,Urban,0,,,Fine,Null
1752319.142,5918344.588,796118,,515002,0,,0,2,,South,2021/2022,POINT CHEVALIER ROAD,ALBERTA STREET,,Serious Crash,No,2022,,South,,0,,Flat,,,,,,Bright sun,391800,2,0,0,2,,,0,,,,,,Auckland Region,Nil,2-way,Sealed,,0,1,,50,,Off,0,0,,76,Auckland,Nil,,,,,0,0,Urban,1,,,Fine,Null
1780496.749,5903046.774,796132,65,525201,0,,0,0,,Null,2021/2022,PAPAKURA-CLEVEDON ROAD,WEST ROAD,,Serious Crash,No,2021,,West,,0,,Flat,,,,,,Twilight,763400,0,0,0,2,,,0,,,,,,Auckland Region,Nil,2-way,Sealed,,0,1,,100,,None,0,0,,76,Auckland,Give way,,,,,0,0,Open,2,,,Light rain,Frost
1723385.342,5977083.954,796205,,506613,0,0,0,0,0,East,2021/2022,RUN ROAD,BURMA ROAD,,Fatal Crash,No,2022,0,West,0,1,0,Flat,0,,0,,0,Bright sun,144900,0,0,0,2,0,0,0,1,0,,0,0,Auckland Region,Nil,2-way,Sealed,0,0,0,0,100,0,None,0,0,,76,Auckland,Nil,0,0,0,1,0,0,Open,1,0,0,Fine,Null
1754783.51,5914642.165,796521,,517703,0,0,0,0,0,South,2021/2022,MOUNT ALBERT ROAD,RENFREW AVENUE,,Serious Crash,No,2021,0,South,0,0,0,Flat,0,,0,,0,Dark,539901,0,0,0,2,0,0,0,0,0,,0,0,Auckland Region,Nil,2-way,Sealed,0,0,1,0,50,0,On,0,0,,76,Auckland,Nil,0,1,0,0,0,0,Urban,1,0,0,Fine,Null
1758058.498,5915115.297,796553,,519300,0,,0,2,,Null,2021/2022,MANUKAU ROAD,ONSLOW AVENUE,,Serious Crash,No,2021,,North,,0,,Flat,,,,,,Dark,623600,0,0,0,2,,,0,,,,,,Auckland Region,Nil,2-way,Sealed,,0,1,,50,,On,0,1,,76,Auckland,Give way,,,,,0,0,Urban,0,,,Fine,Null
1746515.851,5917896.893,796790,,512500,0,,0,0,,North,2021/2022,BORDEAUX PARADE,MERITAGE LANE,,Serious Crash,No,2021,,South,,0,,Flat,,,,,,Bright sun,257300,0,0,1,2,,,0,,,,,,Auckland Region,Nil,2-way,Sealed,,0,1,,50,,Off,0,0,,76,Auckland,Nil,,,,,0,0,Urban,0,,,Fine,Null
1763473.231,5913890.244,796857,,520303,0,,0,1,,South,2021/2022,PENROSE ROAD,BARRACK ROAD,,Serious Crash,No,2022,,South,,0,,Hill Road,,,,,,Dark,627300,0,0,1,4,,,0,,,,,,Auckland Region,Nil,2-way,Sealed,,0,1,,50,,On,0,0,,76,Auckland,Nil,,,,,0,0,Urban,0,,,Fine,Null
1762913.045,5908009.387,797033,,524530,0,0,0,3,0,East,2022/2023,VINE STREET,DRIVER ROAD,,Serious Crash,No,2022,0,East,0,0,1,Flat,0,,0,,0,Dark,733300,0,0,0,2,0,0,0,0,1,,0,0,Auckland Region,Nil,2-way,Sealed,0,0,1,0,50,0,On,0,1,,76,Auckland,Nil,0,0,0,0,0,0,Urban,0,0,0,Fine,Null
1757580.12,5920710.268,797086,,514103,0,0,0,3,0,Null,2021/2022,OFF ROAD - WILSON CAR PARK,,,Serious Crash,No,2021,0,West,0,0,0,Flat,0,,0,,0,Dark,438106,0,0,0,,0,0,0,0,1,,0,0,Auckland Region,Nil,Off road,Sealed,0,0,1,0,30,0,On,0,0,,76,Auckland,Nil,0,0,0,0,0,0,Urban,0,0,0,Fine,Null
1761038.535,5906098.836,797185,,524200,0,0,0,1,0,Null,2022/2023,MASSEY ROAD,DUGGAN AVENUE,,Fatal Crash,No,2022,0,West,0,1,0,Flat,0,,0,,1,Dark,728300,0,0,0,2,0,0,0,0,0,,1,0,Auckland Region,Nil,2-way,Sealed,0,0,1,0,50,0,On,0,0,,76,Auckland,Stop,0,0,0,1,0,0,Urban,0,0,0,Fine,Null
1756112.357,5914206.972,797216,,518500,0,,0,2,,South,2021/2022,SMALLFIELD AVENUE,FYVIE AVENUE,,Serious Crash,No,2022,,South,,0,,Flat,,,,,,Overcast,563600,0,0,0,2,,,0,,,1,,,Auckland Region,Nil,2-way,Sealed,,0,1,,50,,Off,0,0,,76,Auckland,Nil,,,,,0,0,Urban,0,,,Fine,Null
1744854.637,5916134.614,797333,,510800,0,0,0,2,0,North,2020/2021,HENDERSON VALLEY ROAD,GARELJA ROAD,,Serious Crash,No,2021,0,North,0,0,0,Flat,0,,0,,0,Bright sun,242501,0,0,0,2,0,0,0,0,1,,0,0,Auckland Region,Nil,2-way,Sealed,0,0,1,0,50,0,Off,0,0,,76,Auckland,Nil,0,0,0,0,0,0,Urban,0,0,0,Fine,Null
1747322.79,5910690.295,797345,,512000,0,,0,3,,Null,2021/2022,TITIRANGI ROAD,HUIA ROAD,,Serious Crash,No,2022,,West,,0,,Flat,,,,,,Bright sun,297100,2,0,0,2,,,0,,,,,,Auckland Region,Nil,1-way,Sealed,,0,1,,50,,Off,0,0,,76,Auckland,Give way,,,,,0,0,Urban,0,,,Fine,Null
1747359.212,5914816.693,797350,,511800,0,0,0,2,0,South,2020/2021,GREAT NORTH ROAD,PALMER AVENUE,,Fatal Crash,No,2021,0,South,0,1,0,Flat,0,,0,,0,Bright sun,277902,4,0,0,4,0,0,0,0,0,,0,0,Auckland Region,Nil,2-way,Sealed,0,0,0,0,50,0,Off,1,0,,76,Auckland,Nil,1,0,0,0,0,0,Urban,0,0,0,Fine,Null
1768648.661,5909871.347,797413,,523112,0,,0,1,,North,2021/2022,HARRIS ROAD,SMALES ROAD,,Serious Crash,No,2021,,South,,0,,Flat,,,,,,Bright sun,711500,0,0,1,4,,,0,,,,,,Auckland Region,Nil,2-way,Sealed,,0,1,,60,,Off,0,0,,76,Auckland,Nil,,,,,0,0,Urban,0,,,Fine,Null
1775227.719,5891079.233,797501,,521301,0,0,0,0,0,Null,2021/2022,COSSEY ROAD,WAIHOEHOE ROAD,,Serious Crash,No,2022,0,South,0,0,1,Flat,0,,0,,0,Twilight,808901,0,0,0,2,0,0,0,0,0,,0,0,Auckland Region,Nil,2-way,Sealed,0,0,1,0,100,0,Off,0,0,,76,Auckland,Stop,0,0,0,0,0,0,Open,1,0,0,Fine,Null
1755927.328,5921105.237,797525,,515202,0,0,0,2,0,South,2021/2022,NORTHERN MOTORWAY,FANSHAWE STREET ON RAMP,,Serious Crash,Yes,2022,0,South,0,0,0,Flat,1,,0,,0,Dark,425600,1,0,0,3,0,0,0,0,0,,0,0,Auckland Region,Nil,1-way,Sealed,0,0,2,0,80,0,On,1,0,,76,Auckland,Nil,0,0,0,0,0,0,Open,0,0,0,Light rain,Null
1759743.495,5924739.644,797540,,508110,1,,0,0,,Null,2021/2022,LAKE ROAD,ROBERTS AVENUE,,Serious Crash,No,2022,,North,,0,,Hill Road,,,,,,Overcast,318000,0,0,0,2,,,0,,,,,,Auckland Region,Nil,2-way,Sealed,,0,1,,50,,Off,0,0,,76,Auckland,Give way,,,,,1,0,Urban,0,,,Fine,Null
1765076.636,5910116.728,797709,,521801,0,,0,0,,South,2021/2022,SOUTHERN MOTORWAY,PRINCES OBR,,Serious Crash,Yes,2022,,North,,0,,Flat,,,,,,Bright sun,787700,0,0,2,3,,,0,,,,,,Auckland Region,Nil,1-way,Sealed,,0,1,,100,,Off,0,0,,76,Auckland,Nil,,,,,0,0,Open,1,,,Fine,Null
1747587.402,5967383.646,797803,,506613,0,,0,3,,South,2021/2022,SH 1,VALERIE CLOSE,,Serious Crash,Yes,2022,,South,,0,,Hill Road,,,,,,Twilight,146004,0,0,0,2,,,0,,,,,,Auckland Region,Nil,2-way,Sealed,,0,2,,80,,None,0,0,,76,Auckland,Nil,,,,,0,0,Open,0,,,Mist or Fog,Null
1759678.59,5916853.921,797832,,516001,0,0,0,0,0,Null,2020/2021,OMAHU ROAD,DROMORNE ROAD,,Serious Crash,No,2021,0,South,0,0,0,Flat,0,,0,,0,Dark,491500,1,0,0,2,0,0,0,0,0,,0,0,Auckland Region,Nil,2-way,Sealed,0,0,1,0,50,0,On,2,0,,76,Auckland,Stop,0,3,0,0,1,0,Urban,0,0,0,Fine,Null
1746387.255,5924087.074,798058,,513522,1,,0,1,,North,2021/2022,MARINA VIEW DRIVE,RENOIR STREET,,Serious Crash,No,2021,,North,,0,,Flat,,,,,,Bright sun,224127,0,0,0,2,,,0,,,1,,,Auckland Region,Nil,2-way,Sealed,,0,1,,50,,Off,0,0,,76,Auckland,Nil,,,,,0,0,Urban,0,,,Fine,Null
1758191.161,5913612.852,798076,,519710,1,0,0,0,0,South,2021/2022,MANUKAU ROAD,MARTIN PLACE,,Fatal Crash,No,2022,0,South,0,1,0,Flat,0,,0,,0,Bright sun,594500,0,0,0,2,0,0,0,0,1,,0,0,Auckland Region,Nil,2-way,Sealed,0,0,0,0,50,0,Off,1,0,,76,Auckland,Nil,0,0,0,0,0,0,Urban,1,0,0,Fine,Null
1767216.097,5918734.362,798126,,516800,0,0,0,2,0,South,2021/2022,RIDDELL ROAD,THORNHILL PLACE,,Fatal Crash,No,2022,0,South,0,1,0,Hill Road,0,,0,,0,Bright sun,514000,0,0,0,2,0,0,0,0,1,,0,0,Auckland Region,Speed hump,2-way,Sealed,0,0,0,0,50,0,Off,1,0,,76,Auckland,Nil,1,0,0,0,0,0,Urban,0,0,0,Fine,Null
1772809.658,5910492.229,798143,,523202,0,,0,0,,North,2022/2023,WHITFORD ROAD,MASONS ROAD,,Serious Crash,No,2022,,North,,0,,Flat,,,,,,Bright sun,717501,0,0,1,2,,,0,,,,,,Auckland Region,Nil,2-way,Sealed,,0,1,,60,,None,0,0,50,76,Auckland,Nil,,,,,0,0,Urban,0,,,Fine,Null
1759207.003,5911397.785,798220,,519820,0,0,0,1,0,South,2021/2022,ONEHUNGA HARBOUR ROAD,ONEHUNGA MALL,,Serious Crash,No,2022,0,North,0,0,0,Flat,0,,0,,0,Dark,602402,0,0,0,2,0,0,0,0,0,,0,0,Auckland Region,Nil,2-way,Sealed,0,0,1,0,50,0,None,0,0,,76,Auckland,Nil,0,0,0,1,0,0,Urban,0,0,0,Light rain,Null
1767796.558,5913605.842,798244,,522910,1,,0,1,,North,2021/2022,PAKURANGA ROAD,JOHNS LANE,,Fatal Crash,No,2022,,West,,1,,Hill Road,,,,,,Overcast,685500,0,0,0,3,,,0,,,,,,Auckland Region,Nil,1-way,Sealed,,0,0,,60,,None,0,0,,76,Auckland,Nil,,,,,0,0,Urban,0,,,Fine,Null
1756292.372,5915361.937,798428,,518302,0,0,0,2,0,East,2021/2022,PEARY ROAD,KINGSFORD ROAD,,Serious Crash,No,2021,0,South,0,0,0,Flat,0,,0,,0,Bright sun,558100,0,0,0,2,0,0,0,0,1,,0,0,Auckland Region,Nil,2-way,Sealed,0,0,1,0,50,0,Off,0,0,,76,Auckland,Nil,0,0,0,0,0,0,Urban,0,0,0,Fine,Null
1767613.142,5918839.417,798468,,516800,0,,1,1,,North,2021/2022,RIDDELL ROAD,GLENDOWIE ROAD,,Serious Crash,No,2022,,North,,0,,Hill Road,,,,,,Overcast,514900,0,0,0,2,,,0,,,,,,Auckland Region,Nil,2-way,Sealed,,0,1,,50,,Off,0,0,,76,Auckland,Nil,,,,,0,0,Urban,0,,,Fine,Null
1750987.28,5915506.614,798600,,514401,0,0,0,1,0,South,2021/2022,ROSEBANK ROAD,COMMUNITY LANE,,Serious Crash,No,2021,0,West,0,0,0,Flat,0,,0,,0,Overcast,381802,0,0,1,2,0,0,0,0,1,,0,0,Auckland Region,Nil,2-way,Sealed,0,0,1,0,50,0,Off,0,0,,76,Auckland,Unknown,0,0,0,0,0,0,Urban,0,0,0,Fine,Null
1757925.877,5918072.486,798648,,515700,0,0,0,1,0,South,2021/2022,SOUTHERN MOTORWAY,MAUNGAWHAU OBR,,Fatal Crash,Yes,2022,0,South,0,1,0,Flat,1,,0,,0,Dark,443200,2,0,0,5,0,0,0,0,0,,0,0,Auckland Region,Overpass,1-way,Sealed,0,0,0,0,80,0,On,1,0,,76,Auckland,Nil,0,0,0,0,0,0,Open,0,0,0,Fine,Strong wind
1771658.991,5889058.927,798864,,521302,0,,0,2,,North,2021/2022,BURTT ROAD,CHERITON LANE,,Serious Crash,No,2022,,South,,0,,Flat,,,,,,Overcast,807500,7,0,0,2,,,0,,,,,,Auckland Region,Nil,2-way,Sealed,,0,1,,100,,None,0,0,,76,Auckland,Nil,,,,,1,0,Open,0,,,Fine,Null
1768692.513,5911614.387,798869,,523112,0,,0,1,,West,2021/2022,TI RAKAU DRIVE,BURSWOOD DRIVE,,Serious Crash,No,2021,,West,,0,,Flat,,,,,,Dark,711404,0,0,0,2,,,0,,,1,,,Auckland Region,Nil,1-way,Sealed,,0,1,,60,,On,0,0,,76,Auckland,Nil,,,,,0,0,Urban,0,,,Fine,Null
1748724.191,5912703.872,798950,,511401,0,,0,0,,Null,2021/2022,PARKER AVENUE,SEABROOK AVENUE,,Serious Crash,No,2022,,East,,0,,Flat,,,,,,Bright sun,261900,0,0,0,2,,,0,,,1,,,Auckland Region,Nil,2-way,Sealed,,0,1,,50,,Off,1,0,,76,Auckland,Stop,,,,,0,0,Urban,0,,,Fine,Null
1767151.023,5901470.427,799058,,524720,0,,0,1,,North,2021/2022,OXFORD ROAD,RUSSELL ROAD,,Serious Crash,No,2021,,North,,0,,Flat,,,,,,Bright sun,778000,0,0,0,2,,,0,,,1,,,Auckland Region,Nil,2-way,Sealed,,0,1,,50,,Off,0,0,,76,Auckland,Nil,,,,,0,0,Urban,0,,,Fine,Null
1750373.991,5930475.93,799107,,509100,0,0,0,1,0,South,2021/2022,KITTIWAKE DRIVE,METEOR PLACE,,Serious Crash,No,2022,0,East,0,0,0,Hill Road,0,,0,,0,Bright sun,180904,2,0,0,2,0,0,0,0,1,,0,0,Auckland Region,Nil,2-way,Sealed,0,0,2,0,50,0,Off,0,0,,76,Auckland,Nil,0,0,0,0,1,0,Urban,0,0,0,Mist or Fog,Null
1764492.838,5918125.569,799126,,516500,0,,0,0,,South,2021/2022,ST JOHNS ROAD,ST HELIERS BAY ROAD,,Serious Crash,No,2022,,South,,0,,Flat,,,,,,Overcast,503800,1,0,0,2,,,0,,,,,,Auckland Region,Nil,2-way,Sealed,,0,1,,50,,Off,2,0,,76,Auckland,Nil,,,,,1,0,Urban,1,,,Fine,Null
1746362.311,5873121.443,799522,,521151,0,,0,0,,Null,2021/2022,OFFROAD KARIOTAHI BEACH,,,Serious Crash,No,2022,,South,,0,,Hill Road,,,,,,Bright sun,831300,0,0,1,,,,0,,,,,,Auckland Region,Nil,Off road,Unsealed,,0,1,,,,None,0,0,,76,Auckland,Nil,,,,,0,0,Urban,1,,,Fine,Null
1767384.412,5906052.58,799561,,522302,0,0,0,1,0,North,2021/2022,SOUTHERN MOTORWAY,REAGAN ROAD,,Serious Crash,Yes,2022,0,North,0,0,0,Flat,1,,0,,0,Overcast,670901,0,0,1,3,0,0,0,0,0,,0,0,Auckland Region,Nil,1-way,Sealed,0,0,1,0,100,0,On,0,0,,76,Auckland,Nil,0,0,0,0,0,0,Open,2,0,0,Fine,Null
1765790.388,5908142.291,799587,,523402,0,,0,1,,South,2021/2022,SOUTHERN MOTORWAY,BAIRDS OBR,,Serious Crash,Yes,2021,,South,,0,,Flat,,,,,,Overcast,698900,1,0,0,3,,,0,,,,,,Auckland Region,Nil,1-way,Sealed,,0,1,,100,,Off,0,0,,76,Auckland,Nil,,,,,0,0,Open,0,,,Fine,Null
1765275.538,5899261.816,799602,,524811,0,,0,0,,South,2021/2022,NICHOLAS GIBBONS DRIVE,PALMERS ROAD,,Serious Crash,No,2022,,North,,0,,Flat,,,,,,Bright sun,773801,0,0,0,2,,,0,,,1,,,Auckland Region,Nil,2-way,Sealed,,0,1,,50,,Off,1,0,,76,Auckland,Nil,,,,,0,0,Urban,0,,,Fine,Null
1765228.282,5882516.955,799789,,521112,0,0,0,0,0,West,2021/2022,HART ROAD,SCHLAEPFER ROAD,,Serious Crash,No,2022,0,South,0,0,0,Flat,0,,0,,0,Bright sun,826400,0,0,0,2,0,0,0,0,0,,0,0,Auckland Region,Rail xing,2-way,Sealed,0,0,1,0,60,0,None,0,0,,76,Auckland,Stop,0,0,1,0,0,0,Urban,1,0,0,Fine,Null
1753584.165,5911983.676,799879,,518902,0,,0,1,,Null,2021/2022,HILLSBOROUGH ROAD,THE AVENUE,,Serious Crash,No,2021,,North,,0,,Flat,,,,,,Overcast,587500,2,0,0,4,,,0,,,,,,Auckland Region,Nil,2-way,Sealed,,0,1,,50,,Off,1,0,,76,Auckland,Traffic Signals,,,,,0,0,Urban,0,,,Fine,Null
1719060.301,5950434.021,799885,,506642,0,,0,0,,Null,2021/2022,SOUTH HEAD ROAD,SHELLY BEACH ROAD,,Serious Crash,No,2022,,North,,0,,Hill Road,,Easter,,,,Bright sun,210201,0,0,2,2,,,0,,,,,,Auckland Region,Nil,2-way,Sealed,,0,1,,100,,None,0,0,,76,Auckland,Give way,,,,,0,0,Open,0,,,Fine,Null
1760350,5885015,917729,,521121,0,0,0,1,0,Null,2012/2013,KINGSEAT ROAD,GLENBROOK ROAD,,Fatal Crash,No,2012,0,West,0,2,0,Flat,0,,0,,0,Bright sun,811200,0,0,0,2,0,0,0,0,0,,0,0,Auckland Region,Nil,2-way,Sealed,0,0,0,0,100,0,Off,0,0,,76,Auckland,Stop,0,1,0,0,0,0,Open,1,0,0,Fine,Null
1759409,5909219,922074,,524002,0,0,0,2,0,South,2011/2012,CORONATION ROAD,MOUNTAIN ROAD,,Serious Crash,No,2012,0,North,0,0,0,Flat,0,,0,,0,Dark,724101,0,0,0,2,0,0,0,0,1,,0,0,Auckland Region,Nil,2-way,Sealed,0,0,1,0,50,0,On,0,0,,76,Auckland,Nil,0,0,0,0,0,0,Urban,0,0,0,Fine,Null
1770339,5911317,922969,,523106,0,,0,2,,Null,2012/2013,TI RAKAU DRIVE,BOTANY ROAD,,Serious Crash,No,2012,,South,,0,,Flat,,,,,,Overcast,711174,1,0,0,4,,,0,,,,,,Auckland Region,Nil,2-way,Sealed,,0,1,,50,,Off,0,0,,76,Auckland,Traffic Signals,,,,,0,0,Urban,0,,,Light rain,Null
1743286,5922092,923012,,513631,0,,0,0,,Null,2011/2012,TRIANGLE ROAD,MCCLINTOCK ROAD,,Serious Crash,No,2012,,East,,0,,Hill Road,,,,,,Bright sun,227006,0,0,1,2,,,0,,,,,,Auckland Region,Nil,2-way,Sealed,,0,1,,50,,Off,0,0,,76,Auckland,Nil,,,,,0,0,Urban,1,,,Fine,Null
1747932,5913620,923408,,511100,0,,0,1,,Null,2012/2013,WEST COAST ROAD,RUA ROAD,,Serious Crash,No,2012,,South,,0,,Hill Road,,,,,,Bright sun,286100,0,0,0,2,,,0,,,1,,,Auckland Region,Nil,2-way,Sealed,,0,1,,50,,Off,0,0,,76,Auckland,Nil,,,,,0,0,Urban,0,,,Fine,Null
1765129,5917743,923416,,517001,0,,0,2,,Null,2011/2012,APIRANA AVENUE,EASTVIEW ROAD,,Serious Crash,No,2012,,North,,0,,Hill Road,,,,,,Dark,470000,1,0,0,2,,,0,,,,,,Auckland Region,Nil,2-way,Sealed,,0,1,,50,,On,0,0,,76,Auckland,Give way,,,,,0,0,Urban,0,,,Fine,Null
1755996,5920523,923513,,514000,1,,0,0,,Null,2011/2012,COLLEGE HILL,GUDGEON ST,,Serious Crash,No,2012,,East,,0,,Hill Road,,,,,,Bright sun,416600,0,0,0,4,,,0,,,,,,Auckland Region,Nil,2-way,Sealed,,0,1,,50,,Off,0,0,,76,Auckland,Nil,,,,,0,0,Urban,1,,,Fine,Null
1755009,5944766,923535,,505907,0,0,0,0,0,Null,2012/2013,WHANGAPARAOA ROAD,SCOTT ROAD,,Serious Crash,No,2012,0,North,0,0,0,Hill Road,0,,0,,0,Dark,173418,0,0,0,2,0,0,0,0,0,,0,1,Auckland Region,Nil,2-way,Sealed,0,0,1,0,50,0,On,1,0,,76,Auckland,Stop,0,0,0,0,0,0,Urban,0,0,0,Fine,Null
1755798,5917973,923691,,517500,0,,0,0,,East,2011/2012,STORMONT PLACE,NEW NORTH ROAD,,Serious Crash,No,2012,,South,,0,,Flat,,,,,,Bright sun,530900,0,1,0,2,,,0,,,,,,Auckland Region,Nil,2-way,Sealed,,0,1,,50,,Off,1,0,,76,Auckland,Nil,,,,,0,0,Urban,0,,,Fine,Null
1768350,5908566,923919,,523113,0,,0,0,,Null,2011/2012,EAST TAMAKI ROAD,SPRINGS ROAD,,Serious Crash,No,2012,,North,,0,,Flat,,,,,,Overcast,711801,0,0,0,5,,,0,,,1,,,Auckland Region,Nil,2-way,Sealed,,0,1,,50,,Off,0,0,,76,Auckland,Traffic Signals,,,,,1,0,Urban,0,,,Fine,Null
1756143,5929087,924111,,508510,0,,0,1,,East,2011/2012,BOND CRESCENT,FORREST HILL ROAD,,Serious Crash,No,2012,,South,,0,,Hill Road,,,,,,Overcast,195900,0,0,0,2,,,0,,,1,,,Auckland Region,Nil,2-way,Sealed,,0,1,,50,,Off,0,0,,76,Auckland,Nil,,,,,0,0,Urban,0,,,Fine,Null
1760739,5914314,924113,,519400,0,,0,1,,South,2011/2012,ROCKFIELD ROAD,MAREI ROAD,,Serious Crash,No,2012,,South,,0,,Flat,,,,,,Bright sun,620000,0,0,0,2,,,0,,,1,,,Auckland Region,Nil,2-way,Sealed,,0,1,,50,,Off,0,0,,76,Auckland,School Patrol/warden,,,,,0,0,Urban,0,,,Fine,Null
1746045,5917064,924114,,510700,0,,0,2,,Null,2011/2012,GREAT NORTH ROAD,NEWINGTON ROAD,,Serious Crash,No,2012,,West,,0,,Hill Road,,,,,,Bright sun,240505,0,0,0,3,,,0,,,,,,Auckland Region,Nil,2-way,Sealed,,0,1,,50,,Off,0,0,,76,Auckland,Stop,,,,,0,0,Urban,0,,,Fine,Null
1762494,5919127,924199,,516400,0,0,0,2,0,South,2011/2012,REIHANA ST,NGAKE ST,,Serious Crash,No,2012,0,North,0,0,1,Hill Road,0,,0,,0,Bright sun,498400,0,0,0,2,0,1,0,0,1,,0,0,Auckland Region,Nil,2-way,Sealed,0,0,1,0,50,0,Off,0,0,,76,Auckland,Nil,0,0,0,0,0,0,Urban,0,0,0,Fine,Null
1747027,5920635,924377,,512300,0,0,0,3,0,East,2012/2013,GLORIA AVENUE,GLENVIL LANE,,Serious Crash,No,2012,0,West,0,0,1,Flat,0,,0,,0,Dark,251200,0,0,0,2,0,0,0,0,2,,0,1,Auckland Region,Nil,2-way,Sealed,0,0,1,0,50,0,On,0,0,,76,Auckland,Nil,0,0,0,0,0,0,Urban,0,0,0,Fine,Null
1751527,5916405,924410,,514401,0,,0,1,,Null,2011/2012,GREAT NORTH ROAD,BLOCKHOUSE BAY ROAD,,Serious Crash,No,2012,,West,,0,,Flat,,,,,,Dark,383600,0,0,0,4,,,0,,,,,,Auckland Region,Nil,2-way,Sealed,,0,1,,50,,On,1,0,,76,Auckland,Traffic Signals,,,,,0,0,Urban,0,,,Fine,Null
1757211,5919352,924554,,514301,0,,0,1,,South,2011/2012,SYMONDS ON SBD,SYMONDS ST,,Serious Crash,Yes,2012,,South,,0,,Hill Road,,,,,,Twilight,441200,0,0,0,2,,,0,,,1,,,Auckland Region,Motorway ramp,1-way,Sealed,,0,1,,50,,Off,0,0,,76,Auckland,Nil,,,,,0,0,Urban,0,,,Fine,Null
1740843,5928504,924641,,505604,0,0,0,1,0,South,2011/2012,OLD NORTH ROAD,OLD RAILWAY ROAD,,Serious Crash,No,2012,0,North,0,0,0,Flat,0,,0,,0,Dark,214501,0,0,0,2,0,0,0,0,0,,0,0,Auckland Region,Nil,2-way,Sealed,0,0,1,0,100,0,On,0,0,,76,Auckland,Nil,0,0,0,1,0,0,Open,0,0,0,Fine,Null
1763393,5911223,924658,,520500,0,,0,1,,Null,2012/2013,GREAT SOUTH ROAD,BELL AVENUE,,Serious Crash,No,2012,,East,,0,,Flat,,,,,,Bright sun,637702,0,0,0,4,,,0,,,,,,Auckland Region,Nil,2-way,Sealed,,0,1,,50,,Off,0,0,,76,Auckland,Stop,,,,,1,0,Urban,0,,,Fine,Null
1779699,5883402,924679,,521132,0,0,0,1,0,Null,2011/2012,PAPARATA ROAD,PINNACLE HILL ROAD,,Serious Crash,No,2012,0,West,1,0,1,Hill Road,0,,0,,0,Dark,815501,0,0,0,2,0,0,0,0,0,,0,0,Auckland Region,Nil,2-way,Sealed,0,0,1,0,100,0,None,0,0,,76,Auckland,Nil,0,0,0,0,0,0,Open,0,0,0,Light rain,Null
1755422,5935924,924840,,507000,1,,0,0,,Null,2012/2013,CARLISLE ROAD,FIRTH ROAD,,Serious Crash,No,2012,,West,,0,,Flat,,,,,,Overcast,163300,0,0,0,2,,,0,,,,,,Auckland Region,Nil,2-way,Sealed,,0,1,,50,,Off,1,0,,76,Auckland,Give way,,,,,0,0,Urban,0,,,Fine,Null