X,Y,OBJECTID,advisorySpeed,areaUnitID,bicycle,bridge,bus,carStationWagon,cliffBank,crashDirectionDescription,crashFinancialYear,crashLocation1,crashLocation2,crashRoadSideRoad,crashSeverity,crashSHDescription,crashYear,debris,directionRoleDescription,ditch,fatalCount,fence,flatHill,guardRail,holiday,houseOrBuilding,intersection,kerb,light,meshblockId,minorInjuryCount,moped,motorcycle,NumberOfLanes,objectThrownOrDropped,otherObject,otherVehicleType,overBank,parkedVehicle,pedestrian,phoneBoxEtc,postOrPole,region,roadCharacter,roadLane,roadSurface,roadworks,schoolBus,seriousInjuryCount,slipOrFlood,speedLimit,strayAnimal,streetLight,suv,taxi,temporarySpeedLimit,tlaId,tlaName,trafficControl,trafficIsland,trafficSign,train,tree,truck,unknownVehicleType,urban,vanOrUtility,vehicle,waterRiver,weatherA,weatherB
1773839,5881320,924846,,521160,0,,0,1,,Null,2011/2012,MILL ROAD,HARRISVILLE ROAD,,Fatal Crash,No,2012,,West,,1,,Flat,,,,,,Bright sun,827300,2,0,0,2,,,0,,,,,,Auckland Region,Nil,2-way,Sealed,,0,0,,100,,Off,1,0,,76,Auckland,Stop,,,,,0,0,Open,0,,,Fine,Null
1761771,5885199,924909,,521122,0,0,0,0,0,West,2012/2013,GLENBROOK ROAD,CUFF ROAD,,Serious Crash,No,2012,0,West,0,0,1,Flat,0,,0,,0,Bright sun,810904,0,0,0,2,0,0,0,0,0,,0,1,Auckland Region,Nil,2-way,Sealed,0,0,1,0,100,0,None,1,0,,76,Auckland,Nil,0,0,0,0,0,0,Open,0,0,0,Fine,Null
1763494,5910652,925344,,520500,0,,0,1,,Null,2011/2012,GREAT SOUTH ROAD,PORTAGE ROAD,,Serious Crash,No,2012,,South,,0,,Flat,,,,,,Bright sun,637801,0,0,0,4,,,0,,,,,,Auckland Region,Nil,2-way,Sealed,,0,2,,50,,Off,0,0,,76,Auckland,Traffic Signals,,,,,1,0,Urban,0,,,Fine,Null
1767363,5907455,925457,,523602,0,0,0,1,0,East,2011/2012,COBHAM CRESCENT,VILMA PLACE,,Serious Crash,No,2012,0,West,0,0,0,Flat,0,,0,,0,Overcast,709700,1,0,0,2,0,0,0,0,0,,0,0,Auckland Region,Nil,2-way,Sealed,0,0,2,0,50,0,Off,1,0,,76,Auckland,Nil,0,0,0,1,0,0,Urban,0,0,0,Fine,Null
1770352,5901436,925499,,523816,1,0,0,1,0,East,2012/2013,ALFRISTON ROAD,SARALEE DRIVE,,Serious Crash,No,2012,0,West,0,0,0,Flat,0,,0,,0,Bright sun,759741,0,0,0,2,0,0,0,0,0,,0,0,Auckland Region,Nil,2-way,Sealed,0,0,1,0,50,0,Off,0,0,,76,Auckland,Nil,0,0,0,0,0,0,Urban,0,1,0,Fine,Null
1758060,5944591,925516,,505902,0,0,0,1,0,South,2011/2012,WALBROOK ROAD,BRANDON ROAD,,Serious Crash,No,2012,0,North,0,0,0,Flat,0,,0,,0,Bright sun,174411,1,0,0,2,0,0,0,0,0,,0,1,Auckland Region,Nil,2-way,Sealed,0,0,3,0,50,0,None,0,0,,76,Auckland,Nil,0,0,0,0,0,0,Urban,0,0,0,Fine,Null
1731234,5926732,925655,,506652,0,,0,2,,Null,2012/2013,MURIWAI ROAD,HAMILTON ROAD,,Fatal Crash,No,2012,,South,,1,,Hill Road,,,,,,Overcast,218102,0,0,0,2,,,0,,,,,,Auckland Region,Nil,2-way,Sealed,,0,3,,100,,Off,0,0,,76,Auckland,Nil,,,,,0,0,Open,0,,,Fine,Null
1747672,5910867,925996,,511901,0,0,0,1,0,East,2011/2012,TITIRANGI ROAD,RANGIWAI ROAD,,Serious Crash,No,2012,0,South,0,0,1,Flat,0,,0,,0,Bright sun,294200,0,0,0,2,0,0,0,0,0,,0,0,Auckland Region,Nil,2-way,Sealed,0,0,2,0,50,0,Off,0,0,,76,Auckland,Nil,0,0,0,1,0,0,Urban,0,0,0,Fine,Null
1768906,5905871,926013,,523711,0,,0,0,,Null,2011/2012,TE IRIRANGI DRIVE,DAWSON ROAD W,,Serious Crash,No,2012,,West,,0,,Flat,,,,,,Dark,713005,0,0,1,3,,,0,,,,,,Auckland Region,Nil,2-way,Sealed,,0,1,,50,,On,0,0,,76,Auckland,Traffic Signals,,,,,0,0,Urban,0,,,Fine,Null
1754308,5914777,926073,,518802,0,,0,0,,Null,2012/2013,GIFFORD AVENUE,ELPHINSTONE AVENUE,,Serious Crash,No,2012,,West,,0,,Flat,,,,,,Bright sun,578000,0,0,0,2,,,0,,,1,,,Auckland Region,Nil,2-way,Sealed,,0,1,,50,,Off,0,0,,76,Auckland,Nil,,,,,0,0,Urban,1,,,Fine,Null
1754842,5917538,926677,,517500,1,,0,1,,Null,2014/2015,MCDONALD ST,ALTHAM AVENUE,,Serious Crash,No,2014,,East,,0,,Flat,,,,,,Bright sun,532600,0,0,0,4,,,0,,,,,,Auckland Region,Nil,2-way,Sealed,,0,1,,50,,Null,0,0,,76,Auckland,Give way,,,,,0,0,Urban,0,,,Fine,Null
1748501,5913064,926681,,511401,1,,0,1,,Null,2013/2014,TITIRANGI ROAD,CROYDON ROAD,,Serious Crash,No,2014,,North,,0,,Flat,,,,,,Bright sun,262705,0,0,0,2,,,0,,,,,,Auckland Region,Nil,2-way,Sealed,,0,1,,50,,Null,0,0,,76,Auckland,Traffic Signals,,,,,0,0,Urban,0,,,Fine,Null
1741618,5918248,926699,,513214,0,0,0,1,0,South,2014/2015,CANDIA ROAD,BURTONS ROAD,,Serious Crash,No,2014,0,South,1,0,0,Flat,0,Christmas New Year,0,,0,Overcast,238403,0,0,1,2,0,0,0,0,0,,0,0,Auckland Region,Nil,2-way,Sealed,0,0,1,0,70,0,Null,0,0,,76,Auckland,Nil,0,0,0,0,0,0,Urban,0,0,0,Fine,Null
1756610,5920747,926728,,514102,0,,0,1,,South,2012/2013,HALSEY ST,FANSHAWE ST,,Serious Crash,No,2013,,North,,0,,Flat,,,,,,Dark,432500,0,0,0,6,,,0,,,1,,,Auckland Region,Nil,2-way,Sealed,,0,1,,50,,On,0,0,,76,Auckland,Traffic Signals,,,,,0,0,Urban,0,,,Light rain,Null
1745470,5909403,926868,,512700,0,0,0,1,0,South,2013/2014,HUIA ROAD,SYLVAN VALLEY AVENUE,,Serious Crash,No,2013,0,East,0,0,0,Hill Road,0,,0,,0,Overcast,301600,0,0,0,2,0,0,0,0,0,,0,1,Auckland Region,Nil,2-way,Sealed,0,0,1,0,50,0,Off,0,0,,76,Auckland,Nil,0,0,0,0,0,0,Urban,0,0,0,Light rain,Null
1759205,5911331,926886,,519820,0,,0,2,,South,2012/2013,ONEHUNGA HARBOUR ROAD,ONEHUNGA MALL,,Serious Crash,No,2013,,North,,0,,Flat,,,,,,Dark,602402,0,0,0,2,,,0,,,,,,Auckland Region,Nil,2-way,Sealed,,0,1,,50,,On,0,0,,76,Auckland,Nil,,,,,0,0,Urban,0,,,Fine,Null
1752326,5930353,927014,,508803,1,,0,1,,East,2013/2014,ALBANY HIGHWAY,UPPER HARBOUR DRIVE,,Serious Crash,No,2013,,East,,0,,Flat,,,,,,Bright sun,180858,0,0,0,5,,,0,,,,,,Auckland Region,Nil,2-way,Sealed,,0,1,,70,,Off,0,0,,76,Auckland,Traffic Signals,,,,,0,0,Urban,0,,,Fine,Null
1751950,5949016,927016,,505805,0,,0,0,,North,2013/2014,HIBISCUS COAST HIGHWAY,WEITI ROAD,,Serious Crash,No,2014,,North,,0,,Flat,,Queens Birthday,,,,Dark,172207,1,0,1,2,,,0,,,1,,,Auckland Region,Nil,2-way,Sealed,,0,1,,50,,On,0,0,,76,Auckland,Nil,,,,,0,0,Urban,0,,,Fine,Null
1763666,5909752,927028,,521901,0,,0,1,,Null,2013/2014,STATION ROAD,NIKAU ROAD,,Serious Crash,No,2013,,South,,0,,Flat,,,,,,Overcast,784300,0,0,0,2,,,0,,,,,,Auckland Region,Nil,2-way,Sealed,,0,1,,50,,Off,0,0,,76,Auckland,Give way,,,,,1,0,Urban,0,,,Light rain,Null
1798324,5905053,927068,,525202,1,,0,0,,East,2012/2013,ORERE-MATINGARAHI ROAD,ORERE POINT ROAD,,Serious Crash,No,2013,,West,,0,,Hill Road,,,,,,Bright sun,765300,0,0,0,2,,,0,,,,,,Auckland Region,Nil,2-way,Sealed,,0,1,,100,,None,1,0,,76,Auckland,Nil,,,,,0,0,Open,0,,,Fine,Null
1756442,5929455,927302,,507720,0,,0,1,,Null,2012/2013,MARSH AVENUE,BRIAN AVENUE,,Serious Crash,No,2013,,West,,0,,Hill Road,,,,,,Bright sun,312100,0,0,0,2,,,0,,,1,,,Auckland Region,Nil,2-way,Sealed,,0,1,,50,,Off,0,0,,76,Auckland,Nil,,,,,0,0,Urban,0,,,Fine,Null
1753910,5925528,927505,,508610,0,,0,1,,Null,2012/2013,GLENFIELD ROAD,PUPUKE ROAD,,Serious Crash,No,2013,,South,,0,,Hill Road,,,,,,Overcast,207200,1,1,0,2,,,0,,,,,,Auckland Region,Nil,2-way,Sealed,,0,1,,50,,Off,0,0,,76,Auckland,Traffic Signals,,,,,0,0,Urban,0,,,Fine,Null
1756850,5944112,927584,,505902,0,0,0,2,0,North,2012/2013,LADIES MILE,HOMESTEAD ROAD,,Serious Crash,No,2013,0,North,0,0,1,Flat,0,,0,,0,Dark,174601,0,0,0,2,0,0,0,0,0,,0,0,Auckland Region,Nil,2-way,Sealed,0,0,2,0,50,0,On,0,0,,76,Auckland,Nil,0,0,0,1,0,0,Urban,0,0,0,Fine,Null
1754050,5920366,927658,,515301,1,,0,1,,South,2012/2013,WEST END ROAD,JERVOIS ROAD,,Serious Crash,No,2013,,West,,0,,Hill Road,,,,,,Overcast,426200,0,0,0,2,,,0,,,,,,Auckland Region,Nil,2-way,Sealed,,0,1,,50,,Off,0,0,,76,Auckland,Nil,,,,,0,0,Urban,0,,,Fine,Null
1769474,5908009,927787,,523711,0,,0,1,,North,2012/2013,TE IRIRANGI DRIVE,BISHOP DUNN PLACE,,Serious Crash,No,2013,,South,,0,,Flat,,,,,,Dark,712305,0,0,0,4,,,0,,,1,,,Auckland Region,Nil,1-way,Sealed,,0,1,,80,,On,0,0,,76,Auckland,Nil,,,,,0,0,Open,0,,,Fine,Null
1760393,5905855,927794,,524200,0,,0,1,,Null,2013/2014,CYCLAMEN ROAD,BRUNSWICK RISE,,Serious Crash,No,2013,,East,,0,,Flat,,,,,,Bright sun,728623,0,0,0,2,,,0,,,1,,,Auckland Region,Nil,2-way,Sealed,,0,2,,50,,Null,0,0,,76,Auckland,Give way,,,,,0,0,Urban,0,,,Fine,Null
1753322,5918390,927800,,515431,1,,0,0,,East,2013/2014,GREAT NORTH ROAD,MOTIONS ROAD,,Serious Crash,No,2013,,East,,0,,Flat,,,,,,Overcast,397600,0,0,0,5,,,0,,,,,,Auckland Region,Nil,2-way,Sealed,,0,1,,50,,Null,1,0,,76,Auckland,Unknown,,,,,0,0,Urban,0,,,Light rain,Null
1745724,5917176,927834,,510800,0,,0,1,,South,2011/2012,EDSEL ST,GREAT NORTH ROAD,,Serious Crash,No,2012,,North,,0,,Flat,,,,,,Dark,243300,0,0,1,4,,,0,,,,,,Auckland Region,Nil,2-way,Sealed,,0,1,,50,,On,0,0,,76,Auckland,Nil,,,,,0,0,Urban,0,,,Fine,Null
1769596,5879532,927911,,525922,1,,0,1,,Null,2012/2013,MANUKAU ROAD,KITCHENER ROAD,,Serious Crash,No,2013,,North,,0,,Flat,,,,,,Overcast,823500,0,0,0,2,,,0,,,,,,Auckland Region,Nil,2-way,Sealed,,0,1,,50,,Off,0,0,,76,Auckland,Give way,,,,,0,0,Urban,0,,,Fine,Null
1741820,5917425,927935,,513102,0,0,0,1,0,South,2012/2013,CANDIA ROAD,COULTER ROAD N,,Serious Crash,No,2012,0,North,0,0,0,Hill Road,0,Christmas New Year,0,,0,Overcast,238600,0,0,0,2,0,0,0,0,0,,0,1,Auckland Region,Nil,2-way,Sealed,0,0,1,0,70,0,Off,0,0,,76,Auckland,Nil,0,0,0,0,0,0,Urban,0,0,0,Light rain,Null
1734162,5930002,928067,,505605,0,0,0,1,0,North,2013/2014,JOYCE ADAMS PLACE,SH 16,,Fatal Crash,No,2013,0,North,1,1,0,Flat,0,,0,,0,Bright sun,216105,0,0,0,2,0,0,1,0,0,,0,0,Auckland Region,Rail xing,2-way,Sealed,0,0,0,0,100,0,None,0,0,,76,Auckland,Stop,0,0,1,0,0,0,Open,0,0,0,Fine,Null
1742322,5921636,928071,35,513621,0,0,0,0,1,South,2014/2015,BIRDWOOD ROAD,RED HILLS ROAD,,Fatal Crash,No,2014,0,South,0,1,0,Hill Road,0,,0,,0,Bright sun,226601,0,0,0,2,0,0,0,0,0,,0,0,Auckland Region,Nil,2-way,Sealed,0,0,0,0,100,0,Null,0,0,,76,Auckland,Nil,0,0,0,0,0,0,Open,1,0,0,Fine,Null
1729495,5942501,928072,,506646,0,,0,1,,North,2013/2014,SH 16,STEWART ST,,Serious Crash,Yes,2014,,South,,0,,Flat,,,,,,Bright sun,211401,1,0,0,2,,,0,,,,,,Auckland Region,Nil,2-way,Sealed,,0,2,,100,,None,1,0,,76,Auckland,Nil,,,,,0,0,Open,0,,,Fine,Null
1768612,5880020,928093,,525921,0,,0,1,,North,2013/2014,QUEEN ST,WARD ST,,Serious Crash,No,2013,,North,,0,,Flat,,,,,,Bright sun,821303,0,0,0,2,,,0,,,1,,,Auckland Region,Nil,2-way,Sealed,,0,1,,50,,Off,0,0,,76,Auckland,Give way,,,,,0,0,Urban,0,,,Fine,Null
1764913,5903234,928243,,524604,0,,0,1,,South,2012/2013,ROSCOMMON ROAD,VOGLER DRIVE,,Serious Crash,No,2012,,South,,0,,Flat,,,,,,Dark,781302,1,0,0,4,,,0,,,,,,Auckland Region,Nil,2-way,Sealed,,0,1,,80,,On,0,0,,76,Auckland,Nil,,,,,0,0,Open,1,,,Light rain,Null
1761488,5906964,928371,,524520,0,,0,1,,South,2013/2014,ROBERTSON ROAD,STEVEN ST,,Serious Crash,No,2013,,South,,0,,Flat,,,,,,Bright sun,735900,0,0,0,2,,,0,,,1,,,Auckland Region,Nil,2-way,Sealed,,0,1,,50,,Off,0,0,,76,Auckland,Nil,,,,,0,0,Urban,0,,,Fine,Null
1755736,5916225,928484,,518301,0,,0,1,,East,2013/2014,BALMORAL ROAD,DOMINION ROAD,,Serious Crash,No,2013,,West,,0,,Flat,,,,,,Bright sun,555100,0,0,0,6,,,0,,,1,,,Auckland Region,Nil,2-way,Sealed,,0,1,,50,,Off,0,0,,76,Auckland,Nil,,,,,0,0,Urban,0,,,Fine,Null
1780027,5900868,928486,,521301,0,,0,1,,Null,2012/2013,PAPAKURA-CLEVEDON ROAD,TOURIST ROAD,,Serious Crash,No,2013,,South,,0,,Flat,,,,,,Bright sun,763800,1,0,0,2,,,0,,,,,,Auckland Region,Nil,2-way,Sealed,,0,1,,100,,None,1,0,,76,Auckland,Stop,,,,,0,0,Open,0,,,Fine,Null
1772923,5906618,928493,,523713,1,,0,0,,East,2012/2013,REGIS LANE,SHEPHERDS LANE,,Serious Crash,No,2013,,West,,0,,Hill Road,,,,,,Overcast,712600,0,0,0,2,,,0,,,,,,Auckland Region,Nil,2-way,Sealed,,0,1,,50,,Off,0,0,,76,Auckland,Nil,,,,,0,0,Urban,0,,,Mist or Fog,Null
1763007,5915001,928606,,520401,0,,0,2,,West,2012/2013,ELLERSLIE-PANMURE HIGHWAY,STANHOPE ROAD,,Serious Crash,No,2013,,East,,0,,Flat,,,,,,Twilight,644000,1,0,0,4,,,0,,,,,,Auckland Region,Nil,2-way,Sealed,,0,1,,50,,Off,0,0,,76,Auckland,Stop,,,,,0,0,Urban,0,,,Light rain,Null
1762699,5907402,928607,,524301,0,,0,1,,East,2013/2014,HAIN AVENUE,MASSEY ROAD,,Serious Crash,No,2013,,West,,0,,Flat,,,,,,Twilight,747700,0,0,0,2,,,0,,,1,,,Auckland Region,Nil,2-way,Sealed,,0,1,,50,,Off,0,0,,76,Auckland,Nil,,,,,0,0,Urban,0,,,Fine,Null
1744260,5919509,928614,,513301,0,,0,1,,West,2013/2014,HARRINGTON ROAD,ASCOT AVENUE,,Serious Crash,No,2013,,West,,0,,Hill Road,,,,,,Overcast,233900,0,0,0,2,,,0,,,1,,,Auckland Region,Nil,2-way,Sealed,,0,1,,50,,Null,0,0,,76,Auckland,Nil,,,,,0,0,Urban,0,,,Fine,Null
1769583,5889642,928694,,521122,0,0,0,2,1,West,2013/2014,SH 22,BYCROFT ROAD,,Fatal Crash,Yes,2014,0,East,0,1,0,Hill Road,2,,0,,0,Overcast,812600,0,0,0,2,0,0,0,0,0,,0,0,Auckland Region,Nil,2-way,Sealed,0,0,1,0,100,0,Off,1,0,,76,Auckland,Nil,0,0,0,0,0,0,Open,0,0,0,Light rain,Null
1719219,5938915,928757,,506642,0,,0,0,,North,2013/2014,Z BEACH MURIWAI,RIMMER ROAD,,Serious Crash,No,2014,,North,,0,,Hill Road,,,,,,Bright sun,210600,1,0,2,0,,,0,,,,,,Auckland Region,Nil,Off road,Unsealed,,0,1,,60,,Null,0,0,,76,Auckland,Unknown,,,,,0,0,Urban,0,,,Fine,Null
1766826,5901878,928780,,524720,0,,0,1,,East,2012/2013,BROWNS ROAD,RUSSELL ROAD,,Serious Crash,No,2013,,West,,0,,Flat,,,,,,Dark,778700,0,0,0,2,,,0,,,1,,,Auckland Region,Bridge,2-way,Sealed,,0,1,,50,,On,0,0,,76,Auckland,Nil,,,,,0,0,Urban,0,,,Fine,Null
1750615,5915475,928967,,514802,0,0,0,2,0,West,2013/2014,ASH ST,ROSEBANK ROAD,,Fatal Crash,No,2013,0,East,0,1,0,Flat,0,,0,,1,Overcast,387009,1,0,0,4,0,0,0,0,0,,0,0,Auckland Region,Nil,2-way,Sealed,0,0,0,0,50,0,Null,0,0,,76,Auckland,Unknown,0,0,0,1,2,0,Urban,0,0,0,Heavy rain,Null
1766378,5919687,928982,,516800,0,0,0,3,0,Null,2012/2013,MASKELL ST,VALE ROAD,,Serious Crash,No,2013,0,South,0,0,0,Hill Road,0,,0,,0,Dark,512400,0,0,0,2,0,0,0,0,1,,0,0,Auckland Region,Nil,2-way,Sealed,0,0,1,0,50,0,On,0,1,,76,Auckland,Stop,0,0,0,0,0,0,Urban,0,0,0,Fine,Null
1752502,5933324,928983,,508701,0,0,0,0,0,Null,2013/2014,ALBANY EXPRESSWAY,MERCARI WAY,,Serious Crash,No,2013,0,East,0,0,0,Flat,0,,0,,0,Overcast,178900,0,0,2,3,0,0,0,0,0,,0,0,Auckland Region,Nil,2-way,Sealed,0,0,1,0,80,0,Off,0,0,,76,Auckland,Traffic Signals,0,0,0,0,0,0,Open,0,1,0,Fine,Null
1774244,5893945,928992,,521301,0,,0,2,,West,2012/2013,OPAHEKE ROAD,SUTTON ROAD,,Serious Crash,No,2012,,North,,0,,Hill Road,,Christmas New Year,,,,Bright sun,808302,1,0,0,2,,,0,,,,,,Auckland Region,Nil,2-way,Sealed,,0,1,,70,,None,0,0,,76,Auckland,Nil,,,,,0,0,Urban,0,,,Fine,Null
1763583,5911580,929042,,520500,0,0,0,1,0,South,2013/2014,VESTEY DRIVE,NIALL BURGESS ROAD,,Serious Crash,No,2013,0,North,0,0,0,Flat,0,,0,,0,Bright sun,637702,0,0,0,2,0,0,0,0,0,,0,0,Auckland Region,Nil,2-way,Sealed,0,0,1,0,50,0,Off,0,0,,76,Auckland,Nil,0,0,0,1,0,0,Urban,0,0,0,Fine,Null
1728700,5967065,929105,,506613,0,0,0,1,1,South,2013/2014,SH 16,OGLE ROAD,,Serious Crash,Yes,2014,0,North,0,0,0,Flat,0,,0,,0,Dark,146200,3,0,0,2,0,0,0,0,0,,0,0,Auckland Region,Nil,2-way,Sealed,0,0,4,0,100,0,None,0,0,,76,Auckland,Unknown,0,0,0,0,0,0,Open,0,0,0,Fine,Null
1720847,5945890,929108,,506642,0,,0,2,,South,2013/2014,SOUTH HEAD ROAD,SLATER ROAD,,Serious Crash,No,2014,,North,,0,,Hill Road,,,,,,Dark,210400,3,0,0,2,,,0,,,,,,Auckland Region,Nil,2-way,Sealed,,0,1,,100,,None,0,0,30,76,Auckland,Unknown,,,,,0,0,Open,0,,,Light rain,Null
1744628,5915953,929293,,510800,0,0,0,2,0,West,2013/2014,HENDERSON VALLEY ROAD,FOREST HILL ROAD,,Serious Crash,No,2013,0,East,0,0,0,Flat,0,,0,,0,Bright sun,242501,1,0,0,2,0,0,0,0,0,,0,0,Auckland Region,Nil,2-way,Sealed,0,0,1,0,50,0,Off,0,0,,76,Auckland,Nil,0,0,0,0,0,0,Urban,0,1,0,Fine,Null
1754254,5918542,929305,,515431,0,,0,0,,Null,2012/2013,GREAT NORTH ROAD,BULLOCK TRACK,,Serious Crash,No,2013,,East,,0,,Flat,,,,,,Bright sun,405000,0,1,0,4,,,0,,,,,,Auckland Region,Nil,2-way,Sealed,,0,1,,50,,Off,1,0,,76,Auckland,Stop,,,,,0,0,Urban,0,,,Fine,Null
1766207,5900467,929306,,524713,0,,0,1,,North,2013/2014,RANGATAUA PLACE,SHARLAND AVENUE,,Serious Crash,No,2013,,East,,0,,Flat,,,,,,Bright sun,775808,0,0,0,1,,,0,,,1,,,Auckland Region,Nil,1-way,Sealed,,0,1,,50,,Off,0,0,,76,Auckland,Nil,,,,,0,0,Urban,0,,,Fine,Null
1751194,5915052,929333,,514401,0,,0,1,,Null,2012/2013,GREAT NORTH ROAD,ST JUDE ST,,Serious Crash,No,2013,,East,,0,,Flat,,,,,,Bright sun,382300,0,1,0,2,,,0,,,,,,Auckland Region,Nil,1-way,Sealed,,0,1,,50,,Off,0,0,,76,Auckland,Give way,,,,,0,0,Urban,0,,,Fine,Null
1771433,5913954,929373,,521602,0,,0,1,,West,2012/2013,UNION ROAD,WOOD AVENUE,,Fatal Crash,No,2013,,East,,1,,Hill Road,,,,,,Bright sun,648800,0,0,0,2,,,0,,,1,,,Auckland Region,Nil,2-way,Sealed,,0,0,,50,,Off,0,0,,76,Auckland,Stop,,,,,0,0,Urban,0,,,Fine,Null
1758024,5914548,929492,,518600,0,0,0,3,0,South,2013/2014,MANUKAU ROAD,PUKENUI ROAD,,Serious Crash,No,2013,0,South,0,0,0,Flat,0,,0,,0,Dark,566400,0,0,0,2,0,0,0,0,1,,0,0,Auckland Region,Nil,2-way,Sealed,0,0,1,0,50,0,On,0,0,,76,Auckland,Nil,0,0,0,0,0,0,Urban,0,1,0,Light rain,Null
1756752,5914480,929738,,518600,0,0,0,4,1,South,2012/2013,MOUNT EDEN ROAD,HUNTERS PARK DRIVE,,Serious Crash,No,2013,0,South,0,0,1,Flat,0,,0,,0,Dark,564000,0,0,0,2,0,0,0,0,2,,0,0,Auckland Region,Nil,2-way,Sealed,0,0,1,0,50,0,On,0,0,,76,Auckland,Stop,0,0,0,0,0,0,Urban,0,0,0,Fine,Null
1745116,5915466,929742,,512903,0,0,0,1,0,East,2013/2014,HEREMAI ROAD,BRUCE MCLAREN ROAD,,Serious Crash,No,2013,0,East,0,0,0,Hill Road,0,Labour Weekend,0,,0,Overcast,278001,1,0,0,2,0,0,0,0,0,,0,0,Auckland Region,Nil,2-way,Sealed,0,0,1,0,50,0,Off,0,0,,76,Auckland,Nil,0,1,0,0,0,0,Urban,0,0,0,Fine,Null
1763207,5915983,929802,,517202,0,,0,1,,Null,2013/2014,LUNN AVENUE,ABBOTTS WAY,,Serious Crash,No,2013,,North,,0,,Flat,,,,,,Dark,626304,0,0,1,2,,,0,,,,,,Auckland Region,Nil,2-way,Sealed,,0,1,,50,,On,0,0,,76,Auckland,Traffic Signals,,,,,0,0,Urban,0,,,Fine,Null
1771986,5890172,929958,,521203,0,,0,0,,Null,2012/2013,SH 22,JESMOND ROAD,,Serious Crash,Yes,2012,,West,,0,,Flat,,,,,,Bright sun,807400,2,0,0,2,,,0,,,,,,Auckland Region,Nil,2-way,Sealed,,0,3,,100,,Off,1,0,,76,Auckland,Stop,,,,,0,0,Open,1,,,Fine,Null
1744122,5909924,929983,,512902,0,0,0,0,1,Null,2012/2013,NORTH WAY,SCENIC DRIVE,,Serious Crash,No,2013,0,East,0,0,0,Flat,0,,0,,0,Dark,282302,0,0,1,2,0,0,0,0,0,,0,0,Auckland Region,Nil,2-way,Sealed,0,0,1,0,70,0,None,0,0,,76,Auckland,Nil,0,0,0,0,0,0,Urban,0,0,0,Fine,Null
1754533,5913747,930235,,518803,0,,0,1,,East,2012/2013,SH 20,MAIORO ON EBD,,Serious Crash,Yes,2013,,East,,0,,Flat,,,,,,Overcast,581700,0,0,1,2,,,0,,,,,,Auckland Region,Nil,1-way,Sealed,,0,1,,100,,Off,0,0,,76,Auckland,Nil,,,,,0,0,Open,0,,,Fine,Null
1765190,5905270,930257,,522400,0,,0,1,,Null,2013/2014,WALLACE ROAD,GRANDE VUE ROAD,,Serious Crash,No,2013,,South,,0,,Flat,,,,,,Dark,672900,1,0,1,2,,,0,,,,,,Auckland Region,Nil,2-way,Sealed,,0,1,,50,,On,0,0,,76,Auckland,Give way,,,,,0,0,Urban,0,,,Fine,Null
1754987,5924743,930328,,509800,0,,0,1,,West,2012/2013,ONEWA ROAD,SEAVIEW AVENUE,,Serious Crash,No,2013,,East,,0,,Flat,,,,,,Bright sun,361600,0,0,1,3,,,0,,,,,,Auckland Region,Nil,2-way,Sealed,,0,1,,50,,Off,0,0,,76,Auckland,Traffic Signals,,,,,0,0,Urban,0,,,Fine,Null
1730575,5954963,930451,,506613,0,0,0,0,0,North,2013/2014,SH 16,MAKARAU ROAD,,Serious Crash,Yes,2014,0,North,0,0,0,Flat,0,,0,,0,Bright sun,146300,0,0,1,2,0,0,0,0,0,,0,0,Auckland Region,Nil,2-way,Sealed,0,0,1,0,100,0,Null,0,0,,76,Auckland,Nil,0,0,0,1,0,0,Open,0,0,0,Fine,Null
1765714,5906880,930471,,522301,0,0,0,0,0,East,2013/2014,ZCPK HUNTERS INN,GREAT SOUTH ROAD,,Serious Crash,No,2013,0,South,0,0,1,Flat,0,,0,,1,Dark,666900,0,0,0,0,0,0,0,0,0,1,0,0,Auckland Region,Nil,Off road,Sealed,0,0,1,0,30,0,On,1,0,,76,Auckland,Unknown,0,0,0,0,0,0,Urban,0,0,0,Light rain,Null
1756268,5919214,930511,,515500,0,,0,1,,Null,2013/2014,NEWTON ROAD,ABBEY ST,,Serious Crash,No,2014,,South,,0,,Hill Road,,,,,,Dark,417500,0,0,1,4,,,0,,,,,,Auckland Region,Nil,2-way,Sealed,,0,1,,50,,On,0,0,,76,Auckland,Give way,,,,,0,0,Urban,0,,,Fine,Null
1771094,5898219,930524,,523912,0,,0,0,,Null,2014/2015,GREAT SOUTH ROAD,UNA ST,,Serious Crash,No,2014,,South,,0,,Hill Road,,,,,,Dark,767705,0,0,0,2,,,0,,,1,,,Auckland Region,Nil,2-way,Sealed,,0,1,,50,,On,1,0,,76,Auckland,Stop,,,,,0,0,Urban,0,,,Light rain,Null
1767756,5906169,930583,,523711,0,,0,0,,North,2012/2013,PRESTON ROAD,FLAT BUSH ROAD,,Serious Crash,No,2013,,North,,0,,Flat,,,,,,Bright sun,715000,0,0,0,3,,,0,,,1,,,Auckland Region,Nil,2-way,Sealed,,0,1,,50,,Off,0,0,,76,Auckland,Traffic Signals,,,,,0,0,Urban,1,,,Fine,Null
1759258,5919992,931256,,515902,0,0,0,1,0,North,2013/2014,GLADSTONE ROAD,AVON ST,,Serious Crash,No,2014,0,North,0,0,0,Flat,0,,0,,0,Dark,453900,0,0,0,2,0,0,0,0,0,,0,0,Auckland Region,Nil,2-way,Sealed,0,0,1,0,50,0,On,0,0,,76,Auckland,Nil,0,0,0,1,0,0,Urban,0,0,0,Fine,Null