X,Y,OBJECTID,advisorySpeed,areaUnitID,bicycle,bridge,bus,carStationWagon,cliffBank,crashDirectionDescription,crashFinancialYear,crashLocation1,crashLocation2,crashRoadSideRoad,crashSeverity,crashSHDescription,crashYear,debris,directionRoleDescription,ditch,fatalCount,fence,flatHill,guardRail,holiday,houseOrBuilding,intersection,kerb,light,meshblockId,minorInjuryCount,moped,motorcycle,NumberOfLanes,objectThrownOrDropped,otherObject,otherVehicleType,overBank,parkedVehicle,pedestrian,phoneBoxEtc,postOrPole,region,roadCharacter,roadLane,roadSurface,roadworks,schoolBus,seriousInjuryCount,slipOrFlood,speedLimit,strayAnimal,streetLight,suv,taxi,temporarySpeedLimit,tlaId,tlaName,trafficControl,trafficIsland,trafficSign,train,tree,truck,unknownVehicleType,urban,vanOrUtility,vehicle,waterRiver,weatherA,weatherB
1748502,5918815,931601,,514801,0,,0,1,,North,2013/2014,SH 16,PATIKI OBR,,Serious Crash,Yes,2014,,South,,0,,Flat,,,,,,Overcast,389300,0,0,1,4,,,0,,,,,,Auckland Region,Nil,1-way,Sealed,,0,1,,80,,Null,0,0,,76,Auckland,Unknown,,,,,0,0,Open,0,,,Fine,Null
1759205,5911331,931609,,519820,0,,0,2,,South,2014/2015,ONEHUNGA HARBOUR ROAD,ONEHUNGA MALL,,Serious Crash,No,2014,,South,,0,,Flat,,,,,,Dark,602402,0,0,0,2,,,0,,,,,,Auckland Region,Nil,2-way,Sealed,,0,3,,50,,On,0,0,,76,Auckland,Unknown,,,,,0,0,Urban,0,,,Fine,Null
1758131,5920599,931671,,514101,0,,0,1,,North,2014/2015,BEACH ROAD,MAHUHU CRESCENT,,Serious Crash,No,2015,,North,,0,,Flat,,,,,,Bright sun,438211,0,0,0,4,,,0,,,1,,,Auckland Region,Nil,2-way,Sealed,,0,1,,50,,Null,0,0,,76,Auckland,Nil,,,,,0,0,Urban,0,,,Fine,Null
1764343,5908792,931674,,521901,0,0,0,1,0,Null,2014/2015,GREAT SOUTH ROAD,JELLICOE ST,,Serious Crash,No,2015,0,South,0,0,0,Hill Road,0,,1,,0,Dark,785900,0,0,0,4,0,0,0,0,0,,0,0,Auckland Region,Nil,2-way,Sealed,0,0,1,0,50,0,On,0,0,,76,Auckland,Stop,0,0,0,1,0,0,Urban,0,0,0,Fine,Null
1768120,5903027,931716,,524602,0,,0,1,,Null,2015/2016,GREAT SOUTH ROAD,RATA VINE DRIVE,,Serious Crash,No,2015,,South,,0,,Flat,,,,,,Bright sun,780504,0,0,1,4,,,0,,,,,,Auckland Region,Nil,2-way,Sealed,,0,1,,60,,Null,0,0,,76,Auckland,Give way,,,,,0,0,Urban,0,,,Fine,Null
1764293,5909626,931781,,521802,0,,0,0,,North,2013/2014,ATKINSON AVENUE,GREAT SOUTH ROAD,,Serious Crash,No,2014,,South,,0,,Flat,,,,,,Bright sun,787800,0,0,0,5,,,0,,,1,,,Auckland Region,Nil,2-way,Sealed,,0,1,,50,,Off,0,0,,76,Auckland,Nil,,,,,1,0,Urban,0,,,Fine,Null
1765377,5914185,931788,,520602,0,,0,2,,Null,2015/2016,CHURCH CRESCENT,SUNSET VIEW ROAD,,Serious Crash,No,2015,,South,,0,,Hill Road,,,,,,Overcast,629400,0,0,0,2,,,0,,,,,,Auckland Region,Nil,2-way,Sealed,,0,1,,50,,Off,0,1,,76,Auckland,Give way,,,,,0,0,Urban,0,,,Heavy rain,Null
1758165,5917956,931961,,515700,0,,0,1,,Null,2015/2016,GILLIES AVENUE,MORTIMER PASS,,Serious Crash,No,2015,,North,,0,,Hill Road,,,,,,Bright sun,443300,0,0,1,4,,,0,,,,,,Auckland Region,Nil,2-way,Sealed,,0,1,,50,,Null,0,0,,76,Auckland,Nil,,,,,0,0,Urban,0,,,Fine,Null
1754704,5931676,931971,,508805,1,,0,1,,Null,2015/2016,CONSTELLATION DRIVE,ATLAS PLACE,,Serious Crash,No,2015,,North,,0,,Flat,,,,,,Bright sun,180813,0,0,0,4,,,0,,,,,,Auckland Region,Nil,2-way,Sealed,,0,1,,50,,Off,0,0,,76,Auckland,Give way,,,,,0,0,Urban,0,,,Fine,Null
1768483,5909118,932005,,523113,0,,0,3,,South,2013/2014,SPRINGS ROAD,KERWYN AVENUE,,Serious Crash,No,2014,,South,,0,,Flat,,,,,,Bright sun,711801,0,0,0,4,,,0,,,,,,Auckland Region,Nil,2-way,Sealed,,0,1,,60,,Off,0,0,,76,Auckland,Traffic Signals,,,,,0,0,Urban,0,,,Fine,Null
1753285,5876293,932013,,526103,0,,0,1,,East,2014/2015,KING ST,MEACHEN TERRACE,,Serious Crash,No,2014,,West,,0,,Flat,,,,,,Bright sun,837102,0,0,0,2,,,0,,,1,,,Auckland Region,Nil,2-way,Sealed,,0,1,,50,,Null,0,0,,76,Auckland,Nil,,,,,0,0,Urban,0,,,Fine,Null
1768121,5903208,932015,,524602,0,,0,1,,South,2015/2016,GREAT SOUTH ROAD,KERRS ROAD,,Serious Crash,No,2015,,South,,0,,Flat,,,,,,Bright sun,780506,0,0,0,4,,,0,,,1,,,Auckland Region,Nil,2-way,Sealed,,0,1,,60,,Null,0,0,,76,Auckland,Unknown,,,,,0,0,Urban,0,,,Fine,Null
1750791,5927005,932075,,510010,0,,0,1,,Null,2014/2015,BEACH HAVEN ROAD,JOHN BRACKEN WAY,,Serious Crash,No,2014,,East,,0,,Flat,,,,,,Bright sun,342801,1,0,0,2,,,0,,,,,,Auckland Region,Nil,2-way,Sealed,,0,1,,50,,Null,0,0,,76,Auckland,Give way,,,,,0,0,Urban,1,,,Fine,Null
1765642,5904669,932178,,524603,0,,0,0,,Null,2014/2015,RANFURLY ROAD,BALLANCE AVENUE,,Serious Crash,No,2015,,South,,0,,Flat,,,,,,Bright sun,673700,0,0,1,2,,,0,,,,,,Auckland Region,Nil,2-way,Sealed,,0,1,,50,,Null,1,0,,76,Auckland,Nil,,,,,0,0,Urban,0,,,Fine,Null
1760786,5914720,932316,,520202,1,,0,0,,Null,2014/2015,GREAT SOUTH ROAD,KALMIA ST,,Serious Crash,No,2015,,South,,0,,Flat,,,,,,Dark,611600,0,0,0,4,,,0,,,,,,Auckland Region,Nil,2-way,Sealed,,0,1,,50,,On,1,0,,76,Auckland,Stop,,,,,0,0,Urban,0,,,Fine,Null
1757321,5919507,932346,,514103,0,,0,0,,Null,2015/2016,SYMONDS ST,CITY ROAD,,Serious Crash,No,2015,,South,,0,,Flat,,,,,,Overcast,436300,0,0,1,5,,,0,,,,,,Auckland Region,Nil,2-way,Sealed,,0,1,,50,,Null,0,0,,76,Auckland,Give way,,,,,0,0,Urban,1,,,Light rain,Null
1759584,5906351,932655,,524200,0,,0,1,,Null,2015/2016,WESTNEY ROAD,KIRKBRIDE ROAD,,Serious Crash,No,2015,,West,,0,,Flat,,,,,,Dark,727400,0,0,1,2,,,0,,,,,,Auckland Region,Nil,2-way,Sealed,,0,1,,50,,On,0,0,,76,Auckland,Give way,,,,,0,0,Urban,0,,,Fine,Null
1768654,5911257,932748,,523112,0,,0,0,,North,2014/2015,TRUGOOD DRIVE,CRYERS ROAD,,Serious Crash,No,2014,,North,,0,,Flat,,,,,,Overcast,711404,0,0,0,2,,,0,,,,,,Auckland Region,Nil,2-way,Sealed,,0,1,,50,,Null,0,0,,76,Auckland,Unknown,,,,,1,0,Urban,1,,,Fine,Null
1765037,5906850,932767,,522201,0,0,0,1,0,North,2013/2014,SHIRLEY ROAD,CAMBOURNE ROAD,,Serious Crash,No,2014,0,South,0,0,0,Flat,0,,0,,0,Dark,662200,1,0,0,2,0,0,0,0,1,2,0,0,Auckland Region,Nil,2-way,Sealed,0,0,1,0,50,0,On,0,0,,76,Auckland,Unknown,0,0,0,0,0,0,Urban,1,0,0,Fine,Null
1744935,5933385,932943,,506653,0,,0,2,,Null,2015/2016,COATESVILLE-RIVERHEAD HIG,GOLDFLATS LANE,,Serious Crash,No,2015,,West,,0,,Flat,,,,,,Overcast,217201,0,0,1,2,,,0,,,,,,Auckland Region,Nil,2-way,Sealed,,0,1,,80,,Null,0,0,,76,Auckland,Stop,,,,,0,0,Open,0,,,Fine,Null
1772071,5901372,933017,,523813,0,,0,1,,Null,2014/2015,ALFRISTON ROAD,WASTNEY ROAD,,Serious Crash,No,2015,,East,,0,,Flat,,,,,,Bright sun,759800,0,0,0,2,,,0,,,,,,Auckland Region,Nil,2-way,Sealed,,0,1,,80,,Null,1,0,,76,Auckland,Nil,,,,,0,0,Open,0,,,Fine,Null
1740795,5928580,933233,45,505604,0,,0,0,,South,2014/2015,OLD NORTH ROAD,OLD RAILWAY ROAD,,Serious Crash,No,2015,,North,,0,,Flat,,,,,,Bright sun,214501,0,0,1,2,,,0,,,,,,Auckland Region,Nil,2-way,Sealed,,0,1,,80,,Null,1,0,,76,Auckland,Unknown,,,,,0,0,Open,0,,,Fine,Null
1753695,5946547,933269,,505906,0,,0,0,,Null,2014/2015,VIPOND ROAD,SPRINGTIME CRESCENT,,Serious Crash,No,2015,,East,,0,,Flat,,,,,,Bright sun,173201,1,0,0,2,,,0,,,,,,Auckland Region,Nil,2-way,Sealed,,0,1,,50,,Null,0,0,,76,Auckland,Nil,,,,,1,0,Urban,1,,,Fine,Null
1752826,5918313,933286,,515002,0,,0,1,,West,2013/2014,GREAT NORTH ROAD,MOA ROAD,,Serious Crash,No,2014,,East,,0,,Flat,,,,,,Dark,390501,0,0,0,4,,,0,,,1,,,Auckland Region,Nil,2-way,Sealed,,0,1,,50,,On,0,0,,76,Auckland,Give way,,,,,0,0,Urban,0,,,Light rain,Null
1750985,5973827,933404,65,506661,0,0,0,0,0,Null,2014/2015,MATAKANA ROAD,ANDERSON ROAD,,Serious Crash,No,2014,0,North,1,0,0,Flat,0,,0,,0,Dark,139301,0,0,0,2,0,0,0,0,0,,0,0,Auckland Region,Nil,2-way,Sealed,0,0,1,0,80,0,On,1,0,,76,Auckland,Give way,0,0,0,1,0,0,Open,0,0,0,Fine,Null
1758165,5917956,933440,,515700,0,0,0,0,1,Null,2014/2015,MORTIMER PASS,GILLIES AVENUE,,Serious Crash,No,2014,0,North,0,0,0,Hill Road,0,,0,,0,Dark,443300,0,0,0,1,0,0,0,0,0,,0,0,Auckland Region,Nil,1-way,Sealed,0,0,1,0,50,0,On,1,0,,76,Auckland,Nil,0,0,0,0,0,0,Urban,0,0,0,Fine,Null
1753263,5929269,933445,,508411,1,,0,0,,North,2014/2015,FERNWOOD GROVE,SPINELLA DRIVE,,Serious Crash,No,2015,,West,,0,,Hill Road,,,,,,Bright sun,183906,0,0,0,1,,,0,,,,,,Auckland Region,Nil,1-way,Sealed,,0,1,,10,,Null,0,0,,76,Auckland,Nil,,,,,0,0,Urban,0,,,Fine,Null
1769417,5913119,933455,,522723,0,0,0,1,0,North,2013/2014,CASCADES ROAD,BEN LOMOND CRESCENT N,,Serious Crash,No,2014,0,North,0,0,0,Flat,0,,1,,0,Dark,682900,2,0,0,2,0,0,0,0,0,,0,1,Auckland Region,Nil,2-way,Sealed,0,0,2,0,60,0,On,0,0,,76,Auckland,Unknown,0,0,0,0,0,0,Urban,0,0,0,Fine,Null
1753020,5918358,933480,,515002,0,,0,1,,Null,2014/2015,GREAT NORTH ROAD,PREMIER AVENUE,,Serious Crash,No,2015,,East,,0,,Flat,,,,,,Bright sun,390501,0,1,0,4,,,0,,,,,,Auckland Region,Nil,2-way,Sealed,,0,1,,50,,Null,0,0,,76,Auckland,Give way,,,,,0,0,Urban,0,,,Fine,Null
1757948,5914705,933583,,518600,0,,0,1,,South,2014/2015,PAH ROAD,ORAKAU AVENUE,,Fatal Crash,No,2014,,South,,1,,Flat,,,,,,Bright sun,566400,0,0,0,2,,,0,,,1,,,Auckland Region,Nil,2-way,Sealed,,0,0,,50,,Null,0,1,,76,Auckland,Nil,,,,,0,0,Urban,0,,,Fine,Null
1785351,5925901,933634,,520801,0,,0,0,,South,2014/2015,ONETANGI ROAD,TOTARA ROAD,,Serious Crash,No,2015,,North,,0,,Flat,,,,,,Overcast,515403,0,1,0,2,,,0,,,,,,Auckland Region,Nil,2-way,Sealed,,0,1,,50,,Null,0,0,,76,Auckland,Unknown,,,,,0,0,Urban,0,,,Fine,Null
1774280,5896634,933653,,525610,0,0,0,2,0,Null,2014/2015,SUTTON CRESCENT,ROLLERSON ST S,,Serious Crash,No,2015,0,West,0,0,2,Flat,0,,0,,0,Dark,796900,2,0,0,2,0,0,0,0,0,,0,0,Auckland Region,Nil,2-way,Sealed,0,0,1,0,50,0,On,0,0,,76,Auckland,Stop,0,0,0,0,0,0,Urban,0,0,0,Fine,Null
1762125,5908100,933820,,524530,0,,0,1,,Null,2013/2014,TENNESSEE AVENUE,FLEMING ST,,Serious Crash,No,2014,,East,,0,,Flat,,,,,,Bright sun,734202,0,0,0,2,,,0,,,1,,,Auckland Region,Nil,2-way,Sealed,,0,1,,50,,None,0,0,,76,Auckland,Nil,,,,,0,0,Urban,0,,,Fine,Null
1768706,5900064,933841,,525101,0,,0,2,,West,2014/2015,PURIRI ROAD,CHURCHILL AVENUE,,Serious Crash,No,2015,,West,,0,,Flat,,Christmas New Year,,,,Bright sun,769900,0,0,0,2,,,0,,,,,,Auckland Region,Nil,2-way,Sealed,,0,3,,50,,Null,0,0,,76,Auckland,Unknown,,,,,0,0,Urban,0,,,Fine,Null
1771986,5890172,933892,,521203,0,,0,2,,Null,2015/2016,SH 22,JESMOND ROAD,,Serious Crash,Yes,2015,,West,,0,,Flat,,,,,,Overcast,807400,0,0,0,1,,,0,,,,,,Auckland Region,Nil,2-way,Sealed,,0,1,,100,,Off,1,0,,76,Auckland,Nil,,,,,0,0,Open,0,,,Fine,Null
1765961,5907697,934049,,522301,0,,0,2,,Null,2014/2015,MOTATAU ROAD,SUNNYSIDE CRESCENT N,,Serious Crash,No,2015,,North,,0,,Flat,,,,,,Bright sun,666600,0,0,0,2,,,0,,,,,,Auckland Region,Nil,2-way,Sealed,,0,1,,50,,Null,0,0,,76,Auckland,Nil,,,,,0,0,Urban,0,,,Fine,Null
1755061,5912251,934069,,518803,0,0,0,2,0,East,2015/2016,RICHARDSON ROAD,GLASS ROAD,,Serious Crash,No,2015,0,West,0,0,0,Hill Road,0,,0,,0,Overcast,583600,0,0,1,2,0,0,0,0,1,,0,0,Auckland Region,Nil,2-way,Sealed,0,0,1,0,50,0,Null,0,0,,76,Auckland,Nil,0,0,0,0,0,0,Urban,0,0,0,Fine,Null
1735545,5987362,934127,,506660,0,,0,2,,North,2014/2015,SH 1N,WHAKAPIRAU ROAD,,Serious Crash,Yes,2015,,South,,0,,Flat,,,,,,Bright sun,135800,0,0,0,2,,,0,,,,,,Auckland Region,Nil,2-way,Sealed,,0,3,,100,,Null,0,0,,76,Auckland,Unknown,,,,,0,0,Open,0,,,Fine,Null
1760762,5907124,934156,,524112,0,,0,2,,Null,2015/2016,BADER DRIVE,TEO LANE,,Serious Crash,No,2015,,North,,0,,Flat,,,,,,Bright sun,742102,1,0,0,3,,,0,,,,,,Auckland Region,Nil,2-way,Sealed,,0,2,,50,,Null,0,0,,76,Auckland,Nil,,,,,0,0,Urban,0,,,Fine,Null
1768933,5899317,934208,,525102,0,0,0,1,0,Null,2014/2015,CLAYTON ROAD,FIELDS ROAD,,Serious Crash,No,2014,0,South,0,0,0,Flat,0,,0,,0,Dark,768601,0,0,0,2,0,0,0,0,0,,0,1,Auckland Region,Nil,2-way,Sealed,0,0,1,0,50,0,On,0,0,,76,Auckland,Give way,0,0,0,0,0,0,Urban,0,0,0,Light rain,Null
1766965,5907306,934256,,523601,0,0,0,3,0,South,2014/2015,BAIRDS ROAD,CLAYTON AVENUE,,Serious Crash,No,2014,0,North,0,0,1,Flat,0,,0,,0,Dark,708000,0,0,0,2,0,1,0,0,0,,0,0,Auckland Region,Nil,2-way,Sealed,0,0,1,0,50,0,On,0,0,,76,Auckland,Unknown,0,0,0,0,0,0,Urban,0,1,0,Fine,Null
1755313,5918568,934433,,515500,0,,0,1,,East,2014/2015,GREAT NORTH ROAD,HARCOURT ST,,Serious Crash,No,2015,,East,,0,,Flat,,,,,,Dark,418900,0,0,0,4,,,0,,,1,,,Auckland Region,Nil,2-way,Sealed,,0,1,,50,,On,0,1,,76,Auckland,Give way,,,,,0,0,Urban,0,,,Light rain,Null
1776117,5887559,934437,,521132,0,0,0,1,0,West,2013/2014,ARARIMU ROAD,DAVIES ROAD,,Serious Crash,No,2014,0,West,0,0,0,Flat,0,,0,,0,Overcast,814304,0,0,0,2,0,0,0,0,0,,0,1,Auckland Region,Nil,2-way,Sealed,0,0,1,0,70,0,None,0,0,,76,Auckland,Stop,0,0,0,0,0,0,Urban,0,0,0,Fine,Null
1756196,5919209,934484,,515420,0,,0,1,,West,2014/2015,GREAT NORTH ROAD,PONSONBY ROAD,,Serious Crash,No,2014,,West,,0,,Flat,,,,,,Overcast,411600,0,0,0,4,,,0,,,1,,,Auckland Region,Nil,2-way,Sealed,,0,1,,50,,Null,0,0,,76,Auckland,Unknown,,,,,0,0,Urban,0,,,Light rain,Null
1761831,5920024,934541,,516400,1,,0,1,,Null,2015/2016,TAMAKI DRIVE,WATENE CRESCENT,,Serious Crash,No,2015,,West,,0,,Flat,,,,,,Twilight,498900,0,0,0,4,,,0,,,,,,Auckland Region,Nil,2-way,Sealed,,0,1,,50,,On,0,0,,76,Auckland,Give way,,,,,0,0,Urban,0,,,Fine,Null
1751423,5925550,934558,,510020,0,0,0,2,0,North,2014/2015,KIA ORA ROAD,MCGLASHEN PLACE,,Serious Crash,No,2015,0,North,0,0,0,Hill Road,0,,0,,0,Bright sun,345900,0,0,0,2,0,0,0,0,1,,0,1,Auckland Region,Nil,2-way,Sealed,0,0,2,0,50,0,Off,0,0,,76,Auckland,Nil,0,0,0,0,0,0,Urban,0,0,0,Fine,Null
1752618,5931396,934617,,508807,0,,0,0,,Null,2014/2015,PAUL MATTHEWS ROAD,OMEGA ST,,Serious Crash,No,2015,,West,,0,,Hill Road,,,,,,Overcast,180809,0,0,1,2,,,0,,,,,,Auckland Region,Nil,2-way,Sealed,,0,1,,50,,Null,1,0,,76,Auckland,Give way,,,,,0,0,Urban,0,,,Light rain,Null
1750149,5914225,934637,,511303,1,,0,0,,West,2014/2015,GREAT NORTH ROAD,VERONICA ST,,Serious Crash,No,2014,,West,,0,,Flat,,,,,,Dark,266100,0,0,0,4,,,0,,,,,,Auckland Region,Nil,2-way,Sealed,,0,1,,50,,On,1,0,,76,Auckland,Unknown,,,,,0,0,Urban,0,,,Fine,Null
1759854,5911800,934885,,520000,0,,0,2,,Null,2014/2015,NEILSON ST,ALFRED ST,,Serious Crash,No,2014,,South,,0,,Flat,,,,,,Dark,607700,1,0,0,4,,,0,,,,,,Auckland Region,Nil,2-way,Sealed,,0,2,,50,,On,0,0,,76,Auckland,Stop,,,,,0,0,Urban,0,,,Fine,Null
1765888,5904390,934895,,524603,0,,0,2,,Null,2015/2016,CAVENDISH DRIVE,PLUNKET AVENUE,,Serious Crash,No,2015,,East,,0,,Flat,,,,,,Dark,674000,2,0,0,5,,,1,,,,,,Auckland Region,Nil,2-way,Sealed,,0,1,,60,,On,0,0,,76,Auckland,Traffic Signals,,,,,0,0,Urban,0,,,Fine,Null
1773977,5895990,934908,,525620,0,,0,0,,Null,2015/2016,SETTLEMENT ROAD,HUNUA ROAD,,Serious Crash,No,2015,,West,,0,,Flat,,,,,,Dark,798102,0,0,1,2,,,0,,,,,,Auckland Region,Nil,2-way,Sealed,,0,1,,50,,Off,0,0,,76,Auckland,Give way,,,,,0,0,Urban,0,,,Fine,Null
1775827,5885638,934946,,521132,0,0,0,1,0,South,2014/2015,HILLVIEW ROAD,DALE SOUTH ROAD,,Serious Crash,No,2015,0,South,0,0,0,Hill Road,0,,0,,0,Twilight,814200,0,0,0,2,0,0,0,1,0,,0,0,Auckland Region,Nil,2-way,Sealed,0,0,1,0,100,0,None,0,0,,76,Auckland,Unknown,0,0,0,0,0,0,Open,0,0,0,Fine,Null
1765807,5905706,934966,,522202,0,0,0,2,0,East,2014/2015,CARRUTH ROAD,CENTRAL AVENUE,,Serious Crash,No,2014,0,East,0,0,0,Flat,0,,0,,0,Bright sun,665200,1,0,0,2,0,0,0,0,0,,0,1,Auckland Region,Nil,2-way,Sealed,0,0,1,0,50,0,Null,0,0,,76,Auckland,Unknown,0,0,0,0,0,0,Urban,0,1,0,Fine,Null
1769508,5906445,934986,,523712,0,,0,2,,Null,2014/2015,CHAPEL ROAD,MEDVALE AVENUE N,,Serious Crash,No,2015,,North,,0,,Flat,,,,,,Dark,713201,1,0,0,2,,,0,,,,,,Auckland Region,Nil,2-way,Sealed,,0,1,,60,,On,0,0,,76,Auckland,Give way,,,,,0,0,Urban,0,,,Fine,Null
1756841,5920790,935019,,514101,1,,0,1,,East,2015/2016,FANSHAWE ST,BOUZAID WAY,,Serious Crash,No,2015,,West,,0,,Flat,,,,,,Overcast,440114,0,0,0,2,,,0,,,,,,Auckland Region,Nil,2-way,Sealed,,0,1,,50,,Null,0,0,,76,Auckland,Unknown,,,,,0,0,Urban,0,,,Fine,Null
1767306,5905112,935055,,524603,0,,0,1,,Null,2014/2015,GREAT SOUTH ROAD,RYAN PLACE,,Serious Crash,No,2014,,North,,0,,Flat,,,,,,Dark,780304,0,0,0,4,,,0,,,1,,,Auckland Region,Nil,2-way,Sealed,,0,1,,60,,On,0,0,,76,Auckland,Nil,,,,,0,0,Urban,0,,,Fine,Null
1760113,5913041,935350,,520000,0,0,0,1,0,West,2014/2015,MOUNT SMART ROAD,CAPTAIN SPRINGS ROAD,,Serious Crash,No,2015,0,West,0,0,0,Flat,0,,0,,0,Dark,605601,0,0,0,2,0,0,0,0,1,,0,0,Auckland Region,Nil,2-way,Sealed,0,0,1,0,50,0,On,1,0,,76,Auckland,Unknown,0,0,0,0,0,0,Urban,1,0,0,Fine,Null
1768061,5910786,935390,,523112,0,0,0,1,0,North,2014/2015,CRYERS ROAD,NEALES ROAD,,Fatal Crash,No,2015,0,North,0,1,0,Flat,0,,0,,0,Overcast,711405,0,0,0,2,0,0,0,0,0,,0,0,Auckland Region,Nil,2-way,Sealed,0,0,0,0,50,0,Null,0,0,,76,Auckland,Nil,0,0,0,1,0,0,Urban,0,0,0,Light rain,Null
1734694,5989090,935400,,506660,0,0,0,1,0,South,2014/2015,WAIMANU ROAD,SH 1N,,Serious Crash,No,2015,0,South,0,0,0,Hill Road,0,Easter,0,,0,Bright sun,135700,0,0,0,2,0,0,0,0,0,1,0,0,Auckland Region,Nil,2-way,Unsealed,0,0,1,0,100,0,Null,0,0,,76,Auckland,Nil,0,0,0,1,0,0,Open,0,0,0,Fine,Null
1763677,5905328,935410,,524303,0,0,0,2,0,South,2015/2016,FERNDOWN AVENUE,HILLCREST ROAD,,Serious Crash,No,2015,0,South,0,0,0,Flat,0,,0,,0,Dark,746320,2,0,0,2,0,0,0,0,1,,0,0,Auckland Region,Nil,2-way,Sealed,0,0,1,0,50,0,On,0,0,,76,Auckland,Give way,0,0,0,0,0,0,Urban,0,0,0,Fine,Null
1758663,5926193,935441,,508020,1,,0,1,,North,2014/2015,LAKE ROAD,JUTLAND ROAD,,Serious Crash,No,2014,,North,,0,,Flat,,,,,,Overcast,323900,0,0,0,4,,,0,,,,,,Auckland Region,Nil,2-way,Sealed,,0,1,,50,,Null,0,0,,76,Auckland,Unknown,,,,,0,0,Urban,0,,,Fine,Null
1764577,5911952,935453,,520500,0,,0,1,,North,2015/2016,SH 1N,PANAMA OBR,,Fatal Crash,Yes,2015,,North,,1,,Flat,,,,,,Dark,639500,0,0,0,3,,,0,,,,,,Auckland Region,Nil,2-way,Sealed,,0,0,,100,,On,0,0,,76,Auckland,Unknown,,,,,1,0,Open,0,,,Fine,Null
1766920,5903903,935455,,524604,0,,0,2,,East,2014/2015,SH 20,LAMBIE OBR,,Serious Crash,Yes,2015,,East,,0,,Flat,,,,,,Bright sun,780210,1,0,0,3,,,0,,,,,,Auckland Region,Nil,1-way,Sealed,,0,1,,100,,Null,0,0,,76,Auckland,Unknown,,,,,1,0,Open,1,,,Fine,Null
1752069,5918774,935506,,515001,0,,0,1,,North,2015/2016,POINT CHEVALIER ROAD,WALKER ROAD,,Serious Crash,No,2015,,South,,0,,Flat,,,,,,Overcast,393800,0,0,1,2,,,0,,,,,,Auckland Region,Nil,2-way,Sealed,,0,1,,50,,Off,0,0,,76,Auckland,Stop,,,,,0,0,Urban,0,,,Null,Null
1768443,5901442,935514,,525001,1,,0,1,,Null,2014/2015,GREAT SOUTH ROAD,CORIN AVENUE,,Serious Crash,No,2014,,South,,0,,Flat,,,,,,Overcast,751500,0,0,0,2,,,0,,,,,,Auckland Region,Nil,2-way,Sealed,,0,1,,50,,Null,0,0,,76,Auckland,Nil,,,,,0,0,Urban,0,,,Fine,Null
1742601,5886452,935527,65,521151,0,0,0,1,1,South,2014/2015,AWHITU ROAD,COCHRANE ROAD,,Serious Crash,No,2014,0,North,0,0,0,Hill Road,0,,0,,0,Dark,830100,0,0,0,2,0,0,0,0,0,,0,0,Auckland Region,Nil,2-way,Sealed,0,0,1,0,100,0,None,0,0,,76,Auckland,Unknown,0,0,0,0,0,0,Open,0,0,0,Fine,Null
1766128,5914591,935547,,520601,0,,0,1,,West,2014/2015,MATAPAN ROAD,DUNKIRK ROAD,,Serious Crash,No,2014,,East,,0,,Flat,,,,,,Overcast,633100,0,0,0,2,,,0,,,1,,,Auckland Region,Nil,2-way,Sealed,,0,1,,50,,Null,0,0,,76,Auckland,Unknown,,,,,0,0,Urban,0,,,Fine,Null
1728357,5936630,935566,,506642,0,0,0,1,0,South,2015/2016,SH 16,BRADLY ROAD,,Fatal Crash,Yes,2015,0,North,2,1,0,Flat,0,,0,,0,Bright sun,211200,1,0,0,2,0,0,0,0,0,,0,0,Auckland Region,Nil,2-way,Sealed,0,0,0,0,100,0,Null,0,0,,76,Auckland,Nil,0,0,0,0,1,0,Open,0,0,0,Fine,Null
1755824,5916616,935591,,518201,0,,0,1,,South,2013/2014,DOMINION ROAD,MONT LE GRAND ROAD,,Serious Crash,No,2014,,North,,0,,Flat,,,,,,Overcast,552800,0,0,1,4,,,0,,,,,,Auckland Region,Nil,2-way,Sealed,,0,1,,50,,Null,0,0,,76,Auckland,Nil,,,,,0,0,Urban,0,,,Fine,Null
1768280,5908290,935687,,523711,0,,0,2,,Null,2014/2015,EAST TAMAKI ROAD,BIRMINGHAM ROAD,,Serious Crash,No,2014,,South,,0,,Flat,,,,,,Overcast,712303,1,0,0,4,,,0,,,,,,Auckland Region,Nil,2-way,Sealed,,0,1,,50,,Off,0,0,,76,Auckland,Traffic Signals,,,,,0,0,Urban,0,,,Fine,Null
1746844,5926158,935772,,513431,0,,0,2,,South,2014/2015,HOBSONVILLE ROAD,SINTON ROAD SOUTH,,Serious Crash,No,2014,,East,,0,,Flat,,,,,,Bright sun,221802,0,0,0,2,,,0,,,,,,Auckland Region,Nil,2-way,Sealed,,0,1,,50,,Off,0,0,,76,Auckland,Nil,,,,,0,0,Urban,0,,,Fine,Null
1761489,5919659,935780,,516400,0,0,0,0,0,North,2013/2014,PARITAI DRIVE,REWITI ST,,Serious Crash,No,2014,0,North,0,0,0,Hill Road,0,,0,,0,Dark,496900,0,0,1,2,0,0,0,0,1,,0,0,Auckland Region,Nil,2-way,Sealed,0,0,1,0,50,0,On,1,0,,76,Auckland,Nil,0,0,0,0,0,0,Urban,0,0,0,Light rain,Null