X,Y,OBJECTID,advisorySpeed,areaUnitID,bicycle,bridge,bus,carStationWagon,cliffBank,crashDirectionDescription,crashFinancialYear,crashLocation1,crashLocation2,crashRoadSideRoad,crashSeverity,crashSHDescription,crashYear,debris,directionRoleDescription,ditch,fatalCount,fence,flatHill,guardRail,holiday,houseOrBuilding,intersection,kerb,light,meshblockId,minorInjuryCount,moped,motorcycle,NumberOfLanes,objectThrownOrDropped,otherObject,otherVehicleType,overBank,parkedVehicle,pedestrian,phoneBoxEtc,postOrPole,region,roadCharacter,roadLane,roadSurface,roadworks,schoolBus,seriousInjuryCount,slipOrFlood,speedLimit,strayAnimal,streetLight,suv,taxi,temporarySpeedLimit,tlaId,tlaName,trafficControl,trafficIsland,trafficSign,train,tree,truck,unknownVehicleType,urban,vanOrUtility,vehicle,waterRiver,weatherA,weatherB
1773719,5888653,935839,,521302,0,,0,1,,East,2015/2016,GREAT SOUTH ROAD,RUNCIMAN ROAD,,Serious Crash,No,2015,,North,,0,,Flat,,,,,,Overcast,809101,0,0,1,2,,,0,,,,,,Auckland Region,Nil,2-way,Sealed,,0,1,,100,,Null,0,0,,76,Auckland,Nil,,,,,0,0,Open,0,,,Fine,Null
1774272,5887318,935914,,521302,0,0,0,1,0,East,2015/2016,ARARIMU ROAD,GREAT SOUTH ROAD,,Serious Crash,No,2016,0,East,0,0,1,Flat,0,,0,,0,Bright sun,809101,0,0,0,2,0,0,0,0,0,,0,0,Auckland Region,Nil,2-way,Sealed,0,0,1,0,70,0,Null,0,0,,76,Auckland,Unknown,0,0,0,1,0,0,Urban,0,0,0,Fine,Null
1755158,5878728,935941,,521152,0,,0,0,,South,2015/2016,GLENBROOK-WAIUKU ROAD,MORLEY ROAD,,Serious Crash,No,2016,,South,,0,,Flat,,,,,,Overcast,834100,0,0,1,2,,,0,,,,,,Auckland Region,Nil,2-way,Sealed,,0,1,,100,,Null,0,0,,76,Auckland,Unknown,,,,,0,0,Open,0,,,Heavy rain,Null
1752419,5917753,936054,,515003,0,0,0,1,0,North,2016/2017,CARRINGTON ROAD,SEGAR AVENUE,,Serious Crash,No,2016,0,South,0,0,0,Flat,0,,0,,0,Dark,391602,0,0,0,2,0,0,0,0,0,,0,1,Auckland Region,Nil,2-way,Sealed,0,0,1,0,50,0,On,0,0,,76,Auckland,Unknown,0,0,0,0,0,0,Urban,0,0,0,Fine,Null
1743759,5919279,936070,,513213,0,0,0,1,0,North,2015/2016,SWANSON ROAD,METCALFE ROAD,,Serious Crash,No,2015,0,South,0,0,0,Flat,0,,0,,0,Dark,235802,0,0,0,2,0,0,0,0,0,,0,1,Auckland Region,Nil,2-way,Sealed,0,0,1,0,50,0,On,0,0,,76,Auckland,Unknown,1,0,0,0,0,0,Urban,0,0,0,Fine,Null
1752595,5918203,936076,,515002,0,,0,0,,East,2016/2017,GREAT NORTH ROAD,PARR ROAD NORTH,,Serious Crash,No,2016,,West,,0,,Flat,,,,,,Twilight,390501,0,0,1,3,,,0,,,,,,Auckland Region,Nil,2-way,Sealed,,0,1,,50,,On,0,0,,76,Auckland,Nil,,,,,0,0,Urban,1,,,Fine,Null
1769791,5899259,936153,,523920,0,0,0,0,0,South,2015/2016,TAKANINI ON NBD,SH 1N,,Serious Crash,Yes,2016,0,South,0,0,0,Hill Road,1,,0,,0,Bright sun,767922,0,0,0,1,0,0,0,0,0,,0,0,Auckland Region,Motorway ramp,1-way,Sealed,0,0,1,0,80,0,Null,0,0,,76,Auckland,Unknown,0,0,0,0,1,0,Open,0,0,0,Fine,Null
1756948,5929363,936210,,507800,0,,0,1,,West,2015/2016,EAST COAST ROAD,STANLEY AVENUE,,Serious Crash,No,2016,,East,,0,,Flat,,,,,,Dark,308000,0,0,0,2,,,0,,,1,,,Auckland Region,Nil,2-way,Sealed,,0,1,,50,,On,0,0,,76,Auckland,Give way,,,,,0,0,Urban,0,,,Fine,Null
1766859,5900540,936388,,524720,0,,0,1,,North,2015/2016,ROWANDALE AVENUE,RONALD PLACE,,Serious Crash,No,2016,,North,,0,,Flat,,Easter,,,,Overcast,776000,0,0,0,2,,,0,,,1,,,Auckland Region,Nil,2-way,Sealed,,0,1,,50,,Null,0,0,,76,Auckland,Unknown,,,,,0,0,Urban,0,,,Fine,Null
1763981,5912486,936508,,520500,0,,0,2,,East,2015/2016,SH 1N,MT WGTN ON NBD,,Serious Crash,Yes,2016,,North,,0,,Flat,,,,,,Bright sun,639500,0,0,1,3,,,0,,,,,,Auckland Region,Nil,1-way,Sealed,,0,1,,100,,Null,0,0,,76,Auckland,Nil,,,,,0,0,Open,0,,,Fine,Null
1756466,5924417,936564,,509702,0,,0,0,,North,2015/2016,ONEWA ON SBD,SH 1N,,Serious Crash,Yes,2016,,South,,0,,Null,,,,,,Bright sun,366700,0,0,1,2,,,0,,,,,,Auckland Region,Motorway ramp,1-way,Sealed,,0,1,,100,,Null,0,0,,76,Auckland,Unknown,,,,,0,0,Open,0,,,Fine,Null
1730469,5958740,936654,,506613,0,,0,1,,Null,2015/2016,SH 16,WEST COAST ROAD,,Serious Crash,Yes,2016,,South,,0,,Flat,,,,,,Bright sun,146300,0,0,0,2,,,0,,,,,,Auckland Region,Nil,2-way,Sealed,,0,3,,100,,Null,0,0,,76,Auckland,Stop,,,,,0,0,Open,1,,,Fine,Null
1743736,5947586,936749,55,506614,0,,0,1,,West,2015/2016,WAINUI ROAD,JOBLIN ROAD,,Serious Crash,No,2016,,East,,0,,Flat,,,,,,Bright sun,177702,1,0,0,2,,,0,,,,,,Auckland Region,Nil,2-way,Sealed,,0,1,,100,,Null,0,0,,76,Auckland,Unknown,,,,,1,0,Open,0,,,Fine,Null
1770808,5901777,936807,,523814,0,,0,1,,Null,2016/2017,STRATFORD ROAD,AMARILLO PLACE,,Serious Crash,No,2016,,South,,0,,Hill Road,,,,,,Overcast,759525,0,0,1,2,,,0,,,,,,Auckland Region,Nil,2-way,Sealed,,0,1,,50,,Null,0,0,,76,Auckland,Give way,,,,,0,0,Urban,0,,,Fine,Null
1754749,5928761,936849,,508320,0,,0,1,,North,2015/2016,DIANA DRIVE,ASHFIELD ROAD,,Serious Crash,No,2016,,South,,0,,Flat,,,,,,Bright sun,196700,0,0,0,2,,,0,,,,,,Auckland Region,Nil,2-way,Sealed,,0,1,,50,,Null,1,0,,76,Auckland,Nil,,,,,0,0,Urban,0,,,Fine,Null
1755456,5915299,936889,,518302,0,,0,1,,Null,2015/2016,DOMINION ROAD,LAMBETH ROAD,,Serious Crash,No,2016,,North,,0,,Flat,,,,,,Dark,559402,0,0,0,4,,,0,,,1,,,Auckland Region,Nil,2-way,Sealed,,0,1,,50,,On,0,0,,76,Auckland,Stop,,,,,0,0,Urban,0,,,Fine,Null
1757064,5920680,936941,,514102,0,,0,0,,West,2015/2016,GORST LANE,HOBSON ST,,Serious Crash,No,2016,,East,,0,,Flat,,,,,,Dark,433305,0,0,0,1,,,0,,,1,,,Auckland Region,Nil,Off road,Sealed,,0,1,,50,,None,1,0,,76,Auckland,Unknown,,,,,0,0,Urban,0,,,Fine,Null
1747719,5966173,936952,,506613,0,,0,0,,South,2015/2016,SH 1N,WILSONS BR,,Serious Crash,Yes,2016,,North,,0,,Flat,,,,,,Bright sun,146005,0,0,1,2,,,0,,,,,,Auckland Region,Nil,2-way,Sealed,,0,2,,100,,Null,0,0,,76,Auckland,Unknown,,,,,0,0,Open,0,,,Fine,Null
1749121,5935841,936957,,506300,0,,0,2,,South,2015/2016,DAIRY FLAT HIGHWAY,COATESVILLE-RIVERHEAD HIG,,Serious Crash,No,2016,,South,,0,,Flat,,,,,,Bright sun,176003,1,0,0,2,,,0,,,,,,Auckland Region,Nil,2-way,Sealed,,0,1,,80,,Null,0,0,,76,Auckland,Nil,,,,,0,0,Open,0,,,Fine,Null
1748637,5960386,936972,,506613,0,,0,2,,Null,2015/2016,SH 1N,MAHURANGI WEST ROAD,,Serious Crash,Yes,2016,,South,,0,,Flat,,,,,,Overcast,147106,3,0,0,2,,,0,,,,,,Auckland Region,Nil,2-way,Sealed,,0,1,,100,,Null,0,0,,76,Auckland,Give way,,,,,0,0,Open,0,,,Light rain,Null
1760190,5906583,936983,25,524111,0,0,0,2,0,North,2016/2017,WINDRUSH CLOSE,ANSTY PLACE,,Serious Crash,No,2016,0,West,0,0,0,Flat,0,,0,,0,Dark,740800,1,0,0,0,0,0,0,0,1,,0,0,Auckland Region,Nil,2-way,Sealed,0,0,1,0,30,0,On,0,0,20,76,Auckland,Unknown,0,0,0,0,0,0,Urban,0,0,0,Light rain,Frost
1756220,5918293,937015,,517500,1,,0,0,,Null,2016/2017,NEW NORTH ROAD,ACE PLACE,,Serious Crash,No,2016,,West,,0,,Flat,,,,,,Twilight,531700,0,0,0,2,,,0,,,,,,Auckland Region,Nil,2-way,Sealed,,0,1,,50,,On,1,0,,76,Auckland,Nil,,,,,0,0,Urban,0,,,Fine,Null
1769496,5914637,937022,,522723,0,,0,1,,Null,2015/2016,PAKURANGA ROAD,PIGEON MOUNTAIN ROAD,,Serious Crash,No,2016,,East,,0,,Flat,,,,,,Dark,681304,0,0,0,7,,,0,,,,,,Auckland Region,Nil,2-way,Sealed,,0,1,,60,,On,1,0,,76,Auckland,Traffic Signals,,,,,0,0,Urban,0,,,Light rain,Null
1729537,5963633,937067,,506613,0,0,0,1,0,North,2015/2016,SH 16,KAIPARA HILLS ROAD,,Serious Crash,Yes,2015,0,South,0,0,1,Flat,0,,0,,0,Overcast,146200,0,0,1,2,0,0,0,0,0,,0,0,Auckland Region,Nil,2-way,Sealed,0,0,1,0,100,0,Off,0,0,,76,Auckland,Unknown,0,0,0,0,0,0,Open,0,0,0,Fine,Null
1758686,5917815,937152,,516101,0,,0,1,,Null,2015/2016,REMUERA ROAD,BELMONT TERRACE,,Serious Crash,No,2016,,South,,0,,Hill Road,,,,,,Bright sun,480800,0,0,1,4,,,0,,,,,,Auckland Region,Nil,2-way,Sealed,,0,1,,50,,Null,0,0,,76,Auckland,Give way,,,,,0,0,Urban,0,,,Fine,Null
1768822,5900110,937186,,525101,0,,0,0,,Null,2015/2016,PURIRI ROAD,RIMU ROAD,,Serious Crash,No,2015,,East,,0,,Flat,,,,,,Bright sun,770100,0,0,0,2,,,0,,,1,,,Auckland Region,Nil,2-way,Sealed,,0,1,,50,,Off,0,0,,76,Auckland,Nil,,,,,1,0,Urban,0,,,Fine,Null
1770557.292,5877377.031,937239,90,525922,0,,0,0,,East,2015/2016,BUCKLAND ROAD,TUAKAU ROAD,,Serious Crash,No,2016,,West,,0,,Flat,,,,,,Overcast,824302,0,0,1,2,,,0,,,,,,Auckland Region,Nil,2-way,Sealed,,0,1,,100,,Null,0,0,,76,Auckland,Unknown,,,,,0,0,Open,0,,,Mist or Fog,Null
1751385,5877297,937264,75,521151,0,0,0,0,0,North,2016/2017,AWHITU ROAD,MARAE O REHIA ROAD,,Serious Crash,No,2016,0,North,1,0,0,Flat,0,,0,,0,Dark,831200,0,0,0,2,0,0,0,0,0,,0,0,Auckland Region,Nil,2-way,Sealed,0,0,1,0,100,0,None,0,0,,76,Auckland,Unknown,0,0,0,0,0,0,Open,1,0,0,Fine,Null
1774293,5897333,937282,,525610,0,,0,1,,West,2015/2016,CLEVEDON ROAD,VALENTINE ST,,Serious Crash,No,2016,,West,,0,,Flat,,,,,,Bright sun,796300,2,0,0,2,,,0,,,,,,Auckland Region,Nil,2-way,Sealed,,0,1,,50,,Null,1,0,,76,Auckland,Unknown,,,,,0,0,Urban,0,,,Fine,Null
1756035,5919053,937299,,515500,0,,0,1,,Null,2014/2015,GREAT NORTH ROAD,BURNS ST,,Serious Crash,No,2015,,South,,0,,Flat,,,,,,Overcast,417700,0,0,1,2,,,0,,,,,,Auckland Region,Nil,2-way,Sealed,,0,1,,50,,Null,0,0,,76,Auckland,Stop,,,,,0,0,Urban,0,,,Light rain,Null
1763091,5912863,937354,,520500,0,,0,4,,West,2016/2017,SH 1N,SEART OBR,,Serious Crash,Yes,2016,,West,,0,,Flat,,Labour Weekend,,,,Bright sun,637300,4,0,0,3,,,0,,,,,,Auckland Region,Nil,1-way,Sealed,,0,1,,100,,Null,0,0,,76,Auckland,Unknown,,,,,0,0,Open,0,,,Fine,Null
1741366,5989147,937384,,506660,0,,0,0,,South,2015/2016,WAITEITEI ROAD,SILVER HILL ROAD,,Serious Crash,No,2016,,North,,0,,Hill Road,,,,,,Bright sun,136101,0,0,1,2,,,0,,,,,,Auckland Region,Nil,2-way,Sealed,,0,1,,100,,Null,0,0,,76,Auckland,Unknown,,,,,0,0,Open,0,,,Fine,Null
1745674,5913930,937410,,512906,0,,0,1,,Null,2015/2016,WEST COAST ROAD,SUNVUE ROAD,,Serious Crash,No,2016,,West,,0,,Flat,,,,,,Twilight,278511,0,0,0,2,,,0,,,,,,Auckland Region,Nil,2-way,Sealed,,0,1,,50,,None,0,0,,76,Auckland,Give way,,,,,0,0,Urban,1,,,Fine,Null
1759850,5920386,937470,,516400,0,0,0,1,0,East,2016/2017,TAMAKI DRIVE,SOLENT ST,,Serious Crash,No,2016,0,South,0,0,0,Flat,0,Labour Weekend,0,,0,Overcast,455000,0,0,0,4,0,0,0,0,0,,0,0,Auckland Region,Nil,2-way,Sealed,0,0,3,0,50,0,Off,0,0,,76,Auckland,Unknown,0,0,0,1,0,0,Urban,0,0,0,Fine,Null
1754364,5882170,937481,,521152,0,0,0,1,0,North,2015/2016,GLENBROOK BEACH ROAD,BROOKSIDE ROAD,,Serious Crash,No,2016,0,North,0,0,0,Flat,0,,0,,0,Overcast,833800,0,0,0,2,0,0,0,0,0,,0,0,Auckland Region,Nil,1-way,Sealed,0,0,1,0,100,0,Null,0,0,,76,Auckland,Unknown,0,0,0,1,0,0,Open,0,0,0,Fine,Null
1736783,5982114,937609,,505300,0,,0,0,,South,2015/2016,Z FORECOURT SH 1N,SH 16,,Serious Crash,No,2015,,North,,0,,Flat,,,,,,Bright sun,143300,0,0,0,0,,,0,,,1,,,Auckland Region,Nil,Off road,Sealed,,0,1,,50,,Null,0,0,,76,Auckland,Nil,,,,,0,0,Urban,1,,,Fine,Null
1730237,5956911,937644,35,506613,0,0,0,1,0,Null,2016/2017,SH 16,TUHIRANGI ROAD,,Serious Crash,Yes,2016,0,North,1,0,0,Hill Road,0,,0,,0,Overcast,146300,0,0,0,2,0,0,0,0,0,,0,0,Auckland Region,Nil,2-way,Sealed,0,0,1,0,100,0,Off,0,0,,76,Auckland,Give way,0,0,0,1,0,0,Open,0,0,0,Light rain,Null
1745921,5918827,937658,,512401,0,0,0,1,0,North,2015/2016,CENTRAL PARK DRIVE,SCHOOL ROAD,,Serious Crash,No,2016,0,South,0,0,0,Hill Road,0,,0,,0,Bright sun,253501,0,0,0,3,0,0,0,0,0,,0,0,Auckland Region,Nil,2-way,Sealed,0,0,1,0,50,0,Null,0,0,,76,Auckland,Nil,0,0,0,1,0,0,Urban,0,0,0,Fine,Null
1756179,5912930,937675,25,518701,0,,0,3,,Null,2016/2017,HAYR ROAD,MELROSE ROAD,,Serious Crash,No,2016,,South,,0,,Flat,,,,,,Overcast,572002,0,0,0,2,,,0,,,,,,Auckland Region,Nil,2-way,Sealed,,0,1,,50,,Null,0,0,,76,Auckland,Give way,,,,,0,0,Urban,0,,,Light rain,Null
1768998,5900125,937927,,525002,0,,0,0,,North,2016/2017,CHRISTMAS ROAD,OLIVE ST,,Serious Crash,No,2016,,North,,0,,Hill Road,,,,,,Overcast,753401,0,0,0,2,,,0,,,1,,,Auckland Region,Nil,2-way,Sealed,,0,1,,50,,Null,0,0,,76,Auckland,Unknown,,,,,0,0,Urban,1,,,Light rain,Null
1746644,5917949,937932,,512500,0,0,0,1,0,South,2015/2016,TE ATATU ROAD,CONISTON AVENUE,,Fatal Crash,No,2016,0,South,0,1,0,Hill Road,1,,0,,0,Dark,257300,0,0,0,2,0,0,0,0,0,,0,0,Auckland Region,Nil,2-way,Sealed,0,0,0,0,50,0,On,0,0,,76,Auckland,Unknown,0,0,0,0,1,0,Urban,0,0,0,Fine,Null
1734733,5989434,937942,,506660,0,,0,2,,West,2016/2017,SH 1N,MAENEENE ROAD,,Serious Crash,Yes,2016,,East,,0,,Flat,,,,,,Bright sun,135700,0,0,0,2,,,0,,,,,,Auckland Region,Nil,2-way,Sealed,,0,1,,100,,Null,0,0,,76,Auckland,Unknown,,,,,1,0,Open,0,,,Fine,Null
1749883,5913986,937987,,511303,0,0,0,2,0,Null,2016/2017,GREAT NORTH ROAD,DELTA AVENUE,,Serious Crash,No,2016,0,South,0,0,0,Flat,0,,0,,0,Bright sun,266000,1,0,0,4,0,0,0,0,2,,0,0,Auckland Region,Nil,2-way,Sealed,0,0,2,0,50,0,Null,3,0,,76,Auckland,Give way,0,0,0,0,0,0,Urban,0,0,0,Fine,Null
1735921,5982508,938031,,505300,0,0,0,0,1,North,2016/2017,WORKER ROAD,HANOVER ST,,Serious Crash,No,2016,0,West,0,0,0,Hill Road,0,,0,,0,Dark,143100,1,0,0,2,0,0,0,0,0,,0,0,Auckland Region,Nil,2-way,Sealed,0,0,1,0,50,0,None,1,0,,76,Auckland,Unknown,0,0,0,0,0,0,Urban,0,0,0,Light rain,Null
1758773,5918865,938060,,515901,0,,0,1,,Null,2016/2017,MAUNSELL ROAD,PARNELL ROAD,,Serious Crash,No,2016,,South,,0,,Flat,,,,,,Bright sun,451800,0,0,0,2,,,0,,,1,,,Auckland Region,Nil,2-way,Sealed,,0,1,,50,,Null,0,0,,76,Auckland,Give way,,,,,0,0,Urban,0,,,Fine,Null
1768212,5914654,938062,,522810,0,0,0,1,0,East,2016/2017,WHITEACRES DRIVE,GLENMORE ROAD,,Serious Crash,No,2016,0,West,0,0,0,Flat,0,,0,,0,Dark,693100,0,0,0,2,0,0,0,0,2,,0,0,Auckland Region,Nil,2-way,Sealed,0,0,1,0,50,0,On,2,0,,76,Auckland,Unknown,0,0,0,0,0,0,Urban,0,0,0,Fine,Null
1766052,5906290,938084,,522202,0,0,0,3,0,North,2016/2017,GREAT SOUTH ROAD,CENTRAL AVENUE,,Serious Crash,No,2016,0,North,0,0,0,Flat,0,,0,,0,Dark,665101,3,0,0,2,0,0,0,0,1,,0,0,Auckland Region,Nil,2-way,Sealed,0,0,2,0,50,0,On,0,0,,76,Auckland,Unknown,0,0,0,0,0,0,Urban,0,0,0,Fine,Null
1768408,5877936,938119,,525921,0,,0,1,,North,2015/2016,UPPER QUEEN ST,RAY WRIGHT ROAD,,Serious Crash,No,2016,,North,,0,,Hill Road,,,,,,Dark,822704,0,0,0,2,,,0,,,,,,Auckland Region,Nil,2-way,Sealed,,0,1,,100,,None,0,0,,76,Auckland,Unknown,,,,,0,0,Open,0,,,Fine,Null
1785478,5905574,938129,,525201,0,,0,1,,Null,2013/2014,CLEVEDON-KAWAKAWA ROAD,NESS VALLEY ROAD,,Serious Crash,No,2014,,South,,0,,Hill Road,,,,,,Bright sun,764400,4,0,0,2,,,0,,,,,,Auckland Region,Nil,2-way,Sealed,,0,1,,100,,Null,1,0,,76,Auckland,Give way,,,,,0,0,Open,0,,,Fine,Null
1762355,5913383,938161,,520402,0,0,0,2,0,South,2014/2015,SH 1N,PENROSE OBR,,Serious Crash,Yes,2015,0,South,0,0,0,Flat,1,,0,,0,Twilight,642200,0,0,0,2,0,0,0,0,0,,0,0,Auckland Region,Nil,1-way,Sealed,0,0,1,0,80,0,On,1,0,50,76,Auckland,Unknown,0,0,0,0,0,0,Open,0,0,0,Fine,Null
1752667,5915713,938222,,517902,0,,0,1,,North,2014/2015,RICHARDSON ROAD,WESTON AVENUE,,Serious Crash,No,2014,,North,,0,,Flat,,,,,,Twilight,519000,0,0,0,2,,,0,,,1,,,Auckland Region,Nil,2-way,Sealed,,0,1,,50,,None,0,0,,76,Auckland,Nil,,,,,0,0,Urban,0,,,Fine,Null
1764259,5909768,938251,,521901,0,,0,1,,South,2015/2016,ATKINSON AVENUE,CRITERION ST,,Serious Crash,No,2015,,North,,0,,Flat,,,,,,Dark,784100,0,0,0,4,,,0,,,1,,,Auckland Region,Nil,2-way,Sealed,,0,1,,50,,On,0,0,,76,Auckland,Unknown,,,,,0,0,Urban,0,,,Heavy rain,Null
1753804,5917608,938511,,517600,0,,0,1,,Null,2015/2016,ST LUKES ROAD,ASQUITH AVENUE,,Serious Crash,No,2015,,North,,0,,Flat,,,,,,Overcast,534001,0,1,0,2,,,0,,,,,,Auckland Region,Nil,2-way,Sealed,,0,1,,50,,Null,0,0,,76,Auckland,Give way,,,,,0,0,Urban,0,,,Fine,Null
1754254,5918542,938553,,515431,0,,0,2,,Null,2015/2016,GREAT NORTH ROAD,BULLOCK TRACK,,Serious Crash,No,2015,,North,,0,,Flat,,,,,,Overcast,405000,0,0,0,6,,,0,,,,,,Auckland Region,Nil,2-way,Sealed,,0,1,,50,,Off,0,0,,76,Auckland,Stop,,,,,0,0,Urban,0,,,Fine,Null
1756324,5919106,938783,,514200,0,,0,1,,Null,2014/2015,NEWTON ROAD,NEWTON OFF EBD N,,Serious Crash,No,2015,,North,,0,,Flat,,,,,,Overcast,411800,1,1,0,2,,,0,,,,,,Auckland Region,Nil,2-way,Sealed,,0,1,,50,,Null,0,0,,76,Auckland,Traffic Signals,,,,,0,0,Urban,0,,,Fine,Null
1765718,5898309,938819,,524812,0,,0,1,,Null,2015/2016,WEYMOUTH ROAD,WAIMAI AVENUE,,Serious Crash,No,2015,,North,,0,,Flat,,,,,,Dark,773100,1,0,0,2,,,0,,,1,,,Auckland Region,Nil,2-way,Sealed,,0,1,,50,,On,0,0,,76,Auckland,Give way,,,,,0,0,Urban,0,,,Fine,Null
1766888,5907855,938831,,523501,0,,0,1,,Null,2014/2015,BAIRDS ROAD,HAYMAN ST,,Serious Crash,No,2015,,North,,0,,Flat,,Easter,,,,Dark,700602,0,0,0,2,,,0,,,,,,Auckland Region,Nil,2-way,Sealed,,0,1,,50,,On,0,0,,76,Auckland,Nil,,,,,0,0,Urban,2,,,Light rain,Null
1764574,5911961,938892,,520500,0,,0,1,,North,2014/2015,SH 1N,PANAMA OBR,,Serious Crash,Yes,2015,,North,,0,,Hill Road,,,,,,Bright sun,639500,0,0,1,3,,,0,,,,,,Auckland Region,Nil,1-way,Sealed,,0,1,,100,,Null,0,0,,76,Auckland,Unknown,,,,,0,0,Open,0,,,Fine,Null
1766455,5908141,939041,,523402,0,,0,0,,West,2015/2016,BAIRDS ROAD,OTARA ROAD,,Fatal Crash,No,2015,,East,,1,,Flat,,,,,,Dark,698600,0,0,0,2,,,0,,,1,,,Auckland Region,Nil,2-way,Sealed,,0,0,,50,,On,0,0,,76,Auckland,Nil,,,,,0,0,Urban,1,,,Fine,Null
1750433,5969342,939075,,505500,0,0,0,1,0,North,2015/2016,WILSON ROAD,PULHAM ROAD,,Serious Crash,No,2015,0,East,0,0,0,Hill Road,0,,0,,0,Bright sun,141400,1,0,0,0,0,0,0,0,0,,0,0,Auckland Region,Nil,2-way,Unsealed,0,0,1,0,50,0,None,0,0,,76,Auckland,Unknown,0,0,0,1,0,0,Urban,0,0,0,Fine,Null
1755624,5933167,939119,,507300,0,,0,2,,East,2015/2016,SUNRISE AVENUE,GULL LANE,,Serious Crash,No,2015,,East,,0,,Flat,,,,,,Bright sun,154100,0,0,0,2,,,0,,,,,,Auckland Region,Nil,2-way,Sealed,,0,1,,50,,Off,0,0,,76,Auckland,Unknown,,,,,0,0,Urban,0,,,Fine,Null
1757003,5917478,939135,,518102,0,,0,1,,South,2014/2015,MOUNT EDEN ROAD,PERCY ST,,Serious Crash,No,2015,,North,,0,,Flat,,,,,,Overcast,546400,0,0,0,2,,,0,,,2,,,Auckland Region,Nil,2-way,Sealed,,0,2,,50,,Null,0,0,,76,Auckland,Unknown,,,,,0,0,Urban,0,,,Fine,Null
1753539,5888452,939188,65,521122,0,0,0,2,0,West,2016/2017,CLARKS BEACH ROAD,FARLEY ROAD,,Fatal Crash,No,2016,0,East,1,1,0,Flat,0,,0,,0,Overcast,811100,0,0,0,2,0,0,0,0,0,,0,0,Auckland Region,Nil,2-way,Sealed,0,0,0,0,100,0,Null,0,0,,76,Auckland,Unknown,0,0,0,0,0,0,Open,0,0,0,Fine,Null
1756345,5918876,939352,,515600,1,,0,0,,West,2015/2016,Z CYCLEWAY,NEWTON ROAD,,Serious Crash,No,2015,,South,,0,,Null,,,,,,Bright sun,420100,0,0,0,0,,,0,,,1,,,Auckland Region,Nil,Off road,Sealed,,0,1,,50,,Null,0,0,,76,Auckland,Unknown,,,,,0,0,Urban,0,,,Fine,Null
1761249,5914590,939419,,520202,0,,0,0,,North,2014/2015,SH 1N,PENROSE OFF SBD,,Serious Crash,Yes,2015,,South,,0,,Flat,,,,,,Bright sun,612100,0,0,1,3,,,0,,,,,,Auckland Region,Nil,1-way,Sealed,,0,1,,100,,Null,0,0,,76,Auckland,Nil,,,,,1,0,Open,0,,,Fine,Null
1759281,5906538,939864,,524111,0,,0,1,,Null,2015/2016,SH 20A,KIRKBRIDE ROAD,,Serious Crash,Yes,2016,,South,,0,,Flat,,,,,,Dark,740200,0,0,0,4,,,0,,,1,,,Auckland Region,Nil,1-way,Sealed,,0,1,,100,,On,0,0,60,76,Auckland,Traffic Signals,,,,,0,0,Open,0,,,Fine,Null
1771028,5911393,939941,,523109,0,,0,0,,West,2015/2016,KEPPOCH COURT,KILKENNY DRIVE,,Serious Crash,No,2016,,East,,0,,Flat,,,,,,Bright sun,3207001,0,0,0,2,,,0,,,1,,,Auckland Region,Nil,2-way,Sealed,,0,1,,50,,Null,1,0,,76,Auckland,Nil,,,,,0,0,Urban,0,,,Fine,Null
1778668,5903653,940018,,525201,0,,0,1,,West,2014/2015,WEST ROAD,TYLDENS ROAD,,Serious Crash,No,2015,,South,,0,,Hill Road,,,,,,Twilight,763202,1,0,0,2,,,0,,,,,,Auckland Region,Nil,2-way,Sealed,,0,1,,100,,None,0,0,,76,Auckland,Unknown,,,,,0,0,Open,1,,,Fine,Null
1768751,5905098,940057,,523722,0,,0,1,,North,2015/2016,HOLLYFORD DRIVE,ASPIRING AVENUE,,Serious Crash,No,2016,,South,,0,,Hill Road,,,,,,Overcast,716008,0,0,0,2,,,0,,,1,,,Auckland Region,Nil,2-way,Sealed,,0,1,,50,,Null,0,0,,76,Auckland,Nil,,,,,0,0,Urban,0,,,Fine,Null
1758563,5917569,940092,,516001,0,,0,3,,South,2014/2015,SH 1N,GILLIES OBR,,Serious Crash,Yes,2015,,South,,0,,Flat,,,,,,Bright sun,490701,2,0,1,4,,,0,,,,,,Auckland Region,Bridge,1-way,Sealed,,0,1,,80,,Null,1,0,,76,Auckland,Unknown,,,,,0,0,Open,0,,,Fine,Null
1740843,5928504,940175,45,505604,0,,0,1,,South,2015/2016,OLD NORTH ROAD,OLD RAILWAY ROAD,,Serious Crash,No,2016,,South,,0,,Flat,,,,,,Dark,214501,0,0,0,2,,,0,,,,,,Auckland Region,Nil,2-way,Sealed,,0,1,,80,,None,0,0,,76,Auckland,Unknown,,,,,0,0,Open,1,,,Light rain,Null
1752402,5916052,940290,,517901,0,,0,0,,Null,2014/2015,NEW NORTH ROAD,RICHARDSON ROAD,,Serious Crash,No,2015,,West,,0,,Flat,,,,,,Overcast,523700,0,0,0,5,,,0,,,,,,Auckland Region,Nil,2-way,Sealed,,0,1,,50,,Null,0,0,,76,Auckland,Traffic Signals,,,,,1,0,Urban,0,,,Fine,Null