X,Y,OBJECTID,advisorySpeed,areaUnitID,bicycle,bridge,bus,carStationWagon,cliffBank,crashDirectionDescription,crashFinancialYear,crashLocation1,crashLocation2,crashRoadSideRoad,crashSeverity,crashSHDescription,crashYear,debris,directionRoleDescription,ditch,fatalCount,fence,flatHill,guardRail,holiday,houseOrBuilding,intersection,kerb,light,meshblockId,minorInjuryCount,moped,motorcycle,NumberOfLanes,objectThrownOrDropped,otherObject,otherVehicleType,overBank,parkedVehicle,pedestrian,phoneBoxEtc,postOrPole,region,roadCharacter,roadLane,roadSurface,roadworks,schoolBus,seriousInjuryCount,slipOrFlood,speedLimit,strayAnimal,streetLight,suv,taxi,temporarySpeedLimit,tlaId,tlaName,trafficControl,trafficIsland,trafficSign,train,tree,truck,unknownVehicleType,urban,vanOrUtility,vehicle,waterRiver,weatherA,weatherB
1766658,5912916,940433,,522920,0,,0,2,,Null,2016/2017,TI RAKAU DRIVE,PAKURANGA HIGHWAY,,Serious Crash,No,2017,,North,,0,,Flat,,,,,,Overcast,683800,0,0,0,6,,,0,,,,,,Auckland Region,Nil,2-way,Sealed,,0,1,,60,,Null,0,0,,76,Auckland,Traffic Signals,,,,,0,0,Urban,0,,,Heavy rain,Null
1760739,5879797,940436,,521121,0,0,0,1,0,South,2015/2016,TITI ROAD,PILGRIM ROAD,,Serious Crash,No,2016,0,South,1,0,1,Flat,0,,0,,0,Dark,812400,0,0,0,2,0,0,0,0,0,,0,1,Auckland Region,Nil,2-way,Sealed,0,0,1,0,100,0,None,0,0,,76,Auckland,Unknown,0,0,0,0,0,0,Open,0,0,0,Fine,Null
1737144,5929374,940468,,505602,0,,0,2,,West,2015/2016,SH 16,STATION ROAD,,Serious Crash,Yes,2015,,East,,0,,Flat,,,,,,Overcast,215602,0,0,0,2,,,0,,,,,,Auckland Region,Nil,2-way,Sealed,,0,2,,60,,Null,0,0,,76,Auckland,Unknown,,,,,0,0,Urban,0,,,Fine,Null
1765888,5906521,940503,,522301,0,,0,1,,Null,2016/2017,GREAT SOUTH ROAD,REX LANE,,Serious Crash,No,2017,,South,,0,,Flat,,,,,,Dark,667400,0,0,0,4,,,0,,,1,,,Auckland Region,Nil,2-way,Sealed,,0,1,,50,,On,0,0,,76,Auckland,Nil,,,,,0,0,Urban,0,,,Fine,Null
1767318,5902955,940511,,524602,0,,0,0,,Null,2015/2016,KERRS ROAD,DRUCES ROAD,,Serious Crash,No,2016,,North,,0,,Flat,,,,,,Overcast,780407,0,0,1,2,,,0,,,,,,Auckland Region,Nil,2-way,Sealed,,0,1,,60,,Null,0,0,,76,Auckland,Give way,,,,,1,0,Urban,0,,,Light rain,Null
1754627,5911456,940537,,519001,0,0,0,1,0,East,2016/2017,HILLSBOROUGH ROAD,DOMINION ROAD,,Serious Crash,No,2016,0,East,0,0,0,Hill Road,0,,0,,0,Overcast,591800,0,0,0,2,0,0,0,0,0,,0,1,Auckland Region,Nil,2-way,Sealed,0,0,1,0,50,0,Null,0,0,,76,Auckland,Unknown,0,0,0,1,0,0,Urban,0,0,0,Light rain,Strong wind
1771525,5895041,940584,,521201,0,,0,0,,North,2016/2017,SH 1N,PAPAKURA OFF NBD,,Serious Crash,Yes,2017,,North,,0,,Flat,,Christmas New Year,,,,Overcast,806700,0,0,1,2,,,0,,,,,,Auckland Region,Nil,1-way,Sealed,,0,1,,100,,Null,0,0,,76,Auckland,Unknown,,,,,0,0,Open,1,,,Light rain,Null
1754926,5924628,940941,,509800,0,0,0,2,0,East,2016/2017,FAIRFAX AVENUE,SEAVIEW AVENUE,,Serious Crash,No,2016,0,West,0,0,0,Hill Road,0,,0,,0,Dark,361702,0,0,0,4,0,0,0,0,1,,0,0,Auckland Region,Nil,2-way,Sealed,0,0,1,0,50,0,On,0,0,,76,Auckland,Unknown,0,0,0,0,0,0,Urban,0,0,0,Fine,Null
1759519,5916389,940991,,516002,0,,0,1,,South,2016/2017,SH 1N,OMAHU OBR,,Serious Crash,Yes,2016,,South,,0,,Flat,,,,,,Overcast,492000,0,0,0,4,,,0,,,,,,Auckland Region,Nil,1-way,Sealed,,0,1,,100,,Null,1,0,,76,Auckland,Unknown,,,,,1,0,Open,0,,,Light rain,Null
1757232,5921006,941231,,514101,0,,0,1,,Null,2016/2017,LOWER HOBSON ST,CUSTOMS ST WEST,,Serious Crash,No,2016,,East,,0,,Flat,,,,,,Bright sun,433001,0,0,0,2,,,0,,,1,,,Auckland Region,Nil,1-way,Sealed,,0,1,,50,,Null,0,0,,76,Auckland,Traffic Signals,,,,,0,0,Urban,0,,,Fine,Null
1744527,5974570,941280,,506661,0,,0,1,,North,2016/2017,SH 1N,KRAACK ROAD,,Serious Crash,Yes,2016,,South,,0,,Hill Road,,,,,,Overcast,139000,0,0,0,2,,,0,,,,,,Auckland Region,Nil,2-way,Sealed,,0,4,,80,,Null,0,0,,76,Auckland,Unknown,,,,,0,0,Open,1,,,Light rain,Null
1753799,5931149,941347,35,508803,0,0,0,1,0,East,2016/2017,MEADOWOOD DRIVE,SEVILLA PLACE,,Serious Crash,No,2016,0,East,0,0,0,Flat,0,,0,,0,Dark,180850,1,0,0,2,0,0,0,0,1,,0,0,Auckland Region,Nil,2-way,Sealed,0,0,1,0,50,0,On,0,0,,76,Auckland,Unknown,0,0,0,0,1,0,Urban,0,0,0,Fine,Null
1756257,5912320,941350,,518702,0,,0,3,,Null,2016/2017,HILLSBOROUGH ROAD,OLSEN AVENUE,,Serious Crash,No,2017,,West,,0,,Flat,,,,,,Bright sun,571400,0,0,0,4,,,0,,,,,,Auckland Region,Nil,2-way,Sealed,,0,1,,50,,Null,0,0,,76,Auckland,Stop,,,,,0,0,Urban,0,,,Fine,Null
1754836,5918301,941374,,517600,0,0,0,2,0,East,2016/2017,SH 16,MOUNTAIN VIEW OBR,,Serious Crash,Yes,2017,0,West,0,0,0,Flat,1,,0,,0,Dark,533502,0,0,0,4,0,0,0,0,0,,0,0,Auckland Region,Nil,1-way,Sealed,0,0,1,0,100,0,On,0,0,,76,Auckland,Unknown,0,0,0,0,0,0,Open,0,0,0,Fine,Null
1753746,5918308,941541,,515002,0,,0,2,,West,2016/2017,SH 16,ST LUKES OBR,,Serious Crash,Yes,2016,,East,,0,,Hill Road,,,,,,Bright sun,390501,0,0,1,3,,,0,,,,,,Auckland Region,Nil,1-way,Sealed,,0,1,,100,,Null,0,0,80,76,Auckland,Unknown,,,,,0,0,Open,0,,,Fine,Null
1754022,5933013,941558,,508804,0,,0,0,,West,2017/2018,ROSEDALE ROAD,APOLLO DRIVE,,Fatal Crash,No,2017,,North,,1,,Hill Road,,,,,,Dark,180701,0,0,0,2,,,0,,,1,,,Auckland Region,Nil,2-way,Sealed,,0,0,,50,,On,0,0,,76,Auckland,Unknown,,,,,0,0,Urban,1,,,Heavy rain,Strong wind
1753558.474,5932476.058,941676,,508805,0,0,0,1,0,South,2017/2018,SH 1N,ROSEDALE OBR,,Fatal Crash,Yes,2017,0,South,0,1,0,Flat,0,,0,,0,Dark,180866,0,0,0,2,0,0,0,1,0,,0,1,Auckland Region,Nil,1-way,Sealed,0,0,1,0,100,0,On,0,0,,76,Auckland,Unknown,0,0,0,0,0,0,Open,0,0,0,Fine,Null
1730351,5955945,941775,,506613,0,,0,1,,South,2015/2016,SH 16,TUHIRANGI ROAD,,Serious Crash,Yes,2016,,North,,0,,Hill Road,,,,,,Overcast,146300,0,0,0,2,,,0,,,,,,Auckland Region,Nil,2-way,Sealed,,0,1,,100,,Null,0,0,,76,Auckland,Unknown,,,,,1,0,Open,0,,,Light rain,Null
1760799,5907221,941794,,524112,0,0,0,1,0,West,2015/2016,SH 20,BADER OBR,,Serious Crash,Yes,2016,0,East,1,0,0,Flat,1,,0,,0,Dark,737500,1,0,0,2,0,0,0,0,0,,0,0,Auckland Region,Nil,1-way,Sealed,0,0,1,0,100,0,On,0,0,,76,Auckland,Unknown,0,0,0,0,0,0,Open,0,0,0,Fine,Null
1773679,5898461,941897,,523912,0,,0,0,,South,2016/2017,COSGRAVE ROAD,WALTERS ROAD,,Serious Crash,No,2016,,South,,0,,Flat,,,,,,Bright sun,765500,2,0,0,2,,,0,,,,,,Auckland Region,Nil,2-way,Sealed,,0,2,,80,,Null,1,0,,76,Auckland,Unknown,,,,,0,0,Open,1,,,Fine,Null
1731403,5907580,941960,,513800,0,,0,0,,North,2015/2016,TE AHUAHU ROAD,LOG RACE ROAD,,Serious Crash,No,2016,,North,,0,,Flat,,,,,,Bright sun,282018,0,0,0,1,,,0,,,,,,Auckland Region,Nil,2-way,Sealed,,0,1,,50,,Off,0,0,,76,Auckland,Nil,,,,,0,0,Urban,1,,,Fine,Null
1759828,5907456,941980,,524121,0,,0,1,,South,2016/2017,BADER DRIVE,COMET CRESCENT,,Fatal Crash,No,2017,,North,,1,,Flat,,,,,,Dark,737600,0,0,0,2,,,0,,,1,,,Auckland Region,Nil,2-way,Sealed,,0,0,,50,,Off,0,0,,76,Auckland,Unknown,,,,,0,0,Urban,0,,,Fine,Null
1768010,5904331,942019,,523820,0,0,0,1,0,South,2016/2017,SH 1N,REDOUBT OBR,,Serious Crash,Yes,2017,0,South,0,0,0,Flat,0,,0,,0,Bright sun,759901,0,0,0,3,0,0,0,0,0,,0,1,Auckland Region,Nil,1-way,Sealed,0,0,1,0,100,0,Null,0,0,,76,Auckland,Unknown,0,0,0,0,0,0,Open,0,0,0,Fine,Null
1735793,5988800,942021,,506660,0,,0,1,,Null,2016/2017,SH 1N,MANGAWHAI ROAD,,Serious Crash,Yes,2017,,South,,0,,Flat,,,,,,Overcast,135800,1,0,0,3,,,0,,,,,,Auckland Region,Nil,2-way,Sealed,,0,1,,100,,Null,0,0,,76,Auckland,Give way,,,,,0,0,Open,1,,,Fine,Null
1754917,5916456,942037,,517702,0,,0,2,,Null,2016/2017,BALMORAL ROAD,SANDRINGHAM ROAD,,Serious Crash,No,2017,,South,,0,,Flat,,,,,,Bright sun,540300,1,0,0,4,,,0,,,,,,Auckland Region,Nil,2-way,Sealed,,0,1,,50,,Null,0,0,,76,Auckland,Traffic Signals,,,,,0,0,Urban,0,,,Fine,Null
1747230,5913615,942301,,511100,1,,0,1,,Null,2015/2016,CAPTAIN SCOTT ROAD,CAPTAIN SCOTT,,Serious Crash,No,2016,,North,,0,,Flat,,,,,,Overcast,286200,0,0,0,2,,,0,,,,,,Auckland Region,Nil,2-way,Sealed,,0,1,,50,,Null,0,0,,76,Auckland,Give way,,,,,0,0,Urban,0,,,Fine,Null
1781819,5926156,942351,,520801,0,0,0,1,0,West,2016/2017,WILMA ROAD,HILLSIDE ROAD,,Serious Crash,No,2017,0,West,0,0,0,Flat,0,,0,,0,Dark,515105,0,0,0,2,0,0,0,1,0,,0,0,Auckland Region,Nil,2-way,Sealed,0,0,1,0,50,0,None,0,0,,76,Auckland,Unknown,0,0,0,1,0,0,Urban,0,0,0,Fine,Null
1744546,5919061,942390,,513302,0,,0,2,,Null,2016/2017,RATHGAR ROAD,GLEN NORMAN AVENUE,,Serious Crash,No,2017,,North,,0,,Flat,,,,,,Bright sun,232600,0,0,0,2,,,0,,,,,,Auckland Region,Nil,2-way,Sealed,,0,2,,50,,Null,0,0,,76,Auckland,Stop,,,,,0,0,Urban,0,,,Fine,Null
1755708,5918330,942397,,517500,0,,0,2,,East,2017/2018,SH 16,BOND OBR,,Serious Crash,Yes,2017,,South,,0,,Flat,,,,,,Bright sun,529600,0,0,1,5,,,0,,,,,,Auckland Region,Nil,1-way,Sealed,,0,1,,80,,Null,0,0,,76,Auckland,Unknown,,,,,0,0,Open,0,,,Fine,Null
1772214,5895793,942417,,525540,0,0,0,0,0,Null,2016/2017,RAY SMALL DRIVE,SOUTH ST,,Serious Crash,No,2017,0,South,0,0,1,Flat,0,,1,,0,Dark,806304,1,0,0,2,0,0,0,0,0,,0,0,Auckland Region,Nil,2-way,Sealed,0,0,1,0,50,0,On,0,0,,76,Auckland,Give way,0,0,0,0,0,0,Urban,1,0,0,Fine,Null
1751024,5934489,942418,,508701,0,0,0,1,0,South,2016/2017,Z-DRIVEWAY GEORGIA TERRAC,THE AVENUE,,Serious Crash,No,2017,0,South,0,0,1,Hill Road,0,,0,,0,Dark,178709,0,0,0,0,0,0,0,0,0,,0,0,Auckland Region,Nil,Off road,Sealed,0,0,1,0,30,0,On,0,0,,76,Auckland,Unknown,0,0,0,0,0,0,Urban,0,0,0,Fine,Null
1728652,5966934,942681,55,506613,0,0,0,0,0,South,2016/2017,SH 16,MANGAKURA BR,,Serious Crash,Yes,2017,0,North,1,0,0,Hill Road,0,,0,,0,Bright sun,146200,0,0,1,2,0,1,0,0,0,,0,0,Auckland Region,Nil,2-way,Sealed,0,0,1,0,100,0,Null,0,0,,76,Auckland,Unknown,0,0,0,0,0,0,Open,0,0,0,Fine,Strong wind
1767519,5903045,942758,,524602,0,,0,2,,Null,2016/2017,KERRS ROAD,TREVOR HOSKEN DRIVE,,Serious Crash,No,2016,,East,,0,,Flat,,,,,,Dark,780407,1,0,0,2,,,0,,,,,,Auckland Region,Nil,2-way,Sealed,,0,1,,60,,On,0,0,,76,Auckland,Give way,,,,,0,0,Urban,0,,,Light rain,Null
1748774,5913253,942866,,511401,0,,0,2,,South,2017/2018,TITIRANGI ROAD,NORTHALL ROAD,,Serious Crash,No,2017,,South,,0,,Hill Road,,,,,,Overcast,262600,1,0,0,2,,,0,,,,,,Auckland Region,Nil,2-way,Sealed,,0,1,,50,,Null,0,0,,76,Auckland,Stop,,,,,0,0,Urban,0,,,Fine,Null
1749560,5945448,942872,,505806,0,,0,0,,Null,2015/2016,EAST COAST ROAD,TAVERN ROAD,,Serious Crash,No,2016,,South,,0,,Hill Road,,,,,,Bright sun,176802,0,0,1,2,,,0,,,,,,Auckland Region,Nil,2-way,Sealed,,0,1,,80,,Null,0,0,,76,Auckland,Nil,,,,,0,0,Open,1,,,Fine,Null
1763920,5908896,942886,,521901,0,,0,1,,East,2017/2018,MANGERE ROAD,AWA ST,,Serious Crash,No,2017,,East,,0,,Flat,,,,,,Dark,785400,1,0,0,2,,,0,,,2,,,Auckland Region,Nil,2-way,Sealed,,0,1,,50,,On,0,0,,76,Auckland,Unknown,,,,,0,0,Urban,0,,,Mist or Fog,Frost
1766419,5917349,942912,,517002,0,0,0,1,0,South,2017/2018,ELSTREE AVENUE,CHILTERN CRESCENT,,Serious Crash,No,2017,0,North,0,0,0,Flat,0,,0,,0,Dark,471900,1,0,0,2,0,0,0,0,0,2,1,0,Auckland Region,Nil,2-way,Sealed,0,0,2,0,50,0,On,0,0,,76,Auckland,Unknown,0,1,0,0,0,0,Urban,0,0,0,Fine,Null
1751148,5932129,942969,,508807,0,,0,1,,North,2016/2017,ALBANY HIGHWAY,OAK MANOR DRIVE,,Serious Crash,No,2016,,South,,0,,Flat,,Christmas New Year,,,,Overcast,180301,0,0,1,4,,,0,,,,,,Auckland Region,Nil,2-way,Sealed,,0,1,,50,,Off,0,0,,76,Auckland,Nil,,,,,0,0,Urban,0,,,Fine,Null
1766232,5887410,943178,,521122,0,0,0,1,0,Null,2016/2017,GLENBROOK ROAD,CHARLES ROAD,,Serious Crash,No,2017,0,South,0,0,1,Flat,0,,0,,0,Overcast,809900,0,0,0,2,0,0,0,0,0,,0,0,Auckland Region,Nil,2-way,Sealed,0,0,1,0,100,0,Null,0,0,,76,Auckland,Stop,0,0,0,1,0,0,Open,0,0,0,Fine,Null
1754080,5918267,943206,,515432,0,0,0,1,0,West,2016/2017,ST LUKES OFF WBD,SH 16,,Serious Crash,No,2017,0,West,0,0,0,Flat,1,,0,,0,Overcast,405400,0,0,0,1,0,0,0,0,0,,0,0,Auckland Region,Motorway ramp,1-way,Sealed,0,0,1,0,80,0,Null,0,0,,76,Auckland,Unknown,0,0,0,0,0,0,Open,0,0,0,Light rain,Null
1761006,5918441,943230,,516201,0,0,0,1,0,North,2016/2017,SHORE ROAD,ORAKEI ROAD,,Fatal Crash,No,2016,0,North,0,1,0,Flat,0,,0,,0,Bright sun,485900,2,0,0,3,0,0,0,0,0,2,0,0,Auckland Region,Nil,2-way,Sealed,0,0,0,0,50,0,Null,0,0,,76,Auckland,Nil,0,0,0,1,0,0,Urban,0,0,0,Fine,Null
1751543,5931134,943377,,508807,1,,0,0,,North,2016/2017,ALBANY HIGHWAY,ROTHWELL AVENUE,,Serious Crash,No,2017,,North,,0,,Hill Road,,,,,,Overcast,180301,0,0,0,4,,,0,,,,,,Auckland Region,Nil,2-way,Sealed,,0,1,,50,,Null,0,0,,76,Auckland,Unknown,,,,,0,0,Urban,0,,,Fine,Null
1756658,5928104,943418,,507900,0,0,0,3,0,East,2016/2017,SHAKESPEARE ROAD,BROOK ST,,Serious Crash,No,2017,0,North,0,0,0,Flat,0,,0,,0,Bright sun,305600,1,0,0,2,0,0,0,0,0,,0,0,Auckland Region,Nil,2-way,Sealed,0,0,1,0,50,0,Null,0,0,,76,Auckland,Nil,0,1,0,0,0,0,Urban,0,0,0,Fine,Null
1758120,5915487,943470,,519300,0,,0,1,,East,2017/2018,GREEN LANE WEST,MANUKAU ROAD,,Serious Crash,No,2017,,West,,0,,Flat,,,,,,Overcast,623100,0,0,0,6,,,0,,,1,,,Auckland Region,Nil,2-way,Sealed,,0,1,,50,,Null,0,0,,76,Auckland,Give way,,,,,0,0,Urban,0,,,Fine,Null
1763993,5904256,943490,,524604,0,0,0,1,0,Null,2016/2017,PUHINUI ON NBD,SH 20B,,Serious Crash,Yes,2016,0,North,0,0,0,Hill Road,0,,0,,0,Overcast,781100,2,0,0,1,0,0,0,0,0,,0,0,Auckland Region,Motorway ramp,1-way,Sealed,0,0,1,0,100,0,Null,0,0,,76,Auckland,Traffic Signals,1,0,0,0,0,0,Open,0,0,0,Fine,Null
1757012,5916919,943500,,518202,0,,0,1,,West,2017/2018,VALLEY ROAD,MOUNT EDEN ROAD,,Serious Crash,No,2017,,West,,0,,Flat,,,,,,Bright sun,549900,0,0,0,2,,,0,,,1,,,Auckland Region,Nil,2-way,Sealed,,0,1,,50,,Null,0,0,,76,Auckland,Stop,,,,,0,0,Urban,0,,,Fine,Null
1760930,5907420,943559,,524510,0,0,0,0,0,North,2017/2018,ROBERTSON ROAD,BUCKLAND ROAD,,Fatal Crash,No,2017,0,South,0,1,0,Flat,0,,0,,0,Dark,736900,3,0,0,2,0,0,0,0,0,,0,0,Auckland Region,Nil,2-way,Sealed,0,0,0,0,50,0,On,1,0,,76,Auckland,Unknown,0,0,0,1,0,0,Urban,0,0,0,Fine,Null
1761880,5907700,943602,45,524520,0,0,0,1,0,South,2016/2017,CHALFONT ST,BEDLOW PLACE,,Serious Crash,No,2017,0,South,0,0,0,Flat,0,,0,,0,Overcast,734300,0,0,0,2,0,0,0,0,0,,0,0,Auckland Region,Nil,2-way,Unsealed,0,0,1,0,50,0,Null,0,0,,76,Auckland,Unknown,0,0,0,1,0,0,Urban,0,0,0,Light rain,Null
1795581,5904363,943603,,525202,0,0,0,0,0,South,2017/2018,KAWAKAWA-ORERE ROAD,FORESTRY ROAD 3,,Serious Crash,No,2017,0,East,0,0,0,Hill Road,0,,0,,0,Twilight,765200,0,0,0,2,0,0,0,1,0,,0,0,Auckland Region,Nil,2-way,Sealed,0,0,1,0,100,0,None,0,0,,76,Auckland,Unknown,0,0,0,1,0,0,Open,1,0,0,Fine,Strong wind
1754304,5933949,943629,,508804,0,0,0,2,0,Null,2017/2018,EAST COAST ROAD,GREVILLE ROAD,,Serious Crash,No,2017,0,West,0,0,0,Flat,0,,0,,0,Dark,180611,0,0,0,2,0,0,0,0,0,,0,0,Auckland Region,Nil,2-way,Sealed,0,0,1,0,50,0,On,0,0,,76,Auckland,Traffic Signals,1,0,0,0,0,0,Urban,0,0,0,Light rain,Null
1757875,5920429,943665,,514103,0,,0,0,,East,2017/2018,WATERLOO QUADRANT,PRINCES ST,,Serious Crash,No,2017,,South,,0,,Flat,,,,,,Dark,438503,0,0,1,2,,,0,,,,,,Auckland Region,Nil,2-way,Sealed,,0,1,,50,,On,1,0,,76,Auckland,Nil,,,,,0,0,Urban,0,,,Light rain,Null
1768906,5905871,943703,,523711,0,0,1,1,0,Null,2017/2018,TE IRIRANGI DRIVE,DAWSON ROAD,,Serious Crash,No,2017,0,North,0,0,0,Flat,0,,0,,0,Dark,713005,1,0,0,4,0,0,0,0,0,,0,1,Auckland Region,Nil,2-way,Sealed,0,0,2,0,60,0,On,0,0,,76,Auckland,Traffic Signals,0,0,0,0,0,0,Urban,0,0,0,Light rain,Null
1752249,5952937,943726,,505803,0,0,0,1,0,North,2016/2017,HIBISCUS COAST HIGHWAY,HATFIELDS BR,,Serious Crash,No,2017,0,East,0,0,0,Flat,0,,0,,0,Bright sun,170605,0,0,0,2,0,0,0,0,0,,0,0,Auckland Region,Nil,2-way,Sealed,0,0,1,0,80,0,Null,0,0,,76,Auckland,Unknown,0,0,0,1,0,0,Open,0,0,0,Fine,Null
1757798,5920490,943754,,514103,0,,0,0,,Null,2016/2017,KITCHENER ST,PRINCES ST,,Serious Crash,No,2017,,North,,0,,Hill Road,,,,,,Bright sun,437200,0,0,1,2,,,0,,,,,,Auckland Region,Nil,2-way,Sealed,,0,1,,50,,Null,0,0,,76,Auckland,Traffic Signals,,,,,0,0,Urban,0,,,Fine,Null
1744807,5911507,943759,,512902,1,0,0,0,0,North,2016/2017,SHAW ROAD,CARTER ROAD,,Serious Crash,No,2017,0,North,1,0,0,Hill Road,0,,0,,0,Bright sun,299200,0,0,0,2,0,0,0,0,0,,0,0,Auckland Region,Nil,2-way,Sealed,0,0,1,0,70,0,Null,0,0,,76,Auckland,Unknown,0,0,0,0,0,0,Urban,0,0,0,Fine,Null
1748477,5931030,943775,,509000,0,0,0,1,0,North,2016/2017,PAREMOREMO ROAD,HARDENS LANE,,Serious Crash,No,2017,1,South,0,0,1,Flat,0,,0,,0,Overcast,179703,0,0,0,2,0,0,0,0,0,,0,0,Auckland Region,Nil,2-way,Sealed,0,0,1,0,80,0,Null,0,0,,76,Auckland,Unknown,0,0,0,0,0,0,Open,0,0,0,Fine,Null
1766901,5906870,943828,,522302,0,,0,0,,South,2016/2017,SH 1N,EAST TAMAKI OBR,,Serious Crash,Yes,2016,,North,,0,,Flat,,,,,,Bright sun,669700,0,0,1,3,,,0,,,,,,Auckland Region,Nil,1-way,Sealed,,0,1,,100,,Null,0,0,,76,Auckland,Unknown,,,,,0,0,Open,1,,,Fine,Null
1739653,5970574,943906,45,506613,0,0,0,0,0,East,2015/2016,KAIPARA FLATS ROAD,LINTON ROAD,,Fatal Crash,No,2016,0,East,0,1,0,Hill Road,0,,0,,0,Dark,145600,0,0,0,2,0,0,0,1,0,,0,0,Auckland Region,Nil,2-way,Sealed,0,0,1,0,100,0,None,1,0,,76,Auckland,Unknown,0,0,0,1,0,0,Open,0,0,0,Fine,Null
1761402,5890213,943907,,521122,0,0,0,1,0,West,2015/2016,LINWOOD ROAD,KIDD ROAD,,Fatal Crash,No,2016,0,West,1,1,0,Flat,0,,0,,0,Dark,810901,0,0,0,2,0,0,0,0,0,,0,0,Auckland Region,Nil,2-way,Sealed,0,0,0,0,100,0,None,0,0,,76,Auckland,Nil,0,0,0,0,0,0,Open,0,0,0,Fine,Null
1759736,5886869,943980,,521122,0,,0,2,,North,2016/2017,KINGSEAT ROAD,WAIAU PA ROAD,,Serious Crash,No,2017,,North,,0,,Flat,,,,,,Overcast,810800,0,0,0,2,,,0,,,,,,Auckland Region,Nil,2-way,Sealed,,0,1,,100,,Null,0,0,,76,Auckland,Unknown,,,,,0,0,Open,0,,,Fine,Null
1767443,5900226,943998,,524720,0,0,0,1,0,East,2017/2018,WEYMOUTH ROAD,GAINSBOROUGH ST,,Serious Crash,No,2017,0,East,0,0,0,Flat,0,,0,,0,Overcast,776800,0,0,0,2,0,0,0,0,0,,0,0,Auckland Region,Nil,2-way,Sealed,0,0,2,0,50,0,Null,0,0,,76,Auckland,Unknown,0,0,0,1,0,0,Urban,0,0,0,Heavy rain,Null
1754745,5931304,944009,,508520,1,,0,1,,Null,2015/2016,SUNSET ROAD,RAMP ROAD,,Serious Crash,No,2016,,East,,0,,Flat,,,,,,Dark,191502,0,0,0,2,,,0,,,,,,Auckland Region,Nil,2-way,Sealed,,0,1,,50,,On,0,0,,76,Auckland,Give way,,,,,0,0,Urban,0,,,Fine,Null
1765273,5907016,944020,,522201,0,,0,2,,West,2016/2017,SHIRLEY ROAD,RICHARDS AVENUE,,Serious Crash,No,2016,,West,,0,,Hill Road,,,,,,Dark,662300,0,0,0,2,,,0,,,,,,Auckland Region,Nil,2-way,Sealed,,0,1,,50,,On,0,0,,76,Auckland,Nil,,,,,0,0,Urban,0,,,Fine,Null
1734723,5989435,944073,,506660,0,0,0,2,0,West,2016/2017,SH 1N,WAIMANU ROAD,,Serious Crash,Yes,2017,0,East,0,0,0,Flat,3,,0,,0,Overcast,135700,0,0,0,2,0,0,0,0,0,,0,0,Auckland Region,Nil,2-way,Sealed,0,0,2,0,100,0,Null,0,0,,76,Auckland,Unknown,0,0,0,0,1,0,Open,0,0,0,Light rain,Null
1739138,5978038,944157,75,506660,0,0,0,1,0,North,2016/2017,SH 1N,HOTEO RIV BR,,Serious Crash,Yes,2017,0,North,0,0,0,Flat,1,,0,,0,Overcast,136400,0,0,0,2,0,0,0,0,0,,0,0,Auckland Region,Nil,2-way,Sealed,0,0,1,0,80,0,Null,0,0,,76,Auckland,Unknown,0,0,0,0,1,0,Open,0,0,0,Light rain,Null
1769839,5899437,944247,,523920,0,0,0,2,1,Null,2016/2017,GREAT SOUTH ROAD,TAKANINI ON NBD N,,Serious Crash,No,2016,0,North,0,0,0,Flat,0,,0,,0,Dark,767921,0,0,0,4,0,0,0,0,0,,0,0,Auckland Region,Nil,2-way,Sealed,0,0,1,0,50,0,On,0,0,,76,Auckland,Traffic Signals,0,0,0,0,0,0,Urban,0,0,0,Fine,Strong wind
1759659,5908699,944276,,524121,0,,0,1,,Null,2016/2017,WALMSLEY ROAD,HALL AVENUE,,Serious Crash,No,2017,,West,,0,,Flat,,,,,,Dark,737000,0,0,0,2,,,0,,,,,,Auckland Region,Nil,2-way,Sealed,,0,1,,50,,On,0,0,,76,Auckland,Give way,,,,,0,0,Urban,1,,,Fine,Null
1771345,5900037,944313,,523911,0,,0,2,,Null,2017/2018,PORCHESTER ROAD,POPES ROAD,,Serious Crash,No,2017,,South,,0,,Flat,,,,,,Overcast,767202,0,0,0,2,,,0,,,,,,Auckland Region,Nil,2-way,Sealed,,0,1,,80,,Null,0,0,,76,Auckland,Stop,,,,,0,0,Open,0,,,Light rain,Null
1755173,5914291,944344,,518803,0,,0,2,,Null,2017/2018,DOMINION ROAD,MOUNT ALBERT ROAD,,Serious Crash,No,2017,,West,,0,,Flat,,,,,,Dark,580100,1,0,0,5,,,0,,,,,,Auckland Region,Nil,2-way,Sealed,,0,2,,50,,On,0,0,,76,Auckland,Traffic Signals,,,,,0,0,Urban,0,,,Mist or Fog,Null
1768010,5914035,944345,,522820,0,,0,1,,Null,2017/2018,GLENMORE ROAD,THE BOULEVARD,,Serious Crash,No,2017,,North,,0,,Flat,,,,,,Bright sun,692202,0,0,1,3,,,0,,,,,,Auckland Region,Nil,2-way,Sealed,,0,1,,50,,Null,0,0,,76,Auckland,Stop,,,,,0,0,Urban,0,,,Fine,Null