X,Y,OBJECTID,advisorySpeed,areaUnitID,bicycle,bridge,bus,carStationWagon,cliffBank,crashDirectionDescription,crashFinancialYear,crashLocation1,crashLocation2,crashRoadSideRoad,crashSeverity,crashSHDescription,crashYear,debris,directionRoleDescription,ditch,fatalCount,fence,flatHill,guardRail,holiday,houseOrBuilding,intersection,kerb,light,meshblockId,minorInjuryCount,moped,motorcycle,NumberOfLanes,objectThrownOrDropped,otherObject,otherVehicleType,overBank,parkedVehicle,pedestrian,phoneBoxEtc,postOrPole,region,roadCharacter,roadLane,roadSurface,roadworks,schoolBus,seriousInjuryCount,slipOrFlood,speedLimit,strayAnimal,streetLight,suv,taxi,temporarySpeedLimit,tlaId,tlaName,trafficControl,trafficIsland,trafficSign,train,tree,truck,unknownVehicleType,urban,vanOrUtility,vehicle,waterRiver,weatherA,weatherB
1768152.892,5907745.211,944390,,523711,0,0,0,1,0,Null,2017/2018,ORMISTON ROAD,PRESTON ROAD,,Fatal Crash,No,2017,0,West,0,1,1,Flat,0,,1,,0,Bright sun,713600,0,0,0,4,0,1,0,0,1,,0,0,Auckland Region,Nil,2-way,Sealed,0,0,0,0,60,0,Null,0,0,,76,Auckland,Traffic Signals,0,0,0,0,0,0,Urban,1,0,0,Fine,Null
1766220,5900333,944423,,524713,0,,0,1,,East,2017/2018,Z DRIVEWAY,RANGATAUA PLACE,,Serious Crash,No,2017,,North,,0,,Flat,,,,,,Bright sun,775808,0,0,0,1,,,0,,,1,,,Auckland Region,Nil,Off road,Sealed,,0,1,,50,,Null,0,0,,76,Auckland,Unknown,,,,,0,0,Urban,0,,,Fine,Null
1762770,5905618,944427,,524200,0,0,0,2,0,North,2016/2017,SH 20,PORTAGE OBR,,Serious Crash,Yes,2017,0,North,0,0,0,Flat,0,,0,,0,Dark,729100,0,0,0,2,0,0,0,0,0,,0,1,Auckland Region,Nil,1-way,Sealed,0,0,1,0,100,0,On,0,0,,76,Auckland,Unknown,0,0,0,1,0,0,Open,0,0,0,Fine,Strong wind
1758649,5906768,944462,,524200,0,,0,1,,Null,2016/2017,ASCOT ROAD,GREENWOOD ROAD,,Serious Crash,No,2017,,West,,0,,Flat,,,,,,Overcast,726400,2,0,0,2,,,0,,,,,,Auckland Region,Nil,2-way,Sealed,,0,1,,50,,Null,0,0,,76,Auckland,Give way,,,,,0,0,Urban,1,,,Fine,Null
1767003,5908631,944466,,523501,0,,0,2,,North,2016/2017,ALEXANDER CRESCENT,FRANKLYNE ROAD,,Serious Crash,No,2017,,North,,0,,Flat,,Queens Birthday,,,,Dark,700500,2,0,0,2,,,0,,,,,,Auckland Region,Nil,2-way,Sealed,,0,1,,50,,On,0,0,,76,Auckland,Unknown,,,,,0,0,Urban,0,,,Fine,Null
1758827,5916469,944491,,519200,0,0,0,1,0,Null,2017/2018,MARKET ROAD,HIGHWIC AVENUE,,Serious Crash,No,2017,0,West,0,0,0,Flat,0,,0,,0,Bright sun,614900,0,0,0,2,0,0,0,0,0,,0,1,Auckland Region,Nil,2-way,Sealed,0,0,1,0,50,0,Null,0,0,20,76,Auckland,Give way,0,0,0,0,0,0,Urban,0,0,0,Fine,Null
1757136,5919742,944551,,514103,1,,0,1,,North,2015/2016,QUEEN ST,TURNER ST,,Serious Crash,No,2016,,North,,0,,Hill Road,,,,,,Overcast,436100,0,0,0,4,,,0,,,,,,Auckland Region,Nil,2-way,Sealed,,0,1,,50,,Null,0,0,,76,Auckland,Traffic Signals,,,,,0,0,Urban,0,,,Light rain,Null
1755217,5914250,944606,,518803,0,,0,1,,East,2016/2017,MOUNT ALBERT ROAD,DOMINION ROAD,,Serious Crash,No,2016,,East,,0,,Flat,,Christmas New Year,,,,Dark,580700,0,0,1,4,,,0,,,,,,Auckland Region,Nil,2-way,Sealed,,0,1,,50,,On,0,0,,76,Auckland,Nil,,,,,0,0,Urban,0,,,Fine,Null
1758604,5920626,944637,,514101,0,,0,1,,West,2016/2017,QUAY ST,SH 16,,Serious Crash,No,2017,,West,,0,,Flat,,,,,,Overcast,438214,0,0,1,4,,,0,,,,,,Auckland Region,Nil,2-way,Sealed,,0,1,,50,,Off,0,0,,76,Auckland,Nil,,,,,0,0,Urban,0,,,Fine,Null
1751586,5914559,944679,,514402,0,0,0,2,0,South,2016/2017,BLOCKHOUSE BAY ROAD,ACTON PLACE,,Serious Crash,No,2017,0,South,0,0,0,Hill Road,0,,0,,0,Dark,380503,0,0,0,2,0,0,0,0,1,,0,0,Auckland Region,Nil,2-way,Sealed,0,0,1,0,50,0,On,0,0,,76,Auckland,Unknown,0,0,0,0,0,0,Urban,1,0,0,Fine,Null
1753658,5975275,944705,,506659,0,1,0,1,1,North,2016/2017,MATAKANA ROAD,TAMAHUNGA DRIVE,,Fatal Crash,No,2016,0,South,0,1,0,Hill Road,0,,0,,0,Dark,138003,0,0,0,2,0,0,0,0,0,,0,0,Auckland Region,Bridge,2-way,Sealed,0,0,0,0,50,0,On,0,0,,76,Auckland,Unknown,0,0,0,0,0,0,Urban,0,0,0,Light rain,Null
1757124,5925943,944716,,509702,0,,0,1,,Null,2015/2016,SH 1N,ESMONDE OBR,,Serious Crash,Yes,2016,,North,,0,,Flat,,,,,,Overcast,364602,0,0,1,3,,,0,,,,,,Auckland Region,Nil,1-way,Sealed,,0,1,,100,,Null,0,0,,76,Auckland,Nil,,,,,0,0,Open,0,,,Light rain,Null
1774216,5909490,944797,75,523202,0,0,0,1,0,East,2016/2017,WHITFORD ROAD,WADES ROAD,,Serious Crash,No,2017,0,East,0,0,0,Hill Road,1,,0,,0,Overcast,717600,2,0,0,2,0,0,0,0,0,,0,0,Auckland Region,Nil,2-way,Sealed,0,0,1,0,80,0,Off,0,0,,76,Auckland,Unknown,0,0,0,0,0,0,Open,2,0,0,Heavy rain,Null
1758863,5926101,944819,,508020,0,,0,1,,East,2016/2017,LAKE ROAD,BAYVIEW ROAD,,Serious Crash,No,2017,,East,,0,,Flat,,,,,,Bright sun,321400,0,0,0,2,,,0,,,1,,,Auckland Region,Nil,2-way,Sealed,,0,1,,50,,Null,0,0,,76,Auckland,Unknown,,,,,0,0,Urban,0,,,Fine,Null
1755896,5935347,944824,,507101,0,0,0,2,0,South,2016/2017,GLEN ROAD,BUTE ROAD,,Serious Crash,No,2017,0,North,0,0,0,Flat,0,,0,,0,Bright sun,161300,0,0,1,2,0,0,0,0,1,,0,0,Auckland Region,Nil,2-way,Sealed,0,0,1,0,50,0,Null,0,0,,76,Auckland,Unknown,0,0,0,0,0,0,Urban,0,0,0,Fine,Null
1761861,5907267,944952,,524520,0,,0,1,,West,2017/2018,BUCKLAND ROAD,ROYTON AVENUE,,Fatal Crash,No,2017,,West,,1,,Flat,,,,,,Dark,734400,0,0,1,2,,,0,,,,,,Auckland Region,Nil,2-way,Sealed,,0,0,,50,,On,0,0,,76,Auckland,Nil,,,,,0,0,Urban,0,,,Fine,Null
1750514,5915771,944980,,514802,0,0,1,1,0,North,2017/2018,ROSEBANK ROAD,VICTOR ST,,Serious Crash,No,2017,0,North,0,0,1,Flat,0,,0,,0,Dark,386300,0,0,0,2,0,0,0,0,0,,0,0,Auckland Region,Nil,2-way,Sealed,0,0,1,0,50,0,On,0,0,,76,Auckland,Unknown,0,0,0,0,0,0,Urban,0,0,0,Light rain,Null
1757200,5918403,944983,,514301,0,,0,1,,Null,2017/2018,BOSTON ROAD,NORMANBY ROAD,,Serious Crash,No,2017,,East,,0,,Hill Road,,,,,,Overcast,441900,0,0,1,2,,,0,,,,,,Auckland Region,Nil,2-way,Sealed,,0,1,,50,,Null,0,0,,76,Auckland,Give way,,,,,0,0,Urban,0,,,Light rain,Null
1746923,5918998,945063,,512402,0,,0,2,,South,2016/2017,TE ATATU ROAD,VERA ROAD,,Serious Crash,No,2017,,South,,0,,Flat,,,,,,Bright sun,254500,0,0,0,3,,,0,,,,,,Auckland Region,Nil,2-way,Sealed,,0,1,,50,,Null,0,0,30,76,Auckland,Unknown,,,,,0,0,Urban,0,,,Fine,Null
1767608,5912959,945247,,522910,0,,0,1,,East,2016/2017,REEVES ROAD,CARDIFF ROAD,,Serious Crash,No,2017,,East,,0,,Flat,,,,,,Overcast,685800,0,0,1,2,,,0,,,,,,Auckland Region,Nil,2-way,Sealed,,0,1,,50,,Null,0,0,,76,Auckland,Unknown,,,,,0,0,Urban,0,,,Fine,Null
1749493,5915719,945262,,514801,0,0,0,1,0,North,2017/2018,MAPLE ST,CORONET PLACE,,Serious Crash,No,2017,0,South,0,0,0,Flat,0,,0,,0,Dark,388301,0,0,0,2,0,0,0,0,0,,0,0,Auckland Region,Nil,2-way,Sealed,0,0,2,0,50,0,On,0,0,,76,Auckland,Unknown,0,0,0,1,0,0,Urban,0,0,0,Light rain,Null
1770907,5901668,945266,,523819,1,,0,1,,Null,2017/2018,RANFURLY ROAD,STRATFORD ROAD,,Serious Crash,No,2017,,West,,0,,Hill Road,,,,,,Twilight,760810,0,0,0,1,,,0,,,,,,Auckland Region,Nil,2-way,Sealed,,0,1,,50,,On,0,0,,76,Auckland,Give way,,,,,0,0,Urban,0,,,Fine,Null
1766105,5900323,945276,,524713,0,0,0,4,0,North,2016/2017,ROSCOMMON ROAD,SHARLAND AVENUE,,Serious Crash,No,2017,0,South,0,0,0,Flat,0,,0,,0,Dark,775819,0,0,0,2,0,0,0,0,1,,0,0,Auckland Region,Nil,2-way,Sealed,0,0,1,0,60,0,On,0,0,,76,Auckland,Unknown,0,0,0,1,0,0,Urban,1,0,0,Fine,Null
1761612,5919965,945311,,516400,0,0,0,3,0,South,2017/2018,PARITAI DRIVE,TITAI ST,,Serious Crash,No,2017,0,South,0,0,0,Flat,0,,0,,0,Twilight,496700,0,0,0,1,0,0,0,0,2,,0,0,Auckland Region,Nil,2-way,Sealed,0,0,1,0,50,0,On,0,0,,76,Auckland,Unknown,0,0,0,0,0,0,Urban,0,0,0,Fine,Null
1765935,5908271,945318,,523402,0,0,0,1,0,West,2017/2018,BAIRDS ROAD,ASHTON AVENUE,,Serious Crash,No,2017,0,West,0,0,0,Flat,0,,0,,0,Dark,698900,1,0,0,2,0,0,0,0,0,,0,0,Auckland Region,Nil,2-way,Sealed,0,0,1,0,50,0,On,0,0,,76,Auckland,Unknown,0,0,0,1,0,0,Urban,0,0,0,Fine,Null
1746065.752,5918118.355,945360,,512500,1,,0,0,,Null,2018/2019,EDMONTON ROAD,CENTRAL PARK DRIVE,,Fatal Crash,No,2018,,North,,1,,Hill Road,,,,,,Dark,257201,0,0,0,5,,,0,,,,,,Auckland Region,Nil,2-way,Sealed,,0,0,,50,,On,0,0,,76,Auckland,Traffic Signals,,,,,0,0,Urban,1,,,Fine,Null
1773687,5890058,945362,,521302,0,0,0,1,0,South,2017/2018,SH 1N,QUARRY OBR,,Serious Crash,Yes,2018,0,North,0,0,0,Flat,0,,0,,0,Dark,809101,2,0,0,2,0,0,0,1,0,,0,0,Auckland Region,Nil,1-way,Sealed,0,0,2,0,100,0,On,0,0,,76,Auckland,Unknown,0,0,0,0,0,0,Open,0,0,0,Fine,Null
1746482,5912808,945369,,511002,0,0,0,0,0,North,2017/2018,GLENGARRY ROAD,WOODGLEN ROAD,,Serious Crash,No,2018,0,East,0,0,1,Hill Road,0,,0,,0,Bright sun,283800,0,1,0,2,0,0,0,0,0,,0,0,Auckland Region,Nil,2-way,Sealed,0,0,1,0,50,0,Null,0,0,,76,Auckland,Unknown,0,0,0,0,0,0,Urban,0,0,0,Fine,Null
1757619,5912357,945416,,519810,1,,0,0,,West,2016/2017,BEACHCROFT AVENUE,ARTHUR ST,,Serious Crash,No,2017,,East,,0,,Flat,,,,,,Bright sun,596700,0,0,0,2,,,0,,,,,,Auckland Region,Nil,2-way,Sealed,,0,1,,50,,Null,1,0,,76,Auckland,Nil,,,,,0,0,Urban,0,,,Fine,Null
1757070,5920308,945537,,514102,0,,0,1,,Null,2017/2018,FEDERAL ST,WELLESLEY ST WEST,,Serious Crash,No,2018,,East,,0,,Flat,,,,,,Bright sun,433801,0,0,0,1,,,0,,,1,,,Auckland Region,Nil,1-way,Sealed,,0,1,,30,,Null,0,0,,76,Auckland,Give way,,,,,0,0,Urban,0,,,Fine,Null
1759644,5920502,945541,,515902,0,0,0,0,0,East,2018/2019,TAMAKI DRIVE,SOLENT ST,,Fatal Crash,No,2018,0,East,0,1,0,Flat,0,Christmas New Year,0,,1,Bright sun,454800,0,0,0,4,0,0,0,0,0,,0,0,Auckland Region,Nil,2-way,Sealed,0,0,1,0,50,0,Null,1,0,,76,Auckland,Unknown,0,0,0,1,0,0,Urban,0,0,0,Fine,Null
1728324,5932354,945565,,506652,0,,0,1,,North,2017/2018,SH 16,RESTAL ROAD,,Fatal Crash,Yes,2018,,North,,2,,Hill Road,,,,,,Overcast,218200,0,0,0,2,,,0,,,,,,Auckland Region,Nil,2-way,Sealed,,0,3,,100,,Null,0,0,,76,Auckland,Unknown,,,,,0,0,Open,2,,,Heavy rain,Null
1741644,5928925,945708,,505604,0,,0,0,,Null,2016/2017,COATESVILLE-RIVERHEAD HIG,OLD RAILWAY ROAD,,Serious Crash,No,2017,,North,,0,,Flat,,,,,,Dark,214402,0,0,0,2,,,0,,,,,,Auckland Region,Nil,2-way,Sealed,,0,1,,80,,On,0,0,,76,Auckland,Stop,,,,,1,0,Open,1,,,Mist or Fog,Null
1774303,5902510,945731,,523813,0,0,0,1,0,South,2017/2018,ALFRISTON-ARDMORE ROAD,MUIRS BR,,Serious Crash,No,2017,0,South,0,0,1,Flat,0,,0,,0,Dark,761000,0,0,0,2,0,0,0,0,0,,0,1,Auckland Region,Nil,2-way,Sealed,0,0,1,1,100,0,None,0,0,,76,Auckland,Unknown,0,0,0,0,0,0,Open,0,0,0,Fine,Null
1757413,5919662,945751,,514103,0,,0,1,,North,2017/2018,WAKEFIELD ST,AIREDALE ST,,Serious Crash,No,2017,,North,,0,,Hill Road,,,,,,Overcast,437000,0,0,0,3,,,0,,,1,,,Auckland Region,Nil,2-way,Sealed,,0,1,,50,,Null,0,0,,76,Auckland,Unknown,,,,,0,0,Urban,0,,,Fine,Null
1764825,5912912,945860,,520500,0,,0,1,,East,2017/2018,BOWDEN ROAD,TIMARU PLACE,,Serious Crash,No,2017,,North,,0,,Flat,,,,,,Overcast,639201,1,0,0,2,,,0,,,,,,Auckland Region,Nil,2-way,Sealed,,0,1,,50,,Null,0,0,,76,Auckland,Unknown,,,,,1,0,Urban,0,,,Light rain,Null
1748581,5948116,945892,,506201,0,,0,0,,Null,2017/2018,WAINUI ROAD,WAINUI OFF NBD,,Serious Crash,No,2017,,South,,0,,Flat,,,,,,Overcast,176603,0,0,1,1,,,0,,,,,,Auckland Region,Nil,1-way,Sealed,,0,1,,50,,Null,1,0,,76,Auckland,Give way,,,,,0,0,Urban,0,,,Fine,Null
1745998,5907763,945919,,512801,0,,0,1,,North,2017/2018,LAINGHOLM DRIVE,WARNER PARK AVENUE,,Serious Crash,No,2017,,East,,0,,Hill Road,,,,,,Overcast,302104,0,0,0,2,,,0,,,1,,,Auckland Region,Nil,2-way,Sealed,,0,1,,50,,Null,0,0,,76,Auckland,Unknown,,,,,0,0,Urban,0,,,Fine,Null
1754147,5918288,945960,,515432,0,,0,1,,West,2016/2017,SH 16,ST LUKES OFF WBD,,Serious Crash,Yes,2017,,West,,0,,Flat,,,,,,Bright sun,406202,0,0,1,3,,,0,,,,,,Auckland Region,Nil,1-way,Sealed,,0,1,,80,,Null,0,0,,76,Auckland,Nil,,,,,0,0,Open,1,,,Fine,Null
1768120,5903027,945979,,524602,0,0,0,2,0,Null,2018/2019,GREAT SOUTH ROAD,RATA VINE DRIVE,,Fatal Crash,No,2018,0,West,0,1,0,Flat,0,Labour Weekend,0,,0,Bright sun,780504,2,0,0,4,0,0,0,0,0,,0,1,Auckland Region,Nil,2-way,Sealed,0,0,0,0,60,0,Null,1,1,,76,Auckland,Give way,0,0,0,0,0,0,Urban,0,0,0,Fine,Null
1768488,5909142,945984,,523112,0,,0,1,,Null,2017/2018,SPRINGS ROAD,LADY RUBY DRIVE,,Serious Crash,No,2018,,West,,0,,Flat,,,,,,Bright sun,711600,0,0,1,5,,,0,,,,,,Auckland Region,Nil,2-way,Sealed,,0,1,,60,,Null,0,0,,76,Auckland,Traffic Signals,,,,,0,0,Urban,0,,,Fine,Null
1769677,5884036,945994,,521122,0,0,0,0,1,South,2017/2018,CAPE HILL ROAD,TUHIMATA ROAD,,Fatal Crash,No,2018,0,North,0,1,0,Hill Road,0,,0,,0,Overcast,813400,0,0,0,2,0,0,0,0,0,,0,0,Auckland Region,Nil,2-way,Sealed,0,0,0,0,100,0,Null,0,0,,76,Auckland,Unknown,0,0,0,0,1,0,Open,1,0,0,Heavy rain,Null
1746407,5921638,946055,,512201,0,0,0,1,0,East,2017/2018,TAIKATA ROAD,EDGERTON ROAD,,Serious Crash,No,2017,0,West,0,0,1,Flat,0,,0,,0,Dark,247200,1,0,0,2,0,0,0,0,0,,0,1,Auckland Region,Nil,2-way,Sealed,0,0,1,0,50,0,On,0,0,,76,Auckland,Unknown,0,0,0,0,0,0,Urban,0,0,0,Light rain,Null
1758409,5928327,946146,,507800,1,0,0,0,0,North,2017/2018,HURSTMERE ROAD,MINNEHAHA AVENUE,,Serious Crash,No,2017,0,North,0,0,0,Flat,0,,0,,0,Dark,309100,0,0,0,2,0,0,0,0,1,,0,0,Auckland Region,Nil,2-way,Sealed,0,0,1,0,50,0,On,0,0,,76,Auckland,Unknown,0,0,0,0,0,0,Urban,1,0,0,Fine,Null
1753826,5926674,946366,,508220,0,,0,1,,South,2017/2018,GLENFIELD ROAD,DOMAIN ROAD,,Serious Crash,No,2017,,North,,0,,Flat,,,,,,Bright sun,189400,0,0,0,2,,,0,,,1,,,Auckland Region,Nil,2-way,Sealed,,0,1,,50,,Null,0,0,,76,Auckland,Unknown,,,,,0,0,Urban,0,,,Fine,Null
1759374,5925774,946449,,508020,1,,0,1,,Null,2017/2018,LAKE ROAD,ST LEONARDS ROAD,,Serious Crash,No,2018,,South,,0,,Hill Road,,,,,,Bright sun,321900,0,0,0,2,,,0,,,,,,Auckland Region,Nil,2-way,Sealed,,0,1,,50,,Null,0,0,,76,Auckland,Stop,,,,,0,0,Urban,0,,,Fine,Null
1761820,5909226,946676,,524402,0,,0,3,,West,2017/2018,FAVONA ROAD,SAVILL DRIVE,,Serious Crash,No,2018,,West,,0,,Flat,,,,,,Bright sun,749800,1,0,1,2,,,0,,,,,,Auckland Region,Nil,2-way,Sealed,,0,1,,60,,Null,0,0,,76,Auckland,Unknown,,,,,0,0,Urban,0,,,Fine,Null
1766305,5900704,946724,,524713,0,0,0,1,0,East,2017/2018,WORDSWORTH ROAD,POUTINI PLACE,,Serious Crash,No,2018,0,West,0,0,0,Flat,0,,0,,0,Twilight,775809,1,0,0,2,0,0,0,0,0,,0,1,Auckland Region,Nil,2-way,Sealed,0,0,1,0,50,0,Off,0,0,,76,Auckland,Unknown,0,0,0,0,0,0,Urban,1,0,0,Fine,Null
1758416,5918014,946749,,517400,0,,0,1,,Null,2017/2018,MORROW ST,BROADWAY,,Serious Crash,No,2018,,South,,0,,Flat,,,,,,Bright sun,451300,0,0,0,2,,,0,,,1,,,Auckland Region,Nil,1-way,Sealed,,0,1,,50,,Null,0,0,,76,Auckland,Nil,,,,,0,0,Urban,0,,,Fine,Null
1758114,5920623,946822,,514103,0,,0,1,,North,2017/2018,BEACH ROAD,MAHUHU CRESCENT,,Serious Crash,No,2018,,South,,0,,Flat,,,,,,Overcast,438302,1,0,0,5,,,0,,,,,,Auckland Region,Nil,2-way,Sealed,,0,1,,50,,Null,0,0,,76,Auckland,Unknown,,,,,0,0,Urban,2,,,Fine,Null
1758337,5918610,946827,,517400,0,,0,0,,West,2017/2018,CARLTON GORE ROAD,MORGAN ST,,Serious Crash,No,2018,,East,,0,,Flat,,,,,,Bright sun,450400,0,0,1,2,,,0,,,,,,Auckland Region,Nil,2-way,Sealed,,0,1,,50,,Null,0,0,30,76,Auckland,Unknown,,,,,0,0,Urban,0,,,Fine,Null
1767966,5882116,947126,,525910,0,,0,1,,North,2017/2018,Z DWY,BIRDWOOD ROAD,,Serious Crash,No,2018,,North,,0,,Flat,,,,,,Bright sun,819200,0,0,0,,,,0,,,1,,,Auckland Region,Nil,Off road,Unsealed,,0,1,,50,,Null,0,0,,76,Auckland,Unknown,,,,,0,0,Urban,0,,,Fine,Null
1748423,5883439,947281,,521151,0,0,0,0,0,West,2017/2018,AWHITU ROAD,TE TORO ROAD,,Serious Crash,No,2018,0,South,0,0,0,Hill Road,0,,0,,0,Bright sun,830600,0,0,1,2,0,0,0,0,0,,0,0,Auckland Region,Nil,2-way,Sealed,0,0,1,0,100,0,Null,0,0,,76,Auckland,Unknown,0,0,0,1,0,0,Open,0,0,0,Fine,Null
1769713,5889640,947314,,521122,0,,0,1,,West,2017/2018,SH 22,BYCROFT ROAD,,Fatal Crash,Yes,2018,,East,,1,,Hill Road,,,,,,Dark,812600,1,0,0,2,,,0,,,,,,Auckland Region,Nil,2-way,Sealed,,0,0,,100,,On,0,0,,76,Auckland,Unknown,,,,,0,0,Open,1,,,Light rain,Null
1753368,5938435,947388,,508900,0,,0,0,,North,2018/2019,OKURA RIVER ROAD,VAUGHANS ROAD,,Serious Crash,No,2018,,North,,0,,Flat,,,,,,Dark,178203,0,0,0,2,,,0,,,1,,,Auckland Region,Nil,2-way,Sealed,,0,1,,80,,None,0,0,,76,Auckland,Unknown,,,,,0,0,Open,1,,,Fine,Null
1750585,5946770,947460,,505806,0,,0,1,,West,2017/2018,SILVERDALE PARKWAY,HIBISCUS COAST HIGHWAY,,Serious Crash,No,2018,,East,,0,,Hill Road,,,,,,Bright sun,176513,0,0,0,2,,,0,,,1,,,Auckland Region,Nil,1-way,Sealed,,0,1,,50,,Null,0,0,,76,Auckland,Unknown,,,,,0,0,Urban,0,,,Fine,Null
1772148,5900343,947485,,523911,0,,0,1,,East,2018/2019,POPES ROAD,PORCHESTER ROAD,,Fatal Crash,No,2018,,West,,1,,Flat,,,,,,Dark,767203,0,0,0,2,,,0,,,1,,,Auckland Region,Nil,2-way,Sealed,,0,0,,60,,None,0,0,,76,Auckland,Unknown,,,,,0,0,Urban,0,,,Fine,Null
1764123,5920273,947491,,516601,1,,0,1,,East,2018/2019,TAMAKI DRIVE,KOHIMARAMA ROAD,,Serious Crash,No,2018,,West,,0,,Flat,,,,,,Bright sun,503900,0,0,0,2,,,0,,,,,,Auckland Region,Nil,2-way,Sealed,,0,1,,50,,Null,0,0,,76,Auckland,Unknown,,,,,0,0,Urban,0,,,Fine,Null
1766451,5919424,947514,,516800,0,,0,1,,Null,2017/2018,CHESTERFIELD AVENUE,KESTEVEN AVENUE,,Serious Crash,No,2018,,South,,0,,Flat,,,,,,Bright sun,512700,1,0,0,2,,,0,,,,,,Auckland Region,Nil,2-way,Sealed,,0,1,,50,,Null,0,0,,76,Auckland,Stop,,,,,0,0,Urban,1,,,Fine,Null
1767582,5881815,947541,,525921,0,0,0,0,0,South,2017/2018,HELVETIA ROAD,BIRDWOOD ROAD,,Serious Crash,No,2018,0,North,1,0,0,Flat,0,,0,,0,Dark,820506,0,0,1,2,0,0,0,0,0,,0,0,Auckland Region,Nil,2-way,Sealed,0,0,1,0,50,0,On,0,0,,76,Auckland,Give way,0,0,0,0,0,0,Urban,0,0,0,Light rain,Null
1756978,5920309,947607,,514102,0,,0,1,,North,2017/2018,HOBSON ST,PACIFIC PLACE,,Serious Crash,No,2018,,South,,0,,Flat,,,,,,Bright sun,434200,1,0,0,4,,,0,,,2,,,Auckland Region,Nil,1-way,Sealed,,0,1,,50,,Null,0,0,,76,Auckland,Nil,,,,,0,0,Urban,0,,,Fine,Null
1759962,5916051,947666,,516002,0,,0,1,,East,2017/2018,SH 1N,GREENLANE ON NBD,,Serious Crash,Yes,2018,,West,,0,,Flat,,,,,,Bright sun,492100,0,0,1,3,,,0,,,,,,Auckland Region,Nil,1-way,Sealed,,0,1,,100,,Null,0,0,,76,Auckland,Unknown,,,,,0,0,Open,0,,,Fine,Null
1757706,5944608,947754,,505902,0,,0,1,,Null,2017/2018,WHANGAPARAOA ROAD,BEACH ROAD,,Serious Crash,No,2018,,South,,0,,Hill Road,,,,,,Bright sun,174510,0,0,1,2,,,0,,,,,,Auckland Region,Nil,2-way,Sealed,,0,1,,50,,Null,0,0,,76,Auckland,Give way,,,,,0,0,Urban,0,,,Fine,Null
1735505,5945163,947758,,506646,0,0,0,0,0,West,2018/2019,KAHIKATEA FLAT ROAD,RAPSON ROAD,,Serious Crash,No,2018,0,West,0,0,1,Flat,0,,0,,0,Dark,213000,1,0,0,2,0,0,0,0,0,,0,1,Auckland Region,Nil,2-way,Sealed,0,0,3,0,100,0,None,1,0,,76,Auckland,Unknown,0,0,0,0,0,0,Open,0,0,0,Light rain,Null
1749699,5945259,947832,,506001,0,,0,1,,South,2018/2019,DAVID MCCATHIE PLACE,FORGE ROAD,,Serious Crash,No,2018,,South,,0,,Flat,,,,,,Dark,175701,0,0,0,2,,,0,,,,,,Auckland Region,Nil,2-way,Sealed,,0,1,,50,,None,0,0,,76,Auckland,Unknown,,,,,0,0,Urban,0,,,Fine,Null
1771061,5899188,947902,,523911,0,,0,0,,Null,2018/2019,MANUROA ROAD,TAKANINI SCHOOL ROAD,,Serious Crash,No,2018,,West,,0,,Flat,,Christmas New Year,,,,Dark,766800,0,0,0,2,,,0,,,,,,Auckland Region,Nil,2-way,Sealed,,0,1,,50,,On,0,0,,76,Auckland,Stop,,,,,1,0,Urban,1,,,Heavy rain,Strong wind
1754268,5881480,947920,,521152,0,,0,0,,Null,2018/2019,MISSION BUSH ROAD,BROOKSIDE ROAD,,Serious Crash,No,2018,,North,,0,,Hill Road,,,,,,Bright sun,833800,0,0,0,1,,,0,,,,,,Auckland Region,Nil,1-way,Sealed,,0,1,,80,,Null,0,0,,76,Auckland,Nil,,,,,1,0,Open,0,,,Fine,Null
1760235,5907738,947930,,524403,0,0,0,1,0,Null,2017/2018,SH 20A,SH 20 MANGERE OBR,,Serious Crash,Yes,2018,0,South,0,0,0,Flat,1,,0,,0,Overcast,731105,0,0,0,2,0,0,0,0,0,,0,0,Auckland Region,Nil,1-way,Sealed,0,0,1,0,100,0,Null,0,0,,76,Auckland,Unknown,0,0,0,0,0,0,Open,0,0,0,Fine,Null
1751685,5917959,947959,55,515001,0,0,0,0,0,West,2017/2018,PT CHEV ON EBD,SH 16,,Serious Crash,Yes,2018,0,East,0,0,0,Flat,1,,0,,0,Bright sun,392200,0,0,1,2,0,0,0,0,0,,0,0,Auckland Region,Motorway ramp,1-way,Sealed,0,0,1,0,80,0,Null,0,0,,76,Auckland,Unknown,0,0,0,0,0,0,Open,0,0,0,Fine,Null
1756247,5919258,947978,,514000,0,,0,1,,Null,2018/2019,NEWTON ROAD,GREAT NORTH ROAD,,Serious Crash,No,2018,,North,,0,,Hill Road,,,,,,Dark,413800,0,0,0,4,,,0,,,1,,,Auckland Region,Nil,2-way,Sealed,,0,1,,40,,On,0,0,,76,Auckland,Traffic Signals,,,,,0,0,Urban,0,,,Fine,Null
1764175,5910131,947993,,521801,0,,0,1,,Null,2017/2018,ATKINSON AVENUE,PRINCES ST,,Serious Crash,No,2018,,West,,0,,Flat,,,,,,Bright sun,786802,1,0,0,4,,,0,,,,,,Auckland Region,Nil,2-way,Sealed,,0,1,,50,,Null,0,0,30,76,Auckland,Traffic Signals,,,,,0,0,Urban,1,,,Fine,Null