X,Y,OBJECTID,advisorySpeed,areaUnitID,bicycle,bridge,bus,carStationWagon,cliffBank,crashDirectionDescription,crashFinancialYear,crashLocation1,crashLocation2,crashRoadSideRoad,crashSeverity,crashSHDescription,crashYear,debris,directionRoleDescription,ditch,fatalCount,fence,flatHill,guardRail,holiday,houseOrBuilding,intersection,kerb,light,meshblockId,minorInjuryCount,moped,motorcycle,NumberOfLanes,objectThrownOrDropped,otherObject,otherVehicleType,overBank,parkedVehicle,pedestrian,phoneBoxEtc,postOrPole,region,roadCharacter,roadLane,roadSurface,roadworks,schoolBus,seriousInjuryCount,slipOrFlood,speedLimit,strayAnimal,streetLight,suv,taxi,temporarySpeedLimit,tlaId,tlaName,trafficControl,trafficIsland,trafficSign,train,tree,truck,unknownVehicleType,urban,vanOrUtility,vehicle,waterRiver,weatherA,weatherB
1755354,5914941,948003,,518500,0,,0,1,,Null,2018/2019,DOMINION ROAD,PRINCES AVENUE,,Serious Crash,No,2018,,South,,0,,Flat,,,,,,Dark,560100,0,0,1,4,,,0,,,,,,Auckland Region,Nil,2-way,Sealed,,0,1,,50,,On,0,0,,76,Auckland,Stop,,,,,0,0,Urban,0,,,Light rain,Strong wind
1771072,5903851,948124,45,523819,0,,0,0,,Null,2017/2018,REDOUBT ROAD,MILL ROAD,,Serious Crash,No,2018,,East,,0,,Hill Road,,,,,,Bright sun,760500,0,0,1,2,,,0,,,,,,Auckland Region,Nil,2-way,Sealed,,0,1,,60,,Null,0,0,,76,Auckland,Stop,,,,,0,0,Urban,0,,,Fine,Null
1769868,5915265,948238,,522711,0,,0,1,,East,2018/2019,CASUARINA ROAD,FIESTA DRIVE,,Fatal Crash,No,2018,,West,,1,,Flat,,,,,,Dark,680801,1,0,0,2,,,0,,,1,,,Auckland Region,Nil,2-way,Sealed,,0,0,,50,,On,0,0,,76,Auckland,Nil,,,,,0,0,Urban,0,,,Fine,Null
1748532,5913080,948241,,511401,0,,0,1,,Null,2017/2018,TITIRANGI ROAD,PARKER AVENUE,,Serious Crash,No,2018,,West,,0,,Flat,,,,,,Overcast,262600,0,0,1,2,,,0,,,,,,Auckland Region,Nil,2-way,Sealed,,0,1,,50,,Null,0,0,,76,Auckland,Nil,,,,,0,0,Urban,0,,,Fine,Null
1758623,5912156,948245,,519810,0,0,0,2,0,Null,2017/2018,CHURCH ST,HILL ST,,Serious Crash,No,2018,0,West,0,0,1,Flat,0,,0,,0,Overcast,598900,0,0,0,1,0,0,0,0,0,,0,0,Auckland Region,Nil,2-way,Sealed,0,0,1,0,50,0,Null,0,0,,76,Auckland,Stop,0,0,0,0,1,0,Urban,0,0,0,Heavy rain,Strong wind
1755017,5913735,948288,,518803,0,,0,0,,Null,2017/2018,DOMINION ROAD,DENBIGH AVENUE,,Serious Crash,No,2018,,South,,0,,Flat,,,,,,Overcast,581700,0,0,1,4,,,0,,,,,,Auckland Region,Nil,2-way,Sealed,,0,1,,50,,Null,0,0,,76,Auckland,Give way,,,,,1,0,Urban,0,,,Fine,Null
1755134,5936800,948317,,506902,0,0,0,1,0,South,2018/2019,GLAMORGAN DRIVE,THELMA CRESCENT,,Serious Crash,No,2018,0,South,0,0,0,Flat,0,Labour Weekend,0,,0,Dark,166305,3,0,0,2,0,0,0,0,1,,0,0,Auckland Region,Nil,2-way,Sealed,0,0,1,0,50,0,On,0,0,,76,Auckland,Unknown,0,0,0,0,0,0,Urban,1,0,0,Fine,Null
1747863,5963209,948415,,506613,0,0,0,1,1,North,2017/2018,SH 1N,MOIRS HILL ROAD,,Serious Crash,Yes,2018,0,North,0,0,0,Flat,0,,0,,0,Bright sun,147107,2,0,0,2,0,0,0,0,0,,0,0,Auckland Region,Nil,2-way,Sealed,0,0,1,0,100,0,Null,0,0,,76,Auckland,Unknown,0,0,0,0,1,0,Open,1,0,0,Fine,Null
1768189,5902430,948421,,524602,0,0,0,1,0,Null,2017/2018,ORAMS ROAD,GREAT SOUTH ROAD,,Serious Crash,No,2018,0,West,0,0,1,Hill Road,0,,0,,0,Dark,780700,1,0,0,2,0,0,0,0,0,,0,0,Auckland Region,Nil,2-way,Sealed,0,0,1,0,60,0,On,0,0,,76,Auckland,Traffic Signals,0,0,0,0,0,0,Urban,0,0,0,Fine,Null
1755190,5877086,948432,55,521152,0,,0,1,,Null,2017/2018,COLLINGWOOD ROAD,CORNWALL ROAD,,Serious Crash,No,2018,,South,,0,,Hill Road,,,,,,Overcast,834000,1,0,0,2,,,0,,,,,,Auckland Region,Nil,2-way,Sealed,,0,2,,70,,Null,0,0,,76,Auckland,Give way,,,,,0,0,Urban,1,,,Heavy rain,Strong wind
1770031,5914700,948452,,522722,0,,0,1,,West,2017/2018,PAKURANGA ROAD,HUTCHINSON ROAD,,Serious Crash,No,2018,,West,,0,,Hill Road,,,,,,Overcast,681308,0,0,0,4,,,0,,,1,,,Auckland Region,Nil,2-way,Sealed,,0,1,,60,,Null,0,0,,76,Auckland,Unknown,,,,,0,0,Urban,0,,,Fine,Null
1758128,5928686,948599,,507800,0,,0,0,,Null,2017/2018,KITCHENER ROAD,MURITAI ROAD,,Serious Crash,No,2018,,East,,0,,Flat,,,,,,Overcast,308700,0,0,1,2,,,0,,,,,,Auckland Region,Nil,2-way,Sealed,,0,1,,50,,Null,1,0,,76,Auckland,Give way,,,,,0,0,Urban,0,,,Light rain,Null
1765068,5918406,948613,,516602,0,0,0,1,1,Null,2017/2018,GRAMPIAN ROAD,ST HELIERS BAY ROAD,,Serious Crash,No,2018,0,South,0,0,0,Flat,0,,0,,0,Bright sun,508100,0,0,0,2,0,0,0,0,0,,0,0,Auckland Region,Nil,2-way,Sealed,0,0,1,0,50,0,Null,0,0,,76,Auckland,Give way,0,0,0,0,0,0,Urban,0,0,0,Fine,Null
1760308,5924441,948684,,509300,0,,0,1,,East,2017/2018,OLD LAKE ROAD,NICCOL AVENUE,,Serious Crash,No,2017,,West,,0,,Flat,,,,,,Overcast,338902,0,0,0,2,,,0,,,1,,,Auckland Region,Nil,2-way,Sealed,,0,1,,50,,Null,0,0,,76,Auckland,Unknown,,,,,0,0,Urban,0,,,Light rain,Null
1752503,5914247,948742,,514500,0,0,0,1,0,Null,2017/2018,TIVERTON ROAD,NEW WINDSOR ROAD,,Serious Crash,No,2018,0,West,0,0,1,Hill Road,0,,0,,0,Dark,375100,0,0,0,4,0,0,0,0,0,,0,0,Auckland Region,Nil,2-way,Sealed,0,0,1,0,50,0,On,0,0,,76,Auckland,Traffic Signals,0,0,0,0,0,0,Urban,0,0,0,Fine,Null
1753569,5876029,948887,,526104,0,,0,1,,Null,2017/2018,KITCHENER ROAD,RIVER LANE,,Serious Crash,No,2018,,East,,0,,Hill Road,,,,,,Bright sun,834800,1,0,0,2,,,0,,,2,,,Auckland Region,Bridge,2-way,Sealed,,0,1,,50,,Null,0,0,,76,Auckland,Nil,,,,,0,0,Urban,0,,,Fine,Null
1768048,5901887,948943,,525001,0,,0,0,,West,2018/2019,CLARK ST,MAICH ROAD,,Serious Crash,No,2018,,West,,0,,Flat,,,,,,Overcast,750500,0,0,0,2,,,0,,,1,,,Auckland Region,Nil,2-way,Sealed,,0,1,,50,,Null,0,0,,76,Auckland,Unknown,,,,,0,0,Urban,1,,,Fine,Null
1763773,5918200,949071,,516301,0,,0,1,,East,2018/2019,GOWING DRIVE,HAWKINS ST,,Serious Crash,No,2018,,South,,0,,Hill Road,,,,,,Bright sun,461800,0,0,1,2,,,0,,,,,,Auckland Region,Nil,2-way,Sealed,,0,1,,50,,Null,0,0,,76,Auckland,Nil,,,,,0,0,Urban,0,,,Fine,Null
1782714,5895653,949130,,521132,0,0,0,1,0,Null,2017/2018,JOHN HILL ROAD,GARVIE ROAD,,Serious Crash,No,2018,0,West,1,0,1,Flat,0,,0,,0,Overcast,816304,0,0,0,2,0,0,0,0,0,,0,1,Auckland Region,Nil,2-way,Sealed,0,0,1,0,100,0,Null,0,0,,76,Auckland,Nil,0,1,0,0,0,0,Open,0,0,0,Fine,Null
1756790,5974902,949204,,506661,0,,0,1,,East,2017/2018,TAKATU ROAD,WHITMORE ROAD,,Serious Crash,No,2018,,West,,0,,Hill Road,,,,,,Bright sun,138400,3,0,0,2,,,0,,,,,,Auckland Region,Nil,2-way,Sealed,,0,3,,100,,Null,0,0,,76,Auckland,Unknown,,,,,0,0,Open,1,,,Fine,Null
1760498,5906855,949210,,524112,0,,0,1,,South,2017/2018,WANSTEAD WAY,CANNING CRESCENT,,Serious Crash,No,2017,,North,,0,,Flat,,,,,,Overcast,742101,0,0,0,2,,,0,,,1,,,Auckland Region,Nil,2-way,Sealed,,0,1,,50,,Null,0,0,,76,Auckland,Nil,,,,,0,0,Urban,0,,,Fine,Null
1753699,5915735,949225,,517800,1,,0,1,,South,2016/2017,MOUNT ALBERT ROAD,MOUNT ROYAL AVENUE,,Serious Crash,No,2017,,South,,0,,Flat,,Queens Birthday,,,,Dark,528700,0,0,0,2,,,0,,,,,,Auckland Region,Nil,2-way,Sealed,,0,1,,50,,On,0,0,,76,Auckland,Nil,,,,,0,0,Urban,0,,,Fine,Null
1752938,5935000,949265,,508701,0,0,0,2,0,North,2017/2018,SH 1N,OTEHA VALLEY OBR,,Serious Crash,Yes,2017,0,North,0,0,0,Flat,1,,0,,0,Dark,178501,2,0,0,2,0,0,0,0,0,,0,0,Auckland Region,Nil,1-way,Sealed,0,0,1,0,100,0,On,0,0,,76,Auckland,Unknown,0,0,0,0,0,0,Open,0,0,0,Fine,Null
1756762,5918852,949338,,515600,0,,0,0,,Null,2017/2018,NEWTON ROAD,UPPER QUEEN ST,,Serious Crash,No,2018,,East,,0,,Flat,,,,,,Twilight,420400,1,0,0,4,,,0,,,,,,Auckland Region,Nil,2-way,Sealed,,0,1,,50,,On,1,0,,76,Auckland,Traffic Signals,,,,,0,0,Urban,1,,,Light rain,Null
1745616,5916546,949446,,510800,0,0,0,1,0,North,2017/2018,VITASOVICH AVENUE,VIEW ROAD,,Serious Crash,No,2018,0,South,0,0,0,Flat,0,,0,,1,Overcast,243300,0,0,0,2,0,0,0,0,0,2,0,0,Auckland Region,Nil,2-way,Sealed,0,0,2,0,50,0,Null,0,0,,76,Auckland,Unknown,0,0,0,0,0,0,Urban,0,0,0,Fine,Null
1744446,5919843,949506,,513301,0,0,0,1,0,Null,2018/2019,UNIVERSAL DRIVE,BITTERN PLACE,,Serious Crash,No,2018,0,West,0,0,1,Flat,0,,0,,0,Dark,233800,1,0,0,2,0,0,0,0,0,,0,0,Auckland Region,Nil,2-way,Sealed,0,0,1,0,50,0,On,0,0,,76,Auckland,Nil,1,0,0,1,0,0,Urban,0,0,0,Fine,Null
1759314,5908353,949510,,524122,0,,0,1,,Null,2018/2019,MCKENZIE ROAD,BADER DRIVE,,Serious Crash,No,2018,,South,,0,,Flat,,,,,,Dark,737700,1,0,1,3,,,0,,,,,,Auckland Region,Nil,2-way,Sealed,,0,1,,60,,On,0,0,,76,Auckland,Give way,,,,,0,0,Urban,0,,,Fine,Null
1753099,5934491,949778,,508704,0,0,0,0,0,South,2017/2018,SH 1N,OTEHA VALLEY ON SBD,,Serious Crash,Yes,2018,0,South,0,0,0,Hill Road,1,,0,,0,Overcast,179116,1,0,0,3,0,0,0,0,0,,0,0,Auckland Region,Nil,1-way,Sealed,0,0,1,0,100,0,Null,0,0,,76,Auckland,Unknown,0,0,0,0,0,0,Open,1,0,0,Light rain,Null
1757038.249,5914290.884,949889,,518600,0,0,0,0,0,East,2018/2019,QUENTIN AVENUE,ST ANDREWS ROAD,,Serious Crash,No,2019,0,East,0,0,0,Hill Road,1,,0,,0,Bright sun,564501,0,0,0,2,0,1,1,0,0,,0,0,Auckland Region,Nil,2-way,Sealed,0,0,1,0,50,0,Off,0,0,,76,Auckland,Unknown,0,0,0,0,0,0,Urban,0,0,0,Fine,Null
1761498,5907580,949912,,524510,0,,0,1,,North,2018/2019,WICKMAN WAY,BUCKLAND ROAD,,Serious Crash,No,2018,,South,,0,,Flat,,,,,,Overcast,736702,2,0,0,2,,,0,,,3,,,Auckland Region,Nil,2-way,Sealed,,0,1,,40,,Null,0,0,,76,Auckland,Unknown,,,,,0,0,Urban,0,,,Mist or Fog,Null
1758431,5918432,950006,,517400,0,,0,1,,West,2017/2018,SHORT ST,DAVIS CRESCENT,,Serious Crash,No,2018,,West,,0,,Flat,,,,,,Dark,451000,0,0,1,2,,,0,,,,,,Auckland Region,Nil,2-way,Sealed,,0,1,,50,,On,0,0,,76,Auckland,Unknown,,,,,0,0,Urban,0,,,Fine,Null
1770713,5900616,950178,,523817,0,0,0,1,0,Null,2018/2019,HYPERION DRIVE,NEARCO ST,,Serious Crash,No,2018,0,East,0,0,0,Flat,0,,0,,0,Dark,759719,0,0,0,2,0,0,0,0,1,,0,0,Auckland Region,Nil,2-way,Sealed,0,0,1,0,50,0,On,0,0,,76,Auckland,Give way,0,0,0,0,1,0,Urban,0,0,0,Fine,Null
1758616,5919913,950245,,515902,0,,0,1,,North,2018/2019,PARNELL ROAD,AKAROA ST,,Serious Crash,No,2018,,North,,0,,Flat,,,,,,Dark,452500,0,0,0,2,,,0,,,1,,,Auckland Region,Nil,2-way,Sealed,,0,1,,50,,On,0,0,,76,Auckland,Stop,,,,,0,0,Urban,0,,,Fine,Null
1760872,5914606,950288,,520202,0,,0,1,,Null,2017/2018,GREAT SOUTH ROAD,MAREI ROAD,,Serious Crash,No,2018,,North,,0,,Flat,,,,,,Bright sun,612200,0,0,1,4,,,0,,,,,,Auckland Region,Nil,2-way,Sealed,,0,1,,50,,Null,0,0,,76,Auckland,Nil,,,,,0,0,Urban,0,,,Fine,Null
1756925,5913637,950374,,518702,0,0,0,1,0,South,2018/2019,HILLSBOROUGH ROAD,MOUNT ALBERT ROAD,,Serious Crash,No,2018,0,North,0,0,0,Flat,0,,1,,0,Dark,567401,2,0,0,2,0,0,0,0,1,,0,0,Auckland Region,Nil,2-way,Sealed,0,0,1,0,50,0,On,1,0,,76,Auckland,Unknown,0,0,0,0,0,0,Urban,0,0,0,Light rain,Null
1764142,5910788,950405,,520500,0,0,0,1,0,West,2017/2018,NEW BRIGHTON ROAD,MEADOW ST,,Serious Crash,No,2018,0,West,0,0,1,Flat,0,Christmas New Year,0,,0,Dark,638100,0,0,0,2,0,0,0,0,1,,0,0,Auckland Region,Nil,2-way,Sealed,0,0,2,0,50,0,On,1,0,,76,Auckland,Unknown,0,0,0,0,0,0,Urban,0,0,0,Fine,Strong wind
1771963,5896842,950497,,525420,0,,0,1,,East,2018/2019,Z DRIVEWAY,CLIFF ROAD,,Serious Crash,No,2018,,South,,0,,Flat,,,,,,Overcast,791102,0,0,0,,,,0,,,1,,,Auckland Region,Nil,Off road,Sealed,,0,1,,50,,Null,0,0,,76,Auckland,Unknown,,,,,0,0,Urban,0,,,Light rain,Null
1747099,5972142,950717,,506661,0,,0,1,,Null,2017/2018,SH 1N,KAIPARA FLATS ROAD,,Serious Crash,Yes,2018,,South,,0,,Flat,,,,,,Bright sun,139106,2,0,1,2,,,0,,,,,,Auckland Region,Nil,2-way,Sealed,,0,1,,100,,Null,0,0,,76,Auckland,Give way,,,,,0,0,Open,0,,,Fine,Null
1763751,5909805,950752,,521901,0,,0,1,,Null,2018/2019,STATION ROAD,MASON AVENUE,,Serious Crash,No,2018,,East,,0,,Flat,,,,,,Bright sun,782600,1,0,0,2,,,0,,,,,,Auckland Region,Nil,2-way,Sealed,,0,1,,50,,Null,1,0,,76,Auckland,Stop,,,,,0,0,Urban,0,,,Fine,Null
1773083,5913275,950808,,523102,1,,0,1,,Null,2018/2019,SANDSPIT ROAD,SOMERVILLE ROAD,,Serious Crash,No,2018,,South,,0,,Flat,,,,,,Dark,711035,0,0,0,2,,,0,,,,,,Auckland Region,Nil,2-way,Sealed,,0,1,,50,,On,0,0,,76,Auckland,Stop,,,,,0,0,Urban,0,,,Fine,Null
1770297,5908052,950825,,523713,1,,0,1,,East,2017/2018,STANCOMBE ROAD,KESTEV DRIVE,,Serious Crash,No,2018,,West,,0,,Flat,,,,,,Overcast,712401,0,0,0,2,,,0,,,,,,Auckland Region,Nil,2-way,Sealed,,0,1,,60,,Null,0,0,,76,Auckland,Nil,,,,,0,0,Urban,0,,,Light rain,Null
1771363,5898719,950852,,523912,0,,0,2,,South,2017/2018,Z NEW ROAD KAURI HEART AV,AIRFIELD ROAD,,Serious Crash,No,2018,,West,,0,,Flat,,Queens Birthday,,,,Overcast,767400,1,0,0,,,,0,,,1,,,Auckland Region,Nil,Off road,Sealed,,0,1,,50,,Null,0,0,,76,Auckland,Unknown,,,,,0,0,Urban,1,,,Fine,Null
1766430,5916457,950922,,517100,0,0,0,1,0,Null,2017/2018,POINT ENGLAND ROAD,TAMATEA AVENUE,,Serious Crash,No,2018,0,East,0,0,0,Flat,0,,0,,0,Dark,477400,0,0,0,2,0,0,0,0,1,1,0,0,Auckland Region,Nil,2-way,Sealed,0,0,1,0,50,0,On,1,0,,76,Auckland,Nil,0,0,0,0,0,0,Urban,0,0,0,Light rain,Null
1765035,5877851,951035,55,521121,0,,0,1,,North,2018/2019,WAIUKU ROAD,TRAMWAY ROAD,,Serious Crash,No,2018,,South,,0,,Hill Road,,,,,,Bright sun,825000,1,0,0,2,,,0,,,,,,Auckland Region,Nil,2-way,Unsealed,,0,1,,100,,Null,0,0,,76,Auckland,Unknown,,,,,0,0,Open,0,,,Fine,Null
1764202,5880973,951219,,521121,0,,0,1,,Null,2017/2018,GUN CLUB ROAD,PATUMAHOE ROAD,,Serious Crash,No,2018,,South,,0,,Flat,,,,,,Bright sun,825500,0,0,1,2,,,0,,,,,,Auckland Region,Nil,2-way,Sealed,,0,1,,100,,Null,0,0,,76,Auckland,Stop,,,,,0,0,Open,0,,,Fine,Null
1770393.696,5909014.29,951440,,523114,0,,0,1,,Null,2018/2019,GRACECHURCH DRIVE,MIDDLEFIELD DRIVE,,Serious Crash,No,2018,,West,,0,,Flat,,,,,,Bright sun,712104,0,0,1,1,,,0,,,,,,Auckland Region,Nil,1-way,Sealed,,0,1,,50,,Null,0,0,40,76,Auckland,Give way,,,,,0,0,Urban,0,,,Fine,Null
1754881,5918654,951552,,515420,1,0,0,1,0,South,2018/2019,GREAT NORTH ROAD,WILLIAMSON AVENUE,,Serious Crash,No,2018,0,South,0,0,0,Hill Road,0,,0,,0,Overcast,404700,0,0,0,2,0,0,0,0,1,,0,0,Auckland Region,Nil,2-way,Sealed,0,0,1,0,50,0,Null,0,0,,76,Auckland,Unknown,0,0,0,0,0,0,Urban,0,0,0,Fine,Strong wind
1755528,5920284,951701,,515302,0,0,0,1,0,Null,2018/2019,PONSONBY ROAD,TOLE ST,,Serious Crash,No,2018,0,North,0,0,0,Flat,0,,0,,0,Bright sun,430400,0,0,1,5,0,0,0,0,0,,0,0,Auckland Region,Nil,2-way,Sealed,0,0,1,0,40,0,Null,0,0,30,76,Auckland,Stop,1,0,0,0,0,0,Urban,0,0,0,Fine,Null
1769803,5914571,951914,,522722,0,,0,2,,Null,2018/2019,AVIEMORE DRIVE,HIGHLAND PARK DRIVE,,Serious Crash,No,2018,,South,,0,,Flat,,,,,,Dark,681324,2,0,0,1,,,0,,,,,,Auckland Region,Nil,1-way,Sealed,,0,1,,50,,On,0,0,,76,Auckland,Stop,,,,,0,0,Urban,0,,,Fine,Null
1758550,5920378,951958,,514101,0,,0,1,,East,2018/2019,SH 16,NGAOHO PLACE,,Serious Crash,Yes,2018,,East,,0,,Flat,,,,,,Bright sun,438206,0,1,0,4,,,0,,,,,,Auckland Region,Nil,2-way,Sealed,,0,1,,50,,Null,0,0,,76,Auckland,Nil,,,,,0,0,Urban,0,,,Fine,Null
1753588,5920191,951959,,515100,1,,0,1,,East,2017/2018,WEST END ROAD,FIFE ST,,Serious Crash,No,2018,,East,,0,,Hill Road,,,,,,Bright sun,399200,0,0,0,2,,,0,,,,,,Auckland Region,Nil,2-way,Sealed,,0,1,,50,,Null,0,0,,76,Auckland,Unknown,,,,,0,0,Urban,0,,,Fine,Null
1760050.541,5885926.4,952194,,521122,0,,0,2,,South,2018/2019,KINGSEAT RD,Irwin Road,,Fatal Crash,No,2018,,North,,1,,Hill Road,,,,,,Overcast,810700,0,0,0,2,,,0,,,,,,Auckland Region,Nil,2-way,Sealed,,0,3,,100,,Off,0,0,,76,Auckland,Unknown,,,,,0,0,Open,0,,,Fine,Null
1760235.856,5923479.843,952768,,509300,0,,0,2,,North,2017/2018,LAKE RD (DEVONPORT),ARIHO TERRACE,,Serious Crash,No,2018,,South,,0,,Flat,,,,,,Dark,336900,0,0,0,2,,,0,,,,,,Auckland Region,Nil,2-way,Sealed,,0,1,,50,,On,0,0,,76,Auckland,Unknown,,,,,0,0,Urban,0,,,Fine,Null
1767437.529,5904918.055,952769,,524604,0,,0,3,,Null,2018/2019,GREAT SOUTH ROAD,TE IRIRANGI DRIVE,,Serious Crash,No,2019,,North,,0,,Flat,,Christmas New Year,,,,Bright sun,780209,1,0,0,4,,,0,,,,,,Auckland Region,Nil,1-way,Sealed,,0,1,,60,,Null,0,0,,76,Auckland,Traffic Signals,,,,,0,0,Urban,0,,,Fine,Null
1757630,5920862,953131,,514103,0,,0,0,,Null,2018/2019,COMMERCE ST,CUSTOMS ST EAST,,Serious Crash,No,2018,,South,,0,,Flat,,,,,,Overcast,438000,0,1,0,2,,,0,,,,,,Auckland Region,Nil,2-way,Sealed,,0,1,,50,,Null,1,0,,76,Auckland,Traffic Signals,,,,,0,0,Urban,0,,,Fine,Null
1751601,5930116,953212,,509100,0,0,0,0,0,South,2017/2018,SH 18,ALBANY HIGHWAY OFF EBD,,Serious Crash,Yes,2018,0,North,0,0,0,Flat,1,,0,,0,Dark,181108,0,0,0,3,0,0,0,0,0,,0,0,Auckland Region,Nil,1-way,Sealed,0,0,1,0,100,0,On,0,0,,76,Auckland,Unknown,0,0,0,0,0,0,Open,1,0,0,Fine,Null
1756106,5930180,953247,,507500,0,,0,1,,South,2017/2018,FORREST HILL ROAD,BLAKEBOROUGH DRIVE,,Fatal Crash,No,2018,,South,,1,,Hill Road,,,,,,Dark,148801,0,0,0,3,,,0,,,1,,,Auckland Region,Nil,2-way,Sealed,,0,0,,50,,On,0,0,,76,Auckland,Nil,,,,,0,0,Urban,0,,,Fine,Null
1775827,5885638,953396,35,521132,0,0,0,1,0,South,2017/2018,HILLVIEW ROAD,DALE SOUTH ROAD,,Serious Crash,No,2018,0,South,0,0,0,Hill Road,0,Christmas New Year,0,,0,Overcast,814200,1,0,0,2,0,0,0,0,0,,0,0,Auckland Region,Nil,2-way,Sealed,0,0,1,0,100,0,Null,0,0,,76,Auckland,Unknown,0,0,0,1,0,0,Open,0,0,0,Light rain,Null
1767085,5879573,953462,,521112,0,,0,1,,East,2018/2019,WAIUKU ROAD,STUART ROAD,,Fatal Crash,No,2018,,East,,1,,Hill Road,,,,,,Dark,826000,0,0,0,2,,,0,,,,,,Auckland Region,Nil,2-way,Sealed,,0,0,,100,,On,0,0,,76,Auckland,Unknown,,,,,1,0,Open,0,,,Mist or Fog,Null
1767483,5904947,953593,,524604,0,,0,1,,East,2018/2019,TE IRIRANGI DRIVE,GREAT SOUTH ROAD,,Serious Crash,No,2018,,West,,0,,Flat,,,,,,Bright sun,780302,0,0,0,5,,,0,,,1,,,Auckland Region,Nil,2-way,Sealed,,0,1,,50,,Null,0,0,,76,Auckland,Unknown,,,,,0,0,Urban,0,,,Fine,Null
1764831,5903799,953604,,524604,0,,0,0,,Null,2017/2018,CAVENDISH DRIVE,CAVENDISH DRIVE ON RAMP,,Fatal Crash,No,2018,,South,,1,,Flat,,,,,,Bright sun,781301,0,0,1,3,,,0,,,,,,Auckland Region,Motorway ramp,1-way,Sealed,,0,0,,60,,Null,0,0,,76,Auckland,Traffic Signals,,,,,1,0,Urban,0,,,Fine,Null
1752672,5933260,953674,,508701,0,0,0,1,0,West,2018/2019,ALBANY EXPRESSWAY,DATA WAY,,Fatal Crash,No,2018,0,East,0,1,0,Flat,1,,0,,0,Overcast,178900,0,0,0,2,0,0,0,0,0,,0,0,Auckland Region,Nil,1-way,Sealed,0,0,1,0,80,0,Null,1,0,,76,Auckland,Unknown,0,0,0,0,0,0,Open,0,0,0,Light rain,Strong wind
1762114,5916348,953721,,516302,0,,0,0,,North,2017/2018,KORAHA ST,BADEN POWELL PLACE,,Serious Crash,No,2018,,South,,0,,Hill Road,,,,,,Dark,463500,0,1,0,2,,,0,,,,,,Auckland Region,Nil,2-way,Sealed,,0,1,,50,,On,0,0,,76,Auckland,Unknown,,,,,0,0,Urban,0,,,Fine,Null
1766245,5916616,953728,,517100,0,0,0,0,0,Null,2018/2019,MAYBURY ST,ELSTREE AVENUE,,Serious Crash,No,2018,0,South,0,0,0,Flat,0,Christmas New Year,0,,0,Dark,477400,0,0,1,2,0,0,0,0,0,,0,0,Auckland Region,Nil,2-way,Sealed,0,0,1,0,50,0,On,0,0,,76,Auckland,Nil,1,0,0,0,0,0,Urban,0,0,0,Fine,Null
1750161,5913818,953763,,511303,0,0,0,1,0,Null,2017/2018,CLARK ST,CROWN LYNN PLACE,,Serious Crash,No,2018,0,East,0,0,0,Flat,0,,0,,0,Overcast,265002,0,0,0,3,0,0,0,0,0,,0,0,Auckland Region,Nil,2-way,Sealed,0,0,1,0,50,0,Null,0,0,,76,Auckland,Give way,0,0,0,1,0,0,Urban,0,0,0,Fine,Null
1745046,5914082,953765,,512904,0,0,0,1,0,Null,2017/2018,WEST COAST ROAD,PARRS CROSS ROAD,,Serious Crash,No,2018,0,East,0,0,1,Flat,1,,0,,0,Bright sun,278104,0,0,0,2,0,1,0,0,0,,0,1,Auckland Region,Nil,2-way,Sealed,0,0,1,0,50,0,Null,0,0,,76,Auckland,Give way,0,0,0,0,0,0,Urban,0,0,0,Fine,Null
1767208,5912314,953771,,522920,0,,0,2,,Null,2017/2018,TI RAKAU DRIVE,EDGEWATER DRIVE,,Serious Crash,No,2018,,West,,0,,Flat,,,,,,Overcast,687002,0,0,0,5,,,0,,,,,,Auckland Region,Nil,2-way,Sealed,,0,3,,60,,Null,0,0,,76,Auckland,Give way,,,,,0,0,Urban,0,,,Heavy rain,Null
1764918,5905782,953803,,522202,0,,0,0,,East,2018/2019,ST GEORGE ST,RANGITOTO ROAD,,Serious Crash,No,2018,,West,,0,,Flat,,Christmas New Year,,,,Dark,663400,0,0,0,2,,,0,,,1,,,Auckland Region,Nil,2-way,Sealed,,0,1,,50,,On,0,0,,76,Auckland,Unknown,,,,,0,0,Urban,1,,,Heavy rain,Strong wind
1756807,5925009,953822,,509702,0,,1,0,,Null,2017/2018,SH 1N,EXMOUTH FTBR,,Serious Crash,Yes,2018,,South,,0,,Flat,,,,,,Dark,366602,0,0,0,4,,,0,,,1,,,Auckland Region,Nil,1-way,Sealed,,0,1,,100,,On,0,0,,76,Auckland,Unknown,,,,,1,0,Open,0,,,Fine,Null
1743390.704,5915443.706,953940,,513012,0,0,0,0,0,West,2018/2019,HENDERSON VALLEY ROAD,PINE AVENUE,,Fatal Crash,No,2018,0,East,1,1,1,Flat,0,,0,,0,Overcast,281101,0,0,1,2,0,0,0,0,0,,0,0,Auckland Region,Nil,2-way,Sealed,0,0,0,0,50,0,Null,0,0,,76,Auckland,Unknown,0,0,0,0,0,0,Urban,0,0,0,Fine,Null