X,Y,OBJECTID,advisorySpeed,areaUnitID,bicycle,bridge,bus,carStationWagon,cliffBank,crashDirectionDescription,crashFinancialYear,crashLocation1,crashLocation2,crashRoadSideRoad,crashSeverity,crashSHDescription,crashYear,debris,directionRoleDescription,ditch,fatalCount,fence,flatHill,guardRail,holiday,houseOrBuilding,intersection,kerb,light,meshblockId,minorInjuryCount,moped,motorcycle,NumberOfLanes,objectThrownOrDropped,otherObject,otherVehicleType,overBank,parkedVehicle,pedestrian,phoneBoxEtc,postOrPole,region,roadCharacter,roadLane,roadSurface,roadworks,schoolBus,seriousInjuryCount,slipOrFlood,speedLimit,strayAnimal,streetLight,suv,taxi,temporarySpeedLimit,tlaId,tlaName,trafficControl,trafficIsland,trafficSign,train,tree,truck,unknownVehicleType,urban,vanOrUtility,vehicle,waterRiver,weatherA,weatherB
1757546,5920891,954091,,514103,0,,0,1,,West,2018/2019,CUSTOMS ST EAST,FORT LANE,,Serious Crash,No,2018,,West,,0,,Flat,,,,,,Dark,438000,0,0,0,5,,,0,,,1,,,Auckland Region,Nil,2-way,Sealed,,0,1,,50,,On,0,0,,76,Auckland,Unknown,,,,,0,0,Urban,0,,,Heavy rain,Null
1759657,5911796,954132,,520000,0,,0,0,,Null,2017/2018,NEILSON ST,VICTORIA ST,,Serious Crash,No,2018,,West,,0,,Flat,,,,,,Bright sun,607100,0,0,0,2,,,0,,,,,,Auckland Region,Nil,1-way,Sealed,,0,1,,50,,Null,1,0,,76,Auckland,Give way,,,,,2,0,Urban,0,,,Fine,Null
1758586,5913619,954168,,519710,1,,0,1,,Null,2017/2018,CAMPBELL ROAD,CLARKE ROAD,,Serious Crash,No,2018,,West,,0,,Hill Road,,,,,,Overcast,594604,0,0,0,1,,,0,,,,,,Auckland Region,Nil,2-way,Sealed,,0,1,,50,,Null,0,0,,76,Auckland,Stop,,,,,0,0,Urban,0,,,Fine,Strong wind
1763865.239,5912640.377,954314,,520500,0,,0,1,,Null,2018/2019,MOUNT WELLINGTON HWY OFF RAMP,MOUNT WELLINGTON HIGHWAY,,Serious Crash,No,2019,,North,,0,,Flat,,,,,,Bright sun,637400,2,0,0,3,,,0,,,,,,Auckland Region,Nil,1-way,Sealed,,0,1,,50,,Off,1,0,,76,Auckland,Traffic Signals,,,,,0,0,Urban,1,,,Fine,Null
1752888.412,5915431.043,954342,,517902,0,,0,2,,Null,2018/2019,RICHARDSON ROAD,OWAIRAKA AVENUE,,Serious Crash,No,2019,,East,,0,,Flat,,,,,,Bright sun,519200,0,0,0,3,,,0,,,,,,Auckland Region,Nil,2-way,Sealed,,0,1,,50,,Off,0,0,,76,Auckland,Give way,,,,,0,0,Urban,0,,,Mist or Fog,Null
1772608.604,5896291.314,954428,,525410,0,,0,1,,South,2018/2019,EAST ST (PAPAKURA),ELLIOT STREET,,Serious Crash,No,2019,,South,,0,,Flat,,,,,,Bright sun,791900,0,0,1,2,,,0,,,,,,Auckland Region,Nil,2-way,Sealed,,0,1,,50,,Off,0,0,,76,Auckland,Nil,,,,,0,0,Urban,0,,,Fine,Null
1746977.542,5910228.429,954578,35,512000,0,,0,2,,South,2019/2020,HUIA ROAD,TITIRANGI ROAD,,Serious Crash,No,2020,,East,,0,,Hill Road,,,,,,Dark,297000,4,0,0,2,,,0,,,,,,Auckland Region,Nil,2-way,Sealed,,0,1,,50,,On,0,0,,76,Auckland,Unknown,,,,,0,0,Urban,0,,,Fine,Null
1758014.763,5914605.936,954656,,519300,0,0,0,4,0,North,2019/2020,MANUKAU RD (CWC),PUKENUI ROAD,,Serious Crash,No,2019,0,North,0,0,0,Flat,0,,0,,0,Dark,624200,1,0,0,3,0,0,0,0,3,,0,0,Auckland Region,Nil,2-way,Sealed,0,0,1,0,50,0,On,0,0,,76,Auckland,Unknown,0,0,0,0,0,0,Urban,0,0,0,Fine,Null
1758079.815,5915352.432,954743,,515802,0,,0,1,,South,2018/2019,MANUKAU ROAD,CLAUDE ROAD,,Serious Crash,No,2019,,North,,0,,Flat,,,,,,Bright sun,448800,0,0,0,2,,,0,,,1,,,Auckland Region,Nil,2-way,Sealed,,0,1,,50,,Off,0,0,,76,Auckland,Unknown,,,,,0,0,Urban,0,,,Fine,Null
1757113.14,5919672.219,954794,,514103,1,,0,1,,South,2018/2019,QUEEN ST (CITY),TURNER STREET,,Fatal Crash,No,2019,,South,,1,,Hill Road,,,,,,Dark,436201,0,0,0,4,,,0,,,,,,Auckland Region,Nil,2-way,Sealed,,0,0,,50,,On,0,0,,76,Auckland,Unknown,,,,,0,0,Urban,0,,,Fine,Null
1756040.322,5887195.055,954865,,521122,0,0,0,0,1,West,2018/2019,WAIAU PA ROAD,ESTUARY VIEW ROAD,,Serious Crash,No,2019,0,East,0,0,1,Flat,0,,0,,0,Dark,810800,0,0,1,2,0,0,0,0,0,,0,0,Auckland Region,Nil,2-way,Sealed,0,0,1,0,100,0,None,0,0,,76,Auckland,Unknown,0,0,0,0,0,0,Open,0,0,0,Fine,Null
1770684.895,5911288.294,954911,,523106,0,,0,1,,North,2018/2019,CHAPEL ROAD,TI RAKAU DRIVE,,Serious Crash,No,2019,,North,,0,,Flat,,,,,,Dark,711174,1,0,0,2,,,0,,,,,,Auckland Region,Nil,1-way,Sealed,,0,1,,60,,On,1,0,,76,Auckland,Give way,,,,,0,0,Urban,0,,,Fine,Null
1768174.781,5907876.212,954970,,523502,0,0,0,1,0,North,2019/2020,EAST TAMAKI RD (EASTBOUND/OTARA) (SW),PRESTON ROAD,,Serious Crash,No,2019,0,North,0,0,1,Flat,0,,1,,0,Twilight,703800,1,0,0,4,0,0,0,0,0,,0,0,Auckland Region,Nil,2-way,Sealed,0,0,1,0,60,0,On,0,0,,76,Auckland,Unknown,0,0,0,0,0,0,Urban,0,0,0,Fine,Null
1759423.919,5916476.814,955287,,516001,0,,0,1,,North,2018/2019,01N-0431-I,OMAHU OBR,,Serious Crash,Yes,2019,,South,,0,,Flat,,,,,,Overcast,491700,0,0,1,3,,,0,,,,,,Auckland Region,Nil,1-way,Sealed,,0,1,,100,,Off,0,0,,76,Auckland,Unknown,,,,,1,0,Open,0,,,Fine,Null
1767335.793,5904982.956,955432,,524603,0,0,0,1,0,North,2018/2019,OFF ROAD PITA PIT MANUKAU - GREAT SOUTH ROAD,,,Serious Crash,No,2019,0,North,0,0,0,Flat,0,,1,,1,Bright sun,780205,0,0,0,0,0,0,0,0,0,1,0,0,Auckland Region,Nil,Off road,Sealed,0,0,1,0,10,0,Off,0,0,,76,Auckland,Unknown,0,0,0,0,0,0,Urban,0,0,0,Fine,Null
1731653.438,5975144.615,955442,45,506613,0,,0,0,,Null,2018/2019,KAIPARA COAST HIGHWAY,MERTON ROAD,,Serious Crash,Yes,2019,,North,,0,,Hill Road,,,,,,Bright sun,145100,0,0,1,2,,,0,,,,,,Auckland Region,Nil,2-way,Sealed,,0,1,,100,,None,0,0,,76,Auckland,Nil,,,,,1,0,Open,0,,,Fine,Null
1759016.398,5912188.295,955477,,519820,0,0,0,1,0,Null,2019/2020,CHURCH STREET,ONEHUNGA MALL,,Serious Crash,No,2019,0,West,0,0,0,Flat,0,,1,,0,Overcast,601800,0,0,0,2,0,0,0,0,0,,0,0,Auckland Region,Nil,2-way,Sealed,0,0,1,0,50,0,Off,0,0,,76,Auckland,Give way,1,0,0,0,0,0,Urban,0,0,0,Fine,Null
1755494.794,5912675.166,955486,,518701,0,,0,2,,Null,2018/2019,ARUNDEL STREET,ROGAN STREET,,Serious Crash,No,2019,,East,,0,,Flat,,,,,,Overcast,574400,0,0,0,2,,,0,,,,,,Auckland Region,Nil,2-way,Sealed,,0,1,,50,,Off,0,0,,76,Auckland,Stop,,,,,0,0,Urban,0,,,Fine,Null
1764505.46,5917929.248,955539,,516301,0,,0,1,,North,2019/2020,ST JOHNS ROAD,FELTON MATHEW AVENUE,,Serious Crash,No,2020,,North,,0,,Flat,,,,,,Overcast,461700,0,0,0,2,,,0,,,1,,,Auckland Region,Nil,2-way,Sealed,,0,1,,50,,Off,0,0,,76,Auckland,Nil,,,,,0,0,Urban,0,,,Fine,Null
1755931.894,5928177.116,955560,,507900,0,0,0,0,0,North,2019/2020,01N-0414-I,WAIRAU ROAD OBR,,Serious Crash,Yes,2019,0,South,0,0,0,Flat,1,,0,,0,Twilight,307000,0,0,1,3,0,0,0,0,0,,0,0,Auckland Region,Nil,1-way,Sealed,0,0,1,0,100,0,On,0,0,,76,Auckland,Unknown,0,0,0,0,0,0,Open,0,0,0,Fine,Null
1763915.828,5889252.605,955575,,521122,0,0,0,1,0,North,2018/2019,BATTY RD,Birch road,,Serious Crash,No,2019,0,North,0,0,0,Flat,0,,0,,0,Bright sun,809800,0,0,0,2,0,0,0,0,0,,0,1,Auckland Region,Nil,2-way,Sealed,0,0,1,0,100,0,None,0,0,,76,Auckland,Unknown,0,0,0,0,0,0,Open,0,0,0,Fine,Null
1768168.527,5911776.527,955690,,522910,0,,0,0,,South,2018/2019,TI RAKAU DRIVE,FREMANTLE PLACE,,Serious Crash,No,2019,,West,,0,,Flat,,,,,,Overcast,687802,0,0,1,4,,,0,,,,,,Auckland Region,Nil,2-way,Sealed,,0,1,,60,,Off,0,0,,76,Auckland,Unknown,,,,,0,0,Urban,0,,,Fine,Null
1728812.957,5933035.237,955746,,506652,0,,0,1,,Null,2019/2020,SH 16,KIWITAHI ROAD,,Serious Crash,Yes,2019,,South,,0,,Flat,,,,,,Overcast,218300,0,0,0,2,,,0,,,,,,Auckland Region,Nil,2-way,Sealed,,0,1,,100,,Off,0,0,,76,Auckland,Give way,,,,,1,0,Open,0,,,Light rain,Null
1759624.335,5916004.047,955763,,519200,0,,0,2,,Null,2019/2020,GREAT SOUTH ROAD,MOMONA ROAD,,Serious Crash,No,2019,,North,,0,,Flat,,,,,,Bright sun,616000,0,0,1,4,,,0,,,,,,Auckland Region,Nil,2-way,Sealed,,0,1,,50,,On,0,0,,76,Auckland,Give way,,,,,0,0,Urban,0,,,Fine,Null
1766222.805,5889242.074,955837,,521122,0,,0,1,,North,2019/2020,LEWIS RD (KARAKA),CHARLES ROAD,,Serious Crash,No,2019,,West,,0,,Flat,,,,,,Twilight,810000,0,0,0,2,,,0,,,,,,Auckland Region,Nil,2-way,Sealed,,0,1,,100,,None,0,0,,76,Auckland,Unknown,,,,,0,0,Open,0,,,Light rain,Null
1760001.047,5906269.763,956040,,524111,0,0,0,0,0,Null,2018/2019,MASSEY ROAD,THOMAS ROAD,,Serious Crash,No,2018,0,East,0,0,0,Flat,0,Christmas New Year,0,,0,Dark,740300,0,0,0,2,0,0,0,0,0,,0,1,Auckland Region,Nil,2-way,Sealed,0,0,1,0,60,0,On,1,0,30,76,Auckland,Give way,0,0,0,0,0,0,Urban,0,0,0,Heavy rain,Null
1768702.04,5899493.569,956090,,525101,0,0,0,1,0,East,2019/2020,MAHIA RD,BOON STREET,,Serious Crash,No,2019,0,West,0,0,0,Flat,0,,0,,0,Dark,770400,0,0,0,2,0,0,0,0,1,,0,0,Auckland Region,Nil,2-way,Sealed,0,0,1,0,50,0,On,0,0,,76,Auckland,Unknown,0,0,0,0,1,0,Urban,0,0,0,Fine,Null
1757263.016,5919450.134,956252,,514103,0,,0,1,,West,2018/2019,SYMONDS ST (CITY),ST MARTINS LANE,,Serious Crash,No,2019,,North,,0,,Flat,,,,,,Overcast,436500,0,0,0,4,,,0,,,1,,,Auckland Region,Nil,2-way,Sealed,,0,1,,50,,Off,0,0,,76,Auckland,Unknown,,,,,0,0,Urban,0,,,Fine,Null
1757221.62,5919393.811,956265,,514301,0,,1,0,,Null,2018/2019,SYMONDS STREET,GRAFTON BRIDGE,,Fatal Crash,No,2019,,West,,1,,Flat,,,,,,Bright sun,440904,0,0,0,6,,,0,,,1,,,Auckland Region,Nil,2-way,Sealed,,0,0,,50,,Off,0,0,,76,Auckland,Traffic Signals,,,,,0,0,Urban,0,,,Fine,Null
1736266.748,5942076.526,956458,65,506646,0,0,0,0,0,South,2018/2019,PEAK RD,CHATHAM ROAD,,Serious Crash,No,2019,0,South,0,0,0,Flat,0,,0,,0,Overcast,211800,0,0,0,1,0,0,0,0,0,,0,1,Auckland Region,Nil,2-way,Sealed,0,0,1,0,80,0,Off,0,0,,76,Auckland,Unknown,0,0,0,0,0,0,Open,1,0,0,Light rain,Null
1729885.609,5957748.277,956518,,506613,0,0,0,2,0,North,2018/2019,016-0069,BARR ROAD,,Fatal Crash,Yes,2019,0,North,1,1,0,Flat,0,,0,,0,Dark,146300,2,0,0,2,0,0,0,0,0,,0,0,Auckland Region,Nil,2-way,Sealed,0,0,1,0,100,0,None,0,0,,76,Auckland,Unknown,0,0,0,0,0,0,Open,0,0,0,Fine,Null
1755972.278,5881424.943,956615,,521152,0,,0,1,,North,2018/2019,GLENBROOK RD,Brookside Road,,Fatal Crash,No,2019,,West,,1,,Hill Road,,,,,,Overcast,834300,2,0,0,2,,,0,,,,,,Auckland Region,Nil,2-way,Sealed,,0,1,,80,,None,0,0,,76,Auckland,Unknown,,,,,0,0,Open,1,,,Fine,Null
1759586.934,5917044.467,956713,,516102,1,,0,1,,Null,2019/2020,REMUERA ROAD,MARKET ROAD,,Serious Crash,No,2019,,West,,0,,Flat,,,,,,Bright sun,484900,0,0,0,4,,,0,,,,,,Auckland Region,Nil,2-way,Sealed,,0,1,,50,,Off,0,0,,76,Auckland,Traffic Signals,,,,,0,0,Urban,0,,,Fine,Null
1823884.158,5982535.603,956816,65,521000,0,0,0,0,0,West,2019/2020,MEDLAND ROAD,MITCHENER ROAD,,Serious Crash,No,2020,0,East,0,0,0,Hill Road,0,,0,,0,Dark,439000,0,0,1,2,0,0,0,1,0,,0,0,Auckland Region,Nil,2-way,Sealed,0,0,1,0,100,0,None,0,0,,76,Auckland,Nil,0,0,0,1,0,0,Open,0,0,0,Fine,Null
1738447.5,5978897.321,956820,,506660,0,,0,1,,South,2019/2020,SH 1,MCPHERSON WAY,,Serious Crash,Yes,2019,,North,,0,,Hill Road,,Christmas New Year,,,,Overcast,136400,0,0,1,2,,,0,,,,,,Auckland Region,Nil,2-way,Sealed,,0,1,,100,,None,0,0,,76,Auckland,Unknown,,,,,0,0,Open,0,,,Light rain,Null
1754937.085,5879386.12,956879,,521152,0,0,0,1,1,North,2019/2020,GLENBROOK-WAIUKU RD,WAITANGI FALLS ROAD,,Serious Crash,No,2019,0,South,1,0,0,Hill Road,0,,0,,0,Dark,834300,0,0,0,3,0,0,0,0,0,,0,0,Auckland Region,Nil,2-way,Sealed,0,0,1,0,90,0,None,0,0,,76,Auckland,Unknown,0,0,0,0,0,0,Open,0,0,0,Fine,Null
1771893.84,5915418.42,956911,,521501,0,,0,1,,East,2019/2020,MELLONS BAY RD,PICTON STREET,,Serious Crash,No,2019,,East,,0,,Hill Road,,,,,,Dark,651800,0,0,1,2,,,0,,,,,,Auckland Region,Nil,2-way,Sealed,,0,1,,50,,On,0,0,,76,Auckland,Unknown,,,,,0,0,Urban,0,,,Fine,Null
1753583.494,5929370.496,957007,,508411,0,0,0,2,0,South,2019/2020,GLENFIELD RD,JAMES STREET,,Serious Crash,No,2019,0,North,0,0,0,Flat,0,,0,,1,Overcast,184000,0,0,1,3,0,0,0,0,0,,0,0,Auckland Region,Nil,2-way,Sealed,0,0,1,0,50,0,Off,0,0,,76,Auckland,Nil,0,0,0,0,0,0,Urban,1,0,0,Fine,Null
1765456.367,5907121.006,957020,,522201,0,,1,1,,Null,2019/2020,GREAT SOUTH ROAD,SHIRLEY ROAD,,Serious Crash,No,2019,,East,,0,,Flat,,,,,,Overcast,662300,1,0,0,2,,,0,,,,,,Auckland Region,Nil,2-way,Sealed,,0,1,,50,,Off,0,0,,76,Auckland,Nil,,,,,0,0,Urban,0,,,Fine,Null
1751191.517,5915020.018,957107,,514402,1,,0,1,,Null,2019/2020,ST GEORGES ROAD,GREAT NORTH ROAD,,Serious Crash,No,2019,,North,,0,,Hill Road,,,,,,Dark,381200,0,0,0,2,,,0,,,,,,Auckland Region,Nil,2-way,Sealed,,0,1,,50,,On,0,0,,76,Auckland,Give way,,,,,0,0,Urban,0,,,Mist or Fog,Frost
1767305.861,5906370.755,957206,,522302,0,0,0,0,0,North,2019/2020,SOUTHERN MOTORWAY,REAGAN OBR,,Serious Crash,Yes,2020,0,North,0,0,0,Flat,1,,0,,0,Dark,670200,2,0,0,3,0,0,0,0,0,,0,0,Auckland Region,Nil,1-way,Sealed,0,0,1,0,100,0,On,0,0,,76,Auckland,Nil,0,0,0,0,0,0,Open,1,0,0,Fine,Null
1754147.91,5920427.934,957234,,515301,0,0,1,2,0,Null,2019/2020,"WEST END ROAD, HERNE BAY, AUCKLAND",,,Serious Crash,No,2019,0,East,0,0,0,Hill Road,0,,0,,0,Bright sun,426301,1,0,0,2,0,0,0,0,2,,0,0,Auckland Region,Nil,2-way,Sealed,0,0,1,0,50,0,Off,2,0,,76,Auckland,Unknown,0,0,0,0,0,0,Urban,0,0,0,Fine,Null
1771342.065,5900043.834,957268,,523911,0,,0,0,,Null,2019/2020,PORCHESTER ROAD,POPES ROAD,,Serious Crash,No,2019,,South,,0,,Flat,,,,,,Overcast,767100,1,0,0,2,,,0,,,,,,Auckland Region,Nil,2-way,Sealed,,0,1,,60,,Off,1,0,,76,Auckland,Stop,,,,,0,0,Urban,1,,,Light rain,Null
1752960.77,5913598.129,957298,,514500,0,,0,1,,South,2019/2020,NEW WINDSOR ROAD,DALLAS PLACE,,Serious Crash,No,2019,,South,,0,,Hill Road,,,,,,Bright sun,374400,0,0,1,2,,,0,,,,,,Auckland Region,Nil,2-way,Sealed,,0,1,,50,,None,0,0,,76,Auckland,Nil,,,,,0,0,Urban,0,,,Fine,Null
1773232.568,5898446.847,957347,,523912,0,0,0,0,0,East,2018/2019,WALTERS RD (PAPAKURA),GROVE ROAD,,Serious Crash,No,2019,0,East,0,0,0,Flat,0,,0,,0,Bright sun,765410,0,0,0,2,0,0,0,0,1,,0,0,Auckland Region,Nil,2-way,Sealed,0,0,1,0,50,0,None,0,0,,76,Auckland,Unknown,0,0,0,0,2,0,Urban,0,0,0,Fine,Null
1782147.09,5901512.518,957410,,525201,0,0,0,1,1,Null,2019/2020,TOURIST ROAD,MONUMENT ROAD,,Serious Crash,No,2019,0,East,0,0,0,Flat,0,,0,,0,Dark,763400,0,0,0,2,0,0,0,0,0,,0,0,Auckland Region,Nil,2-way,Sealed,0,0,1,0,100,0,None,0,0,,76,Auckland,Stop,0,0,0,1,0,0,Open,0,0,0,Fine,Null
1753646.628,5932170.926,957729,,508805,0,,0,0,,North,2019/2020,01N-0398/11.53-I,UPPER HARBOUR HWY OFF RAMP,,Serious Crash,Yes,2019,,South,,0,,Flat,,,,,,Bright sun,180866,0,0,0,2,,,0,,,,,,Auckland Region,Nil,1-way,Sealed,,0,2,,100,,Off,1,0,,76,Auckland,Unknown,,,,,0,0,Open,1,,,Fine,Null
1741793.453,5919095.528,957743,,513101,1,0,0,1,0,West,2019/2020,SWANSON ROAD,BIRDWOOD ROAD,,Serious Crash,No,2020,0,East,0,0,0,Flat,0,,0,,0,Overcast,238002,0,0,0,2,0,0,0,0,1,,0,0,Auckland Region,Nil,2-way,Sealed,0,0,1,0,50,0,Off,0,0,,76,Auckland,Unknown,0,0,0,0,0,0,Urban,0,0,0,Fine,Null
1749472.415,5958937.371,957859,,506613,0,0,0,3,1,North,2019/2020,SH 1,COOK ROAD,,Serious Crash,Yes,2020,0,North,0,0,0,Flat,0,,0,,0,Overcast,147106,3,0,0,2,0,0,0,0,0,,0,0,Auckland Region,Nil,2-way,Sealed,0,0,1,0,100,0,None,0,0,,76,Auckland,Unknown,0,0,0,0,0,0,Open,1,0,0,Fine,Null
1757244.008,5928764.943,957876,,507800,0,0,0,2,0,North,2019/2020,SHAKESPEARE RD (TAKAPUNA),STRATFORD AVENUE,,Serious Crash,No,2019,0,East,0,0,0,Flat,0,,0,,0,Dark,307300,0,0,0,2,0,0,0,0,1,,0,0,Auckland Region,Nil,2-way,Sealed,0,0,2,0,50,0,On,0,0,,76,Auckland,Unknown,0,0,0,0,0,0,Urban,0,0,0,Fine,Null
1766720.104,5912983.725,957888,,522910,0,,0,1,,Null,2018/2019,REEVES ROAD,CORTINA PLACE,,Serious Crash,No,2019,,South,,0,,Flat,,,,,,Overcast,684000,0,0,0,4,,,0,,,1,,,Auckland Region,Nil,2-way,Sealed,,0,1,,50,,Off,0,0,,76,Auckland,Give way,,,,,0,0,Urban,0,,,Fine,Null
1772139.94,5912084.793,958023,,523114,0,,0,1,,Null,2019/2020,POINT VIEW DRIVE,WHITFORD ROAD,,Serious Crash,No,2019,,North,,0,,Flat,,,,,,Bright sun,718004,0,0,1,2,,,0,,,,,,Auckland Region,Nil,2-way,Sealed,,0,1,,50,,Off,0,0,,76,Auckland,Give way,,,,,0,0,Urban,0,,,Fine,Null
1766356.519,5907729.067,958150,,523402,0,,0,1,,West,2018/2019,ASHTON AVE,OTARA ROAD,,Serious Crash,No,2019,,East,,0,,Flat,,,,,,Bright sun,698700,0,0,0,2,,,0,,,1,,,Auckland Region,Nil,2-way,Sealed,,0,1,,50,,Off,0,0,,76,Auckland,Unknown,,,,,0,0,Urban,0,,,Light rain,Null
1769888.746,5899590.673,958231,,523911,0,,0,0,,North,2018/2019,SH 1,Takanini Off Ramp,,Serious Crash,Yes,2019,,South,,0,,Flat,,,,,,Overcast,766500,0,0,1,2,,,0,,,,,,Auckland Region,Motorway ramp,1-way,Sealed,,0,1,,100,,Off,0,0,80,76,Auckland,Unknown,,,,,1,0,Open,1,,,Heavy rain,Null
1763966.746,5918934.495,958336,,516601,1,,0,0,,South,2018/2019,SOUTHERN CROSS ROAD,SPROTT ROAD,,Fatal Crash,No,2019,,West,,1,,Hill Road,,,,,,Twilight,505803,0,0,0,2,,,0,,,,,,Auckland Region,Nil,2-way,Sealed,,0,0,,50,,Off,0,0,,76,Auckland,Nil,,,,,0,0,Urban,0,,,Fine,Null
1739681.019,5977486.771,958456,,506660,0,0,0,0,0,Null,2019/2020,SH 1,RIVER ROAD,,Fatal Crash,Yes,2019,0,South,0,1,0,Flat,1,,0,,0,Bright sun,136700,0,0,0,2,0,0,0,0,0,,0,0,Auckland Region,Nil,2-way,Sealed,0,0,0,0,80,0,None,1,0,50,76,Auckland,Nil,0,0,0,0,1,0,Open,0,0,0,Fine,Null
1745993.554,5918201.923,958464,45,512500,0,,0,1,,Null,2019/2020,CENTRAL PARK DRIVE,SWAN LANE,,Serious Crash,No,2019,,North,,0,,Flat,,,,,,Bright sun,257004,0,0,1,2,,,0,,,,,,Auckland Region,Nil,2-way,Sealed,,0,1,,50,,Off,0,0,,76,Auckland,Give way,,,,,0,0,Urban,0,,,Fine,Null
1739115.894,5919319.155,958542,,513702,0,,1,0,,West,2018/2019,WAITAKERE ROAD,KAY ROAD,,Fatal Crash,No,2019,,East,,1,,Hill Road,,,,,,Overcast,230100,1,0,0,2,,,0,,,,,,Auckland Region,Nil,2-way,Sealed,,0,0,,80,,Off,0,0,,76,Auckland,Nil,,,,,1,0,Open,0,,,Light rain,Null
1757821.575,5920555.433,958640,,514103,0,,0,1,,North,2019/2020,PRINCES ST (CITY),WATERLOO QUADRANT,,Serious Crash,No,2019,,North,,0,,Flat,,,,,,Dark,437800,0,0,1,2,,,0,,,,,,Auckland Region,Nil,2-way,Sealed,,0,1,,50,,On,0,1,,76,Auckland,Unknown,,,,,0,0,Urban,0,,,Fine,Null
1760746.085,5915435.816,958764,,520201,0,0,0,2,0,South,2018/2019,01N-0431-D,WALPOLE OBR,,Serious Crash,Yes,2019,0,North,0,0,0,Flat,0,,0,,0,Dark,613000,0,0,0,4,0,0,0,0,0,,0,1,Auckland Region,Nil,1-way,Sealed,0,0,1,0,100,0,On,0,1,,76,Auckland,Unknown,0,0,0,0,0,0,Open,1,0,0,Fine,Null
1765885.857,5906521.118,958814,,522202,0,,0,1,,Null,2018/2019,GREAT SOUTH ROAD,REX LANE,,Serious Crash,No,2019,,West,,0,,Flat,,,,,,Overcast,663800,1,0,0,4,,,0,,,2,,,Auckland Region,Nil,2-way,Sealed,,0,1,,50,,Off,0,0,,76,Auckland,Nil,,,,,0,0,Urban,0,,,Fine,Null
1775594.435,5907896.208,958838,,523202,0,,0,0,,Null,2018/2019,WHITFORD PARK RD,BROWNHILL RD,,Serious Crash,No,2019,,East,,0,,Flat,,,,,,Bright sun,716603,0,0,1,2,,,0,,,,,,Auckland Region,Nil,2-way,Sealed,,0,1,,100,,Off,0,0,,76,Auckland,Unknown,,,,,1,0,Open,0,,,Fine,Null
1751234.289,5912207.689,958859,,514700,1,,0,0,,East,2019/2020,KINROSS STREET,ENDEAVOUR STREET,,Serious Crash,No,2020,,West,,0,,Hill Road,,,,,,Twilight,368200,0,0,0,2,,,0,,,,,,Auckland Region,Nil,2-way,Sealed,,0,1,,50,,Off,0,0,,76,Auckland,Nil,,,,,0,0,Urban,0,,,Fine,Null
1766917.461,5901534.344,958957,,524720,0,0,0,1,0,West,2019/2020,RUSSELL ROAD,ARBOR CLOSE,,Serious Crash,No,2020,0,South,0,0,1,Flat,0,,0,,1,Dark,777900,0,0,0,2,0,0,0,0,0,,0,1,Auckland Region,Nil,2-way,Sealed,0,0,1,0,50,0,On,0,0,,76,Auckland,Nil,0,0,0,0,0,0,Urban,0,0,0,Fine,Null
1766533.088,5905738.914,959023,,522400,0,0,0,1,0,West,2020/2021,ALLENBY ROAD,BUCKINGHAM CRESCENT,,Serious Crash,No,2021,0,West,0,0,0,Flat,0,,0,,0,Dark,671400,1,0,0,2,0,0,0,0,0,,0,0,Auckland Region,Nil,2-way,Sealed,0,0,2,0,50,0,On,0,0,,76,Auckland,Nil,0,0,0,1,0,0,Urban,0,0,0,Fine,Null
1758924.44,5909916.471,959178,,524002,0,0,0,1,0,Null,2020/2021,MCINTYRE ROAD,WOODWARD AVENUE,,Serious Crash,No,2020,0,East,0,0,0,Flat,0,,1,,0,Bright sun,722502,2,0,0,1,0,0,0,0,0,,0,0,Auckland Region,Nil,2-way,Sealed,0,0,1,0,50,0,Off,1,0,,76,Auckland,Give way,0,0,0,0,0,0,Urban,0,0,0,Fine,Null
1758536.474,5918457.812,959307,,517400,0,0,1,0,0,North,2020/2021,BROADWAY,KHYBER PASS ROAD,,Serious Crash,No,2020,0,North,0,0,0,Flat,0,,0,,0,Bright sun,451000,0,0,0,2,0,0,0,0,0,1,0,0,Auckland Region,Bridge,2-way,Sealed,0,0,1,0,50,0,Off,0,0,,76,Auckland,Nil,0,1,0,0,0,0,Urban,0,0,0,Fine,Null
1755259.6,5877645.166,959328,75,521152,0,0,0,1,0,North,2020/2021,GLENBROOK-WAIUKU ROAD,CAMERON ROAD,,Serious Crash,No,2020,0,North,0,0,0,Hill Road,0,,0,,0,Dark,832900,0,0,0,2,0,0,0,0,0,,0,0,Auckland Region,Nil,2-way,Sealed,0,0,2,0,80,0,None,0,0,,76,Auckland,Nil,0,0,0,1,0,0,Open,0,0,0,Fine,Null
1769391.773,5902239.696,959356,,524901,0,,0,1,,North,2019/2020,SOUTHERN MOTORWAY,HILL ROAD ON RAMP,,Serious Crash,Yes,2020,,North,,0,,Flat,,,,,,Bright sun,755600,1,0,1,4,,,0,,,,,,Auckland Region,Nil,1-way,Sealed,,0,1,,100,,Off,0,0,,76,Auckland,Nil,,,,,0,0,Open,0,,,Fine,Null