X,Y,OBJECTID,advisorySpeed,areaUnitID,bicycle,bridge,bus,carStationWagon,cliffBank,crashDirectionDescription,crashFinancialYear,crashLocation1,crashLocation2,crashRoadSideRoad,crashSeverity,crashSHDescription,crashYear,debris,directionRoleDescription,ditch,fatalCount,fence,flatHill,guardRail,holiday,houseOrBuilding,intersection,kerb,light,meshblockId,minorInjuryCount,moped,motorcycle,NumberOfLanes,objectThrownOrDropped,otherObject,otherVehicleType,overBank,parkedVehicle,pedestrian,phoneBoxEtc,postOrPole,region,roadCharacter,roadLane,roadSurface,roadworks,schoolBus,seriousInjuryCount,slipOrFlood,speedLimit,strayAnimal,streetLight,suv,taxi,temporarySpeedLimit,tlaId,tlaName,trafficControl,trafficIsland,trafficSign,train,tree,truck,unknownVehicleType,urban,vanOrUtility,vehicle,waterRiver,weatherA,weatherB
1768772.259,5905026.247,959360,,523722,0,,0,1,,Null,2020/2021,HOLLYFORD DRIVE,ASPIRING AVENUE,,Serious Crash,No,2021,,South,,0,,Hill Road,,,,,,Dark,716009,1,0,0,2,,,0,,,,,,Auckland Region,Nil,2-way,Sealed,,0,1,,50,,On,0,0,,76,Auckland,Give way,,,,,1,0,Urban,0,,,Fine,Null
1760097.345,5918317.516,959371,,516102,0,0,0,3,0,North,2020/2021,PORTLAND ROAD,WHARUA ROAD,,Serious Crash,No,2021,0,South,0,0,0,Flat,0,,0,,0,Dark,482500,0,0,0,2,0,0,0,0,1,,0,0,Auckland Region,Nil,2-way,Sealed,0,0,1,0,50,0,On,0,0,,76,Auckland,Nil,0,0,0,0,0,0,Urban,0,0,0,Fine,Null
1746235.92,5943158.03,959414,,506614,0,0,0,1,0,West,2020/2021,KAHIKATEA FLAT ROAD,DAIRY FLAT HIGHWAY,,Fatal Crash,No,2020,0,North,1,1,0,Flat,0,Christmas New Year,0,,0,Bright sun,177803,0,0,0,2,0,0,0,0,0,,0,0,Auckland Region,Nil,2-way,Sealed,0,0,0,0,60,0,None,0,0,,76,Auckland,Nil,0,0,0,0,1,0,Urban,0,0,0,Fine,Null
1755208.969,5914257.74,959479,,518803,0,,0,1,,East,2019/2020,MOUNT ALBERT ROAD,DOMINION ROAD,,Serious Crash,No,2020,,East,,0,,Flat,,Easter,,,,Bright sun,580700,2,0,1,4,,,0,,,,,,Auckland Region,Nil,2-way,Sealed,,0,1,,50,,Off,0,0,,76,Auckland,Nil,,,,,0,0,Urban,0,,,Fine,Null
1763963.384,5910012.297,959569,,521901,0,0,0,4,0,North,2020/2021,GREAT SOUTH ROAD,GORDON ROAD,,Serious Crash,No,2021,0,South,0,0,0,Flat,0,,0,,0,Dark,782600,4,0,0,2,0,0,0,0,1,,0,0,Auckland Region,Nil,2-way,Sealed,0,0,1,0,30,0,On,0,0,,76,Auckland,Nil,0,0,0,0,0,0,Urban,0,0,0,Fine,Null
1766572.439,5899869.624,959654,,524713,0,,0,1,,Null,2020/2021,WEYMOUTH ROAD,JOHN WALKER DRIVE,,Serious Crash,No,2021,,East,,0,,Hill Road,,,,,,Overcast,775805,2,0,0,2,,,0,,,,,,Auckland Region,Nil,2-way,Sealed,,0,1,,50,,Off,0,0,,76,Auckland,Give way,,,,,0,0,Urban,1,,,Heavy rain,Null
1762018.461,5906535.331,959733,,524302,0,,0,1,,Null,2019/2020,HENWOOD ROAD,ALLEN STREET,,Serious Crash,No,2020,,South,,0,,Flat,,,,,,Overcast,743600,0,0,1,2,,,0,,,,,,Auckland Region,Nil,2-way,Sealed,,0,1,,50,,Off,0,0,,76,Auckland,Give way,,,,,0,0,Urban,0,,,Fine,Null
1745917.483,5920450.604,959754,,513301,0,,0,1,,East,2020/2021,NORTH-WESTERN MOTORWAY,LINCOLN ROAD ON RAMP,,Serious Crash,Yes,2020,,West,,0,,Flat,,,,,,Dark,230200,0,0,0,4,,,0,,,,,,Auckland Region,Nil,1-way,Sealed,,0,2,,100,,On,0,0,,76,Auckland,Nil,,,,,0,0,Open,1,,,Fine,Null
1746630.068,5926017.863,959811,,513432,1,,0,1,,Null,2019/2020,HOBSONVILLE ROAD,BRIGHAM CREEK ROAD,,Serious Crash,No,2020,,North,,0,,Flat,,,,,,Dark,223005,0,0,0,2,,,0,,,,,,Auckland Region,Nil,2-way,Sealed,,0,1,,50,,On,0,0,,76,Auckland,Give way,,,,,0,0,Urban,0,,,Fine,Null
1759331.02,5907367.673,960117,,524122,0,0,0,2,0,East,2020/2021,IDLEWILD AVENUE,CONVAIR CRESCENT,,Serious Crash,No,2020,0,West,0,0,0,Flat,0,,0,,0,Overcast,738901,1,0,0,2,0,0,0,0,1,,1,0,Auckland Region,Nil,2-way,Sealed,0,0,1,0,50,0,Off,0,0,,76,Auckland,Nil,0,0,0,0,0,0,Urban,0,0,0,Fine,Null
1766858.362,5912699.047,960232,,522920,0,0,0,1,0,Null,2019/2020,TI RAKAU DRIVE,MATTSON ROAD,,Serious Crash,No,2019,0,North,0,0,0,Flat,1,,0,,1,Bright sun,686800,0,0,0,2,0,0,0,0,0,,0,1,Auckland Region,Nil,1-way,Sealed,0,0,1,0,60,0,Off,0,0,,76,Auckland,Traffic Signals,0,0,0,0,0,0,Urban,0,0,0,Fine,Null
1763400.671,5904931.863,960273,,524303,0,,0,1,,North,2019/2020,SOUTH-WESTERN MOTORWAY,PUHINUI ROAD-SH 20B OFF RAMP,,Serious Crash,Yes,2020,,South,,0,,Flat,,,,,,Dark,746301,0,0,0,2,,,0,,,1,,,Auckland Region,Nil,1-way,Sealed,,0,1,,100,,On,0,0,,76,Auckland,Nil,,,,,0,0,Open,0,,,Fine,Null
1757277.073,5916847.804,960312,,515700,0,0,0,2,0,East,2020/2021,OWENS ROAD,EPSOM AVENUE,,Fatal Crash,No,2020,0,North,0,1,0,Flat,0,,0,,0,Overcast,445100,0,0,0,2,0,0,0,0,2,,0,0,Auckland Region,Nil,2-way,Sealed,0,0,0,0,50,0,Off,0,0,,76,Auckland,Nil,0,0,0,0,0,0,Urban,1,0,0,Fine,Null
1751702.577,5917124.808,960377,,514900,0,0,0,1,0,Null,2020/2021,GREAT NORTH ROAD,ALFORD STREET,,Fatal Crash,No,2021,0,South,0,1,1,Flat,0,Queens Birthday,0,,0,Dark,384701,1,0,0,4,0,0,0,0,0,,0,0,Auckland Region,Nil,2-way,Sealed,0,0,1,0,50,0,On,0,0,,76,Auckland,Traffic Signals,0,1,0,0,0,0,Urban,1,0,0,Fine,Null
1767313.568,5905105.105,960378,,524603,0,,0,2,,Null,2020/2021,GREAT SOUTH ROAD,RYAN PLACE,,Serious Crash,No,2021,,North,,0,,Flat,,,,,,Dark,780304,0,0,0,4,,,0,,,,,,Auckland Region,Nil,2-way,Sealed,,0,2,,60,,On,0,0,,76,Auckland,Traffic Signals,,,,,0,0,Urban,0,,,Fine,Null
1763537.481,5891200.614,960389,,521122,0,,0,2,,East,2019/2020,LINWOOD ROAD,BATTY ROAD,,Fatal Crash,No,2020,,West,,1,,Flat,,,,,,Dark,809900,2,0,0,2,,,0,,,,,,Auckland Region,Nil,2-way,Sealed,,0,0,,70,,None,0,0,,76,Auckland,Nil,,,,,2,0,Urban,0,,,Fine,Null
1749579.756,5927955.289,960396,,509100,0,0,0,1,1,West,2020/2021,TAUHINU ROAD ON RAMP,TAUHINU ROAD,,Serious Crash,No,2020,0,West,0,0,0,Hill Road,1,,0,,0,Overcast,181400,1,0,0,1,0,0,0,0,0,,0,1,Auckland Region,Motorway ramp,1-way,Sealed,0,0,1,0,100,0,Off,0,0,,76,Auckland,Nil,0,0,0,0,0,0,Open,0,0,0,Fine,Null
1755304.256,5880413.177,960403,,521152,0,0,0,0,0,South,2020/2021,GLENBROOK-WAIUKU ROAD,BANCROFT,,Serious Crash,No,2021,0,North,0,0,0,Hill Road,0,,0,,0,Dark,834300,0,0,0,2,0,0,0,0,0,,0,0,Auckland Region,Nil,2-way,Sealed,0,0,5,0,60,0,None,0,0,,76,Auckland,Nil,0,1,0,0,0,0,Urban,1,0,0,Fine,Null
1758608.71,5926276.527,960480,,508020,1,,0,0,,Null,2017/2018,LAKE ROAD ,HART ROAD,,Serious Crash,No,2017,,North,,0,,Null,,,,,,Unknown,323500,0,0,0,4,,,0,,,,,,Auckland Region,Nil,2-way,Sealed,,0,1,,50,,Null,1,0,,76,Auckland,Give way,,,,,0,0,Urban,0,,,Null,Null
1764567.134,5910823.523,960505,,520500,0,0,0,1,0,South,2019/2020,WALTERS ROAD,PARRY ROAD,,Serious Crash,No,2020,0,West,0,0,0,Flat,0,,0,,0,Dark,638500,1,0,0,2,0,0,0,0,1,,0,0,Auckland Region,Nil,2-way,Sealed,0,0,1,0,50,0,On,0,0,40,76,Auckland,Nil,0,0,0,0,1,0,Urban,0,0,0,Fine,Null
1755084.401,5932928.089,960518,,508805,0,,0,1,,Null,2020/2021,EAST COAST ROAD,SUNRISE AVENUE,,Serious Crash,No,2021,,South,,0,,Hill Road,,,,,,Dark,180876,0,0,1,4,,,0,,,,,,Auckland Region,Nil,2-way,Sealed,,0,1,,50,,On,0,0,,76,Auckland,Traffic Signals,,,,,0,0,Urban,0,,,Fine,Null
1747997.804,5914193.2,960521,,511100,0,,0,0,,South,2020/2021,WESTECH PLACE,GREAT NORTH ROAD,,Serious Crash,No,2021,,South,,0,,Flat,,,,,,Bright sun,285800,0,0,1,2,,,0,,,,,,Auckland Region,Nil,2-way,Sealed,,0,1,,50,,Off,0,0,,76,Auckland,Nil,,,,,0,0,Urban,1,,,Fine,Null
1760306.989,5922626.762,960629,,509400,1,,0,1,,Null,2020/2021,VICTORIA ROAD,KERR STREET,,Serious Crash,No,2021,,South,,0,,Flat,,,,,,Dark,329500,0,0,0,2,,,0,,,,,,Auckland Region,Nil,2-way,Sealed,,0,1,,50,,On,0,0,,76,Auckland,Give way,,,,,0,0,Urban,0,,,Fine,Null
1768933.073,5905981.261,960665,,523711,0,0,0,0,0,North,2020/2021,TE IRIRANGI DRIVE,DAWSON ROAD,,Fatal Crash,No,2021,0,North,0,1,0,Flat,0,,0,,0,Overcast,713005,0,0,1,4,0,0,0,0,0,,0,0,Auckland Region,Nil,2-way,Sealed,0,0,0,0,60,0,Off,0,0,,76,Auckland,Unknown,1,0,0,1,0,0,Urban,0,0,0,Fine,Null
1767010.213,5901464.943,960684,,524712,0,,0,0,,South,2019/2020,RUSSELL ROAD,BERKELEY ROAD,,Fatal Crash,No,2020,,North,,1,,Flat,,,,,,Dark,779300,0,0,0,2,,,0,,,1,,,Auckland Region,Nil,2-way,Sealed,,0,0,,50,,On,1,0,,76,Auckland,Unknown,,,,,0,0,Urban,0,,,Light rain,Null
1768690.416,5909183.931,960703,,523113,0,,0,1,,North,2019/2020,SIR WILLIAM AVENUE,LADY RUBY DRIVE,,Serious Crash,No,2020,,South,,0,,Flat,,,,,,Dark,711811,0,0,1,2,,,0,,,,,,Auckland Region,Nil,2-way,Sealed,,0,1,,50,,On,0,0,,76,Auckland,Nil,,,,,0,0,Urban,0,,,Light rain,Null
1771818.641,5895521.922,960706,,525540,0,0,0,2,0,North,2020/2021,RAY SMALL DRIVE,HANOVER PLACE,,Serious Crash,No,2020,0,North,0,0,0,Flat,0,,0,,0,Dark,806301,0,0,0,2,0,0,0,0,1,,0,0,Auckland Region,Nil,2-way,Sealed,0,0,1,0,50,0,On,0,0,,76,Auckland,Nil,0,0,0,0,0,0,Urban,0,0,0,Fine,Null
1772335.51,5899283.187,960711,,523911,0,0,0,2,0,West,2020/2021,AIRFIELD ROAD,AMOKURA AVENUE,,Serious Crash,No,2021,0,West,1,0,0,Flat,0,,0,,0,Bright sun,767204,0,0,1,2,0,0,0,0,0,,0,0,Auckland Region,Nil,2-way,Sealed,0,0,1,0,60,0,None,0,0,,76,Auckland,Nil,0,0,0,0,0,0,Urban,0,0,0,Fine,Null
1746297.064,5923721.039,960743,,513522,0,,0,1,,North,2019/2020,WEST HARBOUR DRIVE,DA VINCI PLACE,,Serious Crash,No,2020,,South,,0,,Hill Road,,,,,,Bright sun,224254,0,0,0,2,,,0,,,1,,,Auckland Region,Nil,2-way,Sealed,,0,1,,50,,Off,0,0,,76,Auckland,Nil,,,,,0,0,Urban,0,,,Fine,Null
1751839.291,5913369.191,960748,,514600,0,,0,2,,Null,2019/2020,MACLAURIN STREET,CLELAND CRESCENT,,Serious Crash,No,2019,,East,,0,,Flat,,,,,,Bright sun,372500,0,0,0,2,,,0,,,,,,Auckland Region,Nil,2-way,Sealed,,0,1,,50,,Off,0,0,,76,Auckland,Nil,,,,,0,0,Urban,0,,,Fine,Null
1767623.179,5905331.663,960812,,523722,0,,0,2,,North,2021/2022,SOUTHERN MOTORWAY,TE IRIRANGI OBR,,Serious Crash,Yes,2021,,North,,0,,Flat,,,,,,Dark,715701,1,0,0,3,,,0,,,,,,Auckland Region,Nil,1-way,Sealed,,0,1,,100,,On,0,0,,76,Auckland,Nil,,,,,0,0,Open,0,,,Fine,Null
1761369.16,5912172.434,960876,,519500,0,,0,1,,North,2020/2021,NEILSON STREET,RAILFREIGHT ENT,,Serious Crash,No,2020,,North,,0,,Flat,,,,,,Overcast,622300,1,0,0,2,,,0,,,,,,Auckland Region,Nil,2-way,Sealed,,0,2,,50,,Off,0,0,,76,Auckland,Nil,,,,,1,0,Urban,0,,,Fine,Null
1759264.209,5919961.3,960888,,515902,0,0,0,1,0,Null,2020/2021,GLADSTONE ROAD,AVON LANE,,Serious Crash,No,2020,0,North,0,0,0,Flat,0,,0,,0,Dark,454100,0,0,0,2,0,0,0,0,0,,0,1,Auckland Region,Nil,2-way,Sealed,0,0,1,0,50,0,On,0,0,,76,Auckland,Nil,0,0,0,0,0,0,Urban,0,0,0,Fine,Null
1725220.357,5927462.52,960947,,506652,0,,0,1,,Null,2020/2021,OFF ROAD BEACH,,,Serious Crash,No,2020,,South,,0,,Flat,,,,,,Bright sun,218101,0,0,1,,,,0,,,,,,Auckland Region,Nil,Off road,Unsealed,,0,1,,50,,None,0,0,,76,Auckland,Nil,,,,,0,0,Urban,0,,,Fine,Null
1766028.808,5915293.639,960979,,520601,1,,0,0,,Null,2019/2020,TRIPOLI ROAD,HOBSON DRIVE,,Fatal Crash,No,2019,,North,,1,,Flat,,,,,,Bright sun,633500,0,0,0,2,,,0,,,,,,Auckland Region,Nil,2-way,Sealed,,0,0,,50,,Off,0,0,,76,Auckland,Stop,,,,,1,0,Urban,0,,,Fine,Null
1767908.634,5911916.939,961065,,522910,0,,0,1,,Null,2020/2021,GOSSAMER DRIVE,TI RAKAU DRIVE,,Serious Crash,No,2020,,South,,0,,Flat,,,,,,Bright sun,687802,0,0,0,4,,,0,,,1,,,Auckland Region,Nil,2-way,Sealed,,0,1,,50,,Off,0,0,,76,Auckland,Traffic Signals,,,,,0,0,Urban,0,,,Fine,Null
1761781.952,5920007.729,961226,,516400,0,0,0,0,0,West,2020/2021,TAMAKI DRIVE,WATENE CRESCENT,,Serious Crash,No,2021,0,West,0,0,0,Flat,0,,0,,1,Dark,498900,0,0,2,3,0,0,0,0,0,,0,1,Auckland Region,Nil,2-way,Sealed,0,0,1,0,50,0,On,0,0,,76,Auckland,Nil,0,0,0,0,0,0,Urban,0,0,0,Fine,Null
1748402.339,5914873.407,961261,,511700,0,,0,0,,East,2019/2020,ST LEONARDS ROAD,BAMBOO GROVE,,Serious Crash,No,2020,,Null,,0,,Flat,,,,,,Bright sun,271400,0,0,0,2,,,0,,,1,,,Auckland Region,Nil,2-way,Sealed,,0,1,,50,,Off,0,0,,76,Auckland,Nil,,,,,0,1,Urban,0,,,Fine,Null
1744621.591,5922514.46,961446,45,513530,0,,0,1,,Null,2020/2021,MOIRE ROAD,WIDMORE DRIVE,,Serious Crash,No,2020,,South,,0,,Flat,,,,,,Bright sun,224422,0,0,1,4,,,0,,,,,,Auckland Region,Nil,2-way,Sealed,,0,1,,50,,Off,0,0,,76,Auckland,Nil,,,,,0,0,Urban,0,,,Fine,Null
1749384.188,5970645.681,961449,,505500,0,0,0,2,0,Null,2020/2021,NEVILLE STREET,QUEEN STREET,,Fatal Crash,No,2020,0,North,0,1,1,Hill Road,0,,1,,0,Bright sun,140600,0,0,0,2,0,0,0,1,0,,0,0,Auckland Region,Nil,2-way,Sealed,0,0,0,0,50,0,Off,0,0,,76,Auckland,Give way,1,0,0,0,0,0,Urban,0,0,1,Fine,Null
1766594.961,5912875.195,961512,,522920,0,0,0,1,0,West,2020/2021,PAKURANGA HIGHWAY,TI RAKAU DRIVE,,Serious Crash,No,2020,0,North,0,0,0,Flat,0,,0,,0,Dark,683800,1,0,0,3,0,0,0,0,0,,0,1,Auckland Region,Nil,1-way,Sealed,0,0,1,0,80,0,On,0,0,,76,Auckland,Nil,0,0,0,0,0,0,Open,0,0,0,Light rain,Null
1767756.209,5906174.202,961598,,523601,0,,0,1,,Null,2020/2021,PRESTON ROAD,FLAT BUSH ROAD,,Serious Crash,No,2021,,North,,0,,Flat,,,,,,Bright sun,706800,0,0,0,3,,,0,,,2,,,Auckland Region,Nil,2-way,Sealed,,0,2,,50,,Off,0,0,,76,Auckland,Traffic Signals,,,,,0,0,Urban,0,,,Fine,Null
1762244.343,5913571.136,961750,,520402,0,,0,1,,South,2020/2021,SOUTHERN MOTORWAY,PENROSE OBR,,Serious Crash,Yes,2020,,South,,0,,Flat,,,,,,Bright sun,642200,0,0,1,3,,,0,,,,,,Auckland Region,Nil,1-way,Sealed,,0,1,,100,,Off,0,0,,76,Auckland,Nil,,,,,0,0,Open,0,,,Fine,Null
1768404.764,5900792.38,961778,,525001,0,0,0,1,0,North,2020/2021,LUPTON ROAD,RUSSELL ROAD,,Serious Crash,No,2020,0,South,0,0,0,Flat,0,,0,,0,Overcast,752000,1,0,0,2,0,0,0,0,0,,0,0,Auckland Region,Nil,2-way,Sealed,0,0,1,0,50,0,Off,0,0,,76,Auckland,Nil,0,0,0,1,0,0,Urban,0,0,0,Heavy rain,Frost
1745152.31,5924344.405,961781,,513522,0,,0,1,,South,2020/2021,LUCKENS ROAD,HOBSONVILLE ROAD,,Serious Crash,No,2020,,South,,0,,Flat,,,,,,Dark,224130,0,0,0,2,,,0,,,1,,,Auckland Region,Nil,2-way,Sealed,,0,1,,50,,On,0,0,,76,Auckland,Unknown,,,,,0,0,Urban,0,,,Fine,Null
1756926.385,5919998.297,961786,,514102,1,,0,1,,South,2020/2021,VINCENT STREET,MAYORAL DRIVE,,Serious Crash,No,2021,,North,,0,,Flat,,,,,,Dark,434902,0,0,0,4,,,0,,,,,,Auckland Region,Nil,2-way,Sealed,,0,1,,30,,On,0,0,,76,Auckland,Nil,,,,,0,0,Urban,0,,,Fine,Null
1749220.633,5913571.227,961909,,511401,0,,0,1,,Null,2019/2020,TITIRANGI ROAD,MARGAN AVENUE,,Serious Crash,No,2020,,South,,0,,Flat,,,,,,Bright sun,263500,0,0,1,2,,,0,,,,,,Auckland Region,Nil,2-way,Sealed,,0,1,,50,,Off,0,0,,76,Auckland,Nil,,,,,0,0,Urban,0,,,Fine,Null
1757539.33,5906574.126,961964,,524200,0,0,0,1,0,South,2019/2020,ORUARANGI ROAD,MONTGOMERIE ROAD,,Serious Crash,No,2020,0,West,0,0,1,Flat,0,,0,,0,Bright sun,726500,0,0,0,2,0,0,0,0,0,,0,0,Auckland Region,Nil,2-way,Sealed,0,0,1,0,100,0,Off,0,0,,76,Auckland,Unknown,0,0,0,1,0,0,Open,0,0,0,Fine,Null
1754924.425,5916434.233,962016,,517703,0,,0,1,,Null,2019/2020,BALMORAL ROAD,SANDRINGHAM ROAD,,Serious Crash,No,2020,,West,,0,,Flat,,,,,,Bright sun,537603,1,0,0,1,,,0,,,2,,,Auckland Region,Nil,1-way,Sealed,,0,1,,50,,Off,0,0,,76,Auckland,Give way,,,,,0,0,Urban,0,,,Fine,Null
1766435.723,5899813.285,962104,,524713,0,0,0,2,0,West,2019/2020,WEYMOUTH ROAD,CASTLEFINN DRIVE,,Serious Crash,No,2019,0,East,0,0,1,Hill Road,0,,0,,0,Dark,775824,0,0,0,2,0,0,0,0,0,,0,0,Auckland Region,Nil,2-way,Sealed,0,0,2,0,50,0,On,0,0,,76,Auckland,Nil,0,0,0,0,0,0,Urban,0,0,0,Fine,Null
1765822.879,5905694.572,962151,,522202,0,0,0,3,0,North,2020/2021,CARRUTH ROAD,BIRDWOOD AVENUE,,Serious Crash,No,2021,0,North,0,0,0,Flat,0,,0,,0,Dark,665200,1,0,0,2,0,0,0,0,2,,0,0,Auckland Region,Nil,2-way,Sealed,0,0,1,0,50,0,On,0,0,40,76,Auckland,Nil,0,0,0,0,0,0,Urban,0,0,0,Fine,Null
1759614.869,5915574.659,962193,,519200,0,0,0,1,0,Null,2020/2021,GREEN LANE WEST,WHETURANGI ROAD,,Serious Crash,No,2020,0,East,0,0,1,Flat,0,,0,,0,Bright sun,616300,0,0,0,4,0,0,0,0,0,1,0,1,Auckland Region,Nil,2-way,Sealed,0,0,1,0,50,0,Off,0,0,,76,Auckland,Traffic Signals,0,0,0,0,0,0,Urban,0,0,0,Fine,Null
1759761.51,5924689.218,962232,,508110,1,,0,0,,Null,2020/2021,LAKE ROAD,MONTGOMERY AVENUE,,Fatal Crash,No,2021,,South,,1,,Hill Road,,,,,,Overcast,318000,0,0,0,2,,,0,,,,,,Auckland Region,Nil,2-way,Sealed,,0,0,,50,,Off,0,0,,76,Auckland,Give way,,,,,1,0,Urban,0,,,Light rain,Null
1774160.202,5896819.803,962242,,525610,0,0,0,1,0,Null,2020/2021,ROLLERSON STREET,CROSS STREET,,Serious Crash,No,2020,0,South,0,0,1,Flat,0,,0,,0,Dark,796700,0,0,0,2,0,0,0,0,1,,0,0,Auckland Region,Nil,2-way,Unsealed,0,0,2,0,50,0,On,0,0,,76,Auckland,Nil,0,0,0,1,0,0,Urban,1,0,0,Fine,Null
1732345.1,5943996.088,962270,,506646,0,0,0,1,0,North,2020/2021,INLAND ROAD,SHEFFIELD ROAD,,Serious Crash,No,2020,0,North,0,0,0,Flat,0,,0,,0,Overcast,211402,0,0,0,2,0,0,0,0,0,,0,1,Auckland Region,Nil,2-way,Unsealed,0,0,1,0,60,0,None,0,0,,76,Auckland,Nil,0,0,0,0,0,0,Urban,0,0,0,Fine,Null
1767614.664,5905311.08,962298,,524603,0,0,0,1,0,South,2020/2021,SOUTHERN MOTORWAY,TE IRIRANGI DRIVE ON RAMP,,Serious Crash,Yes,2020,0,North,0,0,0,Flat,1,,0,,0,Bright sun,780304,0,0,0,3,0,0,0,0,0,,0,1,Auckland Region,Nil,1-way,Sealed,0,0,1,0,100,0,Off,0,0,,76,Auckland,Nil,0,0,0,0,0,0,Open,0,0,0,Fine,Null
1754689.488,5927547.654,962372,,508620,0,,0,2,,Null,2020/2021,ARCHERS ROAD,CHARTWELL AVENUE,,Serious Crash,No,2020,,North,,0,,Flat,,,,,,Bright sun,202801,1,0,0,2,,,0,,,,,,Auckland Region,Nil,1-way,Sealed,,0,1,,50,,Off,0,0,,76,Auckland,Give way,,,,,0,0,Urban,0,,,Fine,Null
1736264.725,5942103.146,962435,65,506646,0,0,0,0,0,Null,2020/2021,PEAK ROAD,CHATHAM ROAD,,Serious Crash,No,2021,0,South,0,0,0,Flat,0,,0,,0,Overcast,211800,0,0,1,2,0,0,0,0,0,,0,1,Auckland Region,Nil,2-way,Sealed,0,0,1,0,80,0,Off,0,0,,76,Auckland,Give way,0,0,0,0,0,0,Open,0,0,0,Fine,Null
1772977.223,5906259.944,962437,,523713,0,0,0,0,0,West,2020/2021,SOVEREIGN STREET,IMPERIAL PLACE,,Serious Crash,No,2020,0,East,0,0,0,Hill Road,0,,0,,0,Bright sun,712600,0,0,0,2,0,0,0,0,1,,0,0,Auckland Region,Nil,2-way,Sealed,0,0,1,0,50,0,Off,0,0,,76,Auckland,Nil,0,0,0,0,1,0,Urban,1,0,0,Fine,Null
1746815.144,5872396.33,962462,,521151,0,,0,1,,Null,2020/2021,OFF ROAD - BEACH KARIOITAHI SURF CLUB,,,Serious Crash,No,2020,,North,,0,,Flat,,,,,,Twilight,831602,2,0,0,0,,,0,,,,,,Auckland Region,Nil,Off road,Unsealed,,0,1,,20,,None,0,0,,76,Auckland,Nil,,,,,0,0,Urban,0,,,Heavy rain,Strong wind
1753622.673,5924629.049,962476,,510401,1,,0,0,,West,2020/2021,MOKOIA ROAD,HUKA ROAD,,Serious Crash,No,2021,,East,,0,,Flat,,,,,,Overcast,351202,0,0,0,2,,,0,,,1,,,Auckland Region,Nil,2-way,Sealed,,0,1,,50,,Off,0,0,,76,Auckland,Nil,,,,,0,0,Urban,0,,,Fine,Null
1771547.856,5879325.159,962595,,525922,1,,0,0,,West,2020/2021,YATES ROAD,LOGAN ROAD,,Serious Crash,No,2020,,East,,0,,Flat,,,,,,Bright sun,827100,0,0,0,2,,,0,,,,,,Auckland Region,Nil,2-way,Sealed,,0,1,,50,,None,0,0,,76,Auckland,Nil,,,,,0,0,Urban,0,,,Fine,Null
1765443.068,5909004.822,962624,,523402,0,,0,2,,North,2020/2021,SOUTHERN MOTORWAY,HIGHBROOK OBR,,Serious Crash,Yes,2021,,South,,0,,Flat,,,,,,Bright sun,696900,2,0,0,3,,,0,,,,,,Auckland Region,Nil,1-way,Sealed,,0,1,,100,,Off,2,0,,76,Auckland,Nil,,,,,0,0,Open,0,,,Fine,Strong wind
1771708.119,5894779.348,962665,,525530,0,,0,1,,South,2020/2021,CHICHESTER DRIVE,GYPSY MOTH PLACE,,Serious Crash,No,2020,,South,,0,,Flat,,,,,,Dark,804902,0,0,0,2,,,0,,,,,,Auckland Region,Nil,2-way,Sealed,,0,1,,30,,On,1,0,,76,Auckland,Nil,,,,,0,0,Urban,0,,,Fine,Null
1747555.793,5921218.47,962725,,512300,1,,0,1,,Null,2020/2021,VINOGRAD DRIVE,VIN SANTO LANE,,Serious Crash,No,2020,,North,,0,,Flat,,,,,,Bright sun,250109,0,0,0,2,,,0,,,,,,Auckland Region,Nil,2-way,Sealed,,0,1,,50,,Off,0,0,,76,Auckland,Give way,,,,,0,0,Urban,0,,,Fine,Null
1776364.9,5895215.411,962777,,521301,0,0,0,1,1,East,2019/2020,HUNUA ROAD,DOMINION ROAD,,Serious Crash,No,2020,0,West,1,0,0,Hill Road,0,,0,,0,Overcast,807900,0,0,0,2,0,0,0,0,0,,0,0,Auckland Region,Nil,2-way,Sealed,0,0,2,0,80,0,None,0,0,,76,Auckland,Unknown,0,0,0,0,0,0,Open,0,0,0,Fine,Null
1758281.951,5918625.005,962925,,517400,1,,0,1,,West,2020/2021,CARLTON GORE ROAD,MORGAN STREET,,Serious Crash,No,2021,,East,,0,,Hill Road,,,,,,Bright sun,450100,0,0,0,2,,,0,,,,,,Auckland Region,Nil,2-way,Sealed,,0,1,,50,,Off,0,0,,76,Auckland,Nil,,,,,0,0,Urban,0,,,Fine,Strong wind
1763724.568,5913742.58,962960,,520402,0,,0,1,,East,2020/2021,PENROSE ROAD,WILSON WAY,,Serious Crash,No,2020,,East,,0,,Flat,,,,,,Bright sun,640002,0,0,0,4,,,0,,,1,,,Auckland Region,Nil,2-way,Sealed,,0,1,,50,,Off,0,0,,76,Auckland,Nil,,,,,0,0,Urban,0,,,Fine,Null
1745317.692,5920068.546,963083,,513301,0,,0,1,,South,2019/2020,LINCOLN RD (HENDERSON),DAYTONA ROAD,,Serious Crash,No,2019,,South,,0,,Flat,,,,,,Overcast,231900,0,0,1,4,,,0,,,,,,Auckland Region,Nil,2-way,Sealed,,0,1,,50,,Off,0,0,,76,Auckland,Nil,,,,,0,0,Urban,0,,,Fine,Null