X,Y,OBJECTID,advisorySpeed,areaUnitID,bicycle,bridge,bus,carStationWagon,cliffBank,crashDirectionDescription,crashFinancialYear,crashLocation1,crashLocation2,crashRoadSideRoad,crashSeverity,crashSHDescription,crashYear,debris,directionRoleDescription,ditch,fatalCount,fence,flatHill,guardRail,holiday,houseOrBuilding,intersection,kerb,light,meshblockId,minorInjuryCount,moped,motorcycle,NumberOfLanes,objectThrownOrDropped,otherObject,otherVehicleType,overBank,parkedVehicle,pedestrian,phoneBoxEtc,postOrPole,region,roadCharacter,roadLane,roadSurface,roadworks,schoolBus,seriousInjuryCount,slipOrFlood,speedLimit,strayAnimal,streetLight,suv,taxi,temporarySpeedLimit,tlaId,tlaName,trafficControl,trafficIsland,trafficSign,train,tree,truck,unknownVehicleType,urban,vanOrUtility,vehicle,waterRiver,weatherA,weatherB
1752069.24,5928948.405,963151,,508411,0,0,0,1,0,South,2020/2021,SIMON ELLICE DRIVE,LYNN ROAD,,Serious Crash,No,2020,0,North,0,0,0,Hill Road,0,Christmas New Year,0,,0,Bright sun,185006,0,0,0,2,0,0,1,0,1,,0,0,Auckland Region,Nil,2-way,Sealed,0,0,1,0,50,0,Off,0,0,,76,Auckland,Nil,0,0,0,0,0,0,Urban,0,0,0,Fine,Null
1787339.372,5883665.02,963173,,521134,0,,0,1,,Null,2021/2022,PAPARIMU ROAD,PAPARATA ROAD,,Serious Crash,No,2021,,East,,0,,Flat,,,,,,Bright sun,815702,1,0,1,2,,,0,,,,,,Auckland Region,Nil,2-way,Sealed,,0,1,,100,,None,0,0,,76,Auckland,Nil,,,,,0,0,Open,0,,,Fine,Null
1756689.208,5929414.838,963193,,507720,0,,0,1,,Null,2020/2021,OFFROAD SHARED DRIVEWAY ,,,Serious Crash,No,2020,,South,,0,,Flat,,,,,,Overcast,312000,0,0,0,,,,0,,,1,,,Auckland Region,Nil,Off road,Sealed,,0,1,,50,,Off,0,0,,76,Auckland,Nil,,,,,0,0,Urban,0,,,Fine,Null
1758926.864,5903386.069,963243,,524200,0,0,0,1,0,Null,2020/2021,"OFFROAD CARPARK ,AUCKLAND AIRPORT, AUCKLAND 2022",,,Serious Crash,No,2021,0,North,0,0,0,Flat,1,,0,,0,Twilight,727200,0,0,0,,0,0,0,0,0,,0,1,Auckland Region,Nil,Off road,Sealed,0,0,1,0,30,0,On,0,0,,76,Auckland,Nil,0,0,0,0,0,0,Urban,0,0,0,Fine,Null
1773174.98,5896560.391,963284,,525630,0,,0,1,,Null,2020/2021,OFF ROAD - CAR PARK,,,Fatal Crash,No,2021,,North,,1,,Flat,,,,,,Bright sun,794600,0,0,0,,,,0,,,,,,Auckland Region,Nil,Off road,Sealed,,0,0,,50,,None,0,0,,76,Auckland,Nil,,,,,0,0,Urban,0,,,Fine,Null
1739430.831,5919470.296,963317,75,513101,1,,0,1,,North,2020/2021,KAY ROAD,WAITAKERE ROAD,,Serious Crash,No,2020,,South,,0,,Hill Road,,Christmas New Year,,,,Overcast,237404,0,0,0,2,,,0,,,,,,Auckland Region,Nil,2-way,Sealed,,0,1,,80,,Off,0,0,,76,Auckland,Nil,,,,,0,0,Open,0,,,Fine,Null
1755666.146,5919787.386,963422,,514000,0,,0,1,,Null,2020/2021,PONSONBY ROAD,ANGLESEA STREET,,Serious Crash,No,2020,,North,,0,,Flat,,,,,,Dark,414000,0,0,1,4,,,0,,,,,,Auckland Region,Nil,2-way,Sealed,,0,1,,50,,On,0,1,,76,Auckland,Stop,,,,,0,0,Urban,0,,,Fine,Null
1759185.148,5926045.555,963440,,508020,0,,0,1,,East,2020/2021,LAKE ROAD,HORORATA ROAD,,Serious Crash,No,2020,,East,,0,,Flat,,,,,,Overcast,321400,0,0,1,2,,,0,,,,,,Auckland Region,Nil,2-way,Sealed,,0,1,,50,,Off,0,0,,76,Auckland,Nil,,,,,0,0,Urban,0,,,Light rain,Null
1729515.727,5963923.247,963453,55,506613,0,0,0,0,1,North,2021/2022,KAIPARA COAST HIGHWAY,KAIPARA HILLS ROAD,,Serious Crash,Yes,2021,0,South,0,0,0,Hill Road,0,,0,,0,Dark,146200,1,0,0,2,0,0,0,0,0,,0,0,Auckland Region,Nil,2-way,Sealed,0,0,1,0,100,0,None,0,0,,76,Auckland,Nil,0,0,0,1,0,0,Open,1,0,0,Fine,Null
1747205.869,5920553.427,963480,,512300,0,0,0,1,0,Null,2021/2022,TE ATATU ROAD,GLORIA AVENUE,,Serious Crash,No,2022,0,North,0,0,0,Flat,0,,0,,1,Twilight,252000,0,0,0,4,0,0,0,0,0,,0,0,Auckland Region,Nil,2-way,Sealed,0,0,1,0,50,0,On,0,0,,76,Auckland,Give way,0,0,0,1,0,0,Urban,0,0,0,Fine,Null
1749440.846,5958980.948,963490,75,506613,0,0,0,3,1,North,2021/2022,SH 1,COOK ROAD,,Serious Crash,Yes,2021,0,North,0,0,0,Hill Road,0,,0,,0,Overcast,147106,2,0,0,2,0,0,0,0,0,,0,0,Auckland Region,Nil,2-way,Sealed,0,0,1,0,100,0,None,0,0,,76,Auckland,Nil,0,0,0,0,0,0,Open,0,0,0,Light rain,Null
1755334.067,5914862.79,963503,,518500,0,0,0,1,0,Null,2020/2021,DOMINION ROAD,DUKE STREET,,Serious Crash,No,2021,0,North,0,0,0,Flat,0,,0,,0,Twilight,561600,0,0,0,4,0,0,0,0,0,,0,0,Auckland Region,Nil,2-way,Sealed,0,0,1,0,50,0,On,0,0,,76,Auckland,Stop,1,0,0,0,0,0,Urban,0,0,0,Fine,Null
1756560.469,5919515.595,963536,,514102,0,,0,2,,South,2021/2022,SOUTHERN MOTORWAY,HOPETOUN OBR,,Serious Crash,Yes,2021,,North,,0,,Flat,,,,,,Twilight,436002,1,0,0,3,,,0,,,,,,Auckland Region,Nil,1-way,Sealed,,0,1,,80,,On,0,0,,76,Auckland,Nil,,,,,0,0,Open,0,,,Fine,Null
1752814.809,5919909.864,963558,,515100,0,0,0,1,0,Null,2020/2021,WINSOMERE CRESCENT,WESTMERE PARK AVENUE,,Serious Crash,No,2021,0,East,0,0,0,Flat,0,,1,,0,Bright sun,399900,0,0,0,2,0,0,0,0,0,,0,0,Auckland Region,Nil,2-way,Sealed,0,0,1,0,50,0,None,0,0,,76,Auckland,Nil,0,0,0,0,0,0,Urban,0,0,0,Light rain,Null
1745833.447,5912421.176,963630,,511002,0,0,0,3,0,East,2020/2021,GLENGARRY ROAD,PHILLIP AVENUE,,Serious Crash,No,2020,0,South,0,0,0,Hill Road,0,,0,,0,Overcast,284701,1,0,0,2,0,0,0,0,2,,0,0,Auckland Region,Nil,2-way,Sealed,0,0,1,0,50,0,Off,0,0,,76,Auckland,Nil,0,0,0,0,0,0,Urban,0,0,0,Light rain,Null
1765665.559,5897976.944,963689,,524812,0,0,0,2,0,Null,2021/2022,WEYMOUTH ROAD,MCINNES ROAD,,Serious Crash,No,2021,0,South,0,0,1,Flat,0,,0,,0,Bright sun,773400,1,0,0,2,0,0,0,0,0,,0,0,Auckland Region,Nil,2-way,Sealed,0,0,1,0,50,0,None,0,0,,76,Auckland,Give way,0,0,0,0,0,0,Urban,0,0,0,Fine,Null
1756141.163,5931185.867,963806,,508520,0,0,0,1,0,South,2021/2022,EAST COAST ROAD,SUNNYNOOK ROAD,,Serious Crash,No,2022,0,North,0,0,0,Hill Road,0,,0,,0,Dark,148705,2,0,0,3,0,0,0,0,0,,0,0,Auckland Region,Nil,2-way,Sealed,0,0,3,0,50,0,On,0,0,,76,Auckland,Nil,1,0,0,0,0,0,Urban,1,0,0,Fine,Null
1766253.772,5919083.679,963817,,516800,0,0,0,2,0,West,2021/2022,RIDDELL ROAD,KESTEVEN AVENUE,,Serious Crash,No,2022,0,East,0,0,0,Flat,0,,0,,0,Bright sun,513100,0,0,0,2,0,0,0,0,1,,0,0,Auckland Region,Nil,2-way,Sealed,0,0,1,0,50,0,Off,0,0,,76,Auckland,Nil,0,0,0,0,0,0,Urban,0,0,0,Fine,Null
1759954.286,5908454.603,964200,,524121,0,0,0,1,0,North,2020/2021,SOUTH-WESTERN MOTORWAY,HALL FTBR,,Serious Crash,Yes,2021,0,North,0,0,0,Flat,1,,0,,0,Dark,737000,0,0,0,3,0,0,0,0,0,,0,0,Auckland Region,Nil,1-way,Sealed,0,0,1,0,100,0,On,0,0,,76,Auckland,Nil,0,0,0,0,0,0,Open,0,0,0,Fine,Null
1748220.392,5971260.93,964231,,505500,0,0,0,1,0,East,2021/2022,GREAT NORTH ROAD,HUDSON ROAD,,Serious Crash,Yes,2021,0,South,0,0,0,Hill Road,1,Christmas New Year,0,,0,Dark,140000,0,0,0,2,0,0,0,0,0,,0,0,Auckland Region,Nil,2-way,Sealed,0,0,1,0,60,0,On,0,0,,76,Auckland,Nil,0,0,0,0,0,0,Urban,0,0,0,Fine,Null
1771911.105,5894217.992,964288,,521201,0,0,0,2,0,North,2021/2022,SOUTHERN MOTORWAY,PARK ESTATE OBR,,Serious Crash,Yes,2021,0,North,0,0,0,Flat,0,,0,,0,Bright sun,806800,0,0,0,2,0,0,0,0,0,,0,0,Auckland Region,Bridge,1-way,Sealed,0,0,1,0,100,0,Off,0,0,80,76,Auckland,Nil,0,0,0,0,0,0,Open,0,1,0,Fine,Null
1756264.706,5918863.906,964313,,515500,0,0,0,1,0,South,2021/2022,NORTH-WESTERN MOTORWAY,NEWTON OBR,,Serious Crash,Yes,2021,0,South,0,0,0,Flat,1,,0,,0,Dark,417700,0,0,0,4,0,0,0,0,0,,0,0,Auckland Region,Nil,1-way,Sealed,0,0,1,0,80,0,On,0,0,,76,Auckland,Nil,0,0,0,0,0,0,Open,0,0,0,Light rain,Frost
1767491.138,5905640.622,964434,,524603,0,,0,1,,South,2021/2022,SOUTHERN MOTORWAY,REAGAN OBR,,Serious Crash,Yes,2021,,South,,0,,Flat,,,,,,Dark,671000,1,0,0,3,,,0,,,,,,Auckland Region,Underpass,1-way,Sealed,,0,1,,100,,On,1,0,,76,Auckland,Nil,,,,,1,0,Open,0,,,Fine,Null
1745545.186,5920738.629,964472,,513301,0,0,0,1,0,South,2020/2021,LINCOLN ROAD ON RAMP,LINCOLN ROAD,,Serious Crash,No,2021,0,South,0,0,0,Flat,1,,0,,0,Dark,230200,1,0,2,2,0,0,0,0,0,,0,0,Auckland Region,Nil,1-way,Sealed,0,0,1,0,50,0,On,0,0,,76,Auckland,Nil,0,0,0,0,0,0,Urban,0,0,0,Fine,Null
1764768.42,5909074.259,964513,25,521802,0,0,0,0,0,South,2021/2022,PAPAKU ROAD,RONAKI ROAD,,Serious Crash,No,2021,0,South,0,0,0,Flat,0,,0,,0,Bright sun,789103,0,0,1,2,0,0,0,0,0,,0,0,Auckland Region,Nil,2-way,Sealed,1,0,1,0,50,0,None,0,0,,76,Auckland,Nil,0,0,0,0,0,0,Urban,0,0,0,Fine,Null
1755369.39,5944583.611,964700,,505908,0,0,0,2,0,East,2021/2022,PENTON ROAD,WHANGAPARAOA ROAD,,Serious Crash,No,2021,0,West,0,0,0,Hill Road,0,,0,,0,Dark,173604,0,0,0,2,0,0,0,0,1,,0,0,Auckland Region,Nil,2-way,Sealed,0,0,1,0,50,0,On,0,0,,76,Auckland,Nil,0,0,0,1,0,0,Urban,0,0,0,Fine,Null
1745418.39,5917225.074,964712,,510800,0,,0,0,,South,2021/2022,RAILSIDE AVENUE,GREAT NORTH ROAD,,Serious Crash,No,2021,,East,,0,,Flat,,,,,,Overcast,242700,0,0,0,3,,,0,,,1,,,Auckland Region,Nil,2-way,Sealed,,0,1,,30,,Off,0,0,,76,Auckland,Nil,,,,,0,0,Urban,1,,,Fine,Null
1742120.646,5996355.516,964770,,506660,0,0,0,1,0,North,2021/2022,MANGAWHAI ROAD,CAMES ROAD,,Serious Crash,No,2022,0,South,0,0,0,Flat,0,,0,,0,Bright sun,135201,0,0,1,2,0,0,0,0,0,,0,0,Auckland Region,Nil,2-way,Sealed,0,0,1,0,100,0,None,0,0,,76,Auckland,Nil,0,1,0,0,0,0,Open,0,0,0,Fine,Null
1768284.375,5908303.71,964786,,523711,0,,0,0,,Null,2021/2022,EAST TAMAKI ROAD,BIRMINGHAM ROAD,,Serious Crash,No,2021,,South,,0,,Flat,,,,,,Dark,712303,0,0,0,4,,,0,,,1,,,Auckland Region,Nil,2-way,Sealed,,0,1,,60,,On,0,0,,76,Auckland,Traffic Signals,,,,,0,0,Urban,0,,,Fine,Null
1787515.567,5908732.716,964885,55,525201,0,,0,2,,West,2021/2022,CLEVEDON-KAWAKAWA ROAD,TOWNSON ROAD,,Serious Crash,No,2021,,West,,0,,Flat,,,,,,Overcast,764700,1,0,0,2,,,0,,,,,,Auckland Region,Nil,2-way,Sealed,,0,1,,100,,None,0,0,,76,Auckland,Nil,,,,,0,0,Open,1,,,Fine,Null
1778805.083,5912915.929,964998,,523300,0,0,0,2,0,South,2021/2022,WHITFORD MARAETAI ROAD,OKARORO DRIVE,,Serious Crash,No,2022,0,North,0,0,1,Flat,0,,0,,0,Overcast,718900,0,0,0,2,0,0,0,0,0,,0,0,Auckland Region,Nil,2-way,Sealed,0,0,1,0,80,0,None,0,0,,76,Auckland,Unknown,0,0,0,0,0,0,Open,0,0,0,Light rain,Null
1753782.878,5935626.867,965028,35,508703,0,0,0,0,0,Null,2021/2022,OTEHA VALLEY ROAD,RISING PARADE,,Serious Crash,No,2021,0,East,0,0,0,Flat,1,,0,,0,Overcast,179211,0,0,1,2,0,0,0,0,0,,0,0,Auckland Region,Nil,1-way,Sealed,0,0,1,0,50,0,None,0,0,,76,Auckland,Give way,0,0,0,0,0,0,Urban,0,0,0,Fine,Null
1748056.863,5963442.338,965057,75,506613,0,,0,1,,North,2021/2022,SH 1,COWAN BAY ROAD,,Fatal Crash,Yes,2022,,North,,1,,Hill Road,,,,,,Bright sun,146104,4,0,0,2,,,0,,,,,,Auckland Region,Nil,2-way,Sealed,,0,0,,80,,Off,1,0,,76,Auckland,Unknown,,,,,0,0,Open,0,,,Fine,Null
1755491.185,5929204.032,965175,,508510,0,,0,2,,North,2021/2022,TRISTRAM AVENUE OFF RAMP,TRISTRAM AVENUE,,Serious Crash,No,2022,,South,,0,,Flat,,,,,,Bright sun,195200,0,0,0,1,,,0,,,,,,Auckland Region,Motorway ramp,1-way,Sealed,,0,1,,100,,Off,0,0,,76,Auckland,Nil,,,,,0,0,Open,0,,,Fine,Null
1748545.746,5927439.336,965231,,513431,0,,0,1,,Null,2021/2022,BUCKLEY AVENUE,CHICHESTER COTTAGE LANE,,Serious Crash,No,2021,,West,,0,,Flat,,,,,,Overcast,221904,0,0,0,2,,,0,,,1,,,Auckland Region,Nil,2-way,Sealed,,0,1,,50,,Off,0,0,,76,Auckland,Stop,,,,,0,0,Urban,0,,,Light rain,Strong wind
1753556.184,5927943.739,965362,,508210,0,,0,1,,Null,2021/2022,KAIPATIKI ROAD,GLENFIELD ROAD,,Serious Crash,No,2021,,East,,0,,Flat,,,,,,Overcast,186500,0,0,0,4,,,0,,,1,,,Auckland Region,Nil,2-way,Sealed,,0,1,,50,,Off,0,0,,76,Auckland,Give way,,,,,0,0,Urban,0,,,Fine,Null
1742827.88,5919147.323,965388,,513211,0,0,0,2,0,North,2020/2021,ARMADA DRIVE,KILMARNOCK AVENUE,,Serious Crash,No,2021,0,North,0,0,0,Flat,0,,0,,0,Dark,235009,0,0,0,2,0,0,0,0,1,,0,0,Auckland Region,Nil,2-way,Sealed,0,0,1,0,50,0,On,0,0,,76,Auckland,Unknown,0,0,0,0,0,0,Urban,0,0,0,Fine,Frost
1746654.548,5918314.708,965460,,512401,0,,0,0,,East,2021/2022,STRID ROAD,ESSEX STREET,,Serious Crash,No,2021,,West,,0,,Flat,,,,,,Dark,256600,0,0,1,2,,,0,,,,,,Auckland Region,Speed hump,2-way,Sealed,,0,1,,50,,On,0,0,,76,Auckland,Nil,,,,,0,0,Urban,0,,,Fine,Null
1749371.774,5918143.999,965493,,514801,0,0,0,3,0,South,2021/2022,NORTH-WESTERN MOTORWAY,ROSEBANK OBR,,Serious Crash,Yes,2021,0,South,0,0,0,Flat,0,,0,,0,Dark,390401,0,0,0,4,1,0,0,0,0,,0,0,Auckland Region,Nil,1-way,Sealed,0,0,1,0,100,0,On,0,0,,76,Auckland,Nil,0,0,0,0,1,0,Open,1,0,0,Fine,Null
1767717.038,5881604.382,965806,,525921,0,0,0,1,0,North,2021/2022,HELVETIA ROAD,TASMAN STREET,,Serious Crash,No,2022,0,South,0,0,0,Flat,0,,0,,0,Dark,820507,0,0,0,2,0,0,0,0,1,,0,0,Auckland Region,Nil,2-way,Sealed,0,0,1,0,50,0,On,1,0,,76,Auckland,Nil,0,0,0,0,0,0,Urban,1,0,0,Fine,Null
1756405.499,5918959.903,965955,,514200,0,,0,1,,Null,2021/2022,NEWTON ROAD,NEWTON ROAD ON RAMP,,Serious Crash,No,2022,,South,,0,,Flat,,,,,,Bright sun,412800,0,0,0,2,,,0,,,1,,,Auckland Region,Motorway ramp,2-way,Sealed,,0,1,,50,,Off,0,0,,76,Auckland,Give way,,,,,0,0,Urban,0,,,Fine,Null
1759008.828,5920501.824,966032,,515902,0,,0,1,,Null,2021/2022,THE STRAND,THE STRAND,,Serious Crash,Yes,2022,,South,,0,,Flat,,,,,,Dark,454800,0,0,0,4,,,0,,,,,,Auckland Region,Bridge,2-way,Sealed,,0,1,,50,,On,0,0,,76,Auckland,Give way,,,,,1,0,Urban,0,,,Fine,Null
1769986.278,5912934.218,966132,,523101,0,,0,1,,Null,2021/2022,AVIEMORE DRIVE,CASCADES ROAD,,Serious Crash,No,2021,,South,,0,,Flat,,,,,,Overcast,710515,1,0,0,2,,,0,,,1,,,Auckland Region,Nil,1-way,Sealed,,0,1,,60,,Off,0,0,,76,Auckland,Give way,,,,,0,0,Urban,0,,,Fine,Null
1769625.248,5914602.775,966163,,522723,0,0,0,1,0,Null,2021/2022,OFFROAD CARPARK,,,Serious Crash,No,2021,0,North,0,0,0,Flat,0,,0,,0,Bright sun,681304,0,0,0,,0,0,0,0,1,1,0,0,Auckland Region,Nil,Off road,Sealed,0,0,1,0,,0,Off,0,0,,76,Auckland,Unknown,0,0,0,0,0,0,Urban,1,0,0,Fine,Null
1746774.114,5872139.637,966196,,521151,0,,0,0,,Null,2021/2022,OFFROAD BEACH,,,Serious Crash,No,2021,,North,,0,,Flat,,Labour Weekend,,,,Overcast,831602,0,0,0,,,,0,,,,,,Auckland Region,Nil,Off road,Unsealed,,0,1,,,,None,0,0,,76,Auckland,Nil,,,,,0,1,Urban,0,,,Fine,Null
1762740.363,5908519.9,966220,,524402,0,0,0,0,0,North,2021/2022,SAVILL DRIVE,ALDERMAN PLACE,,Fatal Crash,No,2021,0,North,0,2,0,Flat,0,,0,,0,Dark,749800,0,0,0,2,0,0,0,0,1,,0,0,Auckland Region,Nil,2-way,Sealed,0,0,0,0,50,0,On,1,0,,76,Auckland,Nil,0,0,0,0,1,0,Urban,0,0,0,Light rain,Null
1766904.796,5907592.389,966294,,523602,0,,0,0,,North,2021/2022,BAIRDS ROAD,COBHAM CRESCENT,,Serious Crash,No,2021,,South,,0,,Flat,,,,,,Dark,709300,0,0,0,2,,,0,,,1,,,Auckland Region,Nil,2-way,Sealed,,0,1,,50,,On,0,0,,76,Auckland,Nil,,,,,0,0,Urban,0,,,Fine,Null
1769890.233,5899594.824,966342,,523911,0,,0,1,,South,2020/2021,SOUTHERN MOTORWAY,TAKANINI RAIL OBR,,Serious Crash,Yes,2021,,South,,0,,Flat,,,,,,Bright sun,766500,0,0,1,2,,,0,,,,,,Auckland Region,Nil,1-way,Sealed,,0,1,,100,,Off,0,0,,76,Auckland,Nil,,,,,0,0,Open,0,,,Fine,Null
1757672.837,5913455.678,966440,,518702,0,0,0,3,0,Null,2019/2020,OFF ROAD - WAREHOUSE CAR PARK,,,Fatal Crash,No,2020,0,East,0,1,0,Flat,0,,0,,0,Bright sun,567900,0,0,0,,0,0,0,0,1,3,0,0,Auckland Region,Nil,Off road,Sealed,0,0,0,0,30,0,Off,0,0,,76,Auckland,Nil,0,0,0,0,0,0,Urban,0,0,0,Fine,Null
1752068.166,5915712.227,966449,,517901,0,,0,1,,Null,2020/2021,OFFROAD CARPARK,,,Serious Crash,No,2021,,South,,0,,Flat,,,,,,Overcast,523800,0,0,0,,,,0,,,1,,,Auckland Region,Nil,Off road,Sealed,,0,1,,,,Off,0,0,,76,Auckland,Nil,,,,,0,0,Urban,0,,,Fine,Null
1780724.708,5916570.513,966469,45,523300,0,0,0,1,0,Null,2021/2022,MARAETAI DRIVE,OMANA BEACH ROAD,,Serious Crash,No,2022,0,East,0,0,0,Hill Road,0,,0,,0,Dark,720000,0,0,0,2,0,0,0,1,0,,0,0,Auckland Region,Nil,2-way,Sealed,0,0,1,0,50,0,On,0,0,,76,Auckland,Nil,0,0,0,1,0,0,Urban,0,0,0,Fine,Null
1765397.172,5905641.954,966473,,522202,0,,0,2,,North,2020/2021,LANDSCAPE ROAD,FAIRVIEW ROAD,,Serious Crash,No,2021,,South,,0,,Flat,,,,,,Dark,664900,0,0,0,2,,,0,,,1,,,Auckland Region,Nil,2-way,Sealed,,0,1,,50,,On,0,0,40,76,Auckland,Nil,,,,,0,0,Urban,0,,,Fine,Null
1769176.269,5905663.042,966739,,523721,0,,0,1,,North,2020/2021,DAWSON ROAD,CHAPEL ROAD,,Serious Crash,No,2021,,North,,0,,Flat,,,,,,Overcast,715606,0,0,0,2,,,0,,,1,,,Auckland Region,Nil,2-way,Sealed,,0,1,,50,,Off,0,0,40,76,Auckland,Nil,,,,,0,0,Urban,1,,,Fine,Null
1752995.156,5973617.036,966868,,506661,0,,0,2,,Null,2021/2022,MATAKANA ROAD,OAK RIVER DRIVE,,Serious Crash,No,2022,,South,,0,,Hill Road,,Christmas New Year,,,,Bright sun,139200,1,0,0,2,,,0,,,,,,Auckland Region,Nil,2-way,Sealed,,0,1,,80,,None,0,0,,76,Auckland,Nil,,,,,0,0,Open,1,,,Fine,Null
1766236.414,5907481.197,966917,,522301,0,,0,0,,Null,2020/2021,EAST TAMAKI ROAD,EAST TAMAKI ROAD ON-OFF RAMP,,Serious Crash,No,2021,,North,,0,,Flat,,,,,,Twilight,666700,0,0,2,2,,,0,,,,,,Auckland Region,Overpass,1-way,Sealed,,0,1,,60,,Off,0,0,,76,Auckland,Give way,,,,,0,0,Urban,1,,,Fine,Null
1758314.905,5919680.249,966969,,515902,1,,0,0,,North,2021/2022,LOWER DOMAIN DRIVE,LOVERS LANE,,Serious Crash,No,2022,,South,,0,,Hill Road,,,,,,Twilight,451400,0,0,0,2,,,0,,,1,,,Auckland Region,Nil,2-way,Sealed,,0,1,,30,,Off,0,0,,76,Auckland,Nil,,,,,0,0,Urban,1,,,Fine,Null
1766160.36,5907597.24,967065,,522301,0,0,0,1,0,Null,2021/2022,SOUTHERN MOTORWAY,EAST TAMAKI ROAD OFF RAMP,,Serious Crash,Yes,2022,0,North,0,0,0,Flat,1,,0,,0,Dark,666700,1,0,0,3,0,0,0,0,0,,0,0,Auckland Region,Motorway ramp,1-way,Sealed,0,0,1,0,100,0,On,0,0,,76,Auckland,Nil,0,0,0,0,0,0,Open,0,0,0,Fine,Null
1751327.355,5914041.701,967084,,514402,1,,0,1,,Null,2021/2022,WOLVERTON STREET,LANSFORD CRESCENT,,Serious Crash,No,2022,,West,,0,,Flat,,,,,,Bright sun,379500,0,0,0,4,,,0,,,,,,Auckland Region,Nil,2-way,Sealed,,0,1,,50,,Off,0,0,,76,Auckland,Stop,,,,,0,0,Urban,0,,,Fine,Null
1762267.039,5913758.191,967086,,520401,0,,0,2,,Null,2021/2022,PENROSE ROAD,GAVIN STREET,,Serious Crash,No,2021,,North,,0,,Flat,,,,,,Bright sun,644300,1,0,0,2,,,0,,,,,,Auckland Region,Nil,2-way,Sealed,,0,1,,50,,Off,0,0,,76,Auckland,Give way,,,,,0,0,Urban,0,,,Fine,Null
1763945.538,5912318.889,967196,,520500,0,0,0,4,0,North,2021/2022,MOUNT WELLINGTON HIGHWAY,TIATIA ROAD,,Serious Crash,No,2022,0,South,0,0,0,Flat,0,,0,,0,Bright sun,639500,1,0,0,4,0,0,0,0,1,,0,0,Auckland Region,Nil,1-way,Sealed,0,0,1,0,50,0,Off,0,0,,76,Auckland,Nil,0,0,0,0,1,0,Urban,0,0,0,Fine,Null
1757503.483,5913614.104,967363,,518702,0,0,0,3,0,West,2021/2022,MOUNT ALBERT ROAD,PAH ROAD,,Serious Crash,No,2022,0,East,0,0,1,Flat,0,,0,,0,Dark,567600,1,0,0,4,0,0,0,0,0,,0,0,Auckland Region,Nil,2-way,Sealed,0,0,1,0,50,0,On,0,0,,76,Auckland,Nil,0,0,0,0,0,0,Urban,0,0,0,Fine,Null
1756946.745,5916406.462,967512,,518202,0,,0,1,,Null,2020/2021,MOUNT EDEN ROAD,FAIRVIEW ROAD,,Serious Crash,No,2021,,South,,0,,Flat,,,,,,Bright sun,550700,0,0,0,4,,,0,,,1,,,Auckland Region,Nil,2-way,Sealed,,0,1,,50,,Off,0,0,,76,Auckland,Stop,,,,,0,0,Urban,0,,,Fine,Null
1770011.421,5910112.878,967546,,523109,0,,0,1,,South,2021/2022,TE IRIRANGI DRIVE,AARONVILLE WAY,,Serious Crash,No,2022,,South,,0,,Flat,,,,,,Bright sun,711736,0,0,0,2,,,0,,,1,,,Auckland Region,Nil,1-way,Sealed,,0,1,,80,,Off,0,0,,76,Auckland,Nil,,,,,0,0,Open,0,,,Fine,Null
1756737.805,5914566.338,967653,,518600,0,0,0,1,0,North,2020/2021,MOUNT EDEN ROAD,HUNTERS PARK DRIVE,,Fatal Crash,No,2020,0,North,0,1,0,Flat,0,,0,,0,Twilight,563901,1,0,0,2,0,0,0,0,1,,0,0,Auckland Region,Nil,2-way,Sealed,0,0,0,0,50,0,On,1,0,,76,Auckland,Nil,0,0,0,0,0,0,Urban,1,0,0,Fine,Null
1753530.807,5945918.786,967840,,505906,0,0,0,1,1,North,2021/2022,WHANGAPARAOA ROAD,BLUE HERON RISE,,Serious Crash,No,2021,0,North,0,0,0,Hill Road,0,,0,,0,Overcast,173306,1,0,0,2,0,0,0,0,0,,0,0,Auckland Region,Nil,2-way,Sealed,0,0,1,0,60,0,Off,0,0,,76,Auckland,Nil,0,0,0,0,0,0,Urban,0,0,0,Fine,Null
1779371.112,5914971.489,967868,,523300,0,0,0,0,0,North,2021/2022,WHITFORD MARAETAI ROAD,JACK LACHLAN DRIVE,,Serious Crash,No,2022,0,South,0,0,0,Flat,0,,0,,0,Dark,718900,0,0,1,2,0,0,0,0,0,,0,0,Auckland Region,Nil,2-way,Sealed,0,0,1,0,80,0,On,0,0,,76,Auckland,Nil,0,0,0,1,0,0,Open,0,0,0,Fine,Null
1751110.612,5918024.088,967943,,514801,0,0,0,0,0,West,2021/2022,NORTH-WESTERN MOTORWAY,GREAT NORTH ROAD OFF RAMP,,Serious Crash,Yes,2022,0,East,0,0,0,Flat,1,,0,,0,Dark,390402,0,0,1,4,0,0,0,0,0,,0,0,Auckland Region,Nil,1-way,Sealed,0,0,1,0,100,0,On,0,0,,76,Auckland,Nil,0,0,0,0,0,0,Open,0,0,0,Fine,Null
1768637.009,5903343.212,967993,,523820,0,0,0,1,0,South,2020/2021,EVERGLADE DRIVE,KIMDALE PLACE,,Serious Crash,No,2020,0,South,0,0,0,Hill Road,0,,0,,0,Bright sun,760121,0,0,0,2,0,0,0,0,0,,0,0,Auckland Region,Nil,2-way,Sealed,0,0,1,0,50,0,Off,0,0,,76,Auckland,Nil,0,0,0,1,0,0,Urban,0,0,0,Fine,Null