X,Y,OBJECTID,advisorySpeed,areaUnitID,bicycle,bridge,bus,carStationWagon,cliffBank,crashDirectionDescription,crashFinancialYear,crashLocation1,crashLocation2,crashRoadSideRoad,crashSeverity,crashSHDescription,crashYear,debris,directionRoleDescription,ditch,fatalCount,fence,flatHill,guardRail,holiday,houseOrBuilding,intersection,kerb,light,meshblockId,minorInjuryCount,moped,motorcycle,NumberOfLanes,objectThrownOrDropped,otherObject,otherVehicleType,overBank,parkedVehicle,pedestrian,phoneBoxEtc,postOrPole,region,roadCharacter,roadLane,roadSurface,roadworks,schoolBus,seriousInjuryCount,slipOrFlood,speedLimit,strayAnimal,streetLight,suv,taxi,temporarySpeedLimit,tlaId,tlaName,trafficControl,trafficIsland,trafficSign,train,tree,truck,unknownVehicleType,urban,vanOrUtility,vehicle,waterRiver,weatherA,weatherB
1751155.601,5947214.603,967994,,505807,1,0,0,0,0,East,2020/2021,TAIKURA AVENUE,SYMES DRIVE,,Serious Crash,No,2020,0,East,0,0,0,Hill Road,0,,0,,0,Overcast,172803,0,0,0,2,0,0,0,0,0,,0,0,Auckland Region,Nil,2-way,Sealed,0,0,1,0,50,0,Off,0,0,,76,Auckland,Nil,1,0,0,0,0,0,Urban,0,0,0,Fine,Null
1749432.871,5881588.451,968034,,521151,0,0,0,0,0,North,2021/2022,AWHITU ROAD,CRAIG ROAD,,Serious Crash,No,2022,0,North,1,0,0,Hill Road,0,,0,,0,Bright sun,830700,0,0,0,2,0,0,1,0,0,,0,0,Auckland Region,Nil,2-way,Sealed,0,0,1,0,100,0,None,0,0,,76,Auckland,Nil,0,0,0,0,0,0,Open,1,0,1,Fine,Null
1733614,5933548,1083247,,506653,0,,0,1,,South,2011/2012,TAYLOR ROAD,OLD NORTH ROAD,,Serious Crash,No,2012,,South,,0,,Hill Road,,,,,,Overcast,217804,0,0,0,2,,,0,,,1,,,Auckland Region,Nil,2-way,Sealed,,0,1,,80,,None,0,0,,76,Auckland,Nil,,,,,0,0,Open,0,,,Light rain,Null
1761527,5906051,1085675,,524200,0,,0,1,,West,2012/2013,PRANGLEY AVENUE,TUSSOCK AVENUE,,Serious Crash,No,2012,,East,,0,,Flat,,,,,,Dark,728801,0,0,0,2,,,0,,,,,,Auckland Region,Nil,2-way,Sealed,,0,1,,50,,On,0,0,,76,Auckland,Nil,,,,,0,0,Urban,0,,,Fine,Null
1759727,5907712,1085900,,524121,0,,0,1,,South,2012/2013,BADER DRIVE,COMET CRESCENT N,,Serious Crash,No,2012,,North,,0,,Flat,,,,,,Overcast,737600,1,0,0,2,,,0,,,,,,Auckland Region,Nil,2-way,Sealed,,0,1,,50,,Off,1,0,,76,Auckland,Give way,,,,,0,0,Urban,0,,,Fine,Null
1744640,5919803,1085965,,513301,0,,0,2,,Null,2012/2013,UNIVERSAL DRIVE,RATHGAR ROAD,,Serious Crash,No,2012,,West,,0,,Flat,,,,,,Bright sun,233500,0,0,0,3,,,0,,,,,,Auckland Region,Nil,2-way,Sealed,,0,2,,50,,Off,0,0,,76,Auckland,Give way,,,,,0,0,Urban,0,,,Fine,Null
1752070,5912448,1086040,,514700,0,0,0,1,0,Null,2011/2012,DONOVAN ST,LEWIS ST,,Serious Crash,No,2012,0,West,0,0,0,Hill Road,0,,0,,0,Dark,368800,1,0,0,2,0,0,0,0,0,,0,1,Auckland Region,Nil,2-way,Sealed,0,0,1,0,50,0,On,0,0,,76,Auckland,Stop,0,0,0,0,0,0,Urban,0,0,0,Light rain,Null
1774359,5889586,1086105,,521301,0,0,0,0,0,Null,2011/2012,QUARRY ROAD,HARRISON ROAD,,Serious Crash,No,2012,0,West,1,0,0,Flat,0,,0,,0,Bright sun,809004,0,0,0,2,0,0,0,0,0,,0,0,Auckland Region,Nil,2-way,Sealed,0,0,1,0,80,0,None,0,0,,76,Auckland,Nil,0,0,0,0,1,0,Open,0,0,0,Fine,Null
1728809,5933031,1086284,,506652,0,0,0,1,0,Null,2012/2013,SH 16,KIWITAHI ROAD,,Serious Crash,Yes,2012,0,South,0,0,1,Flat,0,,0,,0,Twilight,218300,0,0,0,2,0,0,0,0,0,,0,0,Auckland Region,Nil,2-way,Sealed,0,0,1,0,100,0,Off,0,0,,76,Auckland,Give way,0,1,0,0,0,0,Open,0,0,0,Fine,Null
1766448,5907337,1086323,,523601,0,,0,1,,South,2011/2012,SH 1N,EAST TAMAKI OBR,,Serious Crash,Yes,2012,,South,,0,,Flat,,,,,,Dark,708500,1,0,1,3,,,0,,,,,,Auckland Region,Nil,1-way,Sealed,,0,1,,100,,On,0,0,,76,Auckland,Nil,,,,,0,0,Open,0,,,Fine,Null
1769197,5906977,1086324,,523712,0,,0,1,,South,2012/2013,TE IRIRANGI DRIVE,ORMISTON ROAD,,Serious Crash,No,2012,,South,,0,,Flat,,,,,,Dark,712806,0,0,0,4,,,0,,,1,,,Auckland Region,Nil,2-way,Sealed,,0,1,,80,,On,0,0,,76,Auckland,Nil,,,,,0,0,Open,0,,,Fine,Null
1749442,5918082,1086329,,514801,0,0,0,2,0,South,2011/2012,SH 16,ROSEBANK OFF WBD,,Fatal Crash,Yes,2012,0,West,0,1,0,Flat,1,,0,,0,Dark,390401,0,0,0,4,0,0,0,0,0,,1,0,Auckland Region,Nil,1-way,Sealed,0,0,0,0,100,0,On,0,0,,76,Auckland,Nil,0,0,0,0,0,0,Open,0,0,0,Fine,Null
1780632,5893891,1086337,,521132,0,0,0,0,1,East,2011/2012,HUNUA ROAD,GILLESPIE ROAD,,Serious Crash,No,2012,0,East,0,0,0,Flat,0,,0,,0,Dark,816401,0,0,0,2,0,0,0,0,0,,0,0,Auckland Region,Nil,2-way,Sealed,0,0,1,0,100,0,None,0,0,,76,Auckland,Nil,0,0,0,0,0,0,Open,1,0,0,Light rain,Null
1753315,5915364,1086351,,517903,0,0,0,2,0,East,2011/2012,OWAIRAKA AVENUE,HALLAM ST,,Serious Crash,No,2012,0,East,0,0,0,Flat,0,,0,,0,Dark,518000,0,0,0,3,0,0,0,0,1,,0,0,Auckland Region,Nil,2-way,Sealed,0,0,1,0,50,0,On,0,0,,76,Auckland,Give way,0,0,0,0,0,0,Urban,0,0,0,Fine,Null
1755248,5913680,1086401,,518803,0,0,0,1,0,East,2012/2013,DENBIGH AVENUE,WINSTONE ROAD,,Serious Crash,No,2012,0,West,0,0,0,Flat,0,,0,,0,Dark,582600,0,0,0,2,0,0,0,0,1,,0,0,Auckland Region,Nil,2-way,Sealed,0,0,1,0,50,0,On,0,0,,76,Auckland,Nil,0,0,0,0,0,0,Urban,1,0,0,Light rain,Null
1755262,5917661,1086451,,517500,0,,0,1,,North,2011/2012,SANDRINGHAM ROAD,ROSSMAY TERRACE,,Serious Crash,No,2012,,North,,0,,Flat,,Easter,,,,Overcast,532400,0,0,1,4,,,0,,,,,,Auckland Region,Nil,2-way,Sealed,,0,1,,50,,Off,0,0,,76,Auckland,Nil,,,,,0,0,Urban,0,,,Fine,Null
1763494,5910652,1086564,,520500,0,0,0,2,0,Null,2011/2012,GREAT SOUTH ROAD,PORTAGE ROAD,,Serious Crash,No,2012,0,South,0,0,0,Flat,0,,0,,0,Bright sun,637801,0,1,0,4,0,0,0,0,0,,0,0,Auckland Region,Nil,2-way,Sealed,0,0,1,0,50,0,Off,0,0,,76,Auckland,Traffic Signals,0,0,0,0,0,0,Urban,0,1,0,Fine,Null
1743572,5922900,1086637,,513511,0,,0,2,,East,2011/2012,BEAUCHAMP DRIVE,REVERIE PLACE,,Serious Crash,No,2012,,North,,0,,Hill Road,,,,,,Dark,224304,1,0,0,2,,,0,,,,,,Auckland Region,Nil,2-way,Sealed,,0,1,,50,,On,0,0,,76,Auckland,Nil,,,,,0,0,Urban,0,,,Light rain,Null
1754338,5927965,1086826,,508310,0,,0,2,,Null,2011/2012,CHARTWELL AVENUE,BENTLEY AVENUE,,Serious Crash,No,2012,,North,,0,,Hill Road,,,,,,Bright sun,200600,1,0,0,2,,,0,,,,,,Auckland Region,Nil,2-way,Sealed,,0,1,,50,,Off,0,0,,76,Auckland,Give way,,,,,0,0,Urban,0,,,Fine,Null
1745992,5926097,1086851,,513410,0,0,0,0,0,Null,2012/2013,BRIGHAM CREEK ROAD,BRIGHAM OFF EBD,,Serious Crash,No,2012,0,East,0,0,0,Hill Road,0,,0,,0,Overcast,223801,0,0,1,2,0,0,0,0,0,,0,1,Auckland Region,Motorway ramp,1-way,Sealed,0,0,1,0,50,0,None,0,0,,76,Auckland,Give way,0,0,0,0,0,0,Urban,0,0,0,Fine,Null
1764673,5905766,1086936,,522100,0,,0,1,,Null,2012/2013,STATION ROAD,WYLLIE ROAD,,Serious Crash,No,2012,,West,,0,,Flat,,,,,,Overcast,657700,0,0,0,2,,,0,,,1,,,Auckland Region,Nil,2-way,Sealed,,0,1,,50,,Off,0,0,,76,Auckland,Traffic Signals,,,,,0,0,Urban,0,,,Light rain,Null
1753826,5876252,1087076,,526104,0,,0,2,,South,2012/2013,KITCHENER ROAD,BRIGHTS ROAD,,Serious Crash,No,2012,,North,,0,,Hill Road,,,,,,Bright sun,835900,0,0,0,2,,,0,,,,,,Auckland Region,Nil,2-way,Sealed,,0,1,,50,,Off,0,0,,76,Auckland,Nil,,,,,0,0,Urban,0,,,Fine,Null
1758110,5915486,1087125,,515801,0,,0,4,,Null,2012/2013,GREEN LANE WEST,MANUKAU ROAD,,Serious Crash,No,2012,,West,,0,,Flat,,,,,,Twilight,447400,1,0,0,5,,,0,,,,,,Auckland Region,Nil,2-way,Sealed,,0,1,,50,,On,0,0,,76,Auckland,Traffic Signals,,,,,0,0,Urban,0,,,Heavy rain,Null
1767663,5899111,1087721,,525102,0,0,0,0,0,East,2011/2012,MAHIA ROAD,SOUTHVIEW PLACE,,Serious Crash,No,2012,0,East,0,0,0,Flat,0,,0,,0,Dark,772902,0,0,0,2,0,0,0,0,0,,0,1,Auckland Region,Nil,2-way,Sealed,0,0,1,0,50,0,On,0,0,,76,Auckland,Nil,0,0,0,0,0,0,Urban,1,0,0,Fine,Null
1742855,5924174,1088044,,513410,0,,0,1,,West,2013/2014,FRED TAYLOR DRIVE,DUNLOP ROAD,,Serious Crash,No,2013,,West,,0,,Flat,,,,,,Bright sun,226401,0,0,1,2,,,0,,,,,,Auckland Region,Nil,2-way,Sealed,,0,1,,80,,Off,0,0,,76,Auckland,Nil,,,,,0,0,Open,0,,,Fine,Null
1749224,5934044,1088056,,509000,1,0,0,0,0,East,2012/2013,RIDGE ROAD,OBRIEN ROAD,,Serious Crash,No,2013,0,East,0,0,0,Hill Road,0,,0,,0,Overcast,179306,0,0,0,2,0,0,0,0,0,,0,0,Auckland Region,Nil,2-way,Sealed,0,0,1,0,50,0,Off,0,0,,76,Auckland,Nil,0,0,0,0,1,0,Urban,0,1,0,Fine,Null
1770458,5902821,1088105,,523814,0,0,0,1,0,East,2011/2012,CHARLES PREVOST DRIVE,MOUNT LEBANON CRESCENT W,,Serious Crash,No,2012,0,West,0,0,0,Flat,0,,0,,0,Bright sun,760804,0,0,0,2,0,0,0,0,1,,0,0,Auckland Region,Nil,2-way,Sealed,0,0,1,0,50,0,Off,0,0,,76,Auckland,Nil,0,0,0,0,0,0,Urban,1,0,0,Fine,Null
1755165,5917789,1088182,,517500,0,0,0,2,1,West,2011/2012,NEW NORTH ROAD,KINGSLAND AVENUE,,Serious Crash,No,2012,0,East,0,0,0,Hill Road,0,,0,,0,Overcast,531900,0,0,0,4,0,0,0,0,1,,0,0,Auckland Region,Nil,2-way,Sealed,0,0,1,0,50,0,Off,0,0,,76,Auckland,Nil,0,0,0,0,0,0,Urban,0,0,0,Fine,Null
1742151,5919029,1088203,,513213,0,0,0,0,0,East,2011/2012,SWANSON ROAD,AIRDRIE ROAD,,Serious Crash,No,2012,0,East,0,0,0,Hill Road,0,,0,,0,Dark,235102,0,0,0,2,0,0,0,0,1,,0,0,Auckland Region,Nil,2-way,Sealed,0,0,1,0,50,0,On,1,0,,76,Auckland,Nil,0,0,0,0,0,0,Urban,1,0,0,Fine,Null
1738832,5931139,1088585,,505604,0,0,0,0,0,Null,2011/2012,OLD NORTH ROAD,PINETONE ROAD,,Fatal Crash,No,2012,0,North,0,1,0,Flat,0,,0,,0,Bright sun,213800,0,0,1,2,0,1,0,0,0,,0,0,Auckland Region,Nil,2-way,Sealed,0,0,0,0,100,0,None,0,0,,76,Auckland,Nil,0,0,0,0,0,0,Open,0,0,0,Fine,Null
1753531,5915419,1088910,,517903,0,,0,1,,West,2011/2012,OWAIRAKA AVENUE,VINTER TERRACE,,Serious Crash,No,2012,,East,,0,,Flat,,,,,,Overcast,521700,0,0,0,2,,,0,,,1,,,Auckland Region,Nil,2-way,Sealed,,0,1,,50,,Off,0,0,,76,Auckland,Nil,,,,,0,0,Urban,0,,,Fine,Null
1778758,5904186,1089028,,525201,0,,0,0,,West,2012/2013,WEST ROAD,TYLDENS ROAD,,Serious Crash,No,2012,,East,,0,,Hill Road,,,,,,Bright sun,763202,0,0,1,2,,,0,,,,,,Auckland Region,Nil,2-way,Sealed,,0,1,,100,,None,0,0,,76,Auckland,Nil,,,,,0,0,Open,0,,,Fine,Null
1758256,5916704,1089195,,519200,0,,0,1,,Null,2011/2012,MANUKAU ROAD,BRACKEN AVENUE,,Serious Crash,No,2012,,South,,0,,Flat,,,,,,Bright sun,614301,0,0,0,2,,,0,,,1,,,Auckland Region,Nil,2-way,Sealed,,0,1,,50,,Off,0,0,,76,Auckland,Give way,,,,,0,0,Urban,0,,,Fine,Null
1734318,5946075,1089314,,506647,0,0,0,1,0,South,2011/2012,SH 16,STONEY CREEK ROAD,,Fatal Crash,Yes,2012,0,South,1,1,0,Flat,0,,0,,0,Dark,212704,0,0,0,2,0,0,0,0,0,,0,1,Auckland Region,Nil,2-way,Sealed,0,0,0,0,100,0,None,0,0,,76,Auckland,Nil,0,0,0,0,0,0,Open,0,0,0,Fine,Null
1752468,5935942,1089451,,506300,0,,0,1,,North,2011/2012,SH 1N,LONELY TRACK OBR,,Fatal Crash,Yes,2012,,South,,1,,Flat,,,,,,Dark,176106,0,0,1,5,,,0,,,,,,Auckland Region,Bridge,2-way,Sealed,,0,0,,100,,None,0,0,,76,Auckland,Nil,,,,,1,0,Open,0,,,Heavy rain,Null
1771440,5907704,1089511,,523713,0,0,0,1,0,Null,2011/2012,MURPHYS ROAD,JEFFS ROAD,,Serious Crash,No,2012,0,North,0,0,0,Flat,0,,0,,0,Dark,712402,0,0,0,4,0,0,0,0,0,,0,1,Auckland Region,Nil,2-way,Sealed,0,0,1,0,50,0,On,0,0,,76,Auckland,Traffic Signals,0,0,0,0,0,0,Urban,0,0,0,Fine,Null
1747762,5912655,1089647,,511100,0,0,0,0,0,West,2012/2013,PLEASANT ROAD,FAIRMOUNT ROAD,,Serious Crash,No,2012,0,West,0,0,0,Hill Road,0,,0,,0,Dark,287400,0,0,1,2,0,0,0,0,0,,0,0,Auckland Region,Nil,2-way,Sealed,0,0,1,0,50,0,On,0,0,,76,Auckland,Nil,0,0,0,1,0,0,Urban,0,0,0,Fine,Null
1760372,5917840,1089745,,516201,0,,0,0,,North,2012/2013,VICTORIA AVENUE,COMBES ROAD,,Serious Crash,No,2012,,North,,0,,Flat,,,,,,Overcast,486200,0,0,0,2,,,0,,,1,,,Auckland Region,Nil,2-way,Sealed,,0,1,,50,,Off,1,0,,76,Auckland,Nil,,,,,0,0,Urban,0,,,Heavy rain,Null
1730401,5959025,1089846,,506613,0,0,0,1,1,North,2011/2012,SH 16,WEST COAST ROAD,,Fatal Crash,Yes,2012,0,South,1,1,0,Flat,0,,0,,0,Bright sun,146200,4,0,0,2,0,0,0,0,0,,0,0,Auckland Region,Nil,2-way,Sealed,0,0,0,0,100,0,None,0,0,,76,Auckland,Nil,0,0,0,1,0,0,Open,0,0,0,Fine,Null
1771455,5895405,1089942,55,525540,0,0,0,1,0,East,2012/2013,PAPAKURA OFF SBD,SH 1N,,Serious Crash,Yes,2012,0,East,0,0,0,Flat,0,,0,,0,Dark,806402,0,0,0,1,0,0,0,0,0,,0,1,Auckland Region,Motorway ramp,1-way,Sealed,0,0,2,0,100,0,On,0,0,80,76,Auckland,Nil,0,1,0,0,0,0,Open,0,0,0,Fine,Null
1735479,5987564,1090145,,506660,0,0,0,0,0,South,2011/2012,SH 1N,MANGAWHAI ROAD,,Fatal Crash,Yes,2012,0,North,0,1,1,Hill Road,0,,0,,0,Bright sun,135800,0,0,1,2,0,0,0,0,0,,1,0,Auckland Region,Nil,2-way,Sealed,0,0,0,0,100,0,Off,0,0,,76,Auckland,Nil,0,0,0,0,0,0,Open,0,0,0,Fine,Null
1752662,5954644,1090164,,506613,0,,0,0,,North,2012/2013,HIBISCUS COAST HIGHWAY,WAIWERA ROAD,,Serious Crash,No,2013,,North,,0,,Hill Road,,,,,,Bright sun,147000,1,0,0,2,,,1,,,,,,Auckland Region,Nil,2-way,Sealed,,0,1,,80,,None,1,0,,76,Auckland,Nil,,,,,0,0,Open,0,,,Fine,Null
1771345,5900037,1090240,,523911,0,0,0,1,0,Null,2013/2014,PORCHESTER ROAD,POPES ROAD,,Serious Crash,No,2013,0,North,0,0,0,Flat,1,,0,,0,Bright sun,767202,1,0,0,2,0,0,0,0,0,,0,1,Auckland Region,Nil,2-way,Sealed,0,0,2,0,80,0,Off,1,0,,76,Auckland,Stop,0,0,0,0,0,0,Open,0,0,0,Fine,Null
1768035,5899292,1090287,,525102,0,0,0,2,0,West,2012/2013,MAHIA ROAD,FRIEDLANDERS ROAD,,Serious Crash,No,2013,0,East,0,0,0,Flat,0,,0,,0,Bright sun,769200,0,0,0,2,0,0,0,0,1,,0,0,Auckland Region,Nil,2-way,Sealed,0,0,1,0,50,0,Off,0,0,,76,Auckland,Nil,0,0,0,0,0,0,Urban,0,0,0,Fine,Null
1755637,5920624,1090340,,515202,0,,0,1,,East,2011/2012,COLLEGE HILL,MARGARET ST,,Serious Crash,No,2012,,West,,0,,Hill Road,,,,,,Dark,425500,1,0,0,4,,,0,,,,,,Auckland Region,Nil,2-way,Sealed,,0,1,,50,,On,1,0,,76,Auckland,Nil,,,,,0,0,Urban,0,,,Light rain,Null
1756247,5919258,1090423,,514000,0,,0,2,,Null,2012/2013,KARANGAHAPE ROAD,PONSONBY ROAD,,Serious Crash,No,2012,,South,,0,,Flat,,,,,,Bright sun,413800,0,0,0,3,,,0,,,,,,Auckland Region,Nil,2-way,Sealed,,0,1,,50,,Off,0,0,,76,Auckland,Traffic Signals,,,,,0,0,Urban,0,,,Fine,Null
1765964,5906413,1090434,,522202,0,,0,1,,Null,2013/2014,GREAT SOUTH ROAD,ST GEORGE ST,,Serious Crash,No,2013,,South,,0,,Flat,,,,,,Bright sun,665101,0,0,0,3,,,0,,,1,,,Auckland Region,Nil,2-way,Sealed,,0,1,,50,,Off,0,0,,76,Auckland,Traffic Signals,,,,,0,0,Urban,0,,,Fine,Null
1775455,5889407,1090486,,521301,0,0,0,1,0,Null,2013/2014,QUARRY ROAD,RAMARAMA ROAD,,Serious Crash,No,2013,0,North,0,0,1,Flat,0,,0,,0,Overcast,809103,0,0,0,2,0,0,0,0,0,,0,0,Auckland Region,Nil,2-way,Sealed,0,0,1,0,80,0,Off,0,0,,76,Auckland,Give way,0,0,0,0,1,0,Open,0,0,0,Fine,Null
1759046,5906725,1090574,,524200,1,,0,0,,Null,2012/2013,KIRKBRIDE ROAD,ASCOT ROAD,,Serious Crash,No,2013,,North,,0,,Flat,,,,,,Twilight,726300,0,0,0,4,,,0,,,,,,Auckland Region,Nil,2-way,Sealed,,0,1,,50,,On,0,0,,76,Auckland,Traffic Signals,,,,,0,0,Urban,1,,,Fine,Null
1735592,5987148,1090639,,506660,0,,0,2,,Null,2012/2013,SH 1N,TE HANA RAIL OBR,,Serious Crash,Yes,2012,,South,,0,,Hill Road,,,,,,Bright sun,135800,2,0,0,2,,,0,,,,,,Auckland Region,Nil,2-way,Sealed,,0,4,,70,,None,0,0,,76,Auckland,Nil,,,,,0,0,Urban,0,,,Fine,Null
1758101,5920489,1090766,,514103,0,,0,1,,South,2012/2013,ANZAC AVENUE,SHORT ST,,Serious Crash,No,2013,,South,,0,,Hill Road,,,,,,Dark,438406,0,1,0,4,,,0,,,,,,Auckland Region,Nil,2-way,Sealed,,0,1,,50,,On,0,0,,76,Auckland,Nil,,,,,0,0,Urban,0,,,Fine,Null
1756389,5919073,1090770,,514200,0,0,0,1,0,East,2013/2014,16 LINK 1 NBD,NEWTON OBR,,Serious Crash,Yes,2013,0,North,0,0,0,Flat,1,,0,,0,Bright sun,411800,0,0,0,2,0,0,0,0,0,,0,0,Auckland Region,Nil,2-way,Sealed,0,0,1,0,80,0,Null,0,0,,76,Auckland,Nil,0,0,0,0,1,0,Open,0,0,0,Fine,Null
1761318,5914013,1090786,,520202,0,,0,1,,South,2012/2013,GREAT SOUTH ROAD,GREENPARK ROAD,,Fatal Crash,No,2013,,South,,1,,Flat,,,,,,Dark,612300,0,0,0,4,,,0,,,1,,,Auckland Region,Nil,2-way,Sealed,,0,0,,50,,On,0,0,,76,Auckland,Nil,,,,,0,0,Urban,0,,,Fine,Null
1772522,5896788,1090873,,525420,0,,0,1,,South,2012/2013,GREAT SOUTH ROAD,SUBWAY ROAD,,Serious Crash,No,2013,,North,,0,,Flat,,,,,,Overcast,791300,1,0,0,4,,,0,,,1,,,Auckland Region,Nil,2-way,Sealed,,0,1,,50,,Off,0,0,,76,Auckland,Nil,,,,,0,0,Urban,0,,,Fine,Null
1756850,5920572,1090911,,514102,0,,0,1,,Null,2012/2013,VICTORIA ST WEST,GRAHAM ST,,Serious Crash,No,2012,,East,,0,,Hill Road,,,,,,Overcast,433700,0,0,0,5,,,0,,,1,,,Auckland Region,Nil,2-way,Sealed,,0,1,,50,,Off,0,0,,76,Auckland,Nil,,,,,0,0,Urban,0,,,Light rain,Null
1768729,5881362,1091005,,525921,0,0,0,1,0,Null,2012/2013,TOBIN ST,SEDDON ST,,Serious Crash,No,2012,0,West,0,0,0,Flat,0,,1,,0,Bright sun,821400,0,0,0,2,0,0,0,0,0,,0,0,Auckland Region,Nil,2-way,Sealed,0,0,1,0,50,0,Off,0,0,,76,Auckland,Give way,0,0,0,1,0,0,Urban,0,0,0,Fine,Null
1754327,5932651,1091256,,508805,0,0,0,1,1,East,2012/2013,ORBIT DRIVE,APOLLO DRIVE,,Serious Crash,No,2013,0,East,0,0,0,Flat,0,,0,,0,Dark,180866,0,0,0,2,0,0,0,0,0,,0,0,Auckland Region,Nil,2-way,Sealed,0,0,1,0,50,0,On,0,0,,76,Auckland,Nil,0,0,0,0,0,0,Urban,0,0,0,Fine,Null
1747715,5939102,1091323,,506300,0,,0,1,,Null,2012/2013,DAIRY FLAT HIGHWAY,BAWDEN ROAD,,Serious Crash,No,2012,,West,,0,,Flat,,,,,,Dark,175904,1,0,1,2,,,0,,,,,,Auckland Region,Nil,2-way,Sealed,,0,1,,100,,None,0,0,,76,Auckland,Give way,,,,,0,0,Open,0,,,Fine,Null
1759931,5911765,1091325,,520000,0,0,0,1,0,East,2013/2014,NEILSON ST,ALFRED ST,,Serious Crash,No,2013,0,East,0,0,1,Flat,0,,0,,0,Twilight,607800,1,0,0,5,0,0,0,0,0,,0,1,Auckland Region,Nil,2-way,Sealed,0,0,1,0,50,0,On,0,0,,76,Auckland,Nil,0,0,0,0,0,0,Urban,0,0,0,Light rain,Null
1749872,5913613,1091349,,511303,0,0,0,2,0,North,2011/2012,RANKIN AVENUE,MARGAN AVENUE,,Serious Crash,No,2012,0,South,0,0,0,Flat,0,,0,,0,Dark,264906,0,0,0,2,0,0,0,0,2,,0,0,Auckland Region,Nil,2-way,Sealed,0,0,1,0,50,0,On,1,0,,76,Auckland,Nil,0,0,0,0,0,0,Urban,0,0,0,Fine,Null
1748562,5931121,1091423,,509000,0,,0,0,,North,2013/2014,PAREMOREMO ROAD,HARDENS LANE,,Serious Crash,No,2013,,South,,0,,Flat,,,,,,Bright sun,179703,0,0,1,2,,,0,,,,,,Auckland Region,Nil,2-way,Sealed,,0,1,,80,,Off,0,0,,76,Auckland,Nil,,,,,0,0,Open,1,,,Fine,Null
1756024,5917327,1091606,,518201,0,,0,1,,North,2012/2013,DOMINION ROAD,BELLWOOD AVENUE,,Serious Crash,No,2013,,North,,0,,Flat,,,,,,Overcast,547800,0,0,0,3,,,0,,,1,,,Auckland Region,Nil,2-way,Sealed,,0,1,,50,,Off,0,0,,76,Auckland,Traffic Signals,,,,,0,0,Urban,0,,,Fine,Null
1746917,5915717,1091634,,511601,0,0,0,0,1,West,2012/2013,FELGROVE ST,THORNLOW ST,,Serious Crash,No,2012,0,East,0,0,0,Flat,0,,0,,0,Bright sun,275900,0,0,1,2,0,0,0,0,0,,0,0,Auckland Region,Nil,2-way,Sealed,0,0,1,0,50,0,Off,0,0,,76,Auckland,Nil,0,0,0,0,0,0,Urban,0,0,0,Fine,Null
1752411,5917906,1091649,,515003,0,,0,1,,South,2013/2014,CARRINGTON ROAD,SUTHERLAND ROAD,,Serious Crash,No,2013,,North,,0,,Flat,,,,,,Overcast,391602,0,0,0,2,,,0,,,1,,,Auckland Region,Nil,2-way,Sealed,,0,1,,50,,Off,0,0,,76,Auckland,Nil,,,,,0,0,Urban,0,,,Heavy rain,Null
1757299,5919130,1091683,,514301,0,0,0,1,0,West,2013/2014,SH 16,WELLESLEY OFF NBD,,Serious Crash,Yes,2014,0,South,0,0,0,Hill Road,1,,0,,0,Bright sun,441200,0,0,0,2,0,0,0,0,0,,0,0,Auckland Region,Nil,2-way,Sealed,0,0,1,0,80,0,Null,1,0,,76,Auckland,Nil,0,0,0,0,0,0,Open,0,0,0,Fine,Null
1745597,5916437,1091741,,510800,0,0,0,0,0,Null,2012/2013,VITASOVICH AVENUE,VIEW ROAD,,Serious Crash,No,2012,0,West,0,0,0,Hill Road,0,,0,,0,Bright sun,244500,0,0,0,3,0,0,1,0,0,,0,1,Auckland Region,Nil,2-way,Sealed,0,0,2,0,50,0,Off,0,0,,76,Auckland,Traffic Signals,0,0,0,0,0,0,Urban,0,0,0,Fine,Null
1761545,5906368,1091812,,524200,0,,0,0,,Null,2013/2014,MASSEY ROAD,IMRIE AVENUE,,Serious Crash,No,2013,,West,,0,,Flat,,,,,,Bright sun,728802,0,0,1,3,,,0,,,,,,Auckland Region,Nil,2-way,Sealed,,0,1,,50,,Off,0,0,,76,Auckland,Stop,,,,,0,0,Urban,1,,,Fine,Null
1756112,5927806,1091838,,507900,0,,0,1,,North,2012/2013,SH 1N,NORTHCOTE OFF SBD,,Serious Crash,Yes,2013,,South,,0,,Flat,,,,,,Bright sun,305202,0,0,0,3,,,0,,,,,,Auckland Region,Nil,1-way,Sealed,,0,1,,100,,Off,0,0,,76,Auckland,Nil,,,,,1,0,Open,0,,,Fine,Null
1765455,5907126,1091854,,522201,1,,0,0,,Null,2012/2013,GREAT SOUTH ROAD,SHIRLEY ROAD,,Serious Crash,No,2013,,North,,0,,Flat,,,,,,Bright sun,662300,0,0,0,4,,,0,,,,,,Auckland Region,Nil,2-way,Sealed,,0,1,,50,,Off,0,0,,76,Auckland,Give way,,,,,0,0,Urban,1,,,Fine,Null
1758706,5916375,1091915,,519200,0,0,0,1,0,Null,2013/2014,MARKET ROAD,CORNWALL PARK AVENUE,,Serious Crash,No,2013,0,South,0,0,0,Flat,0,,0,,0,Overcast,615500,0,0,0,2,0,0,0,0,0,,0,1,Auckland Region,Nil,2-way,Sealed,0,0,2,0,50,0,Off,0,0,,76,Auckland,Give way,0,0,0,0,0,0,Urban,0,0,0,Fine,Null