X,Y,OBJECTID,advisorySpeed,areaUnitID,bicycle,bridge,bus,carStationWagon,cliffBank,crashDirectionDescription,crashFinancialYear,crashLocation1,crashLocation2,crashRoadSideRoad,crashSeverity,crashSHDescription,crashYear,debris,directionRoleDescription,ditch,fatalCount,fence,flatHill,guardRail,holiday,houseOrBuilding,intersection,kerb,light,meshblockId,minorInjuryCount,moped,motorcycle,NumberOfLanes,objectThrownOrDropped,otherObject,otherVehicleType,overBank,parkedVehicle,pedestrian,phoneBoxEtc,postOrPole,region,roadCharacter,roadLane,roadSurface,roadworks,schoolBus,seriousInjuryCount,slipOrFlood,speedLimit,strayAnimal,streetLight,suv,taxi,temporarySpeedLimit,tlaId,tlaName,trafficControl,trafficIsland,trafficSign,train,tree,truck,unknownVehicleType,urban,vanOrUtility,vehicle,waterRiver,weatherA,weatherB
1753817,5915095,1091923,,518801,0,0,0,0,0,East,2012/2013,ODONNELL AVENUE,BUCCANEER ST,,Fatal Crash,No,2013,0,East,0,1,1,Flat,0,,0,,0,Dark,575800,0,0,1,2,0,0,0,0,0,,0,0,Auckland Region,Nil,2-way,Sealed,0,0,0,0,50,0,On,0,0,,76,Auckland,Nil,0,0,0,0,0,0,Urban,0,0,0,Fine,Null
1753069,5937316,1091980,,506300,0,0,0,1,0,North,2013/2014,EAST COAST ROAD,OKURA RIVER ROAD,,Serious Crash,No,2013,0,North,0,0,0,Hill Road,1,,0,,0,Dark,176104,0,0,0,2,0,0,0,0,0,,0,0,Auckland Region,Nil,2-way,Sealed,0,0,1,0,50,0,None,0,0,30,76,Auckland,Nil,0,0,0,0,0,0,Urban,0,0,0,Fine,Null
1757676,5920721,1092023,,514103,0,,1,0,,Null,2013/2014,FORT ST,GORE ST,,Serious Crash,No,2013,,West,,0,,Flat,,,,,,Bright sun,438104,0,0,0,2,,,0,,,1,,,Auckland Region,Nil,2-way,Sealed,,0,1,,50,,Null,0,0,,76,Auckland,Stop,,,,,0,0,Urban,0,,,Fine,Null
1751401,5915046,1092054,,514401,0,0,0,2,0,South,2013/2014,ST JUDE ST,DONEGAL ST,,Serious Crash,No,2013,0,North,0,0,0,Hill Road,0,,0,,0,Dark,382901,2,0,0,2,0,0,0,0,0,,0,0,Auckland Region,Nil,2-way,Sealed,0,0,1,0,50,0,On,0,0,,76,Auckland,Give way,1,1,0,0,0,0,Urban,0,0,0,Fine,Null
1752633,5918225,1092102,,515002,0,,0,1,,Null,2012/2013,GREAT NORTH ROAD,KIWI ROAD,,Fatal Crash,No,2013,,East,,1,,Flat,,,,,,Dark,390501,0,0,0,5,,,0,,,1,,,Auckland Region,Nil,2-way,Sealed,,0,0,,50,,On,0,0,,76,Auckland,Give way,,,,,0,0,Urban,0,,,Light rain,Null
1765961,5901527,1092136,,524604,0,,0,0,,West,2012/2013,BROWNS ROAD,FEASEGATE ST,,Serious Crash,No,2013,,West,,0,,Flat,,,,,,Dark,781302,0,0,0,3,,,0,,,1,,,Auckland Region,Nil,2-way,Sealed,,0,1,,50,,On,0,0,,76,Auckland,Nil,,,,,0,0,Urban,1,,,Fine,Null
1765009,5914901,1092187,,520301,0,,0,1,,Null,2012/2013,JELLICOE ROAD,PLEASANT VIEW ROAD,,Serious Crash,No,2012,,South,,0,,Flat,,,,,,Overcast,628002,0,0,1,3,,,0,,,,,,Auckland Region,Nil,2-way,Sealed,,0,1,,50,,Off,0,0,,76,Auckland,Stop,,,,,0,0,Urban,0,,,Fine,Null
1767683,5905048,1092219,,524603,0,,0,2,,Null,2012/2013,TE IRIRANGI DRIVE,TE IRIRANGI ON NBD,,Serious Crash,No,2013,,East,,0,,Flat,,,,,,Dark,780304,2,0,0,4,,,0,,,,,,Auckland Region,Bridge,2-way,Sealed,,0,1,,50,,On,0,0,,76,Auckland,Traffic Signals,,,,,0,0,Urban,0,,,Heavy rain,Strong wind
1769867,5909473,1092274,,523114,0,,0,1,,South,2013/2014,SHEDDINGS LANE,BALRATH ROAD,,Serious Crash,No,2013,,South,,0,,Flat,,,,,,Bright sun,711806,0,0,0,2,,,0,,,1,,,Auckland Region,Nil,2-way,Sealed,,0,1,,50,,Off,0,0,,76,Auckland,Nil,,,,,0,0,Urban,0,,,Fine,Strong wind
1765023,5920175,1092320,,516602,0,0,0,1,1,West,2012/2013,TAMAKI DRIVE,LONG DRIVE,,Serious Crash,No,2013,0,East,0,0,0,Flat,0,,0,,0,Dark,504500,0,0,0,2,0,0,0,0,0,,0,0,Auckland Region,Nil,2-way,Sealed,0,0,1,0,50,0,On,0,0,,76,Auckland,Nil,0,0,0,0,0,0,Urban,0,0,0,Heavy rain,Null
1759051,5919348,1092334,,515902,1,,0,1,,Null,2012/2013,ST STEPHENS AVENUE,BRIGHTON ROAD,,Serious Crash,No,2013,,West,,0,,Hill Road,,,,,,Bright sun,454600,0,0,0,2,,,0,,,,,,Auckland Region,Nil,2-way,Sealed,,0,1,,50,,Off,0,0,,76,Auckland,Give way,,,,,0,0,Urban,0,,,Fine,Null
1771745,5895209,1092396,,525540,0,,0,1,,West,2013/2014,BEACH ROAD,ELLIOT ST,,Serious Crash,No,2013,,West,,0,,Flat,,,,,,Dark,806402,0,0,0,5,,,0,,,1,,,Auckland Region,Nil,2-way,Sealed,,0,1,,50,,On,0,0,,76,Auckland,Traffic Signals,,,,,0,0,Urban,0,,,Fine,Null
1770443,5911279,1092450,,523109,0,,0,1,,East,2013/2014,TI RAKAU DRIVE,TE IRIRANGI DRIVE,,Serious Crash,No,2013,,West,,0,,Flat,,,,,,Bright sun,711709,1,0,0,4,,,0,,,2,,,Auckland Region,Nil,2-way,Sealed,,0,1,,50,,Off,0,0,,76,Auckland,Traffic Signals,,,,,0,0,Urban,0,,,Fine,Null
1774716,5895988,1092470,,525510,0,0,0,2,0,South,2012/2013,DOMINION ROAD,SETTLEMENT ROAD,,Serious Crash,No,2013,0,South,0,0,0,Flat,0,,0,,0,Dark,801002,1,0,0,2,0,0,0,0,1,,0,0,Auckland Region,Nil,2-way,Sealed,0,0,1,0,50,0,On,0,0,,76,Auckland,Nil,0,0,0,0,0,0,Urban,0,0,0,Fine,Null
1774749,5893633,1092507,,521301,0,,0,1,,East,2013/2014,PONGA ROAD,SUTTON ROAD,,Serious Crash,No,2013,,West,,0,,Flat,,,,,,Bright sun,808101,0,0,0,2,,,0,,,1,,,Auckland Region,Nil,2-way,Sealed,,0,1,,80,,Off,0,0,,76,Auckland,Nil,,,,,0,0,Open,0,,,Fine,Null
1767387,5900302,1092580,,524720,0,0,0,0,0,Null,2012/2013,HEYBRIDGE ST,WINSFORD ST S,,Serious Crash,No,2013,0,South,0,0,1,Flat,0,,0,,0,Bright sun,776600,0,0,1,1,0,0,0,0,0,,0,0,Auckland Region,Nil,2-way,Sealed,0,0,1,0,50,0,Off,0,0,,76,Auckland,Nil,0,0,0,0,0,0,Urban,0,0,0,Fine,Null
1767228,5888089,1092583,,521122,0,0,0,3,0,Null,2012/2013,SH 22,GLENBROOK ROAD,,Serious Crash,Yes,2013,0,North,0,0,0,Flat,0,,0,,0,Twilight,812800,1,0,0,2,0,0,0,0,0,,0,0,Auckland Region,Nil,2-way,Sealed,0,0,2,0,100,0,Off,0,0,,76,Auckland,Give way,0,0,0,0,0,0,Open,0,1,0,Fine,Null
1754589,5918330,1092652,,517600,0,0,0,1,0,East,2012/2013,SH 16,ST LUKES OBR,,Serious Crash,Yes,2013,0,West,0,0,0,Flat,1,Christmas New Year,0,,0,Dark,533100,0,0,0,3,0,0,0,0,0,,0,0,Auckland Region,Nil,1-way,Sealed,0,0,1,0,100,0,On,0,0,,76,Auckland,Nil,0,0,0,0,0,0,Open,0,0,0,Fine,Null
1745908,5973782,1092659,,506661,0,,0,2,,North,2013/2014,SH 1N,L PHILLIPS ROAD,,Serious Crash,Yes,2013,,North,,0,,Hill Road,,,,,,Dark,139000,5,0,0,2,,,0,,,,,,Auckland Region,Nil,2-way,Sealed,,0,1,,80,,None,0,0,,76,Auckland,Nil,,,,,0,0,Open,0,,,Fine,Null
1746531,5916385,1092713,,511601,0,,0,1,,South,2013/2014,GREAT NORTH ROAD,JAMES LAURIE ST,,Serious Crash,No,2013,,North,,0,,Flat,,,,,,Bright sun,274505,0,0,0,4,,,0,,,1,,,Auckland Region,Nil,2-way,Sealed,,0,1,,50,,Off,0,0,,76,Auckland,Nil,,,,,0,0,Urban,0,,,Fine,Null
1750328,5939789,1092839,,506300,0,0,0,0,1,Null,2012/2013,BAWDEN ROAD,WILSON ROAD,,Serious Crash,No,2013,0,West,0,0,0,Hill Road,0,,0,,0,Dark,176007,0,0,1,2,0,0,0,0,0,,0,0,Auckland Region,Nil,2-way,Sealed,0,0,1,0,80,0,On,0,0,,76,Auckland,Give way,0,0,0,0,0,0,Open,0,0,0,Fine,Null
1754216,5913321,1092937,,518802,0,,0,1,,Null,2012/2013,MAY ROAD,MARION AVENUE,,Serious Crash,No,2013,,South,,0,,Flat,,,,,,Dark,579500,0,0,0,2,,,0,,,1,,,Auckland Region,Nil,2-way,Sealed,,0,1,,50,,On,0,0,,76,Auckland,Stop,,,,,0,0,Urban,0,,,Fine,Null
1744554,5919119,1093066,,513302,0,,0,2,,Null,2012/2013,RATHGAR ROAD,LARNOCH ROAD,,Serious Crash,No,2012,,North,,0,,Flat,,,,,,Overcast,232600,1,0,0,2,,,0,,,,,,Auckland Region,Nil,2-way,Sealed,,0,1,,50,,Off,0,0,,76,Auckland,Stop,,,,,0,0,Urban,0,,,Fine,Null
1724631,5943848,1093198,,506642,0,0,0,1,0,West,2013/2014,SOUTH HEAD ROAD,EVANS ROAD,,Serious Crash,No,2013,0,East,0,0,1,Flat,0,,0,,0,Dark,210500,0,0,0,2,0,0,0,0,0,,0,1,Auckland Region,Nil,2-way,Sealed,0,0,1,0,100,0,None,0,0,,76,Auckland,Nil,0,0,0,0,0,0,Open,0,0,0,Fine,Null
1757143,5919761,1093238,,514103,0,,0,1,,South,2013/2014,QUEEN ST,WAVERLEY ST,,Serious Crash,No,2013,,South,,0,,Hill Road,,,,,,Dark,436100,0,0,0,4,,,0,,,1,,,Auckland Region,Nil,2-way,Sealed,,0,1,,50,,On,0,1,,76,Auckland,Nil,,,,,0,0,Urban,0,,,Fine,Null
1747704,5925968,1093275,,513431,0,,0,1,,South,2013/2014,SCOTT ROAD,CLARK ROAD,,Fatal Crash,No,2013,,North,,1,,Flat,,,,,,Bright sun,222903,0,0,0,2,,,0,,,1,,,Auckland Region,Nil,2-way,Sealed,,0,0,,80,,Off,0,0,,76,Auckland,Nil,,,,,0,0,Open,0,,,Fine,Null
1771258,5915470,1093301,,521501,0,,0,1,,Null,2014/2015,BLEAKHOUSE ROAD,PATON ROAD,,Serious Crash,No,2014,,North,,0,,Flat,,,,,,Dark,650900,0,0,0,2,,,0,,,1,,,Auckland Region,Nil,2-way,Sealed,,0,1,,50,,On,0,0,,76,Auckland,Nil,,,,,0,0,Urban,0,,,Fine,Null
1760720,5917368,1093336,,516202,0,,0,1,,South,2013/2014,ORAKEI ROAD,ARA ST,,Serious Crash,No,2013,,South,,0,,Flat,,,,,,Bright sun,489100,0,0,0,2,,,0,,,1,,,Auckland Region,Nil,2-way,Sealed,,0,1,,50,,Off,0,0,,76,Auckland,Nil,,,,,0,0,Urban,0,,,Fine,Null
1749605,5949382,1093407,,505805,0,,0,0,,West,2012/2013,GRAND DRIVE,FLAVELL DRIVE,,Serious Crash,No,2013,,East,,0,,Flat,,,,,,Dark,176413,0,0,1,2,,,0,,,1,,,Auckland Region,Nil,2-way,Sealed,,0,2,,70,,None,0,0,,76,Auckland,Nil,,,,,0,0,Urban,0,,,Fine,Null
1740453,5929132,1093712,,505604,0,0,0,0,0,North,2013/2014,OLD NORTH ROAD,OLD RAILWAY ROAD,,Fatal Crash,No,2013,0,North,1,2,1,Flat,0,,0,,0,Dark,214202,1,0,0,2,0,1,0,0,0,,0,0,Auckland Region,Nil,2-way,Sealed,0,0,0,0,100,0,None,0,0,,76,Auckland,Unknown,0,0,0,0,0,0,Open,1,0,0,Mist or Fog,Null
1747373,5956825,1093838,,506613,0,0,0,0,0,West,2011/2012,FIDDLERS HILL ROAD,KRIPPNER ROAD,,Fatal Crash,No,2012,0,East,0,1,1,Hill Road,0,,0,,0,Overcast,146901,0,0,0,2,0,0,0,0,0,1,0,0,Auckland Region,Nil,2-way,Unsealed,0,0,0,0,100,0,None,0,0,,76,Auckland,Nil,0,0,0,1,1,0,Open,0,0,0,Fine,Null
1759828,5912260,1093900,,520000,0,,0,2,,Null,2012/2013,CHURCH ST,ALFRED ST,,Serious Crash,No,2012,,West,,0,,Hill Road,,,,,,Bright sun,606800,0,0,0,2,,,0,,,,,,Auckland Region,Nil,2-way,Sealed,,0,2,,50,,Off,0,0,,76,Auckland,Stop,,,,,0,0,Urban,0,,,Fine,Null
1770066,5899224,1094219,,523911,1,,0,0,,West,2014/2015,TAKANINI OFF SBD,GREAT SOUTH ROAD E,,Serious Crash,Yes,2014,,East,,0,,Flat,,,,,,Overcast,768100,0,0,0,1,,,0,,,,,,Auckland Region,Nil,1-way,Sealed,,0,1,,70,,Off,0,0,,76,Auckland,Nil,,,,,0,0,Urban,1,,,Fine,Null
1772684,5891230,1094269,,521301,0,0,0,1,0,West,2013/2014,SH 22,MERCER ST,,Serious Crash,Yes,2013,0,North,0,0,0,Flat,1,,0,,0,Bright sun,809200,0,0,0,2,0,0,0,0,0,,0,0,Auckland Region,Nil,2-way,Sealed,0,0,3,0,70,0,Null,0,0,,76,Auckland,Unknown,0,0,0,0,0,0,Urban,1,0,0,Fine,Null
1763438,5910622,1094363,,521901,0,,0,1,,Null,2012/2013,PORTAGE ROAD,SALEYARDS ROAD,,Serious Crash,No,2013,,West,,0,,Hill Road,,,,,,Overcast,781900,4,0,0,3,,,0,,,,,,Auckland Region,Nil,2-way,Sealed,,0,2,,50,,Off,0,0,,76,Auckland,Stop,,,,,0,0,Urban,1,,,Fine,Null
1761060,5919988,1094382,,516400,1,0,0,1,0,East,2013/2014,TAMAKI DRIVE,NGAPIPI ROAD,,Serious Crash,No,2014,0,East,0,0,0,Flat,0,,0,,0,Twilight,496600,0,0,0,1,0,0,0,0,1,,0,0,Auckland Region,Nil,2-way,Sealed,0,0,1,0,50,0,On,0,0,,76,Auckland,Nil,0,0,0,0,0,0,Urban,0,0,0,Fine,Null
1766160,5903804,1094485,,524604,0,,0,0,,Null,2012/2013,SH 20,PLUNKET OBR,,Serious Crash,Yes,2013,,East,,0,,Flat,,,,,,Bright sun,780210,0,0,0,4,,,0,,,,,,Auckland Region,Nil,2-way,Sealed,,0,1,,50,,Off,0,0,,76,Auckland,Stop,,,,,0,0,Urban,2,,,Fine,Null
1762108,5916081,1094486,,516003,0,0,0,2,0,West,2012/2013,ABBOTTS WAY,GRAND DRIVE,,Serious Crash,No,2013,0,West,0,0,0,Flat,0,,0,,0,Bright sun,494700,0,0,0,2,0,0,0,0,0,,0,0,Auckland Region,Nil,2-way,Sealed,0,0,1,0,50,0,Off,0,0,,76,Auckland,Nil,0,0,0,0,0,0,Urban,0,1,0,Fine,Null
1756431,5927139,1094519,,507900,0,,0,2,,South,2013/2014,SH 1N,NORTHCOTE OBR,,Serious Crash,Yes,2013,,South,,0,,Flat,,,,,,Bright sun,303502,1,0,0,3,,,0,,,,,,Auckland Region,Nil,1-way,Sealed,,0,1,,100,,Off,0,0,,76,Auckland,Nil,,,,,0,0,Open,0,,,Fine,Null
1762240,5913582,1094544,,520402,0,,0,0,,South,2013/2014,SH 1N,PENROSE OBR,,Serious Crash,Yes,2013,,South,,0,,Flat,,,,,,Dark,642200,0,0,1,3,,,0,,,,,,Auckland Region,Nil,1-way,Sealed,,0,1,,100,,On,0,0,,76,Auckland,Nil,,,,,0,0,Open,1,,,Fine,Null
1759748,5915665,1094554,,519200,0,0,0,2,0,West,2012/2013,GREEN LANE WEST,TAWERA ROAD,,Serious Crash,No,2013,0,East,0,0,0,Flat,0,,0,,0,Bright sun,616300,0,0,0,4,0,0,0,0,0,,0,0,Auckland Region,Nil,2-way,Sealed,0,0,1,0,50,0,Off,0,0,,76,Auckland,Nil,0,0,0,0,0,0,Urban,0,1,0,Fine,Null
1765163,5913376,1094564,,520500,0,,0,1,,Null,2013/2014,WAIPUNA ROAD,PAKURANGA HIGHWAY,,Serious Crash,No,2013,,West,,0,,Flat,,,,,,Bright sun,638908,0,0,1,6,,,0,,,,,,Auckland Region,Nil,2-way,Sealed,,0,1,,80,,Off,0,0,,76,Auckland,Traffic Signals,,,,,0,0,Open,0,,,Fine,Null
1769079,5901112,1094566,,524901,0,0,0,2,0,East,2013/2014,HALVER ROAD,KNOX ROAD,,Serious Crash,No,2013,0,West,0,0,0,Flat,0,,0,,0,Dark,757400,0,0,0,2,0,0,0,0,1,,0,0,Auckland Region,Nil,2-way,Sealed,0,0,1,0,50,0,On,0,0,,76,Auckland,Nil,0,0,0,0,0,0,Urban,0,0,0,Fine,Null
1766200,5917032,1094574,,517001,0,,0,1,,West,2013/2014,TANIWHA ST,ELSTREE AVENUE,,Serious Crash,No,2013,,West,,0,,Flat,,,,,,Overcast,474600,0,0,0,2,,,0,,,1,,,Auckland Region,Nil,2-way,Sealed,,0,1,,50,,Off,0,0,,76,Auckland,Nil,,,,,0,0,Urban,0,,,Fine,Null
1758079,5920671,1094602,,514103,0,,0,0,,South,2013/2014,BEACH ROAD,TANGIHUA ST,,Serious Crash,No,2013,,South,,0,,Flat,,,,,,Dark,438301,0,0,0,4,,,0,,,1,,,Auckland Region,Nil,2-way,Sealed,,0,1,,50,,None,0,0,,76,Auckland,Give way,,,,,1,0,Urban,0,,,Fine,Null
1784411,5893970,1094683,,521132,0,0,0,1,0,Null,2013/2014,HUNUA ROAD,LOCKWOOD ROAD S,,Serious Crash,No,2013,0,East,0,0,1,Flat,0,,0,,0,Bright sun,816000,2,0,0,2,0,0,0,0,0,,0,0,Auckland Region,Nil,2-way,Sealed,0,0,1,0,50,0,None,0,0,,76,Auckland,Give way,0,0,0,1,0,0,Urban,0,0,0,Fine,Null
1757370,5920367,1094705,,514102,0,,0,1,,North,2012/2013,QUEEN ST,DARBY ST,,Serious Crash,No,2013,,North,,0,,Flat,,,,,,Bright sun,434000,0,0,0,4,,,0,,,1,,,Auckland Region,Nil,2-way,Sealed,,0,1,,50,,Off,0,0,,76,Auckland,Nil,,,,,0,0,Urban,0,,,Fine,Null
1765085,5914691,1094731,,520602,0,,0,0,,West,2014/2015,QUEENS ROAD,PILKINGTON ROAD,,Serious Crash,No,2014,,West,,0,,Flat,,,,,,Bright sun,628700,0,0,0,2,,,0,,,1,,,Auckland Region,Nil,2-way,Sealed,,0,1,,50,,Null,1,0,,76,Auckland,Unknown,,,,,0,0,Urban,0,,,Fine,Null
1759330,5918706,1094886,,515901,0,,0,0,,Null,2013/2014,AYR ST,BRIGHTON ROAD,,Serious Crash,No,2014,,East,,0,,Hill Road,,,,,,Dark,456900,0,0,1,4,,,0,,,,,,Auckland Region,Nil,2-way,Sealed,,0,1,,50,,On,0,0,,76,Auckland,Give way,,,,,0,0,Urban,0,,,Heavy rain,Strong wind
1752712,5913008,1094978,,514700,0,,0,0,,West,2014/2015,TERRY ST,BOUNDARY ROAD,,Serious Crash,No,2014,,West,,0,,Flat,,,,,,Bright sun,370600,0,0,0,2,,,0,,,1,,,Auckland Region,Nil,2-way,Sealed,,0,1,,50,,Null,0,0,,76,Auckland,Unknown,,,,,1,0,Urban,0,,,Fine,Null
1772979,5891831,1095001,,521301,0,0,0,0,0,South,2013/2014,CREEK ST,BREMNER ROAD,,Serious Crash,No,2014,0,South,0,0,0,Flat,0,,1,,0,Bright sun,808701,0,0,1,2,0,0,0,0,0,,0,0,Auckland Region,Nil,2-way,Sealed,0,0,1,0,50,0,None,0,0,,76,Auckland,Nil,0,0,0,0,0,0,Urban,0,0,0,Fine,Null
1749820,5912301,1095035,,511402,0,0,0,1,0,Null,2013/2014,ASTLEY AVENUE,BLEASE ST,,Fatal Crash,No,2014,0,South,0,1,0,Flat,0,,0,,0,Overcast,261803,0,0,0,2,0,0,0,0,0,,0,0,Auckland Region,Nil,2-way,Sealed,0,0,0,0,50,0,Off,0,0,,76,Auckland,Stop,0,0,0,1,0,0,Urban,0,0,0,Light rain,Null
1765141,5903701,1095079,,524604,0,0,0,1,0,Null,2014/2015,SH 20,PUHINUI OFF NBD,,Serious Crash,Yes,2015,0,West,0,0,0,Flat,0,Queens Birthday,0,,0,Dark,781302,0,0,0,4,0,0,0,0,0,,0,1,Auckland Region,Nil,2-way,Sealed,0,0,1,0,80,0,On,0,0,,76,Auckland,Traffic Signals,0,0,0,0,0,0,Open,0,0,0,Light rain,Null
1767673,5909449,1095152,,523112,0,,0,0,,West,2013/2014,KERWYN AVENUE,ARWEN PLACE,,Serious Crash,No,2014,,East,,0,,Flat,,,,,,Bright sun,711600,0,0,0,2,,,0,,,,,,Auckland Region,Nil,2-way,Sealed,,0,1,,60,,Null,0,0,,76,Auckland,Unknown,,,,,1,0,Urban,1,,,Fine,Null
1743079,5918623,1095226,,513213,0,,0,1,,Null,2013/2014,MARINICH DRIVE SOUTH,KORA AVENUE,,Serious Crash,No,2013,,South,,0,,Flat,,Labour Weekend,,,,Bright sun,235907,0,1,0,2,,,0,,,,,,Auckland Region,Nil,2-way,Sealed,,0,1,,50,,Off,0,0,,76,Auckland,Give way,,,,,0,0,Urban,0,,,Fine,Null
1749012,5970676,1095339,,505500,0,,0,1,,Null,2013/2014,ELIZABETH ST,FALLS ST,,Serious Crash,No,2014,,East,,0,,Flat,,,,,,Overcast,140300,0,0,1,3,,,0,,,,,,Auckland Region,Nil,2-way,Sealed,,0,1,,50,,Null,0,0,,76,Auckland,Give way,,,,,0,0,Urban,0,,,Fine,Null
1769234,5911482,1095350,,523113,0,,0,1,,East,2013/2014,TI RAKAU DRIVE,HARRIS ROAD,,Serious Crash,No,2014,,West,,0,,Flat,,,,,,Twilight,711703,1,0,0,6,,,0,,,,,,Auckland Region,Nil,2-way,Sealed,,0,1,,60,,On,0,0,,76,Auckland,Unknown,,,,,1,0,Urban,0,,,Fine,Null
1743485,5930413,1095386,,506400,0,,0,1,,East,2013/2014,LLOYD ROAD,BARRETT ROAD,,Serious Crash,No,2014,,West,,0,,Flat,,,,,,Dark,216903,0,0,0,2,,,0,,,1,,,Auckland Region,Nil,2-way,Sealed,,0,1,,80,,None,0,0,,76,Auckland,Nil,,,,,0,0,Open,0,,,Fine,Null
1755369,5926220,1095502,,509701,0,0,0,0,0,East,2014/2015,OCEAN VIEW ROAD,EBAN AVENUE,,Serious Crash,No,2014,0,West,0,0,0,Hill Road,0,,0,,1,Dark,363902,0,1,0,2,0,0,0,0,0,,0,0,Auckland Region,Nil,2-way,Sealed,0,0,1,0,50,0,On,0,0,,76,Auckland,Stop,0,0,0,1,0,0,Urban,0,0,0,Fine,Null
1764952,5915757,1095567,,520301,0,,0,2,,North,2014/2015,MORRIN ROAD,TAINUI ROAD,,Serious Crash,No,2014,,South,,0,,Flat,,,,,,Bright sun,627800,1,0,0,2,,,0,,,,,,Auckland Region,Nil,2-way,Sealed,,0,1,,50,,Null,0,0,,76,Auckland,Unknown,,,,,0,0,Urban,0,,,Fine,Null
1771464,5911278,1095589,,523110,0,0,0,1,1,North,2012/2013,WESTERHAM DRIVE,HINCKLEY COURT,,Serious Crash,No,2013,0,South,0,0,0,Hill Road,0,,0,,0,Dark,711138,0,0,0,2,0,0,0,0,0,,0,0,Auckland Region,Nil,2-way,Sealed,0,0,1,0,50,0,On,0,0,,76,Auckland,Nil,0,0,0,1,0,0,Urban,0,0,0,Fine,Null
1769783,5910420,1095639,,523113,0,0,0,1,0,North,2013/2014,KELVIN HART DRIVE,GUYS ROAD,,Serious Crash,No,2014,0,South,0,0,0,Flat,0,,0,,0,Dark,711724,0,0,0,2,0,1,0,0,0,,0,0,Auckland Region,Nil,2-way,Sealed,0,0,1,0,50,0,On,0,0,,76,Auckland,Nil,0,0,0,1,0,0,Urban,0,0,0,Fine,Null
1761238,5916179,1095759,,516003,0,0,0,3,0,South,2012/2013,LADIES MILE,PEACH PARADE,,Serious Crash,No,2013,0,South,0,0,1,Flat,0,,0,,0,Dark,496101,0,0,0,2,0,0,0,0,0,,0,0,Auckland Region,Nil,2-way,Sealed,0,0,1,0,50,0,On,0,0,,76,Auckland,Traffic Signals,0,0,0,0,0,0,Urban,0,0,0,Light rain,Null
1760093,5916613,1095980,,516002,0,,0,1,,North,2014/2015,CLONBERN ROAD,OHINERAU ST,,Serious Crash,No,2014,,North,,0,,Flat,,,,,,Overcast,492400,0,0,0,2,,,0,,,1,,,Auckland Region,Nil,2-way,Sealed,,0,1,,50,,Null,0,0,,76,Auckland,Unknown,,,,,0,0,Urban,0,,,Fine,Null
1751357,5929950,1096011,,509100,0,0,0,2,0,North,2014/2015,SH 18,GREENHITHE OBR,,Serious Crash,Yes,2014,0,South,0,0,0,Flat,1,,0,,0,Bright sun,181108,0,0,0,2,0,0,0,0,0,,0,0,Auckland Region,Nil,1-way,Sealed,0,0,1,0,100,0,Null,0,0,,76,Auckland,Unknown,0,0,0,0,0,0,Open,0,0,0,Fine,Null
1768017,5902359,1096019,,525001,0,,0,3,,Null,2013/2014,BROWNS ROAD,MAICH ROAD,,Serious Crash,No,2014,,West,,0,,Flat,,,,,,Dark,750700,3,0,0,2,,,0,,,,,,Auckland Region,Nil,2-way,Sealed,,0,1,,50,,On,0,0,,76,Auckland,Give way,,,,,0,0,Urban,0,,,Fine,Null
1750228,5938430,1096084,,506300,0,,0,1,,Null,2013/2014,AWANOHI ROAD,ASHWOOD AVENUE,,Serious Crash,No,2014,,West,,0,,Hill Road,,,,,,Bright sun,176008,0,0,1,2,,,0,,,,,,Auckland Region,Nil,2-way,Sealed,,0,1,,100,,None,0,0,,76,Auckland,Nil,,,,,0,0,Open,0,,,Fine,Null
1763651,5908868,1096096,,521901,0,0,0,1,1,West,2013/2014,MANGERE ROAD,WALMSLEY ROAD,,Serious Crash,No,2013,0,East,0,0,0,Flat,0,,0,,0,Dark,786100,2,0,0,5,0,0,0,0,0,,0,1,Auckland Region,Nil,2-way,Sealed,0,0,2,0,50,0,On,0,0,,76,Auckland,Nil,0,0,0,0,0,0,Urban,0,0,0,Light rain,Null
1738894,5963782,1096152,,506613,0,0,0,0,0,North,2013/2014,WEST COAST ROAD,HAWKENS ROAD,,Fatal Crash,No,2013,0,South,0,1,1,Hill Road,0,,0,,0,Bright sun,145400,0,0,1,2,0,0,0,0,0,,0,0,Auckland Region,Nil,2-way,Sealed,0,0,0,0,100,0,None,0,0,,76,Auckland,Nil,0,0,0,0,0,0,Open,0,0,0,Fine,Null
1763378,5908440,1096286,,524402,0,,0,2,,Null,2013/2014,MANGERE ROAD,HOSPITAL ROAD,,Serious Crash,No,2014,,South,,0,,Hill Road,,,,,,Bright sun,749900,0,0,0,4,,,0,,,,,,Auckland Region,Bridge,2-way,Sealed,,0,2,,50,,Off,0,0,,76,Auckland,Traffic Signals,,,,,0,0,Urban,0,,,Fine,Null
1756278,5936606,1096289,,507000,0,0,0,1,0,West,2014/2015,ELLANGOWAN ROAD,HEBRON ROAD,,Serious Crash,No,2014,0,West,0,0,0,Hill Road,0,,0,,0,Overcast,164300,0,0,1,2,0,0,0,0,1,,0,0,Auckland Region,Nil,2-way,Sealed,0,0,1,0,50,0,Null,0,0,,76,Auckland,Nil,0,0,0,0,0,0,Urban,0,0,0,Fine,Null
1754643,5920200,1096306,,515301,0,0,0,1,0,Null,2013/2014,KELMARNA AVENUE,HUKANUI CRESCENT,,Serious Crash,No,2013,0,North,0,0,1,Flat,0,,0,,0,Bright sun,428100,0,0,0,2,0,0,0,0,0,,0,0,Auckland Region,Nil,2-way,Sealed,0,0,1,0,50,0,Off,1,0,,76,Auckland,Nil,0,0,0,0,0,0,Urban,0,0,0,Fine,Null