X,Y,OBJECTID,advisorySpeed,areaUnitID,bicycle,bridge,bus,carStationWagon,cliffBank,crashDirectionDescription,crashFinancialYear,crashLocation1,crashLocation2,crashRoadSideRoad,crashSeverity,crashSHDescription,crashYear,debris,directionRoleDescription,ditch,fatalCount,fence,flatHill,guardRail,holiday,houseOrBuilding,intersection,kerb,light,meshblockId,minorInjuryCount,moped,motorcycle,NumberOfLanes,objectThrownOrDropped,otherObject,otherVehicleType,overBank,parkedVehicle,pedestrian,phoneBoxEtc,postOrPole,region,roadCharacter,roadLane,roadSurface,roadworks,schoolBus,seriousInjuryCount,slipOrFlood,speedLimit,strayAnimal,streetLight,suv,taxi,temporarySpeedLimit,tlaId,tlaName,trafficControl,trafficIsland,trafficSign,train,tree,truck,unknownVehicleType,urban,vanOrUtility,vehicle,waterRiver,weatherA,weatherB
1744246,5917894,1096493,,513220,0,,0,1,,North,2014/2015,NETA GROVE,STATESMAN ST,,Serious Crash,No,2014,,North,,0,,Flat,,,,,,Overcast,236701,0,0,0,2,,,0,,,1,,,Auckland Region,Nil,2-way,Sealed,,0,1,,50,,Off,0,0,,76,Auckland,Stop,,,,,0,0,Urban,0,,,Light rain,Null
1771277,5903453,1096594,,523819,0,0,0,1,0,South,2012/2013,MILL ROAD,REDOUBT ROAD,,Serious Crash,No,2013,0,North,0,0,0,Hill Road,0,,0,,0,Dark,760812,0,0,0,2,0,0,0,1,0,,0,1,Auckland Region,Nil,2-way,Sealed,0,0,1,0,80,0,None,0,0,,76,Auckland,Nil,0,0,0,0,0,0,Open,1,0,0,Light rain,Null
1771723,5913103,1096633,,523102,0,,0,1,,North,2014/2015,Z CPK GOOCH PLACE,MEADOWLAND DRIVE,,Fatal Crash,No,2014,,East,,1,,Flat,,,,,,Dark,711023,0,0,0,0,,,0,,,1,,,Auckland Region,Nil,Off road,Sealed,,0,0,,50,,On,0,0,,76,Auckland,Nil,,,,,0,0,Urban,0,,,Fine,Null
1761014,5907320,1096648,,524520,0,0,0,1,0,Null,2013/2014,BADER DRIVE,BUCKLAND ROAD,,Serious Crash,No,2014,0,South,0,0,0,Flat,0,,0,,0,Overcast,735500,2,0,0,2,0,0,0,0,0,,0,0,Auckland Region,Nil,2-way,Sealed,0,0,1,0,50,0,Off,0,0,,76,Auckland,Give way,0,0,0,1,0,0,Urban,0,0,0,Fine,Null
1745358,5920825,1096654,,513301,0,0,0,0,0,West,2014/2015,SH 16,LINCOLN ON WBD,,Serious Crash,Yes,2014,0,North,0,0,0,Hill Road,1,,0,,0,Overcast,231700,0,0,1,3,0,0,0,0,0,,0,0,Auckland Region,Nil,2-way,Sealed,0,0,1,0,80,0,Null,0,0,,76,Auckland,Unknown,0,0,0,0,0,0,Open,0,0,0,Fine,Null
1734878,5920576,1096655,,506652,0,0,0,1,0,West,2013/2014,WAIRERE ROAD,DUFFY ROAD,,Serious Crash,No,2014,0,North,0,0,0,Flat,0,,0,,0,Overcast,219404,0,0,0,2,0,0,0,0,0,,0,0,Auckland Region,Nil,2-way,Sealed,0,0,1,0,80,0,Off,0,0,,76,Auckland,Nil,0,0,0,1,0,0,Open,0,0,0,Light rain,Null
1750052,5913954,1096678,,511303,0,,0,0,,West,2014/2015,MCCRAE WAY,MEMORIAL DRIVE E,,Serious Crash,No,2014,,West,,0,,Flat,,,,,,Overcast,266000,0,0,0,2,,,0,,,1,,,Auckland Region,Nil,2-way,Sealed,,0,1,,50,,Null,0,0,,76,Auckland,Unknown,,,,,0,0,Urban,1,,,Fine,Null
1736785,5983107,1096786,,505300,0,,0,0,,Null,2013/2014,ARMITAGE ROAD,TOBRUK ROAD,,Serious Crash,No,2014,,South,,0,,Flat,,,,,,Dark,142600,0,0,1,2,,,0,,,,,,Auckland Region,Nil,2-way,Sealed,,0,1,,50,,On,0,0,,76,Auckland,Nil,,,,,0,0,Urban,1,,,Fine,Null
1764878,5911718,1096832,,520500,0,,0,1,,West,2013/2014,PANAMA ROAD,CARBINE ROAD,,Serious Crash,No,2014,,East,,0,,Hill Road,,,,,,Dark,639602,1,0,0,2,,,0,,,,,,Auckland Region,Nil,2-way,Sealed,,0,2,,50,,On,0,0,,76,Auckland,Unknown,,,,,0,0,Urban,1,,,Fine,Null
1761053,5906101,1097000,,524200,0,0,0,1,0,East,2012/2013,MASSEY ROAD,DUGGAN AVENUE,,Fatal Crash,No,2013,0,West,0,4,0,Flat,0,,0,,1,Dark,728300,0,0,0,2,0,0,0,0,1,,0,0,Auckland Region,Nil,2-way,Sealed,0,0,0,0,60,0,On,1,0,,76,Auckland,Nil,0,0,0,0,0,0,Urban,0,0,0,Fine,Null
1766436,5908146,1097016,,523402,0,,0,1,,West,2013/2014,BAIRDS ROAD,OTARA ROAD,,Serious Crash,No,2013,,West,,0,,Flat,,,,,,Bright sun,698600,0,0,0,2,,,0,,,1,,,Auckland Region,Nil,2-way,Sealed,,0,1,,50,,Off,0,0,,76,Auckland,Nil,,,,,0,0,Urban,0,,,Fine,Null
1753104,5915091,1097038,,517903,0,,0,1,,Null,2012/2013,RICHARDSON ROAD,HENDON AVENUE,,Serious Crash,No,2013,,West,,0,,Flat,,,,,,Overcast,518100,1,0,0,4,,,0,,,,,,Auckland Region,Nil,2-way,Sealed,,0,1,,50,,Off,0,0,,76,Auckland,Traffic Signals,,,,,1,0,Urban,0,,,Fine,Null
1755522,5934387,1097075,,507200,0,,0,0,,Null,2013/2014,BEACH ROAD,BAYSIDE DRIVE,,Serious Crash,No,2014,,North,,0,,Hill Road,,,,,,Twilight,158000,1,0,1,2,,,0,,,,,,Auckland Region,Nil,2-way,Sealed,,0,1,,50,,Off,1,0,,76,Auckland,Give way,,,,,0,0,Urban,0,,,Fine,Null
1767384,5882915,1097113,,521112,0,,0,0,,North,2014/2015,HEIGHTS ROAD,GUN CLUB ROAD,,Serious Crash,No,2015,,North,,0,,Flat,,,,,,Bright sun,826400,0,0,0,2,,,0,,,,,,Auckland Region,Nil,2-way,Sealed,,0,1,,100,,Null,0,0,,76,Auckland,Unknown,,,,,2,0,Open,0,,,Fine,Null
1755123,5921239,1097154,,515202,1,0,0,0,0,South,2014/2015,CURRAN ST,EMMETT ST,,Serious Crash,No,2015,0,North,0,0,0,Hill Road,0,,0,,0,Bright sun,424300,0,0,0,2,0,0,0,0,1,,0,0,Auckland Region,Nil,2-way,Sealed,0,0,1,0,50,0,Null,1,0,,76,Auckland,Give way,0,0,0,0,0,0,Urban,0,0,0,Fine,Null
1760282,5906242,1097237,,524200,0,,0,1,,West,2012/2013,MASSEY ROAD,PLUMLEY CRESCENT E,,Serious Crash,No,2013,,East,,0,,Flat,,,,,,Bright sun,728001,1,0,0,2,,,0,,,,,,Auckland Region,Nil,2-way,Sealed,,0,1,,60,,Null,0,0,,76,Auckland,Give way,,,,,0,0,Urban,1,,,Fine,Null
1767107,5888013,1097324,,521122,0,0,0,1,0,West,2013/2014,GLENBROOK ROAD,SH 22,,Serious Crash,No,2013,0,West,0,0,0,Hill Road,0,,0,,0,Overcast,810000,0,0,0,2,0,1,0,0,0,,0,0,Auckland Region,Nil,2-way,Sealed,0,0,2,0,100,0,Null,0,0,,76,Auckland,Unknown,0,0,0,0,0,0,Open,0,0,0,Light rain,Null
1757270,5914831,1097325,,515802,0,0,0,1,0,South,2012/2013,CORONATION ROAD,SELWYN ROAD,,Serious Crash,No,2013,0,South,0,0,0,Flat,0,,0,,0,Overcast,448500,0,0,0,2,0,0,0,0,0,,0,0,Auckland Region,Nil,2-way,Sealed,0,0,1,0,50,0,Off,0,0,,76,Auckland,Nil,0,0,0,1,0,0,Urban,0,0,0,Fine,Null
1773247,5899609,1097334,,523912,0,,0,2,,Null,2013/2014,MILL ROAD,AIRFIELD ROAD,,Serious Crash,No,2014,,North,,0,,Flat,,,,,,Dark,765401,0,0,0,1,,,0,,,,,,Auckland Region,Nil,2-way,Sealed,,0,1,,80,,None,0,0,,76,Auckland,Give way,,,,,0,0,Open,0,,,Fine,Null
1757776,5918201,1097349,,515700,0,0,0,2,0,South,2013/2014,SH 1N,MOUNTAIN OBR,,Serious Crash,Yes,2014,0,North,0,0,0,Flat,1,,0,,0,Dark,443600,4,0,0,5,0,0,0,0,0,,0,0,Auckland Region,Nil,1-way,Sealed,0,0,1,0,80,0,On,0,0,,76,Auckland,Unknown,0,0,0,0,0,0,Open,0,0,0,Fine,Null
1767113,5904755,1097354,,524604,0,,0,2,,Null,2013/2014,SHARKEY ST S,CAVENDISH DRIVE,,Serious Crash,No,2014,,West,,0,,Flat,,,,,,Dark,780209,1,0,0,2,,,0,,,,,,Auckland Region,Nil,2-way,Sealed,,0,1,,60,,On,0,0,,76,Auckland,Traffic Signals,,,,,0,0,Urban,0,,,Fine,Null
1753471,5930699,1097377,,508803,0,,0,1,,Null,2014/2015,CALYPSO WAY,CARIBBEAN DRIVE,,Fatal Crash,No,2014,,East,,1,,Hill Road,,,,,,Overcast,180829,0,0,0,2,,,0,,,1,,,Auckland Region,Nil,2-way,Sealed,,0,0,,50,,Null,0,0,,76,Auckland,Give way,,,,,0,0,Urban,0,,,Fine,Null
1795539,5904351,1097649,,525202,0,0,0,0,0,West,2013/2014,KAWAKAWA-ORERE ROAD,ORERE POINT ROAD,,Serious Crash,No,2014,0,West,0,0,0,Flat,0,,0,,0,Bright sun,765200,0,0,1,2,0,0,0,0,0,,0,0,Auckland Region,Nil,2-way,Sealed,0,0,1,0,100,0,Off,0,0,,76,Auckland,Unknown,0,0,0,1,0,0,Open,0,0,0,Fine,Null
1767643,5904490,1097667,,524604,0,,0,1,,Null,2014/2015,GREAT SOUTH ROAD,GLADDING PLACE,,Serious Crash,No,2014,,South,,0,,Flat,,,,,,Bright sun,780204,0,0,0,6,,,0,,,,,,Auckland Region,Nil,2-way,Sealed,,0,1,,50,,Off,1,0,,76,Auckland,Give way,,,,,0,0,Urban,0,,,Fine,Null
1729918,5943437,1097679,,506646,0,0,0,2,0,North,2014/2015,SH 16,PIPITIWAI DRIVE,,Serious Crash,Yes,2014,0,South,1,0,0,Flat,0,,0,,0,Dark,211402,0,0,0,2,0,0,0,0,0,,0,0,Auckland Region,Nil,2-way,Sealed,0,0,3,0,100,0,None,0,0,,76,Auckland,Unknown,0,0,0,0,0,0,Open,1,0,0,Fine,Null
1740271,5927799,1097821,,505604,0,,0,2,,West,2013/2014,SH 16,TAUPAKI ROAD,,Fatal Crash,Yes,2014,,West,,1,,Flat,,Easter,,,,Twilight,214604,2,0,0,2,,,0,,,,,,Auckland Region,Nil,2-way,Sealed,,0,4,,80,,On,2,0,,76,Auckland,Unknown,,,,,0,0,Open,1,,,Fine,Null
1773829,5913459,1097874,,523201,1,0,0,1,0,East,2015/2016,SANDSPIT ROAD,SOMERVILLE ROAD,,Serious Crash,No,2015,0,East,0,0,0,Flat,0,,0,,0,Bright sun,717902,0,0,0,2,0,0,0,0,1,,0,0,Auckland Region,Nil,2-way,Sealed,0,0,1,0,50,0,Null,0,0,,76,Auckland,Unknown,0,0,0,0,0,0,Urban,0,0,0,Fine,Null
1758146,5915699,1097915,,519300,0,,0,1,,South,2012/2013,MANUKAU ROAD,KING EDWARD AVENUE,,Serious Crash,No,2013,,South,,0,,Flat,,,,,,Overcast,622900,0,0,0,4,,,0,,,1,,,Auckland Region,Nil,2-way,Sealed,,0,1,,50,,Off,0,0,,76,Auckland,Nil,,,,,0,0,Urban,0,,,Light rain,Null
1761280,5920093,1097948,,516400,0,0,0,1,0,East,2012/2013,TAMAKI DRIVE,NGAPIPI ROAD,,Fatal Crash,No,2013,0,East,0,1,0,Flat,0,,0,,0,Dark,496600,0,0,0,2,0,0,0,0,0,,0,0,Auckland Region,Nil,2-way,Sealed,0,0,1,0,50,0,On,0,0,,76,Auckland,Nil,0,0,0,1,0,0,Urban,0,0,0,Fine,Null
1761197,5914172,1097972,,519500,0,0,0,1,0,North,2013/2014,GREAT SOUTH ROAD,GREENPARK ROAD,,Serious Crash,No,2014,0,North,0,0,0,Flat,0,Queens Birthday,0,,0,Overcast,620500,0,0,0,2,0,0,0,0,0,,0,1,Auckland Region,Nil,2-way,Sealed,0,0,1,0,50,0,Null,0,0,,76,Auckland,Nil,0,0,0,1,0,0,Urban,0,0,0,Fine,Null
1766211,5916510,1097973,,517100,1,,0,1,,Null,2013/2014,POINT ENGLAND ROAD,ELSTREE AVENUE,,Serious Crash,No,2014,,West,,0,,Flat,,,,,,Bright sun,477100,0,0,0,2,,,0,,,,,,Auckland Region,Nil,2-way,Sealed,,0,1,,50,,None,0,0,,76,Auckland,Give way,,,,,0,0,Urban,0,,,Fine,Null
1768446,5907520,1097979,,523711,0,0,0,1,0,South,2014/2015,JARVIS WAY,ORMISTON ROAD,,Serious Crash,No,2014,0,South,0,0,0,Flat,0,,0,,0,Dark,712801,0,0,0,2,0,0,1,0,1,,0,0,Auckland Region,Nil,2-way,Sealed,0,0,1,0,50,0,On,0,0,,76,Auckland,Nil,0,0,0,0,0,0,Urban,0,0,0,Fine,Null
1757718,5913556,1098195,,518702,0,,0,4,,East,2014/2015,MOUNT ALBERT ROAD,PAH ROAD,,Serious Crash,No,2015,,East,,0,,Flat,,,,,,Overcast,567900,0,0,0,4,,,0,,,,,,Auckland Region,Nil,2-way,Sealed,,0,1,,50,,Null,0,0,,76,Auckland,Nil,,,,,0,0,Urban,0,,,Fine,Null
1749506,5914071,1098276,,511302,0,,0,2,,West,2013/2014,RATA ST,KAPONGA CRESCENT,,Serious Crash,No,2014,,South,,0,,Flat,,,,,,Bright sun,268800,0,0,0,2,,,0,,,,,,Auckland Region,Nil,2-way,Sealed,,0,1,,50,,Null,0,0,,76,Auckland,Nil,,,,,0,0,Urban,0,,,Fine,Null
1750709,5912791,1098280,,511402,0,,0,1,,South,2013/2014,BOLTON ST,PORTAGE ROAD,,Serious Crash,No,2014,,East,,0,,Flat,,,,,,Bright sun,260700,1,1,0,2,,,0,,,,,,Auckland Region,Nil,2-way,Sealed,,0,1,,50,,Null,0,0,,76,Auckland,Unknown,,,,,0,0,Urban,0,,,Fine,Null
1749544,5914152,1098356,,511302,0,,0,1,,Null,2013/2014,RATA ST,RIMU ST,,Serious Crash,No,2013,,North,,0,,Flat,,,,,,Bright sun,268800,0,0,1,5,,,0,,,,,,Auckland Region,Nil,2-way,Sealed,,0,1,,50,,Off,0,0,,76,Auckland,Stop,,,,,0,0,Urban,0,,,Fine,Null
1753055,5916781,1098555,,517800,0,,0,1,,West,2014/2015,NEW NORTH ROAD,ASQUITH AVENUE,,Serious Crash,No,2014,,North,,0,,Flat,,Labour Weekend,,,,Dark,527600,0,0,1,2,,,0,,,,,,Auckland Region,Nil,2-way,Sealed,,0,1,,50,,On,0,0,,76,Auckland,Stop,,,,,0,0,Urban,0,,,Light rain,Null
1769015,5911434,1098577,,523112,0,,0,1,,South,2014/2015,HARRIS ROAD,TI RAKAU DRIVE,,Serious Crash,No,2015,,North,,0,,Flat,,,,,,Bright sun,711404,0,0,1,4,,,0,,,,,,Auckland Region,Nil,2-way,Sealed,,0,1,,60,,Null,0,0,,76,Auckland,Unknown,,,,,0,0,Urban,0,,,Fine,Null
1755402,5925937,1098592,,509701,0,,0,0,,Null,2013/2014,POTTER AVENUE,KO ST,,Serious Crash,No,2014,,North,,0,,Flat,,,,,,Dark,362300,1,0,0,2,,,0,,,,,,Auckland Region,Nil,2-way,Sealed,,0,1,,50,,On,1,0,,76,Auckland,Nil,,,,,0,0,Urban,0,,,Fine,Null
1774318,5897348,1098671,,525610,0,0,0,1,0,West,2012/2013,CLEVEDON ROAD,VALENTINE ST,,Serious Crash,No,2013,0,East,0,0,1,Flat,0,,0,,0,Dark,796300,1,0,0,2,0,0,0,0,0,,0,0,Auckland Region,Nil,2-way,Sealed,0,0,1,0,50,0,On,0,0,,76,Auckland,Nil,0,0,0,0,0,0,Urban,0,0,0,Fine,Null
1770088,5898508,1098680,,523920,0,,0,2,,North,2014/2015,SH 1N,WALTER STREVENS OBR,,Serious Crash,Yes,2014,,North,,0,,Flat,,,,,,Overcast,767911,2,0,0,2,,,0,,,,,,Auckland Region,Nil,1-way,Sealed,,0,1,,100,,Null,1,0,,76,Auckland,Unknown,,,,,0,0,Open,0,,,Fine,Null
1756391,5919849,1098695,,514000,0,,0,1,,South,2014/2015,HOWE ST,HAYDEN ST,,Serious Crash,No,2014,,South,,0,,Flat,,,,,,Overcast,413500,0,0,0,2,,,0,,,1,,,Auckland Region,Nil,2-way,Sealed,,0,1,,50,,Null,0,0,,76,Auckland,Unknown,,,,,0,0,Urban,0,,,Fine,Null
1750310,5915295,1098892,,514802,0,0,0,1,0,West,2013/2014,ASH ST,WAIRAU AVENUE,,Serious Crash,No,2014,0,East,0,0,0,Flat,0,,0,,0,Bright sun,387008,0,0,0,4,0,0,0,0,0,,0,0,Auckland Region,Nil,2-way,Sealed,0,0,1,0,50,0,Off,0,0,,76,Auckland,Nil,0,0,0,1,0,0,Urban,0,0,0,Fine,Null
1778129,5905638,1098906,,525201,0,,0,1,,South,2013/2014,TWILIGHT ROAD,KIMPTONS ROAD,,Serious Crash,No,2013,,East,,0,,Flat,,Labour Weekend,,,,Overcast,762200,1,0,2,2,,,0,,,,,,Auckland Region,Nil,2-way,Sealed,,0,1,,100,,Null,0,0,,76,Auckland,Unknown,,,,,0,0,Open,0,,,Fine,Null
1767643,5880088,1098924,,525921,0,0,0,1,0,Null,2014/2015,PUNI ROAD,WARD ST,,Fatal Crash,No,2015,0,West,0,1,0,Flat,0,,0,,0,Dark,821200,0,0,0,2,0,0,0,0,0,,0,1,Auckland Region,Nil,2-way,Sealed,0,0,0,0,70,0,On,0,0,,76,Auckland,Give way,0,0,0,0,0,0,Urban,0,0,0,Fine,Null
1758840,5920543,1099000,,514101,0,,0,1,,West,2013/2014,QUAY ST,SH 16,,Serious Crash,No,2014,,West,,0,,Flat,,,,,,Overcast,438214,0,1,0,4,,,0,,,,,,Auckland Region,Nil,2-way,Sealed,,0,1,,50,,Null,0,0,,76,Auckland,Unknown,,,,,0,0,Urban,0,,,Fine,Null
1757429,5918868,1099008,,514302,0,,0,1,,West,2013/2014,CARLTON GORE ROAD,AROTAU PLACE,,Serious Crash,No,2014,,East,,0,,Hill Road,,,,,,Dark,441700,0,0,1,2,,,0,,,,,,Auckland Region,Nil,2-way,Sealed,,0,1,,50,,On,0,1,,76,Auckland,Nil,,,,,0,0,Urban,0,,,Fine,Null
1756936,5918249,1099033,,518101,1,,0,1,,Null,2013/2014,MOUNT EDEN ROAD,ENFIELD ST,,Serious Crash,No,2014,,South,,0,,Flat,,,,,,Twilight,542502,0,0,0,4,,,0,,,,,,Auckland Region,Nil,2-way,Sealed,,0,1,,50,,On,0,0,,76,Auckland,Give way,,,,,0,0,Urban,0,,,Heavy rain,Null
1742343,5917812,1099034,,513214,0,,0,1,,East,2014/2015,METCALFE ROAD,SIMPSON ROAD,,Serious Crash,No,2014,,West,,0,,Flat,,,,,,Bright sun,236201,1,0,0,2,,,0,,,,,,Auckland Region,Nil,2-way,Sealed,,0,1,,50,,Null,0,0,,76,Auckland,Stop,,,,,0,0,Urban,1,,,Fine,Null
1754314,5928222,1099112,,508320,0,,0,1,,North,2013/2014,DIANA DRIVE,CHIVALRY ROAD,,Serious Crash,No,2013,,North,,0,,Hill Road,,,,,,Bright sun,198300,0,0,0,2,,,0,,,,,,Auckland Region,Nil,2-way,Sealed,,0,1,,50,,Null,1,0,,76,Auckland,Nil,,,,,0,0,Urban,0,,,Fine,Null
1765877,5913375,1099310,,522920,0,0,0,1,0,Null,2013/2014,PAKURANGA ROAD,MILLEN AVENUE,,Serious Crash,No,2014,0,West,0,0,0,Flat,1,,0,,0,Dark,683000,0,0,0,4,0,0,0,0,0,,0,1,Auckland Region,Nil,2-way,Sealed,0,0,1,0,50,0,On,0,0,30,76,Auckland,Traffic Signals,0,0,0,0,0,0,Urban,0,0,0,Fine,Null
1755725,5913417,1099359,,518701,1,,0,1,,South,2016/2017,FROST ROAD,CARR ROAD,,Serious Crash,No,2016,,South,,0,,Flat,,,,,,Bright sun,569700,0,0,0,2,,,0,,,,,,Auckland Region,Nil,2-way,Sealed,,0,1,,50,,Null,0,0,30,76,Auckland,Nil,,,,,0,0,Urban,0,,,Fine,Null
1749218,5957405,1099373,,506613,0,,0,0,,West,2014/2015,PUHOI ROAD,SH 1N,,Serious Crash,No,2015,,West,,0,,Flat,,Queens Birthday,,,,Dark,147000,0,0,0,2,,,0,,,,,,Auckland Region,Nil,2-way,Sealed,,0,1,,100,,None,1,0,,76,Auckland,Nil,,,,,0,0,Open,0,,,Light rain,Null
1746836,5942850,1099588,,506300,0,,0,0,,Null,2015/2016,DAIRY FLAT HIGHWAY,KAHIKATEA FLAT ROAD,,Serious Crash,No,2016,,North,,0,,Flat,,,,,,Bright sun,175903,0,1,0,2,,,0,,,,,,Auckland Region,Nil,2-way,Sealed,,0,1,,100,,Null,0,0,,76,Auckland,Give way,,,,,1,0,Open,0,,,Fine,Null
1746545,5916109,1099681,,511800,0,,0,0,,Null,2015/2016,GREAT NORTH ROAD,KIRBY ST,,Serious Crash,No,2016,,North,,0,,Flat,,,,,,Overcast,276102,0,0,0,4,,,0,,,1,,,Auckland Region,Nil,2-way,Sealed,,0,1,,50,,Null,0,0,,76,Auckland,Nil,,,,,0,0,Urban,1,,,Light rain,Null
1751527,5916405,1099685,,514401,0,0,0,3,0,Null,2015/2016,GREAT NORTH ROAD,BLOCKHOUSE BAY ROAD,,Serious Crash,No,2015,0,South,0,0,1,Flat,0,Labour Weekend,1,,0,Dark,383600,4,0,0,4,0,0,0,0,0,,0,1,Auckland Region,Nil,2-way,Sealed,0,0,2,0,50,0,On,0,0,,76,Auckland,Traffic Signals,1,0,0,0,0,0,Urban,0,0,0,Fine,Null
1767674,5904450,1099693,,524604,0,,0,1,,South,2015/2016,GREAT SOUTH ROAD,GLADDING PLACE,,Serious Crash,No,2015,,South,,0,,Flat,,,,,,Dark,780204,1,0,0,3,,,0,,,1,,,Auckland Region,Nil,2-way,Sealed,,0,1,,60,,On,0,0,,76,Auckland,Unknown,,,,,0,0,Urban,0,,,Fine,Null
1754042,5931375,1099726,,508807,0,,0,1,,Null,2015/2016,SH 18,UPPER HWY ON NBD E,,Serious Crash,Yes,2016,,East,,0,,Flat,,,,,,Bright sun,180810,1,0,1,3,,,0,,,,,,Auckland Region,Motorway ramp,1-way,Sealed,,0,1,,50,,Null,0,0,,76,Auckland,Traffic Signals,,,,,0,0,Urban,0,,,Fine,Null
1756807,5918839,1099882,,515600,0,0,0,2,0,West,2016/2017,NEWTON ROAD,EXMOUTH ST,,Serious Crash,No,2016,0,East,0,0,0,Hill Road,0,,0,,0,Overcast,420400,0,1,0,4,0,0,0,0,1,,0,0,Auckland Region,Nil,2-way,Sealed,0,0,1,0,50,0,Null,0,0,,76,Auckland,Unknown,0,0,0,0,0,0,Urban,0,0,0,Light rain,Strong wind
1751925,5915485,1100020,,517901,0,,0,1,,Null,2015/2016,NEW NORTH ROAD,BOLLARD AVENUE,,Serious Crash,No,2016,,South,,0,,Flat,,,,,,Dark,523800,0,1,0,4,,,0,,,,,,Auckland Region,Nil,2-way,Sealed,,0,1,,50,,On,0,0,,76,Auckland,Stop,,,,,0,0,Urban,0,,,Fine,Null
1752456,5978780,1100382,,506661,0,0,0,0,1,North,2015/2016,MATAKANA VALLEY ROAD,SMITH ROAD,,Serious Crash,No,2016,0,North,0,0,0,Hill Road,0,,0,,0,Bright sun,138101,0,0,0,2,0,0,0,0,0,,0,0,Auckland Region,Nil,2-way,Sealed,0,0,1,0,100,0,Null,0,0,,76,Auckland,Unknown,0,0,0,0,0,0,Open,1,0,0,Fine,Null
1750119,5914198,1100502,,511303,0,,0,1,,South,2016/2017,GREAT NORTH ROAD,VERONICA ST,,Serious Crash,No,2016,,North,,0,,Flat,,,,,,Bright sun,266000,0,0,1,2,,,0,,,,,,Auckland Region,Nil,2-way,Sealed,,0,1,,50,,Null,0,0,,76,Auckland,Nil,,,,,0,0,Urban,0,,,Fine,Null
1755816,5914715,1100548,,518500,0,,0,1,,West,2015/2016,DUKE ST,PARAU ST,,Serious Crash,No,2016,,East,,0,,Hill Road,,,,,,Overcast,561700,0,0,0,2,,,0,,,1,,,Auckland Region,Nil,2-way,Sealed,,0,1,,50,,Null,0,0,,76,Auckland,Unknown,,,,,0,0,Urban,0,,,Fine,Null
1759832,5916938,1100565,,516102,1,,0,0,,East,2015/2016,REMUERA ROAD,OMAHU ROAD,,Serious Crash,No,2016,,East,,0,,Flat,,,,,,Overcast,485100,0,0,0,2,,,0,,,1,,,Auckland Region,Nil,2-way,Sealed,,0,1,,50,,Null,0,0,,76,Auckland,Unknown,,,,,0,0,Urban,0,,,Fine,Null
1765919,5878579,1100581,75,521112,0,,0,0,,East,2015/2016,WAIUKU ROAD,PATUMAHOE ROAD,,Serious Crash,No,2016,,South,,0,,Flat,,Christmas New Year,,,,Overcast,826000,1,0,0,2,,,0,,,,,,Auckland Region,Nil,2-way,Sealed,,0,1,,100,,Null,0,0,,76,Auckland,Unknown,,,,,0,0,Open,1,,,Light rain,Null
1757355,5931126,1100598,,507500,0,,0,1,,Null,2015/2016,BEACH ROAD,ABERDEEN ROAD,,Serious Crash,No,2015,,North,,0,,Hill Road,,,,,,Bright sun,148500,0,0,0,2,,,0,,,1,,,Auckland Region,Nil,2-way,Sealed,,0,1,,50,,Null,0,0,,76,Auckland,Give way,,,,,0,0,Urban,0,,,Fine,Null
1761877,5906689,1100604,,524520,0,0,0,1,0,Null,2015/2016,HENWOOD ROAD,MASSEY ROAD,,Serious Crash,No,2016,0,West,0,0,0,Flat,0,,0,,0,Bright sun,735400,0,0,0,4,0,0,0,0,0,,0,1,Auckland Region,Nil,2-way,Sealed,0,0,1,0,50,0,Null,0,0,,76,Auckland,Traffic Signals,0,0,0,0,0,0,Urban,0,0,0,Fine,Null
1763130,5905914,1100719,,524303,0,,0,2,,Null,2016/2017,PORTAGE ROAD,CLAUDE AVENUE,,Serious Crash,No,2016,,South,,0,,Flat,,,,,,Dark,656200,0,0,0,2,,,0,,,,,,Auckland Region,Nil,2-way,Sealed,,0,2,,50,,On,0,0,,76,Auckland,Give way,,,,,0,0,Urban,0,,,Fine,Null
1745609,5880530,1100743,,521151,0,,0,0,,South,2015/2016,KOHEKOHE-KARIOITAHI ROAD,GLEESON ROAD,,Serious Crash,No,2016,,South,,0,,Hill Road,,Queens Birthday,,,,Bright sun,830900,0,0,1,2,,,0,,,,,,Auckland Region,Nil,2-way,Sealed,,0,1,,100,,Null,0,0,,76,Auckland,Unknown,,,,,0,0,Open,0,,,Fine,Null
1765530,5918697,1100776,,516900,0,0,0,1,0,North,2015/2016,ASHBY AVENUE,ST HELIERS BAY ROAD,,Serious Crash,No,2015,0,North,0,0,0,Hill Road,0,,0,,0,Dark,466200,0,0,0,2,0,0,0,0,1,,0,0,Auckland Region,Nil,2-way,Sealed,0,0,1,0,50,0,On,1,0,,76,Auckland,Unknown,0,0,0,0,0,0,Urban,0,0,0,Fine,Null
1729816,5972517,1100803,,506613,0,0,0,0,1,North,2015/2016,SH 16,LITTIN ROAD,,Serious Crash,Yes,2015,0,North,0,0,0,Flat,0,,0,,0,Bright sun,145200,0,0,0,2,0,0,0,0,0,,0,0,Auckland Region,Nil,2-way,Sealed,0,0,2,0,100,0,Null,0,0,,76,Auckland,Unknown,0,0,0,0,0,0,Open,1,0,0,Fine,Null