X,Y,OBJECTID,advisorySpeed,areaUnitID,bicycle,bridge,bus,carStationWagon,cliffBank,crashDirectionDescription,crashFinancialYear,crashLocation1,crashLocation2,crashRoadSideRoad,crashSeverity,crashSHDescription,crashYear,debris,directionRoleDescription,ditch,fatalCount,fence,flatHill,guardRail,holiday,houseOrBuilding,intersection,kerb,light,meshblockId,minorInjuryCount,moped,motorcycle,NumberOfLanes,objectThrownOrDropped,otherObject,otherVehicleType,overBank,parkedVehicle,pedestrian,phoneBoxEtc,postOrPole,region,roadCharacter,roadLane,roadSurface,roadworks,schoolBus,seriousInjuryCount,slipOrFlood,speedLimit,strayAnimal,streetLight,suv,taxi,temporarySpeedLimit,tlaId,tlaName,trafficControl,trafficIsland,trafficSign,train,tree,truck,unknownVehicleType,urban,vanOrUtility,vehicle,waterRiver,weatherA,weatherB
1763857,5913789,1100843,,520303,0,,0,3,,South,2015/2016,MOUNT WELLINGTON HIGHWAY,ROWLANDS AVENUE,,Serious Crash,No,2015,,North,,0,,Flat,,,,,,Dark,627300,1,0,0,5,,,0,,,,,,Auckland Region,Nil,2-way,Sealed,,0,1,,50,,On,0,0,,76,Auckland,Unknown,,,,,0,0,Urban,0,,,Fine,Null
1793395,5908218,1100873,,525202,0,0,0,1,0,South,2016/2017,KAWAKAWA-ORERE ROAD,BERTRAM ROAD,,Serious Crash,No,2016,0,North,1,0,0,Flat,0,,0,,0,Twilight,764902,0,0,0,2,0,0,0,0,0,,0,0,Auckland Region,Nil,2-way,Sealed,0,0,1,0,80,0,None,0,0,,76,Auckland,Unknown,0,0,0,0,0,0,Open,0,0,0,Fine,Null
1764951,5911975,1100935,,520500,0,0,0,1,0,North,2016/2017,CARBINE ROAD,FISHER CRESCENT,,Serious Crash,No,2016,0,South,0,0,0,Hill Road,0,,0,,0,Dark,639700,0,0,0,2,0,0,0,0,0,,0,0,Auckland Region,Nil,2-way,Sealed,0,0,1,0,50,0,On,0,0,,76,Auckland,Unknown,0,1,0,0,0,0,Urban,0,0,0,Fine,Null
1758419,5912918,1100939,,519810,0,,0,1,,Null,2016/2017,TRAFALGAR ST,MANUKAU ROAD,,Serious Crash,No,2016,,South,,0,,Flat,,,,,,Twilight,597600,0,1,0,4,,,0,,,,,,Auckland Region,Nil,2-way,Sealed,,0,1,,50,,On,0,0,,76,Auckland,Traffic Signals,,,,,0,0,Urban,0,,,Heavy rain,Null
1751462,5950303,1101022,,505805,0,,0,1,,Null,2015/2016,WEST HOE ROAD,HIBISCUS COAST HIGHWAY,,Serious Crash,No,2015,,North,,0,,Flat,,,,,,Overcast,171601,0,0,0,4,,,0,,,1,,,Auckland Region,Nil,2-way,Sealed,,0,1,,50,,Null,0,0,,76,Auckland,Give way,,,,,0,0,Urban,0,,,Fine,Null
1763510,5912758,1101042,,520500,0,0,0,1,0,East,2016/2017,MT WGTN OFF SBD,SH 1N,,Serious Crash,Yes,2016,0,East,0,0,0,Hill Road,1,,0,,0,Dark,637400,0,0,0,4,0,0,0,0,0,,0,1,Auckland Region,Motorway ramp,1-way,Sealed,0,0,1,0,100,0,On,0,0,,76,Auckland,Unknown,0,0,0,0,0,0,Open,0,0,0,Fine,Null
1745926,5922415,1101044,,513530,0,,0,1,,North,2015/2016,COLWILL ROAD,SPARGO ROAD,,Serious Crash,No,2016,,North,,0,,Flat,,Easter,,,,Dark,226004,0,0,0,1,,,0,,,1,,,Auckland Region,Nil,2-way,Sealed,,0,1,,50,,On,0,0,,76,Auckland,Nil,,,,,0,0,Urban,0,,,Fine,Null
1756934,5916838,1101084,,518202,0,0,0,2,0,West,2016/2017,ESSEX ROAD,MOUNT EDEN ROAD,,Serious Crash,No,2016,0,West,0,0,0,Flat,0,,0,,0,Dark,549900,1,0,0,2,0,0,0,0,1,,0,0,Auckland Region,Nil,2-way,Sealed,0,0,2,0,50,0,On,0,0,,76,Auckland,Unknown,0,0,0,1,0,0,Urban,0,0,0,Fine,Null
1757649,5928855,1101093,,507800,1,,0,0,,Null,2015/2016,KITCHENER ROAD,MILFORD ROAD,,Serious Crash,No,2016,,East,,0,,Hill Road,,,,,,Bright sun,310200,0,0,0,3,,,0,,,,,,Auckland Region,Nil,2-way,Sealed,,0,1,,50,,Null,0,0,,76,Auckland,Traffic Signals,,,,,1,0,Urban,0,,,Fine,Null
1762988,5906285,1101196,,524302,0,0,0,1,0,Null,2015/2016,RAGLAN ST,WOBURN ST,,Serious Crash,No,2016,0,East,0,0,1,Flat,0,,0,,0,Overcast,745800,0,0,0,2,0,0,0,0,0,,0,1,Auckland Region,Nil,2-way,Sealed,0,0,1,0,50,0,Null,0,0,,76,Auckland,Nil,0,0,0,0,0,0,Urban,0,0,0,Fine,Null
1773034,5895621,1101246,,525410,0,,0,1,,Null,2014/2015,SETTLEMENT ROAD,OPAHEKE ROAD,,Serious Crash,No,2015,,West,,0,,Flat,,,,,,Bright sun,793502,0,0,0,2,,,0,,,1,,,Auckland Region,Nil,2-way,Sealed,,0,1,,50,,Null,0,0,,76,Auckland,Traffic Signals,,,,,0,0,Urban,0,,,Light rain,Null
1760026,5912847,1101277,,520000,0,0,0,2,0,Null,2016/2017,MAYS ROAD,CURZON ST,,Serious Crash,No,2016,0,South,0,0,0,Flat,0,,0,,0,Dark,605604,0,0,0,2,0,0,0,0,1,,0,1,Auckland Region,Nil,2-way,Sealed,0,0,2,0,50,0,On,0,0,,76,Auckland,Stop,0,0,0,0,0,0,Urban,1,0,0,Fine,Null
1745351,5919183,1101327,,513301,0,,0,1,,East,2016/2017,TE PAI PLACE,LINCOLN ROAD,,Serious Crash,No,2016,,East,,0,,Flat,,,,,,Bright sun,230601,0,0,0,2,,,0,,,1,,,Auckland Region,Nil,2-way,Sealed,,0,1,,50,,Null,0,0,,76,Auckland,Unknown,,,,,0,0,Urban,0,,,Fine,Null
1756374,5937613,1101376,,506903,0,0,0,1,0,Null,2015/2016,BEACH ROAD,WILLIS ST,,Serious Crash,No,2016,0,North,0,0,0,Hill Road,0,Queens Birthday,0,,0,Dark,169100,0,0,0,2,0,0,0,0,0,,0,1,Auckland Region,Nil,2-way,Sealed,0,0,1,0,50,0,On,0,0,,76,Auckland,Nil,0,0,0,0,0,0,Urban,0,0,0,Fine,Null
1755758,5875788,1101389,65,521152,0,0,0,1,0,West,2014/2015,WAIUKU ROAD,MASTERS ROAD,,Serious Crash,No,2015,0,West,0,0,1,Flat,0,,0,,0,Twilight,832900,0,0,0,2,0,0,0,0,0,,0,0,Auckland Region,Nil,2-way,Sealed,0,0,1,0,100,0,On,0,0,,76,Auckland,Unknown,0,0,0,0,0,0,Open,0,0,0,Light rain,Null
1761860,5913988,1101442,,520202,0,0,0,2,0,South,2015/2016,SH 1N,PENROSE ON SBD,,Fatal Crash,Yes,2015,0,South,0,1,0,Flat,1,,0,,0,Bright sun,612800,0,0,0,3,0,0,0,0,0,,0,0,Auckland Region,Nil,1-way,Sealed,0,0,0,0,100,0,Null,0,0,,76,Auckland,Nil,0,0,0,0,1,0,Open,0,0,0,Fine,Null
1756688,5929139,1101461,,507800,0,,0,0,,North,2015/2016,Z DRIVEWAY,SUDAN AVENUE,,Serious Crash,No,2016,,South,,0,,Hill Road,,,,,,Bright sun,308000,0,0,0,,,,0,,,1,,,Auckland Region,Nil,Off road,Sealed,,0,1,,50,,Null,0,0,,76,Auckland,Nil,,,,,0,0,Urban,1,,,Fine,Null
1745342,5922836,1101475,,513530,0,,0,1,,North,2014/2015,GRANVILLE DRIVE,PATRICE PLACE,,Serious Crash,No,2015,,East,,0,,Flat,,,,,,Bright sun,224403,0,0,0,2,,,0,,,,,,Auckland Region,Nil,2-way,Sealed,,0,1,,50,,Null,1,0,,76,Auckland,Unknown,,,,,0,0,Urban,0,,,Fine,Null
1758248,5880921,1101574,,521152,0,,0,0,,Null,2015/2016,GLENBROOK STATION ROAD,GEARON ROAD,,Serious Crash,No,2016,,North,,0,,Flat,,,,,,Dark,834400,0,0,1,2,,,0,,,,,,Auckland Region,Nil,2-way,Sealed,,0,1,,100,,None,0,0,,76,Auckland,Nil,,,,,0,0,Open,0,,,Fine,Null
1756418,5918738,1101684,,515600,1,0,0,1,0,Null,2014/2015,IAN MCKINNON DRIVE,DEVON ST,,Serious Crash,No,2015,0,North,0,0,0,Hill Road,0,,0,,0,Bright sun,420100,1,0,1,6,0,0,0,0,0,,0,0,Auckland Region,Nil,2-way,Sealed,0,0,1,0,60,0,Null,0,0,,76,Auckland,Give way,0,1,0,0,0,0,Urban,0,0,0,Fine,Null
1760338,5917926,1101711,,516102,0,,0,1,,West,2015/2016,WALTON ST,VICTORIA AVENUE,,Serious Crash,No,2015,,East,,0,,Hill Road,,,,,,Dark,483400,0,0,0,1,,,0,,,,,,Auckland Region,Nil,2-way,Sealed,,0,1,,50,,On,0,1,,76,Auckland,Nil,,,,,0,0,Urban,0,,,Fine,Null
1766778,5913340,1101943,,522910,0,,0,2,,Null,2014/2015,PAKURANGA ROAD,BRAMPTON COURT,,Serious Crash,No,2014,,West,,0,,Hill Road,,,,,,Bright sun,684000,0,0,0,2,,,0,,,,,,Auckland Region,Nil,2-way,Sealed,,0,1,,60,,Null,0,0,,76,Auckland,Give way,,,,,0,0,Urban,0,,,Fine,Null
1755599,5928884,1101958,,508510,0,,0,1,,South,2014/2015,SH 1N,TRISTRAM OBR,,Serious Crash,Yes,2014,,South,,0,,Flat,,,,,,Bright sun,195200,0,0,1,2,,,0,,,,,,Auckland Region,Nil,1-way,Sealed,,0,1,,100,,Null,0,0,,76,Auckland,Unknown,,,,,0,0,Open,0,,,Fine,Null
1749223,5970666,1102020,,505500,0,,0,1,,East,2014/2015,QUEEN ST,MILL LANE,,Serious Crash,No,2015,,East,,0,,Flat,,,,,,Bright sun,140300,0,0,0,2,,,0,,,1,,,Auckland Region,Nil,2-way,Sealed,,0,1,,50,,Null,0,0,,76,Auckland,Unknown,,,,,0,0,Urban,0,,,Fine,Null
1751629,5934054,1102124,,508701,0,,0,1,,Null,2014/2015,ALBANY HIGHWAY,DAIRY FLAT HIGHWAY,,Serious Crash,No,2014,,North,,0,,Flat,,,,,,Overcast,178800,0,0,0,2,,,0,,,,,,Auckland Region,Nil,2-way,Sealed,,0,1,,50,,Null,1,0,,76,Auckland,Traffic Signals,,,,,0,0,Urban,0,,,Fine,Null
1768570,5903666,1102181,,523820,0,,0,1,,Null,2015/2016,EVERGLADE DRIVE,KERI ANNE PLACE,,Serious Crash,No,2015,,East,,0,,Hill Road,,,,,,Bright sun,760113,0,0,0,2,,,0,,,1,,,Auckland Region,Nil,2-way,Sealed,,0,1,,50,,Off,0,0,,76,Auckland,Give way,,,,,0,0,Urban,0,,,Fine,Null
1767435.023,5901165.607,1102222,,524720,0,,0,1,,East,2014/2015,RUSSELL RD (MANUREWA),DEVERON ROAD,,Fatal Crash,No,2015,,North,,1,,Flat,,,,,,Overcast,777503,0,0,0,2,,,0,,,1,,,Auckland Region,Nil,2-way,Sealed,,0,0,,50,,Null,0,0,,76,Auckland,Traffic Signals,,,,,0,0,Urban,0,,,Fine,Null
1777951,5911684,1102319,,523202,0,1,0,1,0,Null,2014/2015,WHITFORD-MARAETAI ROAD,WAIKOPUA BR,,Serious Crash,No,2015,0,North,0,0,0,Flat,0,,0,,0,Bright sun,718300,1,0,0,2,0,0,0,0,0,,0,0,Auckland Region,Bridge,2-way,Sealed,0,0,1,0,100,0,Null,0,0,,76,Auckland,Unknown,0,0,0,0,0,0,Open,0,0,0,Fine,Null
1785705,5884272,1102333,,521134,0,0,0,1,0,East,2015/2016,PAPARATA ROAD,AXTENS ROAD,,Serious Crash,No,2015,0,East,0,0,1,Hill Road,0,,0,,0,Bright sun,815503,0,0,0,2,0,0,0,0,0,,0,0,Auckland Region,Nil,2-way,Sealed,0,0,1,0,100,0,Null,0,0,,76,Auckland,Unknown,0,0,0,0,0,0,Open,0,0,0,Fine,Null
1746719,5942312,1102334,,506614,0,,0,1,,South,2014/2015,DAIRY FLAT HIGHWAY,HORSESHOE BUSH ROAD,,Serious Crash,No,2015,,North,,0,,Flat,,,,,,Overcast,178002,0,0,0,2,,,0,,,,,,Auckland Region,Nil,2-way,Sealed,,0,1,,100,,Off,0,0,,76,Auckland,Nil,,,,,1,0,Open,0,,,Fine,Null
1753188,5935549,1102453,,508703,0,0,0,1,0,South,2015/2016,FAIRVIEW AVENUE,TRAVIS VIEW DRIVE E,,Serious Crash,No,2015,0,North,0,0,1,Hill Road,0,,0,,0,Dark,179201,0,0,0,2,0,0,0,0,0,,0,0,Auckland Region,Nil,2-way,Sealed,0,0,1,0,50,0,On,0,0,,76,Auckland,Unknown,0,0,0,1,0,0,Urban,0,0,0,Light rain,Null
1772642,5910690,1102454,,523202,0,,0,2,,North,2014/2015,WHITFORD ROAD,BROOMFIELDS ROAD,,Serious Crash,No,2015,,South,,0,,Flat,,,,,,Overcast,717502,7,0,0,2,,,0,,,,,,Auckland Region,Nil,2-way,Sealed,,0,1,,80,,Null,0,0,,76,Auckland,Unknown,,,,,0,0,Open,1,,,Heavy rain,Null
1756969,5918790,1102490,,515600,0,,0,0,,Null,2015/2016,SYMONDS ST,KHYBER PASS ROAD,,Serious Crash,No,2015,,East,,0,,Flat,,,,,,Overcast,420600,0,0,0,5,,,0,,,,,,Auckland Region,Nil,2-way,Sealed,,0,1,,50,,Null,1,0,,76,Auckland,Traffic Signals,,,,,0,0,Urban,1,,,Fine,Null
1756842,5913797,1102528,,518600,0,0,0,1,1,North,2015/2016,ST ANDREWS RD,MOUNT ALBERT ROAD,,Fatal Crash,No,2015,0,North,0,1,1,Hill Road,0,,0,,0,Bright sun,564600,0,0,0,4,0,0,0,0,0,,0,0,Auckland Region,Nil,2-way,Sealed,0,0,0,0,50,0,Null,0,0,,76,Auckland,Nil,1,0,0,1,0,0,Urban,0,0,0,Fine,Null
1756853,5920389,1102608,,514102,0,,0,0,,Null,2015/2016,WELLESLEY ST WEST,NELSON ST,,Serious Crash,No,2015,,West,,0,,Null,,,,,,Twilight,434101,1,0,1,5,,,0,,,1,,,Auckland Region,Nil,2-way,Sealed,,0,1,,50,,Off,0,0,,76,Auckland,Traffic Signals,,,,,0,0,Urban,0,,,Fine,Null
1760479,5922628,1102615,,509400,0,,0,0,,East,2014/2015,KERR ST,VICTORIA ROAD,,Serious Crash,No,2015,,East,,0,,Flat,,,,,,Bright sun,329700,0,0,0,2,,,0,,,1,,,Auckland Region,Nil,2-way,Sealed,,0,1,,50,,Null,1,0,,76,Auckland,Unknown,,,,,0,0,Urban,0,,,Fine,Null
1747840,5926598,1102643,,513431,0,,0,1,,East,2015/2016,HOBSONVILLE POINT ROAD,SQUADRON DRIVE,,Serious Crash,No,2015,,West,,0,,Flat,,,,,,Bright sun,222000,0,0,0,3,,,0,,,1,,,Auckland Region,Nil,2-way,Sealed,,0,1,,50,,Null,0,0,,76,Auckland,Unknown,,,,,0,0,Urban,0,,,Fine,Null
1769058,5901978,1102662,,524901,0,,0,1,,Null,2015/2016,GRANDE VUE ROAD,DAVID AVENUE,,Serious Crash,No,2015,,East,,0,,Flat,,,,,,Overcast,755900,0,0,1,2,,,0,,,,,,Auckland Region,Nil,2-way,Sealed,,0,1,,50,,Off,0,0,,76,Auckland,Give way,,,,,0,0,Urban,0,,,Light rain,Null
1750474,5915392,1102671,,514802,0,,0,1,,North,2014/2015,ASH ST,WAIRAU AVENUE,,Fatal Crash,No,2015,,East,,1,,Flat,,,,,,Dark,387009,0,0,0,5,,,0,,,1,,,Auckland Region,Nil,2-way,Sealed,,0,0,,50,,On,0,0,,76,Auckland,Nil,,,,,0,0,Urban,0,,,Fine,Null
1732354,5944285,1102727,,506646,0,0,0,1,0,South,2014/2015,INLAND ROAD,SH 16,,Fatal Crash,No,2015,0,North,0,1,0,Hill Road,0,,0,,0,Bright sun,211402,0,0,0,1,0,0,0,0,0,,0,0,Auckland Region,Nil,1-way,Sealed,0,0,0,0,100,0,Null,0,0,,76,Auckland,Nil,0,0,0,1,0,0,Open,0,0,0,Fine,Null
1747701,5966219,1102733,,506613,0,,0,2,,South,2014/2015,SH 1N,PERRY ROAD,,Fatal Crash,Yes,2015,,South,,1,,Flat,,,,,,Dark,146104,1,0,1,2,,,0,,,,,,Auckland Region,Nil,2-way,Sealed,,0,0,,100,,None,1,0,,76,Auckland,Nil,,,,,0,0,Open,1,,,Mist or Fog,Null
1751748,5926814,1102867,,510210,0,,0,1,,South,2014/2015,BIRKDALE ROAD,LEVESQUE ST,,Serious Crash,No,2015,,North,,0,,Flat,,,,,,Overcast,347300,0,0,0,2,,,0,,,1,,,Auckland Region,Nil,2-way,Sealed,,0,1,,50,,Null,0,0,,76,Auckland,Give way,,,,,0,0,Urban,0,,,Fine,Null
1737473,5915010,1102939,45,513020,0,0,0,1,0,West,2016/2017,SCENIC DRIVE,MOUNTAIN ROAD,,Fatal Crash,No,2016,0,South,0,1,0,Hill Road,0,,0,,0,Dark,281800,1,0,0,2,0,0,0,0,0,,0,0,Auckland Region,Nil,2-way,Sealed,0,0,0,0,70,0,None,1,0,,76,Auckland,Unknown,0,1,0,1,0,0,Urban,0,0,0,Fine,Null
1758071,5917541,1103043,,515700,0,,0,0,,Null,2015/2016,GILLIES AVENUE,ALPERS AVENUE,,Serious Crash,No,2015,,North,,0,,Flat,,,,,,Overcast,443700,0,1,0,4,,,0,,,,,,Auckland Region,Nil,2-way,Sealed,,0,1,,50,,Off,1,0,,76,Auckland,Traffic Signals,,,,,0,0,Urban,0,,,Fine,Null
1745125,5918269,1103375,,513302,0,,0,0,,South,2015/2016,LINCOLN ROAD,NORVAL ROAD,,Serious Crash,No,2015,,North,,0,,Flat,,,,,,Overcast,231001,0,0,0,5,,,0,,,1,,,Auckland Region,Nil,2-way,Sealed,,0,1,,50,,Null,0,0,,76,Auckland,Unknown,,,,,1,0,Urban,0,,,Fine,Null
1767727,5900993,1103380,,524720,0,,0,1,,East,2015/2016,RUSSELL ROAD,KERRYDALE ROAD,,Serious Crash,No,2015,,West,,0,,Flat,,,,,,Overcast,777601,0,0,0,2,,,0,,,1,,,Auckland Region,Nil,2-way,Sealed,,0,1,,30,,Off,0,0,,76,Auckland,Nil,,,,,0,0,Urban,0,,,Fine,Null
1756900,5920138,1103382,,514102,0,,0,0,,Null,2015/2016,HOBSON ST,COOK ST,,Serious Crash,No,2016,,East,,0,,Hill Road,,,,,,Dark,434105,0,0,0,5,,,0,,,1,,,Auckland Region,Nil,2-way,Sealed,,0,1,,50,,On,0,0,,76,Auckland,Traffic Signals,,,,,0,0,Urban,1,,,Fine,Null
1756325,5918400,1103395,,515600,0,,0,1,,Null,2015/2016,DOMINION ON NBD,DOMINION ROAD,,Serious Crash,No,2016,,North,,0,,Flat,,,,,,Dark,419600,0,1,0,4,,,0,,,,,,Auckland Region,Nil,2-way,Sealed,,0,1,,60,,On,0,0,,76,Auckland,Give way,,,,,0,0,Urban,0,,,Light rain,Null
1763846,5910175,1103489,,521901,0,,0,1,,South,2014/2015,GREAT SOUTH ROAD,ALBION ROAD,,Serious Crash,No,2015,,North,,0,,Flat,,,,,,Overcast,782600,0,0,0,3,,,0,,,3,,,Auckland Region,Nil,2-way,Sealed,,0,3,,50,,Null,0,0,,76,Auckland,Unknown,,,,,0,0,Urban,0,,,Fine,Null
1774925,5893567,1103516,,521301,0,,0,1,,West,2015/2016,PONGA ROAD,JACK PATERSON ROAD,,Serious Crash,No,2015,,West,,0,,Flat,,,,,,Dark,808101,1,0,0,2,,,0,,,,,,Auckland Region,Nil,2-way,Sealed,,0,1,,80,,None,0,0,,76,Auckland,Unknown,,,,,0,0,Open,1,,,Fine,Null
1749028,5941653,1103558,,506300,0,,0,2,,North,2015/2016,SH 1N,BAWDEN OBR,,Serious Crash,Yes,2015,,South,,0,,Flat,,,,,,Bright sun,175902,2,0,0,4,,,0,,,,,,Auckland Region,Nil,2-way,Sealed,,0,1,,100,,Off,0,0,,76,Auckland,Unknown,,,,,0,0,Open,0,,,Fine,Null
1763294,5906111,1103642,,524303,0,,0,1,,North,2016/2017,PORTAGE ROAD,TREAGON PLACE,,Serious Crash,No,2016,,North,,0,,Flat,,,,,,Dark,656200,0,0,0,2,,,0,,,1,,,Auckland Region,Nil,2-way,Sealed,,0,1,,50,,On,0,0,,76,Auckland,Unknown,,,,,0,0,Urban,0,,,Fine,Null
1761398,5906776,1103666,,524112,0,,0,0,,West,2016/2017,SH 20,MASSEY ON NBD,,Serious Crash,Yes,2016,,West,,0,,Flat,,,,,,Overcast,742201,0,0,0,2,,,0,,,,,,Auckland Region,Nil,1-way,Sealed,,0,2,,100,,Null,1,0,,76,Auckland,Unknown,,,,,0,0,Open,0,,,Fine,Null
1745063,5917750,1103727,,510700,0,,0,2,,Null,2014/2015,GREAT NORTH ROAD,LINCOLN ROAD,,Serious Crash,No,2015,,North,,0,,Flat,,,,,,Bright sun,239501,1,0,0,5,,,0,,,,,,Auckland Region,Nil,2-way,Sealed,,0,1,,50,,Null,0,0,,76,Auckland,Traffic Signals,,,,,0,0,Urban,0,,,Fine,Null
1763664,5912659,1103852,,520500,0,,0,1,,South,2014/2015,MT WGTN ON NBD,SH 1N,,Fatal Crash,Yes,2015,,North,,1,,Hill Road,,,,,,Bright sun,637300,1,0,0,2,,,0,,,,,,Auckland Region,Motorway ramp,2-way,Sealed,,0,0,,100,,Null,1,0,,76,Auckland,Traffic Signals,,,,,0,0,Open,0,,,Fine,Null
1761737,5914674,1103897,,520202,0,,0,2,,Null,2014/2015,WILKINSON ROAD,ELLERSLIE-PANMURE HIGHWAY,,Serious Crash,No,2015,,North,,0,,Flat,,Easter,,,,Bright sun,612501,0,0,0,4,,,0,,,,,,Auckland Region,Nil,2-way,Sealed,,0,1,,50,,Null,0,0,,76,Auckland,Traffic Signals,,,,,0,0,Urban,0,,,Fine,Null
1756723,5920438,1103902,,514102,1,,0,1,,Null,2015/2016,WELLESLEY ST WEST,SALE ST,,Serious Crash,No,2016,,South,,0,,Hill Road,,,,,,Overcast,433700,0,0,0,3,,,0,,,,,,Auckland Region,Nil,2-way,Sealed,,0,1,,50,,Null,0,0,,76,Auckland,Nil,,,,,0,0,Urban,0,,,Fine,Null
1752206,5918011,1103905,,515001,0,,0,1,,West,2016/2017,SH 16,CARRINGTON OBR,,Fatal Crash,Yes,2016,,East,,1,,Flat,,,,,,Bright sun,392400,0,0,1,3,,,0,,,,,,Auckland Region,Nil,1-way,Sealed,,0,0,,100,,Off,0,0,80,76,Auckland,Unknown,,,,,1,0,Open,0,,,Fine,Null
1758121,5920403,1103950,,514103,0,0,0,0,0,South,2014/2015,ANZAC AVENUE,PARLIAMENT ST,,Serious Crash,No,2015,0,South,0,0,1,Hill Road,0,,0,,0,Dark,438203,1,0,1,4,0,0,0,0,0,1,0,0,Auckland Region,Nil,2-way,Sealed,0,0,1,0,50,0,On,0,0,,76,Auckland,Stop,0,0,0,0,0,0,Urban,0,0,0,Null,Null
1758146,5915699,1103962,,519300,0,,0,0,,South,2014/2015,MANUKAU ROAD,KING EDWARD AVENUE,,Serious Crash,No,2015,,South,,0,,Flat,,,,,,Bright sun,622900,0,0,0,4,,,0,,,1,,,Auckland Region,Nil,2-way,Sealed,,0,1,,50,,Off,0,0,,76,Auckland,Nil,,,,,1,0,Urban,0,,,Fine,Null
1756373,5920853,1103965,,514101,0,,0,0,,West,2014/2015,FANSHAWE ST,DALDY ST,,Fatal Crash,No,2015,,East,,1,,Flat,,,,,,Dark,432400,0,0,0,7,,,0,,,1,,,Auckland Region,Nil,2-way,Sealed,,0,0,,50,,On,0,0,,76,Auckland,Traffic Signals,,,,,1,0,Urban,0,,,Heavy rain,Strong wind
1775062,5895860,1104006,,525700,0,,0,0,,East,2015/2016,IGLOO PLACE,GALILEE AVENUE,,Serious Crash,No,2015,,North,,0,,Flat,,,,,,Overcast,800310,0,0,1,2,,,0,,,,,,Auckland Region,Nil,2-way,Sealed,,0,1,,50,,Null,0,0,,76,Auckland,Unknown,,,,,0,0,Urban,0,,,Fine,Null
1767993,5911140,1104023,,523112,0,,0,0,,West,2016/2017,Z YARD,HALIDAY PLACE,,Serious Crash,No,2016,,North,,0,,Flat,,,,,,Overcast,711405,0,0,0,0,,,1,,,1,,,Auckland Region,Nil,Off road,Sealed,,0,1,,10,,Null,0,0,,76,Auckland,Unknown,,,,,0,0,Urban,0,,,Fine,Null
1733750,5929980,1104028,,505605,0,,0,1,,East,2016/2017,SH 16,WINTOUR ROAD,,Serious Crash,Yes,2016,,West,,0,,Flat,,,,,,Bright sun,216105,1,0,0,2,,,0,,,,,,Auckland Region,Nil,2-way,Sealed,,0,1,,70,,Null,0,0,,76,Auckland,Unknown,,,,,1,0,Urban,0,,,Fine,Null
1742359,5926012,1104124,,513410,0,0,0,0,0,North,2015/2016,Z DWY,HAILES ROAD,,Serious Crash,No,2015,0,East,0,0,0,Flat,1,,0,,0,Overcast,220400,0,0,1,1,0,0,0,0,0,,0,0,Auckland Region,Nil,Off road,Unsealed,0,0,1,0,5,0,Null,1,0,,76,Auckland,Unknown,0,0,0,0,0,0,Urban,0,0,0,Fine,Null
1760643,5916791,1104153,,516202,0,,0,0,,Null,2016/2017,REMUERA ROAD,ASCOT AVENUE,,Serious Crash,No,2016,,West,,0,,Hill Road,,,,,,Bright sun,489600,0,0,0,4,,,0,,,,,,Auckland Region,Nil,2-way,Sealed,,0,1,,50,,Null,1,0,,76,Auckland,Traffic Signals,,,,,1,0,Urban,0,,,Fine,Null
1744640,5915046,1104157,,512903,0,0,0,3,0,North,2016/2017,BRUCE MCLAREN ROAD,FARWOOD DRIVE,,Serious Crash,No,2016,0,South,0,0,0,Flat,0,,0,,0,Dark,278003,1,0,0,2,0,0,0,0,1,,0,0,Auckland Region,Nil,2-way,Sealed,0,0,1,0,50,0,On,0,0,,76,Auckland,Unknown,0,0,0,0,0,0,Urban,0,0,0,Fine,Null
1755955,5924528,1104160,,509800,0,0,0,1,0,East,2015/2016,ONEWA ROAD,BRUCE ST,,Serious Crash,No,2016,0,East,0,0,1,Flat,0,,0,,0,Dark,360500,0,0,0,4,0,0,0,0,0,,0,0,Auckland Region,Nil,2-way,Sealed,0,0,2,0,50,0,On,0,0,,76,Auckland,Unknown,0,0,0,0,0,0,Urban,0,0,0,Light rain,Null
1752507,5915579,1104239,,517902,1,,0,1,,South,2014/2015,HARLSTON ROAD,MORELAND ROAD,,Serious Crash,No,2015,,South,,0,,Hill Road,,,,,,Overcast,520800,0,0,0,2,,,0,,,,,,Auckland Region,Nil,2-way,Sealed,,0,1,,50,,Null,0,0,,76,Auckland,Unknown,,,,,0,0,Urban,0,,,Fine,Null
1754146,5911469,1104291,,519001,0,,0,1,,South,2015/2016,HILLSBOROUGH ROAD,JAMES TYLER CRESCENT,,Serious Crash,No,2016,,South,,0,,Flat,,,,,,Bright sun,591702,0,0,0,2,,,0,,,1,,,Auckland Region,Nil,2-way,Sealed,,0,1,,50,,Null,0,0,,76,Auckland,Unknown,,,,,0,0,Urban,0,,,Fine,Null
1765125,5909869,1104425,,521803,0,,0,1,,West,2015/2016,TRENWITH ST,FRANK GREY PLACE,,Serious Crash,No,2015,,West,,0,,Flat,,,,,,Overcast,788300,0,0,0,2,,,0,,,1,,,Auckland Region,Nil,2-way,Sealed,,0,1,,50,,Null,0,0,,76,Auckland,Unknown,,,,,0,0,Urban,0,,,Fine,Null