X,Y,OBJECTID,advisorySpeed,areaUnitID,bicycle,bridge,bus,carStationWagon,cliffBank,crashDirectionDescription,crashFinancialYear,crashLocation1,crashLocation2,crashRoadSideRoad,crashSeverity,crashSHDescription,crashYear,debris,directionRoleDescription,ditch,fatalCount,fence,flatHill,guardRail,holiday,houseOrBuilding,intersection,kerb,light,meshblockId,minorInjuryCount,moped,motorcycle,NumberOfLanes,objectThrownOrDropped,otherObject,otherVehicleType,overBank,parkedVehicle,pedestrian,phoneBoxEtc,postOrPole,region,roadCharacter,roadLane,roadSurface,roadworks,schoolBus,seriousInjuryCount,slipOrFlood,speedLimit,strayAnimal,streetLight,suv,taxi,temporarySpeedLimit,tlaId,tlaName,trafficControl,trafficIsland,trafficSign,train,tree,truck,unknownVehicleType,urban,vanOrUtility,vehicle,waterRiver,weatherA,weatherB
1730199,5956940,1104485,35,506613,0,0,0,0,0,West,2016/2017,SH 16,TUHIRANGI ROAD,,Serious Crash,Yes,2016,0,East,0,0,0,Hill Road,0,Christmas New Year,0,,0,Bright sun,146300,0,0,1,2,0,0,0,0,0,,0,0,Auckland Region,Nil,2-way,Sealed,0,0,1,0,100,0,Null,0,0,,76,Auckland,Unknown,0,1,0,0,0,0,Open,0,0,0,Fine,Null
1758136,5920027,1104633,,514301,0,,0,1,,Null,2014/2015,SH 16,ALTEN ROAD,,Serious Crash,Yes,2015,,South,,0,,Flat,,,,,,Dark,440300,0,0,1,3,,,0,,,,,,Auckland Region,Nil,2-way,Sealed,,0,1,,50,,On,0,0,,76,Auckland,Traffic Signals,,,,,0,0,Urban,0,,,Light rain,Null
1726692,5925302,1104691,,506652,0,,0,0,,North,2016/2017,Z MURIWAI BEACH,MOTUTARA ROAD,,Serious Crash,No,2016,,North,,0,,Hill Road,,,,,,Twilight,218101,0,0,1,0,,,0,,,,,,Auckland Region,Nil,Null,Unsealed,,0,1,,60,,None,1,0,,76,Auckland,Unknown,,,,,0,0,Urban,0,,,Fine,Null
1756507,5914840,1104715,,518500,0,0,0,1,0,West,2015/2016,DUKE ST,MOUNT EDEN ROAD,,Serious Crash,No,2016,0,West,0,0,0,Flat,0,,0,,0,Twilight,562100,0,0,1,2,0,0,0,0,0,,0,1,Auckland Region,Nil,2-way,Sealed,0,0,1,0,50,0,On,0,0,,76,Auckland,Nil,0,0,0,0,0,0,Urban,0,0,0,Fine,Null
1757859,5919954,1104801,,514103,0,,0,1,,South,2016/2017,GRAFTON ROAD,WYNYARD ST,,Serious Crash,No,2016,,North,,0,,Hill Road,,,,,,Bright sun,437400,0,0,1,3,,,0,,,,,,Auckland Region,Nil,2-way,Sealed,,0,1,,50,,Off,0,0,,76,Auckland,Nil,,,,,0,0,Urban,0,,,Fine,Null
1753042,5927427,1104965,,508210,0,0,0,2,0,South,2016/2017,STANLEY ROAD,PAVOLA GROVE,,Serious Crash,No,2016,0,South,0,0,0,Hill Road,0,,0,,0,Bright sun,187406,2,0,0,2,0,0,0,0,2,,0,0,Auckland Region,Nil,2-way,Sealed,0,0,1,0,50,0,Null,0,0,,76,Auckland,Unknown,0,0,0,0,0,0,Urban,1,0,0,Fine,Null
1748972,5918376,1104985,,514801,0,0,0,0,0,West,2015/2016,SH 16,ROSEBANK OBR,,Serious Crash,Yes,2016,0,West,0,0,0,Flat,1,,0,,0,Overcast,389200,0,0,0,3,0,0,0,0,0,,0,0,Auckland Region,Nil,1-way,Sealed,0,0,1,0,80,0,Null,0,0,,76,Auckland,Unknown,0,0,0,0,0,0,Open,1,0,0,Light rain,Null
1768430,5900636,1105073,,525101,0,,0,1,,Null,2014/2015,WEYMOUTH ROAD,RUSSELL ROAD,,Serious Crash,No,2015,,East,,0,,Flat,,,,,,Bright sun,771100,0,0,1,2,,,0,,,,,,Auckland Region,Nil,2-way,Sealed,,0,1,,50,,Off,0,0,,76,Auckland,Traffic Signals,,,,,0,0,Urban,0,,,Fine,Null
1752894,5918329,1105165,,515002,0,,0,1,,East,2015/2016,GREAT NORTH ROAD,MOA ROAD,,Serious Crash,No,2015,,East,,0,,Flat,,,,,,Overcast,397300,0,0,1,2,,,0,,,,,,Auckland Region,Nil,2-way,Sealed,,0,1,,50,,Null,0,0,,76,Auckland,Unknown,,,,,0,0,Urban,0,,,Fine,Strong wind
1763137,5907858,1105181,,524301,0,0,0,1,0,East,2015/2016,GRAY AVENUE,MASSEY ROAD,,Serious Crash,No,2016,0,North,0,0,0,Flat,0,,0,,0,Bright sun,748900,0,0,0,2,0,0,0,0,1,,0,0,Auckland Region,Nil,2-way,Sealed,0,0,1,0,50,0,Null,0,0,,76,Auckland,Unknown,0,0,0,0,2,0,Urban,0,0,0,Fine,Null
1735815,5944934,1105316,,506646,0,,0,1,,Null,2016/2017,KAHIKATEA FLAT ROAD,RAPSON ROAD,,Serious Crash,No,2016,,East,,0,,Flat,,,,,,Bright sun,213100,0,0,1,2,,,0,,,,,,Auckland Region,Nil,2-way,Sealed,,0,1,,100,,Null,0,0,,76,Auckland,Give way,,,,,0,0,Open,0,,,Fine,Null
1753681,5914552,1105602,,518801,0,,0,1,,Null,2016/2017,STODDARD ROAD,MAIORO ST,,Serious Crash,No,2016,,West,,0,,Flat,,,,,,Overcast,578500,0,0,0,3,,,0,,,,,,Auckland Region,Nil,2-way,Sealed,,0,1,,50,,Null,1,0,,76,Auckland,Traffic Signals,,,,,0,0,Urban,0,,,Fine,Null
1760171,5917947,1105735,,516102,0,0,0,1,0,Null,2016/2017,SPENCER ST,WALTON ST,,Fatal Crash,No,2016,0,West,0,1,1,Hill Road,0,,0,,1,Bright sun,483700,0,0,0,2,0,0,0,0,0,,0,0,Auckland Region,Nil,2-way,Sealed,0,0,0,0,50,0,Null,0,0,,76,Auckland,Nil,0,0,0,1,0,0,Urban,0,0,0,Light rain,Null
1751380,5877316,1105977,75,521151,0,0,0,2,0,North,2016/2017,AWHITU ROAD,MARAE O REHIA ROAD,,Fatal Crash,No,2016,0,North,0,1,1,Hill Road,0,,0,,0,Overcast,831200,3,0,0,2,0,0,0,0,0,,0,0,Auckland Region,Nil,2-way,Sealed,0,0,0,0,100,0,Null,0,0,,76,Auckland,Unknown,0,0,0,0,0,0,Open,0,0,0,Light rain,Null
1735308,5908934,1106083,45,513800,0,,0,1,,West,2016/2017,PIHA ROAD,ANAWHATA ROAD,,Serious Crash,No,2016,,North,,0,,Hill Road,,,,,,Overcast,282027,1,0,0,2,,,0,,,,,,Auckland Region,Nil,2-way,Sealed,,0,1,,70,,Null,0,0,,76,Auckland,Unknown,,,,,0,0,Urban,1,,,Light rain,Null
1766277,5919554,1106210,,516800,0,0,0,2,0,Null,2016/2017,MASKELL ST,CHESTERFIELD AVENUE,,Serious Crash,No,2016,0,West,0,0,0,Hill Road,0,,0,,0,Bright sun,512400,0,0,0,2,0,0,0,0,1,,0,0,Auckland Region,Nil,2-way,Sealed,0,0,1,0,50,0,Null,0,0,,76,Auckland,Give way,0,0,0,0,0,0,Urban,1,0,0,Light rain,Null
1757528,5926887,1106388,,507900,0,,0,1,,East,2015/2016,Z CPK COUNTDOWN,BARRYS POINT ROAD,,Serious Crash,No,2016,,North,,0,,Flat,,,,,,Dark,304200,0,0,0,,,,0,,,1,,,Auckland Region,Nil,Off road,Sealed,,0,1,,50,,Off,0,0,,76,Auckland,Unknown,,,,,0,0,Urban,0,,,Light rain,Null
1753169,5930037,1106391,,508803,0,0,0,0,0,Null,2016/2017,ALBANY HIGHWAY,UNSWORTH DRIVE,,Serious Crash,No,2016,0,North,0,0,0,Hill Road,0,,0,,0,Dark,180855,0,0,0,4,0,0,0,0,0,,0,0,Auckland Region,Nil,2-way,Sealed,0,0,1,0,70,0,On,0,0,,76,Auckland,Give way,1,0,0,0,0,0,Urban,1,0,0,Fine,Null
1749681,5937673,1106400,,506300,0,,0,1,,East,2016/2017,FOLEY QUARRY ROAD,DAIRY FLAT HIGHWAY,,Serious Crash,No,2016,,West,,0,,Hill Road,,Christmas New Year,,,,Dark,176004,0,0,1,2,,,0,,,,,,Auckland Region,Nil,2-way,Unsealed,,0,1,,80,,None,0,0,,76,Auckland,Unknown,,,,,0,0,Open,0,,,Fine,Null
1761665,5914089,1106412,,520202,0,0,0,1,0,East,2016/2017,SH 1N,PENROSE ON SBD,,Serious Crash,Yes,2016,0,East,0,0,0,Flat,1,,0,,0,Dark,612800,0,0,0,3,0,0,0,0,0,,0,0,Auckland Region,Motorway ramp,1-way,Sealed,0,0,2,0,100,0,On,1,0,,76,Auckland,Unknown,0,0,0,0,1,0,Open,0,1,0,Light rain,Null
1744455,5922555,1106532,,513530,0,0,0,0,0,West,2015/2016,ROYAL ROAD,MOIRE ROAD,,Serious Crash,No,2016,0,West,0,0,0,Hill Road,1,,0,,0,Bright sun,225802,0,0,1,2,0,0,0,0,0,,0,0,Auckland Region,Bridge,2-way,Sealed,0,0,1,0,50,0,Null,0,0,,76,Auckland,Unknown,0,0,0,0,1,0,Urban,0,0,0,Fine,Null
1758703,5903109,1106542,,524200,0,,0,0,,Null,2015/2016,RAY EMERY DRIVE,INTERNATIONAL MAIN ENT,,Serious Crash,No,2015,,East,,0,,Flat,,,,,,Overcast,727200,0,0,0,1,,,0,,,1,,,Auckland Region,Nil,1-way,Sealed,,0,1,,50,,Null,0,0,,76,Auckland,Unknown,,,,,1,0,Urban,0,,,Fine,Null
1754608,5923408,1106575,,510500,0,0,0,2,0,West,2014/2015,HINEMOA ST,NIAGARA PLACE,,Serious Crash,No,2015,0,East,0,0,0,Flat,0,,0,,0,Dark,358300,0,0,0,2,0,0,0,0,1,,0,0,Auckland Region,Nil,2-way,Sealed,0,0,1,0,50,0,On,0,0,,76,Auckland,Unknown,0,0,0,0,0,0,Urban,0,0,0,Fine,Null
1753441,5916126,1106584,,517903,0,,0,0,,East,2015/2016,MOUNT ALBERT ROAD,ALBERTON AVENUE,,Serious Crash,No,2015,,West,,0,,Flat,,,,,,Dark,522600,0,0,0,2,,,0,,,,,,Auckland Region,Nil,2-way,Sealed,,0,1,,50,,On,0,0,,76,Auckland,Unknown,,,,,0,0,Urban,2,,,Light rain,Null
1745871,5925176,1106593,,513522,0,,0,1,,Null,2014/2015,MARINA VIEW DRIVE,HOBSONVILLE ROAD,,Serious Crash,No,2015,,North,,0,,Flat,,,,,,Bright sun,224104,0,0,1,2,,,0,,,,,,Auckland Region,Nil,2-way,Sealed,,0,1,,50,,Null,0,0,,76,Auckland,Stop,,,,,0,0,Urban,0,,,Fine,Null
1761280,5916712,1106628,,516003,0,0,0,2,0,West,2016/2017,REMUERA ROAD,TAHORA AVENUE,,Serious Crash,No,2016,0,East,0,0,0,Flat,0,Christmas New Year,0,,0,Bright sun,495900,1,0,0,4,0,0,0,0,1,,0,0,Auckland Region,Nil,2-way,Sealed,0,0,1,0,50,0,Null,0,0,,76,Auckland,Unknown,0,0,0,0,0,0,Urban,0,0,0,Fine,Null
1756332,5919338,1106634,,514000,0,,0,2,,Null,2015/2016,KARANGAHAPE ROAD,HEREFORD ST,,Serious Crash,No,2016,,West,,0,,Flat,,,,,,Dark,413900,1,0,0,4,,,0,,,,,,Auckland Region,Nil,2-way,Sealed,,0,1,,50,,On,0,1,,76,Auckland,Stop,,,,,0,0,Urban,0,,,Fine,Null
1768638,5883979,1106717,,521111,0,,0,1,,Null,2016/2017,SH 22,HEIGHTS ROAD,,Serious Crash,Yes,2016,,North,,0,,Flat,,,,,,Bright sun,813800,0,0,0,2,,,0,,,,,,Auckland Region,Nil,2-way,Sealed,,0,1,,70,,Null,0,0,,76,Auckland,Give way,,,,,0,0,Urban,1,,,Fine,Null
1754281,5915266,1106746,,517702,0,,0,1,,Null,2014/2015,MOUNT ALBERT ROAD,DUNCAN AVENUE,,Serious Crash,No,2014,,East,,0,,Flat,,,,,,Bright sun,541500,0,0,1,2,,,0,,,,,,Auckland Region,Nil,2-way,Sealed,,0,1,,50,,Off,0,0,,76,Auckland,Give way,,,,,0,0,Urban,0,,,Fine,Null
1753152,5927337,1106972,,508210,0,0,0,3,0,North,2016/2017,STANLEY ROAD,SEAVIEW ROAD,,Serious Crash,No,2016,0,North,0,0,1,Flat,0,,0,,0,Bright sun,188002,0,0,0,2,0,0,0,0,2,,0,0,Auckland Region,Nil,2-way,Sealed,0,0,1,0,50,0,Null,0,0,,76,Auckland,Unknown,0,0,0,0,0,0,Urban,0,0,0,Fine,Null
1752137,5931984,1106982,,508807,0,0,0,0,0,West,2015/2016,TARNDALE GROVE,BUSH ROAD,,Serious Crash,No,2016,0,West,0,0,0,Flat,0,,0,,0,Bright sun,180302,0,0,0,2,0,0,0,0,0,,0,0,Auckland Region,Nil,2-way,Sealed,0,0,1,0,50,0,Null,0,0,,76,Auckland,Unknown,0,0,0,1,0,0,Urban,1,0,0,Fine,Null
1770363,5905739,1107030,,523712,0,0,0,1,0,East,2015/2016,CASTLEBANE DRIVE,CHARLESTOWN DRIVE,,Fatal Crash,No,2016,0,East,0,1,0,Flat,0,Queens Birthday,0,,0,Bright sun,713300,0,0,1,2,0,0,0,0,1,,0,0,Auckland Region,Nil,2-way,Sealed,0,0,0,0,50,0,Null,0,0,,76,Auckland,Unknown,0,0,0,0,0,0,Urban,0,0,0,Fine,Null
1766501,5901239,1107256,,524711,0,,0,1,,Null,2015/2016,ROWANDALE AVENUE,BURBANK AVENUE,,Serious Crash,No,2015,,North,,0,,Flat,,,,,,Bright sun,774802,0,0,0,2,,,0,,,1,,,Auckland Region,Nil,2-way,Sealed,,0,1,,50,,Off,0,0,,76,Auckland,Give way,,,,,0,0,Urban,0,,,Fine,Null
1746962,5919924,1107263,,512300,0,0,0,1,0,West,2015/2016,TITOKI ST,KARAMU ST,,Serious Crash,No,2016,0,North,0,0,0,Flat,0,,0,,0,Overcast,251700,0,0,0,2,0,0,0,0,0,,0,1,Auckland Region,Nil,2-way,Sealed,0,0,1,0,50,0,Null,0,0,,76,Auckland,Unknown,0,0,0,0,0,0,Urban,0,0,0,Fine,Null
1767394,5912018,1107268,,522920,0,0,0,2,0,South,2016/2017,EDGEWATER DRIVE,TI RAKAU DRIVE,,Serious Crash,No,2016,0,North,0,0,0,Flat,0,,0,,0,Bright sun,687004,0,0,0,2,0,0,0,0,1,,0,0,Auckland Region,Nil,2-way,Sealed,0,0,1,0,50,0,Null,0,0,,76,Auckland,Unknown,0,0,0,0,0,0,Urban,0,0,0,Fine,Null
1755071,5917005,1107275,,517701,0,,0,1,,Null,2015/2016,SANDRINGHAM ROAD,GRIBBLEHIRST ROAD,,Serious Crash,No,2016,,North,,0,,Flat,,,,,,Overcast,536900,0,1,0,4,,,0,,,,,,Auckland Region,Nil,2-way,Sealed,,0,1,,50,,Null,0,0,,76,Auckland,Stop,,,,,0,0,Urban,0,,,Light rain,Null
1753480,5916908,1107297,,517800,0,,0,0,,West,2015/2016,NEW NORTH ROAD,BENNETT ST,,Serious Crash,No,2016,,West,,0,,Hill Road,,,,,,Bright sun,527400,0,0,0,4,,,0,,,1,,,Auckland Region,Nil,2-way,Sealed,,0,1,,50,,Null,0,0,,76,Auckland,Unknown,,,,,0,0,Urban,1,,,Fine,Null
1790998,5921967,1107422,,520801,0,0,0,1,1,West,2015/2016,ORAPIU ROAD,COWES BAY ROAD,,Serious Crash,No,2015,0,West,0,0,0,Flat,0,,0,,0,Dark,515801,0,0,0,2,0,0,0,0,0,,0,0,Auckland Region,Nil,2-way,Sealed,0,0,1,0,80,0,None,0,0,,76,Auckland,Unknown,0,0,0,0,0,0,Open,0,0,0,Fine,Null
1756558,5937355,1107516,,506903,1,,0,0,,Null,2016/2017,BEACH ROAD,AULD ST,,Serious Crash,No,2016,,South,,0,,Hill Road,,,,,,Twilight,170200,0,0,0,2,,,0,,,,,,Auckland Region,Nil,2-way,Sealed,,0,1,,50,,None,0,0,,76,Auckland,Give way,,,,,1,0,Urban,0,,,Fine,Null
1762938,5908459,1107525,,524402,0,0,0,1,0,North,2015/2016,SAVILL DRIVE,ALDERMAN PLACE,,Serious Crash,No,2015,0,East,0,0,0,Flat,0,,0,,0,Dark,749900,2,0,0,2,0,0,0,0,0,,0,1,Auckland Region,Nil,2-way,Sealed,0,0,1,0,50,0,On,0,0,,76,Auckland,Unknown,0,0,0,0,0,0,Urban,0,0,0,Fine,Null
1756527,5924682,1107721,,509702,0,0,0,1,0,South,2015/2016,SH 1N,ONEWA ON NBD,,Serious Crash,Yes,2016,0,North,0,0,0,Flat,1,,0,,0,Dark,366700,0,0,0,6,0,0,0,0,0,,0,0,Auckland Region,Nil,2-way,Sealed,0,0,1,0,100,0,On,0,0,,76,Auckland,Unknown,0,0,0,0,0,0,Open,0,0,0,Fine,Null
1732143,5937443,1107728,,506648,0,0,0,0,2,East,2015/2016,OLD NORTH ROAD,INLAND ROAD,,Serious Crash,No,2016,0,East,2,0,0,Flat,0,,0,,0,Overcast,212200,0,0,2,2,0,0,0,0,0,,0,0,Auckland Region,Nil,2-way,Sealed,0,0,2,0,100,0,Off,0,0,,76,Auckland,Unknown,0,0,0,0,0,0,Open,0,0,0,Fine,Null
1756549,5919025,1107939,,514200,0,0,0,2,0,North,2015/2016,IAN MCKINNON DRIVE,NEWTON OBR,,Fatal Crash,No,2016,0,North,0,1,0,Hill Road,0,,0,,0,Bright sun,412800,1,0,0,4,0,0,0,0,0,,0,0,Auckland Region,Nil,2-way,Sealed,0,0,1,0,60,0,Null,0,0,,76,Auckland,Unknown,0,0,0,1,0,0,Urban,0,0,0,Fine,Null
1754338,5927965,1108031,,508310,0,,0,1,,Null,2015/2016,CHARTWELL AVENUE,BENTLEY AVENUE,,Serious Crash,No,2016,,North,,0,,Hill Road,,,,,,Twilight,200600,0,0,0,2,,,0,,,1,,,Auckland Region,Nil,2-way,Sealed,,0,1,,50,,Off,0,0,,76,Auckland,Give way,,,,,0,0,Urban,0,,,Fine,Null
1764824,5910280,1108035,,521801,0,0,0,1,0,West,2015/2016,PRINCES ST,ALBERT ST,,Serious Crash,No,2016,0,East,0,0,0,Flat,0,Easter,0,,0,Bright sun,787601,0,0,0,2,0,0,0,0,0,,0,1,Auckland Region,Nil,2-way,Sealed,0,0,2,0,60,0,Null,0,0,,76,Auckland,Unknown,0,0,0,0,0,0,Urban,0,0,0,Fine,Null
1751949,5914929,1108043,,514500,0,,0,1,,Null,2016/2017,METHUEN ROAD,BOLLARD AVENUE,,Serious Crash,No,2016,,East,,0,,Hill Road,,,,,,Dark,377500,0,0,0,2,,,0,,,,,,Auckland Region,Nil,2-way,Sealed,,0,1,,50,,On,0,0,,76,Auckland,Stop,,,,,0,0,Urban,1,,,Fine,Null
1755925,5916977,1108159,,518201,0,,0,1,,Null,2015/2016,DOMINION ROAD,KING EDWARD ST,,Serious Crash,No,2015,,North,,0,,Flat,,,,,,Bright sun,548200,0,0,1,4,,,0,,,,,,Auckland Region,Nil,2-way,Sealed,,0,1,,50,,Null,0,0,,76,Auckland,Stop,,,,,0,0,Urban,0,,,Fine,Null
1735454,5909828,1108163,,513800,0,,0,2,,West,2015/2016,PIHA ROAD,ANAWHATA ROAD,,Serious Crash,No,2015,,North,,0,,Hill Road,,Christmas New Year,,,,Bright sun,281902,0,0,0,2,,,0,,,,,,Auckland Region,Nil,2-way,Sealed,,0,1,,80,,None,0,0,,76,Auckland,Unknown,,,,,0,0,Open,0,,,Fine,Null
1769105,5906647,1108278,,523711,1,,0,1,,North,2015/2016,TE IRIRANGI DRIVE,BELINDA AVENUE,,Serious Crash,No,2015,,North,,0,,Flat,,,,,,Twilight,713006,0,0,0,4,,,0,,,,,,Auckland Region,Nil,2-way,Sealed,,0,1,,80,,Off,0,0,,76,Auckland,Unknown,,,,,0,0,Open,0,,,Fine,Null
1756969,5918790,1108289,,515600,0,,0,0,,Null,2016/2017,NEWTON ROAD,SYMONDS ST,,Serious Crash,No,2016,,West,,0,,Flat,,,,,,Bright sun,420600,0,0,0,5,,,0,,,1,,,Auckland Region,Nil,2-way,Sealed,,0,1,,50,,Null,0,0,,76,Auckland,Traffic Signals,,,,,1,0,Urban,0,,,Fine,Null
1769101,5881355,1108294,,525910,0,0,0,1,0,Null,2015/2016,STADIUM DRIVE,HALL ST,,Serious Crash,No,2016,0,East,0,0,0,Flat,0,,0,,0,Dark,818700,0,0,0,2,0,0,0,1,0,,0,1,Auckland Region,Nil,2-way,Sealed,0,0,1,0,50,0,On,0,0,,76,Auckland,Give way,0,0,0,0,0,0,Urban,0,0,0,Fine,Null
1769704,5883036,1108422,,525910,0,0,0,1,0,North,2014/2015,CAPE HILL ROAD,NORTHVALE PLACE,,Serious Crash,No,2015,0,North,0,0,1,Hill Road,0,,0,,0,Overcast,816521,0,0,0,2,0,0,0,0,0,,0,0,Auckland Region,Nil,2-way,Sealed,0,0,1,0,100,0,Null,0,0,,76,Auckland,Unknown,0,0,0,0,0,0,Open,0,0,0,Fine,Null
1768673,5906051,1108456,,523721,0,,0,1,,East,2014/2015,DAWSON ROAD,OTHELLO DRIVE,,Serious Crash,No,2015,,West,,0,,Flat,,,,,,Bright sun,715616,0,1,0,2,,,0,,,,,,Auckland Region,Nil,2-way,Sealed,,0,1,,50,,Null,0,0,,76,Auckland,Unknown,,,,,0,0,Urban,0,,,Fine,Null
1755045,5913489,1108545,,518803,0,,0,4,,South,2014/2015,SH 20,DOMINION OBR,,Serious Crash,Yes,2014,,West,,0,,Flat,,,,,,Overcast,582700,0,0,0,2,,,0,,,,,,Auckland Region,Nil,1-way,Sealed,,0,1,,100,,Off,0,0,,76,Auckland,Nil,,,,,0,0,Open,0,,,Light rain,Null
1739436,5943927,1108546,,506614,1,,0,0,,Null,2014/2015,KAHIKATEA FLAT ROAD,FORESTRY ROAD,,Serious Crash,No,2014,,West,,0,,Flat,,,,,,Overcast,177600,0,0,0,2,,,0,,,,,,Auckland Region,Nil,2-way,Sealed,,0,1,,50,,Null,1,0,,76,Auckland,Give way,,,,,0,0,Urban,0,,,Fine,Null
1759863,5909603,1108791,,524002,0,,0,1,,South,2017/2018,MAHUNGA DRIVE,HASTIE AVENUE,,Serious Crash,No,2017,,South,,0,,Flat,,,,,,Dark,724102,0,0,0,2,,,0,,,1,,,Auckland Region,Nil,2-way,Sealed,,0,1,,50,,On,0,0,,76,Auckland,Unknown,,,,,0,0,Urban,0,,,Fine,Null
1732167,5976227,1108867,45,506660,0,,0,0,,South,2016/2017,SH 16,INGLETON ROAD,,Serious Crash,Yes,2017,,North,,0,,Hill Road,,,,,,Bright sun,144600,0,0,1,2,,,0,,,,,,Auckland Region,Nil,2-way,Sealed,,0,2,,100,,Null,0,0,,76,Auckland,Unknown,,,,,0,0,Open,0,,,Fine,Null
1765618,5906899,1108874,,522301,0,,0,1,,Null,2015/2016,GREAT SOUTH ROAD,KOLMAR ROAD,,Serious Crash,No,2016,,North,,0,,Flat,,,,,,Bright sun,666800,0,0,1,4,,,0,,,,,,Auckland Region,Nil,2-way,Sealed,,0,1,,50,,Null,0,0,,76,Auckland,Traffic Signals,,,,,0,0,Urban,0,,,Fine,Null
1752331,5936704,1108932,,506300,0,,0,0,,North,2016/2017,SH 1N,LONELY TRACK OBR,,Serious Crash,Yes,2016,,South,,0,,Hill Road,,,,,,Overcast,176106,1,0,0,3,,,0,,,,,,Auckland Region,Nil,1-way,Sealed,,0,1,,100,,Off,0,0,,76,Auckland,Unknown,,,,,2,0,Open,0,,,Fine,Null
1759080,5918799,1108938,,515901,1,,0,1,,West,2015/2016,AYR ST,BRIGHTON ROAD,,Serious Crash,No,2016,,East,,0,,Hill Road,,,,,,Dark,456800,0,0,0,2,,,0,,,,,,Auckland Region,Nil,2-way,Sealed,,0,1,,50,,On,0,0,,76,Auckland,Nil,,,,,0,0,Urban,0,,,Light rain,Null
1732358,5944385,1108991,,506646,0,0,0,1,1,Null,2015/2016,SH 16,INLAND ROAD,,Fatal Crash,Yes,2016,0,West,0,1,0,Flat,0,,0,,0,Overcast,211402,1,0,0,2,0,0,0,0,0,,0,0,Auckland Region,Nil,2-way,Sealed,0,0,0,0,100,0,None,0,0,,76,Auckland,Stop,0,0,0,1,1,0,Open,0,0,0,Light rain,Null
1751979,5917906,1109151,,515001,0,,0,2,,Null,2016/2017,WATERVIEW ON WBD,GREAT NORTH ROAD,,Serious Crash,Yes,2017,,North,,0,,Flat,,,,,,Overcast,392400,0,0,0,2,,,0,,,,,,Auckland Region,Motorway ramp,2-way,Sealed,,0,1,,50,,Null,0,0,,76,Auckland,Traffic Signals,,,,,0,0,Urban,0,,,Fine,Null
1758394,5918169,1109173,,517400,0,,0,1,,East,2017/2018,TEED ST,OSBORNE ST,,Serious Crash,No,2017,,South,,0,,Flat,,,,,,Bright sun,451300,0,0,0,1,,,0,,,1,,,Auckland Region,Nil,1-way,Sealed,,0,1,,50,,Null,0,0,,76,Auckland,Nil,,,,,0,0,Urban,0,,,Fine,Null
1735626,5985930,1109191,,506660,0,,0,1,,South,2017/2018,SH 1N,SILVER HILL ROAD,,Serious Crash,Yes,2017,,North,,0,,Flat,,,,,,Overcast,143800,0,0,0,2,,,0,,,,,,Auckland Region,Nil,2-way,Sealed,,0,1,,100,,Null,0,0,,76,Auckland,Unknown,,,,,0,0,Open,0,,,Fine,Null
1742110,5993447,1109257,,506660,0,1,0,1,0,North,2016/2017,MANGAWHAI ROAD,KEITH ROAD,,Serious Crash,No,2017,0,North,0,0,0,Flat,1,,0,,0,Overcast,135400,0,0,0,2,0,0,0,0,0,,0,0,Auckland Region,Bridge,2-way,Sealed,0,0,1,0,100,0,Null,0,0,,76,Auckland,Unknown,0,0,0,0,0,0,Open,0,0,0,Fine,Null
1755077.655,5917002.51,1109409,,517701,0,0,0,2,0,Null,2016/2017,GRIBBLEHIRST ROAD,SANDRINGHAM ROAD,,Serious Crash,No,2017,0,West,0,0,0,Flat,0,,0,,0,Twilight,536900,0,0,0,2,0,0,0,0,0,,0,1,Auckland Region,Nil,2-way,Sealed,0,0,1,0,50,0,On,0,0,,76,Auckland,Stop,0,0,0,0,0,0,Urban,0,0,0,Fine,Null
1751520,5912352,1109507,,514700,0,,0,1,,West,2017/2018,HEAPHY ST,BLOCKHOUSE BAY ROAD,,Serious Crash,No,2017,,West,,0,,Flat,,,,,,Overcast,368000,0,0,0,2,,,0,,,1,,,Auckland Region,Nil,2-way,Sealed,,0,1,,50,,Null,0,0,,76,Auckland,Unknown,,,,,0,0,Urban,0,,,Fine,Null
1755675,5916087,1109591,,518301,0,,0,1,,Null,2016/2017,DOMINION ROAD,ROCKLANDS AVENUE,,Serious Crash,No,2017,,South,,0,,Flat,,,,,,Dark,553700,0,0,1,3,,,0,,,,,,Auckland Region,Nil,2-way,Sealed,,0,1,,50,,On,0,0,,76,Auckland,Stop,,,,,0,0,Urban,0,,,Fine,Null
1756351,5919345,1109641,,514000,0,,0,1,,East,2015/2016,KARANGAHAPE ROAD,HEREFORD ST,,Serious Crash,No,2016,,West,,0,,Flat,,,,,,Dark,413900,0,0,0,4,,,0,,,1,,,Auckland Region,Nil,2-way,Sealed,,0,1,,50,,On,0,0,,76,Auckland,Unknown,,,,,0,0,Urban,0,,,Light rain,Null
1767129,5907578,1109656,,523602,0,0,0,1,0,North,2016/2017,WYONA PLACE,COBHAM CRESCENT,,Serious Crash,No,2016,0,North,0,0,1,Flat,0,,0,,0,Bright sun,709300,0,0,0,1,0,0,0,0,0,1,0,0,Auckland Region,Nil,2-way,Sealed,0,0,2,0,50,0,Null,0,0,,76,Auckland,Nil,0,0,0,0,0,0,Urban,0,0,0,Fine,Null