X,Y,OBJECTID,advisorySpeed,areaUnitID,bicycle,bridge,bus,carStationWagon,cliffBank,crashDirectionDescription,crashFinancialYear,crashLocation1,crashLocation2,crashRoadSideRoad,crashSeverity,crashSHDescription,crashYear,debris,directionRoleDescription,ditch,fatalCount,fence,flatHill,guardRail,holiday,houseOrBuilding,intersection,kerb,light,meshblockId,minorInjuryCount,moped,motorcycle,NumberOfLanes,objectThrownOrDropped,otherObject,otherVehicleType,overBank,parkedVehicle,pedestrian,phoneBoxEtc,postOrPole,region,roadCharacter,roadLane,roadSurface,roadworks,schoolBus,seriousInjuryCount,slipOrFlood,speedLimit,strayAnimal,streetLight,suv,taxi,temporarySpeedLimit,tlaId,tlaName,trafficControl,trafficIsland,trafficSign,train,tree,truck,unknownVehicleType,urban,vanOrUtility,vehicle,waterRiver,weatherA,weatherB
1765765,5920122,1109735,,516700,0,0,0,1,1,South,2017/2018,LOMBARD ST,VALE ROAD,,Serious Crash,No,2017,0,South,0,0,0,Flat,0,,0,,0,Overcast,509400,0,0,0,2,0,0,0,0,0,,0,0,Auckland Region,Nil,2-way,Sealed,0,0,1,0,50,0,Null,0,0,,76,Auckland,Unknown,0,0,0,0,0,0,Urban,0,0,0,Fine,Null
1730202,5956615,1109750,,506613,0,0,0,1,0,South,2015/2016,SH 16,TUHIRANGI ROAD,,Serious Crash,Yes,2016,0,South,0,0,0,Hill Road,0,,0,,0,Overcast,146300,0,0,0,2,0,0,0,0,0,,0,1,Auckland Region,Nil,2-way,Sealed,0,0,1,0,100,0,Null,0,0,,76,Auckland,Unknown,0,0,0,1,0,0,Open,0,0,0,Light rain,Null
1754321,5914112,1109776,,518802,0,,0,1,,Null,2017/2018,STODDARD ROAD,TORY ST,,Serious Crash,No,2017,,South,,0,,Flat,,,,,,Dark,579000,1,1,0,2,,,0,,,,,,Auckland Region,Nil,2-way,Sealed,,0,1,,50,,On,0,0,,76,Auckland,Give way,,,,,0,0,Urban,0,,,Fine,Strong wind
1769535,5915157,1109780,,522711,0,,0,1,,West,2016/2017,CASUARINA ROAD,KERERU PLACE,,Serious Crash,No,2017,,East,,0,,Flat,,,,,,Bright sun,680705,0,0,0,2,,,0,,,1,,,Auckland Region,Nil,2-way,Sealed,,0,1,,50,,Null,0,0,,76,Auckland,Unknown,,,,,0,0,Urban,0,,,Fine,Null
1741742,5965643,1109790,,506613,0,0,0,1,0,North,2017/2018,WOODCOCKS ROAD,KAPONGA LANE,,Serious Crash,No,2017,0,South,1,0,0,Hill Road,0,,0,,0,Bright sun,145900,0,0,0,2,0,0,0,0,0,,0,0,Auckland Region,Nil,2-way,Sealed,0,0,1,0,100,0,Off,0,0,,76,Auckland,Unknown,0,0,0,1,0,0,Open,0,0,0,Fine,Null
1754289,5918570,1109876,,515431,0,,0,1,,North,2016/2017,GREAT NORTH ROAD,TUARANGI ROAD,,Serious Crash,No,2016,,South,,0,,Flat,,,,,,Overcast,405300,0,0,0,2,,,0,,,1,,,Auckland Region,Nil,2-way,Sealed,,0,1,,50,,Null,0,0,,76,Auckland,Unknown,,,,,0,0,Urban,0,,,Fine,Null
1754384,5936495,1109915,,506902,0,0,0,2,0,Null,2016/2017,GLAMORGAN DRIVE,MORICE PLACE,,Serious Crash,No,2017,0,South,0,0,1,Hill Road,0,Easter,0,,0,Overcast,165801,0,0,0,2,0,0,0,0,0,1,0,0,Auckland Region,Nil,2-way,Sealed,0,0,1,0,50,0,Off,0,0,,76,Auckland,Nil,0,0,0,0,0,0,Urban,0,0,0,Fine,Null
1758942,5907432,1109919,,524122,0,0,0,0,0,Null,2016/2017,MCKENZIE ROAD,KIRKBRIDE ROAD,,Serious Crash,No,2017,0,South,0,0,0,Flat,0,,0,,1,Dark,738600,0,0,1,2,0,0,0,0,0,,0,1,Auckland Region,Nil,2-way,Sealed,0,0,1,0,60,0,On,0,0,,76,Auckland,Give way,0,0,0,0,0,0,Urban,0,0,0,Fine,Null
1774616,5896446,1109921,,525610,0,,0,1,,North,2017/2018,Z DRIVEWAY,HARRIER PLACE,,Serious Crash,No,2017,,West,,0,,Flat,,,,,,Bright sun,798700,0,0,0,1,,,0,,,1,,,Auckland Region,Nil,Off road,Sealed,,0,1,,10,,Null,0,0,,76,Auckland,Nil,,,,,0,0,Urban,0,,,Fine,Null
1763881,5912597,1109948,,520500,0,,0,2,,Null,2016/2017,MOUNT WELLINGTON HIGHWAY,MT WGTN OFF SBD,,Serious Crash,No,2017,,North,,0,,Flat,,,,,,Bright sun,637400,2,0,0,6,,,0,,,,,,Auckland Region,Motorway ramp,2-way,Sealed,,0,1,,50,,Null,0,0,,76,Auckland,Traffic Signals,,,,,0,0,Urban,0,,,Fine,Null
1769693,5901162,1109957,,524901,0,,0,1,,East,2016/2017,ALFRISTON ROAD,SCOTTS ROAD,,Serious Crash,No,2017,,East,,0,,Flat,,,,,,Dark,757602,0,0,0,2,,,0,,,1,,,Auckland Region,Nil,2-way,Sealed,,0,1,,50,,On,0,0,,76,Auckland,Unknown,,,,,0,0,Urban,0,,,Fine,Null
1758786,5918880,1110024,,515901,1,0,0,1,0,North,2016/2017,PARNELL ROAD,MAUNSELL ROAD,,Serious Crash,No,2016,0,North,0,0,0,Flat,0,,0,,0,Overcast,451800,0,0,0,3,0,0,0,0,1,,0,0,Auckland Region,Nil,2-way,Sealed,0,0,1,0,50,0,Off,0,0,,76,Auckland,Unknown,0,0,0,0,0,0,Urban,0,0,0,Fine,Null
1767171,5906603,1110115,,522302,0,0,0,1,0,North,2016/2017,SH 1N,REAGAN OBR,,Serious Crash,Yes,2017,0,North,1,0,0,Flat,1,,0,,0,Bright sun,670100,1,0,0,3,0,0,0,0,0,,0,0,Auckland Region,Nil,1-way,Sealed,0,0,1,0,100,0,Null,0,0,,76,Auckland,Unknown,0,0,0,0,1,0,Open,0,0,0,Fine,Null
1747241,5920892,1110151,,512300,1,,0,1,,North,2017/2018,TE ATATU ROAD,CELLARMANS ST,,Fatal Crash,No,2017,,North,,1,,Flat,,,,,,Twilight,251102,0,0,0,4,,,0,,,,,,Auckland Region,Nil,2-way,Sealed,,0,0,,50,,Off,0,0,,76,Auckland,Nil,,,,,0,0,Urban,0,,,Fine,Null
1758772,5912414,1110198,,519810,0,0,0,2,0,West,2016/2017,ARTHUR ST,SELWYN ST,,Serious Crash,No,2017,0,West,0,0,0,Flat,0,,0,,0,Dark,599000,1,0,0,2,0,0,0,0,1,1,0,0,Auckland Region,Nil,2-way,Sealed,0,0,1,0,50,0,On,0,0,,76,Auckland,Unknown,0,0,0,0,0,0,Urban,0,0,0,Fine,Null
1782955,5907571,1110242,,525201,0,0,0,0,0,North,2016/2017,NORTH ROAD,THORPE QUARRY,,Fatal Crash,No,2016,0,North,0,1,0,Flat,0,,0,,0,Overcast,762700,1,0,0,2,0,0,0,0,0,,0,0,Auckland Region,Nil,2-way,Sealed,0,0,0,0,100,0,Null,1,0,,76,Auckland,Unknown,0,0,0,1,0,0,Open,0,0,0,Fine,Null
1750141,5929115,1110283,,509100,0,0,0,2,0,West,2016/2017,GREENHITHE ROAD,DURBIN COURT,,Fatal Crash,No,2017,0,East,0,1,0,Hill Road,0,,0,,0,Overcast,181302,0,0,0,2,0,0,0,0,1,,0,0,Auckland Region,Nil,2-way,Sealed,0,0,0,0,50,0,Null,0,0,,76,Auckland,Unknown,0,0,0,0,0,0,Urban,0,0,0,Light rain,Null
1766757,5905381,1110284,,524603,0,,0,1,,West,2017/2018,PUHINUI ROAD,EDORVALE AVENUE,,Serious Crash,No,2017,,West,,0,,Flat,,,,,,Twilight,671700,0,0,0,2,,,0,,,1,,,Auckland Region,Nil,2-way,Sealed,,0,1,,50,,On,0,0,,76,Auckland,Unknown,,,,,0,0,Urban,0,,,Fine,Null
1748680,5915009,1110355,,511700,0,0,0,1,0,North,2016/2017,KELWYN ROAD,ALSTON AVENUE,,Serious Crash,No,2016,0,North,0,0,0,Hill Road,0,Christmas New Year,0,,0,Overcast,269900,0,0,1,2,0,0,0,0,1,,0,0,Auckland Region,Nil,2-way,Sealed,0,0,1,0,50,0,Off,0,0,,76,Auckland,Unknown,0,0,0,0,0,0,Urban,0,0,0,Fine,Null
1745461,5917630,1110357,,510700,0,,0,1,,West,2016/2017,SEL PEACOCK DRIVE,ALDERMAN DRIVE,,Serious Crash,No,2016,,East,,0,,Flat,,,,,,Overcast,239806,0,0,0,2,,,0,,,1,,,Auckland Region,Nil,2-way,Sealed,,0,1,,50,,Null,0,0,,76,Auckland,Unknown,,,,,0,0,Urban,0,,,Fine,Null
1751400,5934290,1110393,,508701,0,,0,0,,Null,2015/2016,DAIRY FLAT HIGHWAY,OTEHA VALLEY ROAD EXTENSI,,Serious Crash,No,2016,,North,,0,,Flat,,,,,,Dark,178800,0,0,0,2,,,0,,,1,,,Auckland Region,Nil,2-way,Sealed,,0,1,,50,,On,1,0,,76,Auckland,Traffic Signals,,,,,0,0,Urban,0,,,Fine,Null
1744901,5919798,1110423,,513301,0,,0,0,,East,2015/2016,UNIVERSAL DRIVE,PENFOLD PLACE,,Serious Crash,No,2016,,West,,0,,Flat,,,,,,Overcast,234402,0,0,0,2,,,0,,,1,,,Auckland Region,Nil,2-way,Sealed,,0,1,,50,,Null,0,0,,76,Auckland,Unknown,,,,,1,0,Urban,0,,,Fine,Null
1763042,5908139,1110450,,524402,0,0,0,2,0,West,2016/2017,EWART ROAD,MASSEY ROAD,,Serious Crash,No,2017,0,West,0,0,0,Flat,0,,0,,0,Overcast,750000,0,0,0,1,0,0,0,0,1,,0,0,Auckland Region,Nil,2-way,Sealed,0,0,1,0,50,0,Null,0,0,,76,Auckland,Unknown,0,0,0,0,0,0,Urban,0,0,0,Fine,Null
1757048.2,5919509.498,1110461,,514102,1,,0,1,,North,2017/2018,QUEEN STREET,KARANGAHAPE ROAD,,Serious Crash,No,2017,,North,,0,,Flat,,,,,,Bright sun,435802,0,0,0,2,,,0,,,,,,Auckland Region,Nil,2-way,Sealed,,0,1,,30,,Null,0,0,20,76,Auckland,Nil,,,,,0,0,Urban,0,,,Fine,Null
1764107,5910115,1110463,,521901,0,,0,0,,West,2016/2017,PRINCES ST,ATKINSON AVENUE,,Serious Crash,No,2017,,East,,0,,Flat,,,,,,Overcast,782200,0,0,1,3,,,0,,,,,,Auckland Region,Nil,2-way,Sealed,,0,1,,50,,Null,0,0,,76,Auckland,Unknown,,,,,1,0,Urban,0,,,Fine,Null
1747286,5913766,1110469,,511100,0,0,0,2,0,East,2016/2017,WEST COAST ROAD,CAPTAIN SCOTT ROAD,,Serious Crash,No,2016,0,East,0,0,0,Flat,0,,0,,0,Twilight,286200,0,0,0,4,0,0,0,0,0,,0,0,Auckland Region,Nil,2-way,Sealed,0,0,1,0,50,0,On,0,0,,76,Auckland,Nil,1,0,0,0,0,0,Urban,0,0,0,Heavy rain,Strong wind
1741916,5926901,1110481,,513701,0,,0,1,,West,2016/2017,SH 16,BRIGHAM CK BR,,Serious Crash,Yes,2017,,West,,0,,Hill Road,,Queens Birthday,,,,Dark,220200,0,0,1,3,,,0,,,,,,Auckland Region,Nil,2-way,Sealed,,0,1,,80,,On,0,0,,76,Auckland,Unknown,,,,,0,0,Open,0,,,Mist or Fog,Null
1772139,5897169,1110482,,525420,0,,0,2,,Null,2016/2017,GREAT SOUTH ROAD,YOUNGS ROAD,,Serious Crash,No,2017,,North,,0,,Flat,,,,,,Overcast,790700,2,0,0,2,,,0,,,,,,Auckland Region,Nil,2-way,Sealed,,0,1,,50,,Null,0,0,,76,Auckland,Stop,,,,,0,0,Urban,0,,,Light rain,Null
1773672,5898480,1110486,,523912,0,,0,1,,South,2017/2018,COSGRAVE ROAD,WALTERS ROAD,,Serious Crash,No,2017,,North,,0,,Flat,,,,,,Overcast,765500,0,0,0,2,,,0,,,,,,Auckland Region,Nil,2-way,Sealed,,0,2,,80,,Null,0,0,,76,Auckland,Unknown,,,,,0,0,Open,1,,,Light rain,Null
1759918,5915728,1110507,,516003,0,,0,1,,South,2017/2018,GREAT SOUTH ROAD,GREEN LANE EAST,,Fatal Crash,No,2017,,North,,1,,Flat,,,,,,Bright sun,495200,0,0,0,6,,,0,,,1,,,Auckland Region,Nil,2-way,Sealed,,0,0,,50,,Null,0,0,,76,Auckland,Nil,,,,,0,0,Urban,0,,,Fine,Null
1745120,5969553,1110546,,506613,0,,0,2,,East,2016/2017,WOODCOCKS ROAD,OLD KAIPARA ROAD,,Serious Crash,No,2016,,West,,0,,Flat,,,,,,Overcast,145800,0,0,0,2,,,0,,,,,,Auckland Region,Nil,2-way,Sealed,,0,2,,100,,Null,0,0,,76,Auckland,Unknown,,,,,1,0,Open,0,,,Light rain,Null
1760184,5889439,1110606,,521122,0,,0,1,,East,2016/2017,Z DRIVEWAY,KINGSEAT ROAD,,Serious Crash,No,2017,,East,,0,,Flat,,,,,,Overcast,810901,0,0,0,1,,,0,,,1,,,Auckland Region,Nil,Off road,Sealed,,0,1,,10,,Null,0,0,,76,Auckland,Nil,,,,,0,0,Urban,0,,,Fine,Null
1733577,5946631,1110710,,506647,0,,0,1,,North,2017/2018,SH 16,OPOTO PLACE,,Serious Crash,Yes,2017,,North,,0,,Flat,,,,,,Dark,212703,0,0,0,2,,,0,,,,,,Auckland Region,Nil,2-way,Sealed,,0,1,,50,,On,0,0,,76,Auckland,Nil,,,,,1,0,Urban,0,,,Fine,Null
1759115,5905498,1110749,,524200,0,0,0,1,0,Null,2016/2017,WESTNEY ROAD,TIMBERLY ROAD,,Serious Crash,No,2017,0,West,0,0,1,Flat,0,,0,,1,Dark,727600,0,0,0,2,0,0,0,0,0,,0,0,Auckland Region,Nil,2-way,Sealed,0,0,1,0,50,0,On,0,0,,76,Auckland,Give way,0,0,0,1,0,0,Urban,1,0,0,Fine,Null
1768917,5905863,1110768,,523712,0,0,0,1,0,Null,2016/2017,TE IRIRANGI DRIVE,DAWSON ROAD,,Fatal Crash,No,2017,0,South,0,2,0,Flat,0,,0,,0,Dark,713013,0,0,0,4,0,0,0,0,0,,0,0,Auckland Region,Nil,2-way,Sealed,0,0,0,0,60,0,On,0,0,,76,Auckland,Traffic Signals,0,0,0,1,0,0,Urban,0,0,0,Fine,Null
1747137,5922094,1110782,,512202,0,,0,1,,South,2016/2017,TE ATATU ROAD,ENDERBY DRIVE,,Serious Crash,No,2017,,South,,0,,Flat,,,,,,Overcast,248400,0,0,0,2,,,0,,,1,,,Auckland Region,Nil,2-way,Sealed,,0,1,,50,,None,0,0,,76,Auckland,Unknown,,,,,0,0,Urban,0,,,Light rain,Null
1752748,5918289,1110853,,515002,0,0,0,2,0,East,2016/2017,GREAT NORTH ROAD,WALMER ROAD,,Serious Crash,No,2016,0,West,0,0,1,Hill Road,0,,0,,0,Overcast,396400,0,0,0,4,0,0,0,0,1,,0,0,Auckland Region,Nil,2-way,Sealed,0,0,3,0,50,0,Null,0,0,,76,Auckland,Unknown,0,0,0,0,0,0,Urban,0,0,0,Light rain,Strong wind
1743518,5906688,1110995,,512802,0,0,0,1,1,West,2017/2018,Z DWY,STALEY ROAD,,Serious Crash,No,2017,0,East,0,0,0,Hill Road,0,,0,,0,Dark,303102,0,0,0,0,0,0,0,0,0,1,0,0,Auckland Region,Nil,Off road,Sealed,0,0,1,0,50,0,On,0,0,,76,Auckland,Unknown,0,0,0,0,0,0,Urban,0,0,0,Fine,Null
1761235,5906141,1110996,,524200,0,,0,1,,West,2017/2018,MASSEY ROAD,FRIESIAN DRIVE,,Serious Crash,No,2017,,West,,0,,Flat,,,,,,Bright sun,728200,0,0,0,2,,,0,,,,,,Auckland Region,Nil,2-way,Sealed,,0,1,,60,,Null,0,0,,76,Auckland,Unknown,,,,,1,0,Urban,0,,,Fine,Null
1766347,5917814,1111056,,517002,0,0,0,1,0,East,2016/2017,OVERLEA ROAD,ELSTREE AVENUE,,Serious Crash,No,2016,0,West,0,0,0,Flat,0,,0,,0,Overcast,471701,2,0,0,2,0,0,0,0,0,,0,0,Auckland Region,Nil,2-way,Sealed,0,0,1,0,50,0,On,0,0,,76,Auckland,Unknown,0,0,0,1,0,0,Urban,0,0,0,Fine,Null
1747532,5910754,1111078,,512000,0,,0,1,,West,2016/2017,TITIRANGI ROAD,RANGIWAI ROAD,,Serious Crash,No,2016,,East,,0,,Flat,,,,,,Bright sun,295300,0,0,1,2,,,0,,,,,,Auckland Region,Nil,2-way,Sealed,,0,1,,50,,Null,0,0,,76,Auckland,Nil,,,,,0,0,Urban,0,,,Fine,Null
1739586,5928652,1111134,,505602,0,,0,1,,Null,2016/2017,SH 16,RIVERHEAD ROAD,,Serious Crash,Yes,2017,,East,,0,,Flat,,,,,,Bright sun,214104,1,0,1,2,,,0,,,,,,Auckland Region,Nil,2-way,Sealed,,0,1,,60,,Null,0,0,,76,Auckland,Give way,,,,,0,0,Urban,0,,,Fine,Null
1760729,5916773,1111156,,516202,0,,0,1,,West,2016/2017,REMUERA ROAD,LOCHIEL ROAD,,Serious Crash,No,2017,,East,,0,,Flat,,,,,,Bright sun,489600,0,0,0,4,,,0,,,1,,,Auckland Region,Nil,2-way,Sealed,,0,1,,50,,Null,0,0,,76,Auckland,Unknown,,,,,0,0,Urban,0,,,Fine,Null
1757115,5906243,1111226,,524200,0,0,0,1,0,North,2016/2017,ORUARANGI ROAD,RUAITI ROAD,,Serious Crash,No,2017,0,South,0,0,0,Flat,0,,0,,0,Bright sun,726500,0,0,1,2,0,0,0,0,0,,0,1,Auckland Region,Nil,2-way,Sealed,0,0,1,0,100,0,Null,0,0,,76,Auckland,Nil,0,0,0,0,0,0,Open,0,0,0,Fine,Null
1755608,5915845,1111241,,518301,0,,0,1,,Null,2016/2017,DOMINION ROAD,CARMEN AVENUE,,Serious Crash,No,2017,,East,,0,,Flat,,,,,,Bright sun,554000,0,0,0,2,,,0,,,1,,,Auckland Region,Nil,2-way,Sealed,,0,1,,50,,Null,0,0,,76,Auckland,Stop,,,,,0,0,Urban,0,,,Fine,Frost
1765011,5914661,1111289,,520602,0,,0,1,,East,2016/2017,LAGOON DRIVE,IRELAND ROAD,,Serious Crash,No,2017,,West,,0,,Hill Road,,,,,,Dark,628700,0,0,1,4,,,0,,,,,,Auckland Region,Nil,2-way,Sealed,,0,1,,50,,On,0,0,,76,Auckland,Nil,,,,,0,0,Urban,0,,,Light rain,Null
1763689,5920511,1111336,,516500,0,0,0,1,1,East,2017/2018,TAMAKI DRIVE,SELWYN AVENUE,,Serious Crash,No,2017,0,West,0,0,0,Flat,0,,0,,1,Dark,501301,0,0,0,2,0,0,0,0,0,,0,0,Auckland Region,Nil,2-way,Sealed,0,0,1,0,50,0,On,0,0,,76,Auckland,Unknown,0,0,0,0,0,0,Urban,0,0,1,Fine,Null
1766809,5913173,1111379,35,522910,0,,0,0,,Null,2017/2018,PENNELL PLACE,AYLESBURY ST,,Serious Crash,No,2017,,North,,0,,Flat,,,,,,Bright sun,684000,0,0,0,2,,,0,,,1,,,Auckland Region,Nil,2-way,Sealed,,0,1,,50,,Null,0,0,,76,Auckland,Nil,,,,,0,0,Urban,1,,,Light rain,Null
1743931,5924015,1111384,,513410,0,,0,2,,Null,2016/2017,HOBSONVILLE OFF NBD,FRED TAYLOR DRIVE,,Serious Crash,No,2017,,East,,0,,Hill Road,,,,,,Overcast,224000,0,0,0,1,,,0,,,,,,Auckland Region,Nil,1-way,Sealed,,0,1,,50,,Null,0,0,,76,Auckland,Traffic Signals,,,,,0,0,Urban,0,,,Light rain,Strong wind
1751122,5933593,1111393,,508806,0,0,0,1,0,South,2017/2018,LANDING DRIVE,WIDDISON PLACE,,Serious Crash,No,2017,0,South,0,0,0,Flat,0,,0,,0,Overcast,179805,0,0,0,2,0,0,0,0,1,,0,0,Auckland Region,Nil,2-way,Sealed,0,0,1,0,50,0,Null,0,0,,76,Auckland,Unknown,0,0,0,0,0,0,Urban,1,0,0,Fine,Null
1757068,5919082,1111496,,514200,0,,0,2,,Null,2017/2018,SYMONDS OFF NBD,SYMONDS ST,,Fatal Crash,No,2017,,West,,1,,Flat,,Christmas New Year,,,,Dark,412302,2,0,0,4,,,0,,,,,,Auckland Region,Motorway ramp,2-way,Sealed,,0,0,,50,,On,0,0,,76,Auckland,Traffic Signals,,,,,0,0,Urban,0,,,Fine,Null
1752763,5934856,1111625,,508701,0,0,0,1,0,Null,2016/2017,OTEHA VALLEY ROAD,CORNERSTONE DRIVE,,Fatal Crash,No,2017,0,West,0,1,0,Flat,0,,0,,0,Dark,179000,1,0,0,2,0,0,0,0,0,,0,0,Auckland Region,Nil,1-way,Sealed,0,0,1,0,60,0,On,0,0,,76,Auckland,Give way,1,0,0,1,0,0,Urban,0,0,0,Fine,Null
1763339,5906938,1111627,,524301,0,0,0,1,0,North,2016/2017,GRAEME AVENUE,LANDON AVENUE,,Serious Crash,No,2017,0,South,0,0,0,Flat,0,,0,,0,Dark,747000,1,0,0,2,0,0,0,0,1,,0,0,Auckland Region,Nil,2-way,Sealed,0,0,1,0,50,0,On,0,0,40,76,Auckland,Unknown,0,0,0,0,1,0,Urban,0,0,0,Fine,Strong wind
1803736,5900237,1111700,,525202,0,0,0,1,1,North,2016/2017,EAST COAST ROAD,PUKEKERERU LANE,,Serious Crash,No,2016,0,North,0,0,0,Flat,0,,0,,0,Bright sun,840601,0,0,0,2,0,0,0,0,0,,0,0,Auckland Region,Nil,2-way,Sealed,0,0,1,0,100,0,Null,0,0,,76,Auckland,Unknown,0,0,0,0,0,0,Open,0,0,0,Fine,Null
1762590,5907366,1111704,,524530,0,0,0,0,0,East,2016/2017,MASSEY ROAD,YATES ROAD,,Serious Crash,No,2016,0,West,0,0,0,Flat,0,,0,,0,Dark,733000,0,0,1,2,0,0,0,0,0,,0,0,Auckland Region,Nil,2-way,Sealed,0,0,1,0,50,0,On,0,0,30,76,Auckland,Unknown,1,0,0,0,0,0,Urban,0,0,0,Light rain,Null
1767087,5917885,1111710,,517002,0,,0,1,,North,2017/2018,TANIWHA ST,INGLEWOOD ST,,Serious Crash,No,2017,,North,,0,,Hill Road,,,,,,Overcast,473300,0,0,0,2,,,0,,,1,,,Auckland Region,Nil,2-way,Sealed,,0,1,,50,,Null,0,0,,76,Auckland,Unknown,,,,,0,0,Urban,1,,,Fine,Null
1770103,5917756,1111715,,522601,0,0,0,1,0,North,2016/2017,MCCRYSTAL AVENUE,EASTERN BEACH ROAD,,Serious Crash,No,2016,0,North,0,0,0,Flat,0,,0,,0,Overcast,676402,0,0,0,2,0,0,0,0,0,,0,0,Auckland Region,Nil,2-way,Sealed,0,0,1,0,50,0,Null,0,0,,76,Auckland,Unknown,0,0,0,1,0,0,Urban,0,0,0,Fine,Null
1754678,5912579,1111719,,518803,0,0,0,1,0,East,2017/2018,DOMINION ROAD,RICHARDSON ROAD,,Serious Crash,No,2017,0,South,0,0,0,Flat,0,,0,,0,Dark,583600,0,0,0,2,0,0,0,0,0,,0,1,Auckland Region,Nil,2-way,Sealed,0,0,1,0,50,0,On,0,0,,76,Auckland,Unknown,0,0,0,0,0,0,Urban,0,0,0,Fine,Null
1765928,5904854,1111731,,524603,0,,0,2,,North,2016/2017,GRAYSON AVENUE,BRETT AVENUE,,Serious Crash,No,2017,,North,,0,,Flat,,,,,,Bright sun,674500,0,0,0,2,,,0,,,,,,Auckland Region,Nil,2-way,Sealed,,0,2,,50,,Null,0,0,,76,Auckland,Nil,,,,,0,0,Urban,0,,,Fine,Null
1785493,5925862,1111789,,520801,1,0,0,0,0,South,2015/2016,TRIG HILL ROAD,MARINE VIEW ROAD,,Serious Crash,No,2016,0,North,0,0,0,Hill Road,0,,0,,0,Bright sun,515717,0,0,0,2,0,0,0,0,0,,0,0,Auckland Region,Nil,2-way,Sealed,0,0,1,0,50,0,Null,0,0,,76,Auckland,Unknown,0,1,0,0,0,0,Urban,0,0,0,Fine,Null
1755992,5931332,1111791,,507500,0,,0,0,,Null,2015/2016,EAST COAST ROAD,SUNNYNOOK ROAD,,Serious Crash,No,2016,,North,,0,,Flat,,,,,,Dark,148701,0,0,1,3,,,0,,,,,,Auckland Region,Nil,2-way,Sealed,,0,1,,50,,On,0,0,,76,Auckland,Give way,,,,,0,0,Urban,0,,,Fine,Null
1774036,5902848,1111939,,525201,0,,0,0,,Null,2016/2017,ALFRISTON ROAD,ALFRISTON-ARDMORE ROAD,,Serious Crash,No,2017,,North,,0,,Flat,,,,,,Bright sun,762301,0,0,0,2,,,0,,,,,,Auckland Region,Nil,2-way,Sealed,,0,1,,100,,Null,0,0,,76,Auckland,Give way,,,,,1,0,Open,1,,,Fine,Null
1763695,5908892,1112099,,521901,0,,0,2,,Null,2016/2017,MANGERE ROAD,GOLF AVENUE,,Serious Crash,No,2017,,East,,0,,Flat,,,,,,Overcast,785400,0,0,0,4,,,0,,,,,,Auckland Region,Nil,2-way,Sealed,,0,1,,50,,Null,0,0,,76,Auckland,Traffic Signals,,,,,0,0,Urban,0,,,Fine,Null
1753250,5924684,1112200,,510402,0,,0,1,,East,2017/2018,Z DRIVEWAY MOKOIA ROAD,GLENWOOD AVENUE,,Serious Crash,No,2017,,South,,0,,Hill Road,,,,,,Bright sun,351800,0,0,0,0,,,0,,,1,,,Auckland Region,Nil,Off road,Sealed,,0,2,,50,,Null,0,0,,76,Auckland,Unknown,,,,,0,0,Urban,0,,,Fine,Null
1755208.004,5933764.353,1112321,,507200,0,0,0,3,0,Null,2016/2017,BROWNS BAY ROAD,BUSHGLEN COURT,,Serious Crash,No,2017,0,North,0,0,1,Hill Road,0,,0,,0,Dark,156507,0,0,0,2,0,0,0,1,1,,0,0,Auckland Region,Nil,2-way,Sealed,0,0,1,0,50,0,On,0,0,,76,Auckland,Give way,0,0,0,0,0,0,Urban,0,0,0,Fine,Null
1760603,5915546,1112351,,520201,0,,0,1,,North,2016/2017,SH 1N,WALPOLE OBR,,Serious Crash,Yes,2017,,North,,0,,Flat,,,,,,Bright sun,613000,0,0,0,4,,,0,,,,,,Auckland Region,Nil,1-way,Sealed,,0,1,,100,,Null,0,0,,76,Auckland,Unknown,,,,,1,0,Open,0,,,Fine,Null
1735336,5929942,1112416,,505605,0,,0,1,,Null,2016/2017,MATUA ROAD,SH 16,,Serious Crash,Yes,2017,,West,,0,,Flat,,,,,,Bright sun,215800,0,0,0,2,,,0,,,,,,Auckland Region,Nil,2-way,Sealed,,0,1,,100,,Null,0,0,,76,Auckland,Give way,,,,,0,0,Open,1,,,Fine,Null
1763004,5913789,1112455,,520402,0,0,0,3,0,East,2016/2017,PENROSE ROAD,GUNSON ROAD,,Serious Crash,No,2017,0,East,0,0,0,Flat,0,,0,,0,Bright sun,641900,1,0,0,2,0,0,0,0,1,,0,0,Auckland Region,Nil,2-way,Sealed,0,0,2,0,50,0,Null,0,0,,76,Auckland,Unknown,0,0,0,0,0,0,Urban,0,0,0,Fine,Null
1765700,5901124,1112504,,524821,0,,0,1,,East,2017/2018,FINLAYSON AVENUE,COTTRELL PLACE,,Serious Crash,No,2017,,East,,0,,Flat,,,,,,Dark,774403,0,0,1,2,,,0,,,,,,Auckland Region,Nil,2-way,Sealed,,0,1,,50,,On,0,0,,76,Auckland,Unknown,,,,,0,0,Urban,0,,,Fine,Null
1749191,5945681,1112505,,505806,0,,0,0,,East,2016/2017,HIBISCUS COAST HIGHWAY,PAINTON ROAD,,Serious Crash,No,2017,,North,,0,,Hill Road,,,,,,Overcast,176602,0,0,1,4,,,0,,,,,,Auckland Region,Nil,2-way,Sealed,,0,1,,70,,Null,0,0,,76,Auckland,Unknown,,,,,1,0,Urban,0,,,Fine,Null