X,Y,OBJECTID,advisorySpeed,areaUnitID,bicycle,bridge,bus,carStationWagon,cliffBank,crashDirectionDescription,crashFinancialYear,crashLocation1,crashLocation2,crashRoadSideRoad,crashSeverity,crashSHDescription,crashYear,debris,directionRoleDescription,ditch,fatalCount,fence,flatHill,guardRail,holiday,houseOrBuilding,intersection,kerb,light,meshblockId,minorInjuryCount,moped,motorcycle,NumberOfLanes,objectThrownOrDropped,otherObject,otherVehicleType,overBank,parkedVehicle,pedestrian,phoneBoxEtc,postOrPole,region,roadCharacter,roadLane,roadSurface,roadworks,schoolBus,seriousInjuryCount,slipOrFlood,speedLimit,strayAnimal,streetLight,suv,taxi,temporarySpeedLimit,tlaId,tlaName,trafficControl,trafficIsland,trafficSign,train,tree,truck,unknownVehicleType,urban,vanOrUtility,vehicle,waterRiver,weatherA,weatherB
1772175,5902300,1112551,,523818,0,0,0,1,0,North,2016/2017,MILL ROAD,RANFURLY ROAD,,Serious Crash,No,2016,0,South,0,0,1,Hill Road,0,,0,,0,Dark,760904,0,0,0,2,0,0,0,0,0,,0,0,Auckland Region,Nil,2-way,Sealed,0,0,1,0,80,0,None,0,0,,76,Auckland,Unknown,0,0,0,0,0,0,Open,0,0,0,Fine,Null
1743849,5924440,1112852,,513410,0,,0,0,,North,2016/2017,SH 18,HOBSONVILLE ON NBD,,Serious Crash,Yes,2017,,North,,0,,Hill Road,,,,,,Bright sun,223901,0,0,1,2,,,0,,,,,,Auckland Region,Bridge,1-way,Sealed,,0,1,,100,,Null,0,0,,76,Auckland,Unknown,,,,,0,0,Open,0,,,Fine,Null
1752965,5915312,1112867,,517902,0,,0,2,,South,2017/2018,RICHARDSON ROAD,OWAIRAKA AVENUE,,Serious Crash,No,2017,,North,,0,,Flat,,,,,,Dark,519200,0,0,0,2,,,0,,,,,,Auckland Region,Nil,2-way,Sealed,,0,2,,50,,On,0,0,,76,Auckland,Unknown,,,,,0,0,Urban,0,,,Fine,Null
1765832,5906227,1113029,,522202,0,,0,1,,North,2016/2017,ST GEORGE ST,KINGSWOOD ROAD,,Fatal Crash,No,2017,,North,,1,,Flat,,,,,,Bright sun,665102,0,0,0,2,,,0,,,1,,,Auckland Region,Nil,2-way,Sealed,,0,0,,50,,Null,0,0,,76,Auckland,Unknown,,,,,0,0,Urban,0,,,Fine,Null
1756448,5937521,1113033,,506903,0,,0,1,,South,2016/2017,BEACH ROAD,COUNTY ROAD,,Serious Crash,No,2016,,South,,0,,Flat,,,,,,Dark,169200,0,0,0,2,,,0,,,1,,,Auckland Region,Nil,2-way,Sealed,,0,1,,50,,On,0,0,,76,Auckland,Unknown,,,,,0,0,Urban,1,,,Light rain,Null
1758392,5908088,1113046,35,524200,0,0,0,1,0,Null,2015/2016,GREENWOOD ROAD,CREAMERY ROAD,,Serious Crash,No,2016,0,North,0,0,1,Flat,0,,0,,0,Dark,726300,1,0,0,2,0,0,0,0,0,,0,0,Auckland Region,Nil,2-way,Sealed,0,0,2,0,80,0,On,0,0,,76,Auckland,Nil,0,0,0,1,0,0,Open,0,0,0,Fine,Null
1757761,5919611,1113085,,514301,0,,0,1,,Null,2017/2018,WELLESLEY ST BRIDGE,GRAFTON ROAD,,Serious Crash,No,2017,,South,,0,,Flat,,,,,,Overcast,440400,0,0,1,6,,,0,,,,,,Auckland Region,Nil,2-way,Sealed,,0,1,,50,,Null,0,0,,76,Auckland,Traffic Signals,,,,,0,0,Urban,0,,,Fine,Null
1770297,5911192,1113338,,523109,0,,1,0,,South,2017/2018,TE IRIRANGI DRIVE,TI RAKAU DRIVE,,Serious Crash,No,2017,,South,,0,,Flat,,,,,,Bright sun,711709,0,0,0,4,,,0,,,1,,,Auckland Region,Nil,2-way,Sealed,,0,1,,60,,Null,0,0,,76,Auckland,Unknown,,,,,0,0,Urban,0,,,Fine,Null
1747080,5926247,1113347,,513431,1,,0,0,,Null,2016/2017,WISELEY ROAD,HOBSONVILLE ROAD,,Serious Crash,No,2017,,North,,0,,Flat,,,,,,Bright sun,221802,0,0,0,2,,,0,,,,,,Auckland Region,Nil,2-way,Sealed,,0,1,,50,,Null,0,0,,76,Auckland,Give way,,,,,1,0,Urban,0,,,Fine,Null
1752422,5916668,1113356,,517901,0,,0,1,,North,2016/2017,WOODWARD ROAD,SPRINGLEIGH AVENUE,,Serious Crash,No,2017,,South,,0,,Flat,,,,,,Dark,524300,0,0,0,2,,,0,,,1,,,Auckland Region,Nil,2-way,Sealed,,0,1,,50,,On,0,0,,76,Auckland,Unknown,,,,,0,0,Urban,0,,,Fine,Null
1725463,5943183,1113372,,506642,0,0,0,0,0,East,2017/2018,SOUTH HEAD ROAD,EVANS ROAD,,Serious Crash,No,2017,0,West,1,0,1,Flat,0,,0,,0,Dark,210600,0,0,0,2,0,0,0,0,0,,0,0,Auckland Region,Nil,2-way,Sealed,0,0,1,0,100,0,None,0,0,,76,Auckland,Unknown,0,0,0,0,1,0,Open,0,0,0,Fine,Null
1763998,5915036,1113616,,520303,0,,0,1,,West,2016/2017,ELLERSLIE-PANMURE HIGHWAY,BARRACK ROAD,,Serious Crash,No,2017,,East,,0,,Flat,,,,,,Bright sun,626802,0,0,1,4,,,0,,,,,,Auckland Region,Nil,2-way,Sealed,,0,1,,50,,Null,0,0,,76,Auckland,Nil,,,,,0,0,Urban,0,,,Fine,Null
1770494,5910977,1113629,,523109,0,,0,1,,South,2017/2018,Z CARPARK,TI RAKAU DRIVE,,Serious Crash,No,2017,,South,,0,,Flat,,,,,,Bright sun,711709,0,0,0,2,,,0,,,1,,,Auckland Region,Nil,2-way,Sealed,,0,1,,20,,Null,0,0,,76,Auckland,Unknown,,,,,0,0,Urban,0,,,Fine,Null
1739955,5964284,1113734,,506613,0,,0,1,,West,2017/2018,WEST COAST ROAD,OLD WOODCOCKS ROAD,,Serious Crash,No,2017,,East,,0,,Hill Road,,,,,,Bright sun,145400,0,0,1,2,,,0,,,,,,Auckland Region,Nil,2-way,Sealed,,0,1,,100,,Null,0,0,,76,Auckland,Unknown,,,,,0,0,Open,0,,,Fine,Null
1748290,5913338,1113902,,511100,0,,0,1,,North,2016/2017,RUA ROAD,TOMO ST,,Fatal Crash,No,2017,,North,,1,,Flat,,,,,,Dark,287000,0,0,0,2,,,0,,,1,,,Auckland Region,Nil,2-way,Sealed,,0,0,,50,,On,0,0,,76,Auckland,Unknown,,,,,0,0,Urban,0,,,Fine,Null
1744583,5922465,1114008,,513530,0,,0,1,,Null,2016/2017,ROYAL ROAD,MOIRE ROAD,,Serious Crash,No,2017,,South,,0,,Flat,,,,,,Overcast,225802,0,0,0,4,,,0,,,1,,,Auckland Region,Nil,2-way,Sealed,,0,1,,50,,Off,0,0,,76,Auckland,Traffic Signals,,,,,0,0,Urban,0,,,Fine,Null
1738366,5928357,1114208,,505602,0,0,0,1,0,West,2017/2018,ACCESS ROAD,WOOKEY LANE,,Fatal Crash,No,2017,0,East,0,2,1,Flat,0,,0,,0,Dark,215000,0,0,0,2,0,0,0,0,0,,0,0,Auckland Region,Nil,2-way,Sealed,0,0,0,0,80,0,None,0,0,,76,Auckland,Unknown,0,0,0,1,0,0,Open,0,0,0,Fine,Null
1743286,5922092,1114210,,513631,1,,0,1,,Null,2016/2017,TRIANGLE ROAD,MCCLINTOCK ROAD,,Serious Crash,No,2017,,East,,0,,Flat,,,,,,Bright sun,227006,0,0,0,2,,,0,,,,,,Auckland Region,Nil,2-way,Sealed,,0,1,,50,,Null,0,0,,76,Auckland,Give way,,,,,0,0,Urban,0,,,Fine,Null
1759057,5905393,1114232,,524200,0,,0,0,,South,2016/2017,WESTNEY ROAD,TIMBERLY ROAD,,Serious Crash,No,2017,,North,,0,,Flat,,,,,,Bright sun,727600,0,1,0,2,,,0,,,,,,Auckland Region,Nil,2-way,Sealed,,0,1,,50,,Null,1,0,,76,Auckland,Nil,,,,,0,0,Urban,0,,,Fine,Null
1768573,5903176,1114254,,523820,0,,0,0,,South,2016/2017,SH 1N,20 LINK 1 SBD,,Serious Crash,Yes,2017,,South,,0,,Flat,,,,,,Overcast,760121,0,0,1,4,,,0,,,,,,Auckland Region,Nil,1-way,Sealed,,0,1,,100,,Null,0,0,,76,Auckland,Unknown,,,,,1,0,Open,0,,,Fine,Null
1765683,5898093,1114260,,524812,0,0,0,1,0,Null,2016/2017,WEYMOUTH ROAD,MCLEOD ROAD,,Serious Crash,No,2017,0,South,0,0,1,Flat,0,,0,,0,Dark,773100,0,0,0,2,0,0,0,0,0,,0,0,Auckland Region,Nil,2-way,Sealed,0,0,1,0,50,0,On,0,0,,76,Auckland,Nil,0,0,0,1,0,0,Urban,0,0,0,Fine,Null
1770837,5910154,1114313,,523114,1,,0,1,,Null,2016/2017,KILKENNY DRIVE,MOYRUS CRESCENT S,,Serious Crash,No,2017,,South,,0,,Flat,,,,,,Bright sun,712037,0,0,0,2,,,0,,,,,,Auckland Region,Nil,2-way,Sealed,,0,1,,50,,Null,0,0,,76,Auckland,Give way,,,,,0,0,Urban,0,,,Fine,Null
1754104,5945192,1114375,,505909,0,0,0,1,1,West,2018/2019,WHANGAPARAOA ROAD,BRIGHTSIDE ROAD,,Serious Crash,No,2018,0,West,0,0,0,Hill Road,0,Labour Weekend,0,,0,Dark,173807,0,0,0,2,0,0,0,0,0,,0,0,Auckland Region,Nil,2-way,Sealed,0,0,1,0,50,0,On,0,0,,76,Auckland,Unknown,0,0,0,0,0,0,Urban,0,0,0,Fine,Null
1765215,5918527,1114465,,516900,0,0,0,3,0,East,2016/2017,ST HELIERS BAY ROAD,LAMMERMOOR DRIVE,,Serious Crash,No,2017,0,West,0,0,0,Flat,0,,0,,0,Bright sun,465502,0,0,0,2,0,0,0,0,1,,0,0,Auckland Region,Nil,2-way,Sealed,0,0,1,0,50,0,Null,0,0,,76,Auckland,Unknown,0,0,0,0,0,0,Urban,0,0,0,Fine,Null
1756053,5923655,1114473,,509800,0,,0,0,,North,2017/2018,SH 1N,STAFFORD OFF NBD,,Serious Crash,Yes,2017,,North,,0,,Hill Road,,,,,,Dark,359100,0,0,1,3,,,0,,,,,,Auckland Region,Bridge,1-way,Sealed,,0,1,,80,,On,0,0,70,76,Auckland,Unknown,,,,,0,0,Open,0,,,Fine,Null
1748223,5912023,1114511,,511902,0,0,0,1,0,West,2016/2017,GOLF ROAD,MCCAHON PLACE,,Serious Crash,No,2017,0,West,0,0,1,Flat,0,,0,,0,Dark,292402,1,0,0,2,0,0,0,0,0,,0,0,Auckland Region,Nil,2-way,Sealed,0,0,1,0,50,0,On,0,0,,76,Auckland,Unknown,0,0,0,1,0,0,Urban,0,0,0,Fine,Null
1752977,5916691,1114555,,517800,0,,0,1,,South,2017/2018,NEW NORTH ROAD,LLOYD AVENUE,,Serious Crash,No,2017,,West,,0,,Flat,,,,,,Bright sun,527800,0,0,1,2,,,0,,,,,,Auckland Region,Nil,2-way,Sealed,,0,1,,50,,Null,0,0,,76,Auckland,Nil,,,,,0,0,Urban,0,,,Fine,Null
1762128,5920294,1114572,,516400,0,,0,2,,North,2016/2017,TAMAKI DRIVE,KITEMOANA ST,,Serious Crash,No,2017,,North,,0,,Flat,,,,,,Bright sun,498700,2,0,1,3,,,0,,,,,,Auckland Region,Nil,2-way,Sealed,,0,1,,50,,Null,0,0,,76,Auckland,Unknown,,,,,0,0,Urban,0,,,Fine,Null
1744457,5922554,1114600,,513530,0,1,0,2,0,West,2016/2017,ROYAL ROAD,ROYAL ON EBD,,Fatal Crash,No,2017,0,West,0,1,0,Flat,0,,0,,0,Dark,225802,0,0,0,2,0,0,0,0,0,,0,0,Auckland Region,Bridge,2-way,Sealed,0,0,1,0,50,0,On,0,0,30,76,Auckland,Unknown,0,0,0,0,0,0,Urban,0,0,0,Mist or Fog,Null
1756693,5915410,1114608,,518302,0,0,0,0,0,Null,2017/2018,MOUNT EDEN ROAD,MARSDEN AVENUE,,Serious Crash,No,2018,0,South,0,0,0,Flat,0,,0,,0,Dark,557401,0,1,0,2,0,0,0,0,1,1,0,0,Auckland Region,Nil,2-way,Sealed,0,0,2,0,50,0,On,0,0,,76,Auckland,Stop,0,0,0,0,0,0,Urban,1,0,0,Fine,Null
1767327,5883272,1114636,35,521111,0,0,0,1,0,Null,2017/2018,HEIGHTS ROAD,HEIGHTS SOUTH,,Serious Crash,No,2018,0,North,0,0,0,Hill Road,0,,0,,0,Dark,826601,0,0,0,2,0,0,0,0,0,,0,0,Auckland Region,Nil,2-way,Sealed,0,0,1,0,100,0,None,0,0,,76,Auckland,Unknown,0,0,0,1,0,0,Open,0,0,0,Fine,Null
1751124,5914086,1114696,,514402,0,,0,1,,North,2017/2018,ST GEORGES ROAD,WOLVERTON ST,,Serious Crash,No,2018,,South,,0,,Flat,,,,,,Dark,379402,0,0,1,2,,,0,,,,,,Auckland Region,Nil,2-way,Sealed,,0,1,,50,,On,0,0,,76,Auckland,Nil,,,,,0,0,Urban,0,,,Fine,Null
1780255,5902296,1114719,,525201,0,,0,1,,North,2017/2018,PAPAKURA-CLEVEDON ROAD,CLEVEDON-TAKANINI ROAD,,Serious Crash,No,2018,,North,,0,,Flat,,,,,,Bright sun,763201,0,0,1,2,,,0,,,,,,Auckland Region,Nil,2-way,Sealed,,0,1,,100,,Null,0,0,,76,Auckland,Nil,,,,,0,0,Open,0,,,Fine,Null
1772788,5900849,1114728,,523911,0,,0,3,,North,2017/2018,MILL ROAD,PHILLIP ROAD,,Serious Crash,No,2018,,North,,0,,Flat,,,,,,Bright sun,767201,1,0,0,2,,,0,,,,,,Auckland Region,Nil,2-way,Sealed,,0,1,,80,,Null,0,0,,76,Auckland,Unknown,,,,,0,0,Open,0,,,Fine,Null
1766993,5901477,1114782,,524712,0,,0,1,,Null,2016/2017,RUSSELL ROAD,BERKELEY ROAD,,Serious Crash,No,2017,,East,,0,,Flat,,,,,,Overcast,779300,0,0,0,2,,,0,,,1,,,Auckland Region,Nil,2-way,Sealed,,0,1,,50,,Off,0,0,,76,Auckland,Give way,,,,,0,0,Urban,0,,,Fine,Null
1754255,5915281,1114789,,517702,0,,0,1,,West,2016/2017,MOUNT ALBERT ROAD,ACCESSWAY,,Serious Crash,No,2017,,East,,0,,Flat,,,,,,Bright sun,542400,0,0,0,2,,,0,,,1,,,Auckland Region,Nil,2-way,Sealed,,0,2,,50,,Null,0,0,,76,Auckland,Unknown,,,,,0,0,Urban,0,,,Fine,Null
1746281,5912717,1114823,,511002,0,0,0,2,0,West,2016/2017,GLENGARRY ROAD,WOODGLEN ROAD,,Serious Crash,No,2017,0,West,0,0,0,Hill Road,0,,0,,0,Dark,284000,0,0,0,2,0,0,0,0,1,,0,1,Auckland Region,Nil,2-way,Sealed,0,0,1,0,50,0,On,0,0,,76,Auckland,Unknown,0,0,0,0,0,0,Urban,0,0,0,Fine,Null
1769822,5901301,1114940,,524901,0,0,0,2,0,North,2017/2018,SH 1N,ALFRISTON OBR,,Serious Crash,Yes,2018,0,North,0,0,0,Hill Road,1,,0,,0,Overcast,757602,0,0,0,3,0,0,0,0,0,,0,0,Auckland Region,Nil,1-way,Sealed,0,0,1,0,100,0,Null,0,0,,76,Auckland,Unknown,0,0,0,0,0,0,Open,0,0,0,Fine,Null
1753689,5923903,1114949,,510402,0,,0,0,,West,2018/2019,Z PARK,RAWENE ROAD,,Serious Crash,No,2018,,South,,0,,Flat,,,,,,Bright sun,351300,0,0,0,,,,0,,,1,,,Auckland Region,Nil,Off road,Unsealed,,0,1,,50,,Null,0,0,,76,Auckland,Unknown,,,,,1,0,Urban,0,,,Fine,Null
1747106,5922221,1114953,,512202,0,,0,2,,North,2017/2018,TE ATATU ROAD,ENDERBY DRIVE,,Serious Crash,No,2018,,North,,0,,Flat,,,,,,Dark,248200,2,0,0,1,,,0,,,,,,Auckland Region,Nil,2-way,Sealed,,0,1,,50,,On,0,0,,76,Auckland,Unknown,,,,,0,0,Urban,0,,,Fine,Null
1731691,5947715,1115069,,506646,0,,0,1,,West,2016/2017,MCLACHLAN ROAD,ALPINE ROAD,,Serious Crash,No,2017,,South,,0,,Hill Road,,,,,,Bright sun,212510,0,0,1,2,,,0,,,,,,Auckland Region,Nil,2-way,Unsealed,,0,1,,100,,Null,0,0,,76,Auckland,Unknown,,,,,0,0,Open,0,,,Fine,Null
1766587,5905925,1115070,,522302,0,,0,2,,East,2017/2018,GREAT SOUTH ROAD,CARLIE ST,,Serious Crash,No,2017,,West,,0,,Flat,,,,,,Dark,669200,0,0,0,2,,,0,,,,,,Auckland Region,Nil,2-way,Sealed,,0,1,,50,,On,0,0,,76,Auckland,Unknown,,,,,0,0,Urban,0,,,Fine,Null
1751447,5925202,1115101,,510020,0,0,0,1,0,Null,2017/2018,RANGATIRA ROAD,KIA ORA ROAD,,Serious Crash,No,2017,0,East,0,0,0,Flat,0,,0,,0,Dark,346100,0,0,0,2,0,0,0,0,0,,0,1,Auckland Region,Nil,2-way,Sealed,0,0,1,0,50,0,On,0,0,,76,Auckland,Stop,0,0,0,0,0,0,Urban,0,0,0,Light rain,Null
1765722,5899975,1115186,,524822,0,0,0,1,1,South,2018/2019,MAPLESDEN DRIVE,BARNEYS FARM ROAD,,Serious Crash,No,2018,0,South,0,0,1,Flat,0,,0,,0,Bright sun,774447,1,0,0,2,0,0,0,0,0,,0,0,Auckland Region,Nil,2-way,Sealed,0,0,1,0,50,0,Null,0,0,,76,Auckland,Unknown,0,0,0,1,0,0,Urban,0,0,0,Fine,Null
1755497,5920419,1115202,,514000,1,0,0,1,0,South,2017/2018,PONSONBY ROAD,COWAN ST,,Serious Crash,No,2018,0,North,0,0,0,Flat,0,,0,,0,Bright sun,415500,0,0,0,4,0,0,0,0,1,,0,0,Auckland Region,Nil,2-way,Sealed,0,0,1,0,50,0,Null,0,0,,76,Auckland,Unknown,0,0,0,0,0,0,Urban,0,0,0,Fine,Null
1748665,5935726,1115248,,506653,0,0,0,0,0,South,2017/2018,COATESVILLE-RIVERHEAD HIG,SCREEN ROAD,,Fatal Crash,No,2018,0,West,0,1,0,Hill Road,0,,0,,0,Overcast,217500,0,0,1,2,0,0,0,1,0,,0,0,Auckland Region,Nil,2-way,Sealed,0,0,0,0,80,0,Null,0,0,,76,Auckland,Nil,0,0,0,0,1,0,Open,0,0,0,Fine,Null
1763063,5920595,1115253,,516500,0,,0,1,,West,2017/2018,Z MISSION BAY RESERVE CPK,ATKIN AVENUE,,Serious Crash,No,2018,,North,,0,,Flat,,,,,,Bright sun,500600,0,0,0,1,,,0,,,1,,,Auckland Region,Nil,Off road,Sealed,,0,1,,50,,Null,0,0,,76,Auckland,Unknown,,,,,0,0,Urban,0,,,Fine,Null
1740138,5962062,1115273,,506613,0,0,0,0,1,East,2017/2018,AHUROA ROAD,AHUROA VALLEY ROAD,,Serious Crash,No,2018,0,West,0,0,0,Flat,0,,0,,0,Bright sun,146800,1,0,0,2,0,0,0,0,0,,0,0,Auckland Region,Nil,2-way,Unsealed,0,0,1,0,100,0,Null,0,0,,76,Auckland,Unknown,0,0,0,1,1,0,Open,0,0,0,Fine,Null
1755005,5967321,1115330,35,506631,0,0,0,0,0,South,2017/2018,MAHURANGI EAST ROAD,DAWSON ROAD,,Serious Crash,No,2017,0,South,0,0,1,Flat,0,,0,,0,Dark,141606,0,0,1,2,0,0,0,0,0,,0,0,Auckland Region,Nil,2-way,Sealed,0,0,1,0,50,0,On,0,0,,76,Auckland,Unknown,0,0,0,0,0,0,Urban,0,0,0,Light rain,Null
1750149,5956532,1115410,,506613,0,0,0,1,1,South,2016/2017,SH 1N,TOLL BOOTH EXT STH,,Serious Crash,Yes,2017,0,North,0,0,0,Flat,1,,0,,0,Dark,147000,0,0,0,1,0,0,0,0,0,,0,0,Auckland Region,Nil,1-way,Sealed,0,0,1,0,80,0,On,0,0,,76,Auckland,Unknown,0,1,0,0,0,0,Open,0,0,0,Fine,Null
1758755,5911729,1115494,,519810,0,0,0,0,0,South,2018/2019,ONEHUNGA ON SBD,NEILSON ST,,Serious Crash,Yes,2018,0,South,0,0,1,Flat,0,,0,,0,Twilight,602200,3,0,0,2,0,0,0,0,0,3,0,0,Auckland Region,Nil,2-way,Sealed,0,0,1,0,50,0,Off,1,0,,76,Auckland,Unknown,0,0,0,0,0,0,Urban,1,0,0,Light rain,Null
1757495,5920909,1115512,,514101,0,,1,0,,West,2018/2019,CUSTOMS ST WEST,QUEEN ST,,Serious Crash,No,2018,,East,,0,,Flat,,Christmas New Year,,,,Bright sun,432900,0,0,0,5,,,0,,,1,,,Auckland Region,Nil,2-way,Sealed,,0,1,,30,,Null,0,0,,76,Auckland,Unknown,,,,,0,0,Urban,0,,,Fine,Null
1753375,5932490,1115542,,508807,0,0,0,0,0,Null,2017/2018,ROSEDALE ROAD,TAWA ROAD,,Serious Crash,No,2018,0,West,0,0,0,Flat,0,,0,,0,Dark,180811,0,0,1,2,0,0,0,0,0,,0,0,Auckland Region,Nil,2-way,Sealed,0,0,2,0,50,0,Off,0,0,,76,Auckland,Give way,1,0,0,0,0,0,Urban,0,0,0,Fine,Null
1751771,5932370,1115560,,508807,0,,0,1,,Null,2017/2018,ROSEDALE ROAD,NORTHWOOD AVENUE,,Serious Crash,No,2018,,East,,0,,Hill Road,,,,,,Bright sun,180302,0,0,1,2,,,0,,,,,,Auckland Region,Nil,2-way,Sealed,,0,1,,50,,Null,0,0,,76,Auckland,Give way,,,,,0,0,Urban,0,,,Fine,Null
1755069,5913921,1115630,,518803,1,,0,1,,North,2017/2018,DOMINION ROAD,COLEMAN AVENUE,,Serious Crash,No,2017,,South,,0,,Flat,,,,,,Overcast,581200,0,0,0,4,,,0,,,,,,Auckland Region,Nil,2-way,Sealed,,0,1,,50,,Off,0,0,,76,Auckland,Nil,,,,,0,0,Urban,0,,,Light rain,Null
1761986,5882951,1115647,,521121,0,,0,1,,West,2016/2017,Z NEW ROAD,FLETCHER LANE,,Serious Crash,No,2017,,East,,0,,Flat,,,,,,Bright sun,811300,0,0,0,2,,,0,,,1,,,Auckland Region,Nil,2-way,Sealed,,0,1,,50,,Null,0,0,,76,Auckland,Unknown,,,,,1,0,Urban,0,,,Fine,Null
1751403,5916246,1115652,,514401,0,,0,1,,Null,2016/2017,GREAT NORTH ROAD,ROBERTON ROAD,,Serious Crash,No,2017,,South,,0,,Flat,,,,,,Bright sun,383100,0,0,1,4,,,0,,,,,,Auckland Region,Nil,2-way,Sealed,,0,1,,50,,Null,0,0,,76,Auckland,Give way,,,,,0,0,Urban,1,,,Fine,Null
1757039,5919965,1115661,,514102,0,,0,1,,North,2016/2017,MAYORAL DRIVE,GREYS AVENUE,,Serious Crash,No,2017,,South,,0,,Flat,,,,,,Dark,435000,0,0,0,4,,,0,,,1,,,Auckland Region,Nil,2-way,Sealed,,0,1,,50,,On,0,0,,76,Auckland,Unknown,,,,,0,0,Urban,0,,,Light rain,Null
1748665,5944833,1115771,,506201,0,,0,2,,South,2017/2018,SH 1N,SILVERDALE OFF NBD,,Serious Crash,Yes,2018,,North,,0,,Flat,,,,,,Overcast,176801,1,0,0,2,,,0,,,,,,Auckland Region,Nil,1-way,Sealed,,0,1,,100,,Null,0,0,,76,Auckland,Unknown,,,,,0,0,Open,0,,,Fine,Null
1766030.134,5901557.426,1115867,,524604,0,,0,3,,East,2017/2018,BROWNS ROAD,FEASEGATE ST,,Serious Crash,No,2018,,West,,0,,Flat,,,,,,Bright sun,781302,0,0,0,2,,,0,,,,,,Auckland Region,Nil,2-way,Sealed,,0,1,,50,,Null,0,0,,76,Auckland,Traffic Signals,,,,,0,0,Urban,0,,,Fine,Null
1777204,5905791,1116000,,525201,0,0,0,1,0,South,2017/2018,BROOKBY ROAD,WHITFORD PARK ROAD,,Serious Crash,No,2017,0,South,0,0,0,Flat,0,,0,,0,Overcast,762000,1,0,0,2,0,0,0,0,0,,0,0,Auckland Region,Nil,2-way,Sealed,0,0,1,0,100,0,Null,0,0,,76,Auckland,Unknown,0,0,0,1,0,0,Open,0,0,0,Heavy rain,Strong wind
1761803,5915419,1116028,,520201,0,0,0,0,0,North,2017/2018,AMY ST,ELWOOD PLACE,,Serious Crash,No,2017,0,North,0,0,1,Hill Road,0,,1,,0,Bright sun,610000,0,0,0,0,0,0,0,0,0,,0,0,Auckland Region,Nil,Off road,Sealed,0,0,1,0,10,0,Null,0,0,,76,Auckland,Unknown,0,0,0,0,1,0,Urban,0,0,0,Fine,Null
1752605,5954356,1116074,,505803,0,0,0,1,0,East,2017/2018,WAIWERA ROAD,WERANUI ROAD,,Serious Crash,No,2018,0,South,0,0,0,Flat,0,,0,,1,Bright sun,170603,1,0,0,2,0,0,0,0,0,,0,1,Auckland Region,Nil,2-way,Sealed,0,0,1,0,50,0,Null,0,0,,76,Auckland,Unknown,0,0,0,0,0,0,Urban,0,0,0,Fine,Null
1768291,5898042,1116081,,525102,0,0,0,1,0,South,2017/2018,CARNOUSTIE DRIVE,MUIRFIELD ST,,Serious Crash,No,2017,0,South,0,0,0,Flat,0,,0,,0,Bright sun,769045,0,0,0,2,0,0,0,0,0,,0,1,Auckland Region,Nil,2-way,Sealed,0,0,1,0,50,0,Null,0,0,,76,Auckland,Unknown,0,0,0,1,0,0,Urban,0,0,0,Fine,Null
1756677,5920456,1116112,,514102,0,,0,2,,West,2017/2018,WELLESLEY ST WEST,SALE ST,,Serious Crash,No,2018,,West,,0,,Hill Road,,,,,,Bright sun,433700,0,0,0,4,,,0,,,1,,,Auckland Region,Nil,2-way,Sealed,,0,1,,50,,Null,0,0,,76,Auckland,Nil,,,,,0,0,Urban,0,,,Fine,Null
1746533,5912794,1116150,,511002,0,,0,1,,West,2018/2019,GLENGARRY ROAD,NANDANA DRIVE,,Serious Crash,No,2018,,East,,0,,Hill Road,,,,,,Bright sun,284500,0,0,0,2,,,0,,,1,,,Auckland Region,Nil,2-way,Sealed,,0,1,,50,,Null,0,0,,76,Auckland,Unknown,,,,,0,0,Urban,0,,,Fine,Null
1768082,5900493,1116178,,525101,0,,0,1,,Null,2017/2018,WEYMOUTH ROAD,COXHEAD ROAD,,Serious Crash,No,2018,,West,,0,,Flat,,,,,,Dark,771200,1,0,0,2,,,0,,,,,,Auckland Region,Nil,2-way,Sealed,,0,1,,50,,On,0,0,,76,Auckland,Give way,,,,,0,0,Urban,1,,,Fine,Null
1735459,5909835,1116197,45,513800,0,0,0,0,0,West,2017/2018,PIHA ROAD,ANAWHATA ROAD,,Serious Crash,No,2017,0,West,0,0,0,Hill Road,0,,0,,0,Bright sun,281902,0,0,1,2,0,0,0,0,0,,0,0,Auckland Region,Nil,2-way,Sealed,0,0,1,0,100,0,Null,0,0,,76,Auckland,Unknown,0,1,0,0,0,0,Open,0,0,0,Fine,Null
1765984,5916298,1116216,,517100,0,0,0,0,0,East,2017/2018,ANDERSON AVENUE,WADDELL AVENUE,,Serious Crash,No,2017,0,West,0,0,0,Flat,0,,0,,0,Dark,478200,0,0,1,2,0,0,0,0,0,,0,1,Auckland Region,Nil,2-way,Sealed,0,0,1,0,50,0,Off,0,0,,76,Auckland,Unknown,1,0,0,0,0,0,Urban,0,0,0,Fine,Null
1767425,5887283,1116272,,521122,0,,0,0,,North,2016/2017,SH 22,WESLEY COLLEGE NORTH,,Serious Crash,Yes,2017,,North,,0,,Flat,,,,,,Bright sun,812900,0,0,0,2,,,0,,,,,,Auckland Region,Nil,2-way,Sealed,,0,1,,100,,Null,0,0,,76,Auckland,Nil,,,,,1,0,Open,1,,,Fine,Null
1750824,5973624,1116347,,506661,0,0,0,1,0,South,2017/2018,MATAKANA ROAD,ANDERSON ROAD,,Serious Crash,No,2018,0,North,0,0,0,Flat,0,,0,,0,Bright sun,139105,2,0,0,2,0,0,0,0,0,,0,1,Auckland Region,Nil,2-way,Sealed,0,0,1,0,80,0,Null,0,0,,76,Auckland,Unknown,0,0,0,0,0,0,Open,0,0,0,Fine,Null