X,Y,OBJECTID,advisorySpeed,areaUnitID,bicycle,bridge,bus,carStationWagon,cliffBank,crashDirectionDescription,crashFinancialYear,crashLocation1,crashLocation2,crashRoadSideRoad,crashSeverity,crashSHDescription,crashYear,debris,directionRoleDescription,ditch,fatalCount,fence,flatHill,guardRail,holiday,houseOrBuilding,intersection,kerb,light,meshblockId,minorInjuryCount,moped,motorcycle,NumberOfLanes,objectThrownOrDropped,otherObject,otherVehicleType,overBank,parkedVehicle,pedestrian,phoneBoxEtc,postOrPole,region,roadCharacter,roadLane,roadSurface,roadworks,schoolBus,seriousInjuryCount,slipOrFlood,speedLimit,strayAnimal,streetLight,suv,taxi,temporarySpeedLimit,tlaId,tlaName,trafficControl,trafficIsland,trafficSign,train,tree,truck,unknownVehicleType,urban,vanOrUtility,vehicle,waterRiver,weatherA,weatherB
1773060,5900113,1116392,,523911,0,,0,3,,South,2017/2018,MILL ROAD,POPES ROAD,,Serious Crash,No,2018,,South,,0,,Flat,,,,,,Dark,767204,1,0,0,2,,,0,,,,,,Auckland Region,Nil,2-way,Sealed,,0,2,,80,,None,0,0,,76,Auckland,Unknown,,,,,0,0,Open,0,,,Light rain,Null
1756602,5920486,1116425,45,514102,1,,0,0,,West,2018/2019,WELLESLEY ST WEST,SALE ST,,Serious Crash,No,2018,,West,,0,,Hill Road,,,,,,Bright sun,433700,1,0,0,3,,,0,,,1,,,Auckland Region,Nil,2-way,Sealed,,0,1,,50,,Null,0,0,,76,Auckland,Unknown,,,,,0,0,Urban,0,,,Fine,Null
1767299,5904135,1116430,,524602,0,,0,1,,Null,2017/2018,MANUKAU STATION ROAD,BARROWCLIFFE PLACE,,Serious Crash,No,2018,,West,,0,,Flat,,,,,,Bright sun,780416,1,0,1,2,,,0,,,,,,Auckland Region,Nil,2-way,Sealed,,0,1,,60,,Null,0,0,,76,Auckland,Traffic Signals,,,,,0,0,Urban,0,,,Fine,Null
1769317,5915881,1116451,,522711,0,0,0,1,0,Null,2017/2018,PIGEON MOUNTAIN ROAD,BRITANNIA PLACE,,Serious Crash,No,2018,0,East,0,0,1,Flat,0,,0,,0,Dark,679307,0,0,0,1,0,0,0,0,0,,0,0,Auckland Region,Nil,2-way,Sealed,0,0,1,0,50,0,On,0,0,,76,Auckland,Give way,0,0,0,0,0,0,Urban,0,0,0,Fine,Null
1756997,5977492,1116520,,506661,0,,0,0,,Null,2017/2018,OMAHA FLATS ROAD,POINT WELLS ROAD,,Serious Crash,No,2017,,North,,0,,Flat,,,,,,Dark,138604,0,0,0,2,,,1,,,,,,Auckland Region,Nil,2-way,Sealed,,0,1,,80,,On,0,0,,76,Auckland,Stop,,,,,0,0,Open,0,,,Fine,Null
1746381,5879104,1116521,,521151,0,,0,0,,West,2016/2017,KELLAND ROAD,KOHEKOHE-KARIOITAHI ROAD,,Serious Crash,No,2017,,East,,0,,Flat,,,,,,Bright sun,830900,0,0,1,2,,,0,,,,,,Auckland Region,Nil,2-way,Unsealed,,0,1,,50,,Null,0,0,,76,Auckland,Unknown,,,,,0,0,Urban,0,,,Fine,Null
1755280,5935949,1116532,,507101,0,0,0,1,0,East,2016/2017,CARLISLE ROAD,FINCHLEY ROAD,,Serious Crash,No,2017,0,East,0,0,1,Flat,0,,0,,0,Dark,159202,0,0,0,2,0,0,0,0,0,,0,0,Auckland Region,Nil,2-way,Sealed,0,0,2,0,50,0,On,0,0,,76,Auckland,Unknown,0,0,0,1,0,0,Urban,0,0,0,Fine,Null
1772229,5911694,1116697,35,523114,0,0,0,1,0,North,2017/2018,WHITFORD ROAD,MAUNGAMAUNGAROA BR,,Fatal Crash,No,2018,0,East,0,1,0,Hill Road,1,,0,,0,Overcast,718004,0,0,0,2,0,0,0,0,0,,0,0,Auckland Region,Nil,2-way,Sealed,0,0,3,0,80,0,Null,0,0,,76,Auckland,Unknown,0,0,0,0,0,0,Open,1,0,0,Heavy rain,Strong wind
1770589,5906066,1116841,,523712,0,0,0,0,0,East,2017/2018,HUGHS WAY,CASTLEBANE DRIVE,,Serious Crash,No,2017,0,East,0,0,0,Flat,0,,0,,0,Dark,713300,0,0,1,2,0,0,0,0,1,,0,0,Auckland Region,Nil,2-way,Sealed,0,0,1,0,50,0,On,1,0,,76,Auckland,Give way,0,0,0,0,0,0,Urban,0,0,0,Fine,Null
1743256,5921302,1116857,,513631,0,,0,1,,East,2017/2018,DON BUCK ROAD,MALMO PLACE,,Serious Crash,No,2017,,East,,0,,Hill Road,,,,,,Bright sun,227203,0,0,1,2,,,0,,,,,,Auckland Region,Nil,2-way,Sealed,,0,1,,50,,Null,0,0,,76,Auckland,Nil,,,,,0,0,Urban,0,,,Fine,Null
1753603,5928021,1116901,,508210,0,,0,1,,South,2016/2017,GLENFIELD ROAD,BENTLEY AVENUE,,Serious Crash,No,2016,,North,,0,,Flat,,,,,,Dark,186500,0,0,0,4,,,0,,,1,,,Auckland Region,Nil,2-way,Sealed,,0,1,,50,,On,0,0,,76,Auckland,Unknown,,,,,0,0,Urban,0,,,Fine,Null
1743586,5919115,1116919,35,513213,0,0,0,1,0,East,2017/2018,METCALFE ROAD,RISERRA DRIVE,,Serious Crash,No,2017,0,West,0,0,0,Hill Road,0,,0,,0,Dark,235803,1,0,0,2,0,0,0,0,0,,0,0,Auckland Region,Nil,2-way,Sealed,0,0,1,0,50,0,On,0,0,,76,Auckland,Unknown,0,0,0,1,0,0,Urban,0,0,0,Light rain,Null
1756975,5920301,1117101,,514102,0,,1,0,,South,2017/2018,HOBSON ST,WELLESLEY ST WEST,,Serious Crash,No,2017,,South,,0,,Flat,,,,,,Bright sun,434200,0,0,0,5,,,0,,,1,,,Auckland Region,Nil,1-way,Sealed,,0,1,,50,,Null,0,0,,76,Auckland,Unknown,,,,,0,0,Urban,0,,,Fine,Null
1779699,5883402,1117155,,521132,0,,0,2,,Null,2017/2018,PAPARATA ROAD,PINNACLE HILL ROAD,,Serious Crash,No,2017,,West,,0,,Hill Road,,,,,,Bright sun,815501,0,0,0,2,,,0,,,,,,Auckland Region,Nil,2-way,Sealed,,0,1,,100,,Null,0,0,,76,Auckland,Give way,,,,,0,0,Open,0,,,Fine,Null
1763126,5908398,1117167,,524402,0,0,0,1,1,Null,2017/2018,SAVILL DRIVE,ALDERMAN PLACE,,Serious Crash,No,2017,0,South,0,0,0,Flat,0,,0,,0,Dark,749900,0,0,0,2,0,0,0,0,0,,0,0,Auckland Region,Nil,2-way,Sealed,0,0,1,0,50,0,On,0,0,,76,Auckland,Nil,0,0,0,1,0,0,Urban,0,0,0,Fine,Null
1778674,5903608,1117234,,525201,0,,0,1,,West,2017/2018,WEST ROAD,TYLDENS ROAD,,Serious Crash,No,2018,,South,,0,,Hill Road,,,,,,Bright sun,763202,1,0,1,2,,,0,,,,,,Auckland Region,Nil,2-way,Sealed,,0,1,,100,,Null,0,0,,76,Auckland,Unknown,,,,,0,0,Open,0,,,Fine,Null
1769697,5908893,1117249,,523113,0,,0,2,,South,2017/2018,TE IRIRANGI DRIVE,WANDO LANE,,Fatal Crash,No,2018,,South,,1,,Flat,,,,,,Dark,711902,0,0,0,4,,,0,,,,,,Auckland Region,Nil,2-way,Sealed,,0,1,,80,,On,0,0,,76,Auckland,Unknown,,,,,0,0,Open,0,,,Light rain,Null
1760237,5915855,1117340,,516003,0,0,0,1,0,East,2016/2017,SH 1N,GREENLANE INT S,,Serious Crash,Yes,2017,0,West,0,0,0,Flat,1,,0,,0,Twilight,494902,1,0,0,3,0,0,0,0,0,,0,0,Auckland Region,Nil,1-way,Sealed,0,0,1,0,100,0,On,0,0,,76,Auckland,Unknown,0,0,0,0,0,0,Open,0,0,0,Fine,Null
1771600,5903184,1117341,,523818,0,0,0,1,1,North,2017/2018,MILL ROAD,POLO PRINCE DRIVE,,Serious Crash,No,2017,0,North,1,0,0,Hill Road,0,,0,,0,Bright sun,760904,0,0,0,2,0,0,0,0,0,,0,0,Auckland Region,Nil,2-way,Sealed,0,0,1,0,80,0,Null,0,0,,76,Auckland,Unknown,0,0,0,0,0,0,Open,0,0,0,Fine,Null
1766881,5903851,1117443,,524604,0,0,0,2,0,Null,2017/2018,LAMBIE DRIVE,LAMBIE OFF WBD,,Serious Crash,No,2017,0,South,0,0,0,Flat,0,,0,,0,Dark,780210,0,0,0,5,0,0,0,0,0,,0,1,Auckland Region,Motorway ramp,2-way,Sealed,0,0,2,0,50,0,On,0,0,,76,Auckland,Traffic Signals,0,0,0,0,0,0,Urban,0,0,0,Light rain,Null
1737829,5929297,1117510,,505602,0,,0,0,,Null,2018/2019,SH 16,ORAHA ROAD,,Serious Crash,Yes,2018,,East,,0,,Flat,,,,,,Dark,216002,0,0,1,2,,,0,,,,,,Auckland Region,Nil,2-way,Sealed,,0,1,,60,,On,1,0,,76,Auckland,Give way,,,,,0,0,Urban,0,,,Light rain,Null
1753222,5918394,1117513,,515002,0,,0,1,,Null,2017/2018,GREAT NORTH ROAD,MOTIONS ROAD,,Serious Crash,No,2018,,East,,0,,Flat,,,,,,Bright sun,390501,0,0,1,4,,,0,,,,,,Auckland Region,Nil,2-way,Sealed,,0,1,,50,,Null,0,0,,76,Auckland,Traffic Signals,,,,,0,0,Urban,0,,,Fine,Null
1769725,5913868,1117631,,522722,0,0,0,2,0,North,2016/2017,AVIEMORE DRIVE,ABERFELDY AVENUE,,Serious Crash,No,2017,0,South,0,0,0,Flat,0,,0,,0,Dark,681320,0,0,0,2,0,0,0,0,1,,0,0,Auckland Region,Nil,2-way,Sealed,0,0,1,0,60,0,On,0,0,,76,Auckland,Unknown,0,0,0,0,0,0,Urban,0,0,0,Fine,Null
1757230,5920973,1117792,,514102,0,,0,1,,North,2018/2019,LOWER HOBSON ST,FANSHAWE ST,,Serious Crash,No,2018,,North,,0,,Flat,,,,,,Dark,433101,0,0,0,2,,,0,,,1,,,Auckland Region,Nil,1-way,Sealed,,0,1,,50,,On,0,0,,76,Auckland,Unknown,,,,,0,0,Urban,0,,,Fine,Null
1767469.696,5907661.575,1117865,,523502,0,,0,0,,East,2018/2019,EAST TAMAKI RD (EASTBOUND/OTARA) (SW),FERGUSON ROAD,,Serious Crash,No,2019,,East,,0,,Flat,,,,,,Dark,701900,0,0,0,4,,,0,,,1,,,Auckland Region,Nil,2-way,Sealed,,0,1,,60,,On,0,0,,76,Auckland,Unknown,,,,,0,0,Urban,0,,,Fine,Null
1771345,5900037,1117928,,523911,0,,0,1,,Null,2017/2018,POPES ROAD,PORCHESTER ROAD,,Serious Crash,No,2018,,South,,0,,Flat,,,,,,Dark,767202,0,0,0,2,,,0,,,,,,Auckland Region,Nil,2-way,Sealed,,0,1,,80,,On,0,0,,76,Auckland,Stop,,,,,0,0,Open,1,,,Light rain,Null
1766615,5900830,1118045,,524713,0,,0,1,,East,2018/2019,WORDSWORTH ROAD,ARNWOOD ST,,Serious Crash,No,2018,,East,,0,,Flat,,,,,,Bright sun,775815,0,0,0,2,,,0,,,1,,,Auckland Region,Nil,2-way,Sealed,,0,1,,50,,Null,0,0,,76,Auckland,Unknown,,,,,0,0,Urban,0,,,Fine,Null
1747180,5920104,1118120,,512300,0,0,0,1,0,North,2017/2018,TE ATATU ROAD,OLD TE ATATU ROAD,,Serious Crash,No,2018,0,South,0,0,0,Flat,0,,0,,0,Dark,252000,0,0,0,4,0,0,0,0,0,,0,0,Auckland Region,Nil,2-way,Sealed,0,0,1,0,50,0,On,0,0,,76,Auckland,Unknown,0,0,0,1,0,0,Urban,1,0,0,Light rain,Null
1750569,5914580,1118159,,514402,0,,0,1,,East,2018/2019,GREAT NORTH ROAD,WHAU BR,,Serious Crash,No,2018,,West,,0,,Hill Road,,,,,,Bright sun,381301,0,0,0,4,,,0,,,1,,,Auckland Region,Nil,2-way,Sealed,,0,1,,50,,Null,0,0,,76,Auckland,Unknown,,,,,0,0,Urban,0,,,Fine,Null
1758168,5918658,1118202,,517400,1,,0,0,,East,2018/2019,CARLTON GORE ROAD,GEORGE ST,,Serious Crash,No,2018,,East,,0,,Hill Road,,,,,,Bright sun,450400,0,0,0,4,,,0,,,,,,Auckland Region,Nil,2-way,Sealed,,0,1,,50,,Null,0,0,,76,Auckland,Unknown,,,,,0,0,Urban,1,,,Fine,Null
1758144.579,5915714.075,1118522,,515801,0,,0,1,,South,2018/2019,MANUKAU RD (CWC),KING EDWARD AVENUE,,Serious Crash,No,2019,,North,,0,,Flat,,,,,,Dark,447200,0,1,0,4,,,0,,,,,,Auckland Region,Nil,2-way,Sealed,,0,1,,50,,On,0,0,,76,Auckland,Unknown,,,,,0,0,Urban,0,,,Fine,Null
1755893.686,5918477.041,1118524,,517500,0,0,0,1,0,East,2018/2019,NORTH-WESTERN MOTORWAY,BOND OBR,,Serious Crash,Yes,2018,0,West,0,0,0,Flat,1,,0,,0,Overcast,529200,0,0,0,4,0,0,0,0,0,,0,0,Auckland Region,Nil,1-way,Sealed,0,0,1,0,80,0,Off,0,0,,76,Auckland,Unknown,0,0,0,0,0,0,Open,0,0,0,Fine,Null
1752051,5938779,1118590,,506300,0,,0,2,,South,2018/2019,EAST COAST ROAD,OLD WRIGHT ROAD,,Serious Crash,No,2019,,South,,0,,Flat,,,,,,Bright sun,176105,0,0,0,2,,,0,,,,,,Auckland Region,Nil,2-way,Sealed,,0,2,,80,,Null,0,0,,76,Auckland,Unknown,,,,,0,0,Open,0,,,Fine,Null
1770298,5911328,1118722,,523105,0,,0,1,,West,2018/2019,TI RAKAU DRIVE,BOTANY ROAD,,Fatal Crash,No,2019,,South,,1,,Flat,,,,,,Overcast,711185,1,0,0,5,,,0,,,,,,Auckland Region,Nil,2-way,Sealed,,0,1,,60,,Null,3,0,,76,Auckland,Traffic Signals,,,,,0,0,Urban,0,,,Fine,Null
1753832,5926763,1118739,,508220,0,,0,1,,Null,2018/2019,GLENFIELD ROAD,DOMAIN ROAD,,Serious Crash,No,2018,,South,,0,,Flat,,,,,,Bright sun,187803,0,0,0,2,,,0,,,,,,Auckland Region,Nil,2-way,Sealed,,0,1,,50,,Null,0,0,,76,Auckland,Give way,,,,,0,0,Urban,1,,,Fine,Null
1755702.292,5919086.213,1118964,,515420,0,0,0,2,0,Null,2018/2019,CRUMMER ROAD,SUSSEX STREET,,Serious Crash,No,2019,0,South,0,0,0,Flat,0,,0,,0,Overcast,410800,0,0,1,1,0,0,0,0,1,,0,0,Auckland Region,Nil,2-way,Sealed,0,0,1,0,50,0,On,0,0,,76,Auckland,Stop,0,0,0,0,0,0,Urban,0,0,0,Fine,Strong wind
1767103.95,5903927.919,1119014,,524602,0,0,0,2,0,Null,2018/2019,020-0000-D,WIRI STATION OBR,,Serious Crash,Yes,2019,0,South,0,0,0,Flat,1,,0,,0,Dark,780416,1,0,0,3,0,0,0,0,0,,0,0,Auckland Region,Nil,1-way,Sealed,0,0,1,0,100,0,On,0,0,,76,Auckland,Unknown,0,0,0,0,0,0,Open,0,1,0,Fine,Null
1759668.383,5924948.581,1119423,,508110,0,,0,1,,North,2018/2019,LAKE RD (DEVONPORT),BAYSWATER AVENUE,,Serious Crash,No,2019,,North,,0,,Hill Road,,,,,,Dark,318500,0,0,0,3,,,0,,,1,,,Auckland Region,Nil,2-way,Sealed,,0,1,,50,,On,0,0,,76,Auckland,Unknown,,,,,0,0,Urban,0,,,Fine,Null
1770013,5898683,1119537,,523920,0,0,0,0,0,North,2017/2018,SH 1N,WALTER STREVENS OBR,,Serious Crash,Yes,2018,0,South,0,0,0,Flat,1,,0,,0,Overcast,768007,0,0,1,2,0,0,0,0,0,,0,0,Auckland Region,Nil,1-way,Sealed,0,0,1,0,100,0,On,0,0,80,76,Auckland,Unknown,0,0,0,0,0,0,Open,0,0,0,Fine,Null
1777040,5910033,1119549,,523202,0,0,0,1,0,Null,2018/2019,WHITFORD-MARAETAI ROAD,TRIG ROAD,,Serious Crash,No,2018,0,East,0,0,0,Flat,0,,0,,0,Dark,718201,0,0,0,2,0,0,0,0,0,,0,1,Auckland Region,Nil,2-way,Sealed,0,0,1,0,80,0,None,0,0,,76,Auckland,Stop,0,0,0,0,0,0,Open,0,0,0,Light rain,Null
1746041,5879861,1119562,,521151,1,,0,0,,North,2018/2019,KOHEKOHE-KARIOITAHI ROAD,KELLAND ROAD,,Serious Crash,No,2018,,South,,0,,Hill Road,,Christmas New Year,,,,Bright sun,830900,0,0,0,2,,,0,,,,,,Auckland Region,Nil,2-way,Sealed,,0,1,,100,,Null,0,0,,76,Auckland,Unknown,,,,,0,0,Open,0,,,Fine,Null
1771433.806,5901385.924,1119587,,523813,0,1,0,1,0,West,2018/2019,ALFRISTON RD (MANUREWA) (SW),Wastney Road,,Serious Crash,No,2019,0,East,0,0,0,Flat,0,,0,,0,Dark,759800,0,0,0,2,0,0,0,0,0,,0,1,Auckland Region,Bridge,2-way,Sealed,0,0,1,0,80,0,Off,0,0,,76,Auckland,Unknown,0,0,0,0,0,0,Open,0,0,0,Fine,Null
1764025,5905057,1119750,,522100,0,0,0,2,0,Null,2018/2019,PAH ROAD,HILLSIDE ROAD,,Serious Crash,No,2018,0,West,0,0,1,Flat,0,,0,,0,Bright sun,658600,2,0,0,2,0,0,0,0,1,,0,0,Auckland Region,Nil,2-way,Sealed,0,0,3,0,50,0,Null,0,0,,76,Auckland,Nil,0,0,0,0,0,0,Urban,0,0,0,Fine,Null
1755373.207,5921986.346,1119853,,515202,0,0,0,0,0,North,2018/2019,SH 1,CURRAN STREET ON RAMP,,Serious Crash,Yes,2019,0,Null,0,0,0,Flat,1,,0,,0,Dark,423600,0,0,0,3,0,0,0,0,0,,0,0,Auckland Region,Bridge,1-way,Sealed,0,0,2,0,80,0,On,0,0,,76,Auckland,Unknown,0,0,0,0,0,1,Open,1,0,0,Fine,Null
1775286,5909734,1120042,65,523202,0,0,0,1,0,West,2017/2018,WHITFORD-MARAETAI ROAD,TRIG ROAD,,Serious Crash,No,2018,0,East,0,0,0,Hill Road,0,,0,,0,Overcast,716401,0,0,0,2,0,0,0,0,0,,0,0,Auckland Region,Nil,2-way,Sealed,0,0,1,0,70,0,Null,0,0,,76,Auckland,Unknown,0,0,0,1,0,0,Urban,0,0,0,Light rain,Null
1758097.542,5887087.996,1120115,45,521122,0,0,0,1,0,East,2018/2019,WAIAU PA RD,WHITECLIFFS DRIVE,,Serious Crash,No,2019,0,West,0,0,0,Hill Road,0,,0,,0,Dark,810700,0,0,1,2,0,0,0,0,0,,0,1,Auckland Region,Nil,2-way,Sealed,0,0,1,0,100,0,None,0,0,,76,Auckland,Unknown,0,0,0,0,0,0,Open,0,0,0,Fine,Null
1767475.849,5902141.793,1120174,,524602,0,,0,0,,West,2018/2019,BROWNS RD,STURDEE ROAD,,Serious Crash,No,2019,,West,,0,,Flat,,,,,,Overcast,780800,0,0,0,2,,,0,,,1,,,Auckland Region,Nil,2-way,Sealed,,0,1,,50,,Off,2,0,40,76,Auckland,Unknown,,,,,0,0,Urban,1,,,Light rain,Null
1764219.168,5912945.957,1120205,,520500,0,,0,0,,West,2018/2019,SOUTH-EASTERN HIGHWAY,CARBINE ROAD,,Serious Crash,No,2019,,East,,0,,Flat,,,,,,Dark,639100,0,0,1,2,,,0,,,,,,Auckland Region,Motorway ramp,1-way,Sealed,,0,1,,80,,Off,0,0,,76,Auckland,Unknown,,,,,0,0,Open,0,,,Fine,Null
1762854.922,5918048.762,1120281,,516301,1,,0,0,,Null,2018/2019,HARAPAKI ROAD,TEMPLE STREET,,Serious Crash,No,2019,,West,,0,,Flat,,,,,,Bright sun,460601,0,0,0,2,,,0,,,,,,Auckland Region,Nil,2-way,Sealed,,0,1,,50,,Off,0,0,,76,Auckland,Give way,,,,,0,0,Urban,1,,,Fine,Null
1754619.345,5914794.228,1120307,,518802,1,,0,1,,Null,2018/2019,MOUNT ALBERT ROAD,KIWITEA STREET,,Serious Crash,No,2019,,South,,0,,Flat,,,,,,Dark,577600,0,0,0,2,,,0,,,,,,Auckland Region,Nil,2-way,Sealed,,0,1,,50,,On,0,0,,76,Auckland,Nil,,,,,0,0,Urban,0,,,Fine,Null
1763813,5913698,1120399,,520303,0,,0,1,,Null,2018/2019,PENROSE ROAD,MOUNT WELLINGTON HIGHWAY,,Serious Crash,No,2018,,West,,0,,Flat,,,,,,Bright sun,627300,0,0,0,4,,,0,,,1,,,Auckland Region,Nil,2-way,Sealed,,0,1,,50,,Null,0,0,,76,Auckland,Traffic Signals,,,,,0,0,Urban,0,,,Fine,Null
1752561.657,5918032.787,1120411,,515003,0,,0,0,,East,2016/2017,016-0000/00.76-I,Carrington OBR,,Serious Crash,Yes,2016,,West,,0,,Flat,,,,,,Overcast,390702,1,0,0,2,,,0,,,,,,Auckland Region,Motorway ramp,1-way,Sealed,,0,1,,100,,Off,4,0,80,76,Auckland,Unknown,,,,,0,0,Open,0,,,Fine,Null
1755226.788,5875907.563,1120482,,526105,0,,0,0,,South,2018/2019,COLUMBO ROAD,WAIUKU ROAD,,Serious Crash,No,2019,,South,,0,,Flat,,,,,,Overcast,835603,0,0,0,2,,,0,,,1,,,Auckland Region,Nil,2-way,Sealed,,0,1,,70,,Off,1,0,,76,Auckland,Unknown,,,,,0,0,Urban,0,,,Fine,Null
1753921.412,5933534.422,1120508,,508804,0,,0,1,,South,2018/2019,HUGH GREEN DR,GREVILLE ROAD,,Serious Crash,No,2019,,North,,0,,Hill Road,,,,,,Overcast,180701,0,0,1,2,,,0,,,,,,Auckland Region,Nil,2-way,Sealed,,0,1,,50,,Off,0,0,,76,Auckland,Nil,,,,,0,0,Urban,0,,,Fine,Null
1758132.642,5927046.644,1120549,,508010,0,0,0,0,0,Null,2018/2019,LAKE ROAD,NORTHCROFT STREET,,Serious Crash,No,2019,0,South,0,0,0,Flat,1,,0,,0,Dark,326400,2,0,0,2,0,0,0,0,0,,0,0,Auckland Region,Nil,2-way,Sealed,0,0,2,0,50,0,On,0,0,,76,Auckland,Traffic Signals,0,0,0,0,0,0,Urban,1,0,0,Fine,Null
1760818.088,5912367.482,1120698,,520000,0,,0,0,,East,2018/2019,CHURCH ST (ONEHUNGA),HENDERSON PLACE,,Serious Crash,No,2019,,East,,0,,Flat,,,,,,Twilight,607601,0,0,0,2,,,0,,,1,,,Auckland Region,Nil,2-way,Sealed,,0,1,,50,,On,0,0,,76,Auckland,Stop,,,,,0,0,Urban,1,,,Fine,Null
1756756.923,5925980.986,1120729,,509702,1,,0,1,,West,2018/2019,"AKORANGA DRIVE	",THE WAREHOUSE WAY,,Serious Crash,No,2019,,North,,0,,Flat,,,,,,Bright sun,364602,0,0,0,4,,,0,,,1,,,Auckland Region,Nil,2-way,Sealed,,0,1,,50,,Off,0,0,,76,Auckland,Nil,,,,,0,0,Urban,0,,,Fine,Null
1757636.376,5915253.935,1120774,,515802,0,,0,1,,Null,2018/2019,THE DRIVE,ONSLOW AVENUE,,Serious Crash,No,2019,,South,,0,,Flat,,,,,,Bright sun,448100,0,0,0,2,,,0,,,,,,Auckland Region,Nil,2-way,Sealed,,0,1,,50,,Off,0,0,,76,Auckland,Stop,,,,,1,0,Urban,0,,,Fine,Null
1758012,5914617,1120779,,518600,0,,0,1,,North,2018/2019,MANUKAU ROAD,PUKENUI ROAD,,Serious Crash,No,2018,,South,,0,,Flat,,,,,,Twilight,566400,0,0,1,2,,,0,,,,,,Auckland Region,Nil,2-way,Sealed,,0,1,,50,,On,0,0,,76,Auckland,Unknown,,,,,0,0,Urban,0,,,Light rain,Null
1767397.379,5903276.717,1121041,,524602,0,0,0,0,0,South,2018/2019,TREVOR HOSKEN DR,ZIRCON PL,,Serious Crash,No,2019,0,North,0,0,0,Flat,0,Easter,0,,1,Bright sun,780414,0,0,1,2,0,0,0,0,0,,0,0,Auckland Region,Nil,2-way,Sealed,0,0,1,0,50,0,Off,0,0,,76,Auckland,Unknown,0,0,0,1,0,0,Urban,0,0,0,Fine,Null
1769247,5903398,1121087,,523820,0,,0,1,,Null,2018/2019,SOPHORA PLACE,EUGENIA RISE,,Serious Crash,No,2018,,South,,0,,Hill Road,,,,,,Bright sun,760128,0,0,0,2,,,0,,,,,,Auckland Region,Nil,2-way,Sealed,,0,1,,50,,Null,1,0,,76,Auckland,Give way,,,,,0,0,Urban,0,,,Fine,Null
1775671,5893622,1121089,,521301,0,,0,0,,East,2018/2019,PONGA ROAD,JACK PATERSON ROAD,,Serious Crash,No,2018,,East,,0,,Flat,,,,,,Overcast,808101,0,0,2,2,,,0,,,,,,Auckland Region,Nil,2-way,Sealed,,0,3,,80,,Null,0,0,,76,Auckland,Unknown,,,,,0,0,Open,0,,,Fine,Null
1739308,5977670,1121211,,506660,0,0,0,1,0,South,2018/2019,SH 1N,HOTEO RIV BR,,Serious Crash,Yes,2019,0,North,0,0,0,Flat,0,,0,,0,Bright sun,136700,2,0,0,2,0,0,1,1,0,,0,1,Auckland Region,Nil,2-way,Sealed,0,0,1,0,80,0,Null,0,0,,76,Auckland,Unknown,0,0,0,0,0,0,Open,0,0,0,Fine,Null
1766037,5906461,1121261,,522302,0,,0,1,,North,2018/2019,TUI ROAD,EDNEY LANE,,Serious Crash,No,2018,,North,,0,,Flat,,,,,,Dark,668700,0,0,0,2,,,0,,,1,,,Auckland Region,Nil,2-way,Sealed,,0,1,,50,,On,0,0,30,76,Auckland,Unknown,,,,,0,0,Urban,0,,,Fine,Null
1741560.82,5928404.415,1121309,,505604,0,,0,2,,Null,2018/2019,COATESVILLE-RIVERHEAD HIGHWAY,MOONTIDE ROAD,,Serious Crash,No,2018,,South,,0,,Hill Road,,,,,,Bright sun,214502,1,0,0,2,,,0,,,,,,Auckland Region,Nil,2-way,Sealed,,0,1,,80,,Null,0,0,,76,Auckland,Give way,,,,,0,0,Open,0,,,Fine,Null
1755740.988,5914540.33,1121369,,518500,0,,0,2,,West,2018/2019,FEARON AVENUE,PARAU STREET,,Serious Crash,No,2019,,North,,0,,Hill Road,,,,,,Overcast,560700,0,0,0,2,,,0,,,,,,Auckland Region,Nil,2-way,Sealed,,0,2,,50,,Off,0,0,,76,Auckland,Give way,,,,,0,0,Urban,0,,,Fine,Null
1766959,5913113,1121593,,522910,0,,0,1,,East,2018/2019,REEVES ROAD,WILLIAM ROBERTS ROAD,,Serious Crash,No,2018,,East,,0,,Hill Road,,,,,,Twilight,685100,0,0,0,2,,,0,,,1,,,Auckland Region,Nil,2-way,Sealed,,0,1,,50,,On,0,0,,76,Auckland,Unknown,,,,,0,0,Urban,0,,,Fine,Null
1757987,5928735,1121632,,507800,0,0,0,1,0,East,2018/2019,KITCHENER ROAD,SALTBURN ROAD,,Serious Crash,No,2018,0,North,0,0,1,Flat,0,,0,,0,Bright sun,309800,1,0,0,2,0,0,0,0,0,,0,0,Auckland Region,Nil,2-way,Sealed,0,0,1,0,50,0,Null,0,0,30,76,Auckland,Nil,0,0,0,0,0,0,Urban,1,0,0,Fine,Null
1751643,5927260,1121734,,510210,0,,0,1,,South,2017/2018,BIRKDALE ROAD,BEACH HAVEN ROAD,,Serious Crash,No,2018,,South,,0,,Flat,,,,,,Overcast,346900,0,0,0,2,,,0,,,1,,,Auckland Region,Nil,2-way,Sealed,,0,1,,50,,Off,0,0,30,76,Auckland,Give way,,,,,0,0,Urban,0,,,Fine,Null