X,Y,OBJECTID,advisorySpeed,areaUnitID,bicycle,bridge,bus,carStationWagon,cliffBank,crashDirectionDescription,crashFinancialYear,crashLocation1,crashLocation2,crashRoadSideRoad,crashSeverity,crashSHDescription,crashYear,debris,directionRoleDescription,ditch,fatalCount,fence,flatHill,guardRail,holiday,houseOrBuilding,intersection,kerb,light,meshblockId,minorInjuryCount,moped,motorcycle,NumberOfLanes,objectThrownOrDropped,otherObject,otherVehicleType,overBank,parkedVehicle,pedestrian,phoneBoxEtc,postOrPole,region,roadCharacter,roadLane,roadSurface,roadworks,schoolBus,seriousInjuryCount,slipOrFlood,speedLimit,strayAnimal,streetLight,suv,taxi,temporarySpeedLimit,tlaId,tlaName,trafficControl,trafficIsland,trafficSign,train,tree,truck,unknownVehicleType,urban,vanOrUtility,vehicle,waterRiver,weatherA,weatherB
1763838.045,5912574.802,1121842,,520500,0,0,0,2,0,West,2018/2019,SH 1N,MT WGTN OBR,,Serious Crash,Yes,2018,0,South,0,0,0,Flat,2,Christmas New Year,0,,0,Dark,637400,2,0,0,2,0,0,0,0,0,,0,0,Auckland Region,Bridge,1-way,Sealed,0,0,1,0,100,0,On,0,0,,76,Auckland,Unknown,0,0,0,0,0,0,Open,0,0,0,Light rain,Null
1768088,5885349,1121870,,521111,0,,0,1,,North,2017/2018,SH 22,CROWN ROAD,,Serious Crash,Yes,2018,,North,,0,,Flat,,,,,,Overcast,813601,0,0,0,2,,,0,,,,,,Auckland Region,Nil,2-way,Sealed,,0,1,,70,,Null,0,0,,76,Auckland,Nil,,,,,0,0,Urban,1,,,Fine,Null
1766501.471,5900943.49,1121883,,524711,0,0,0,1,0,North,2017/2018,ARNWOOD ST,WORDSWORTH ROAD,,Serious Crash,No,2017,0,South,0,0,1,Flat,0,,0,,0,Dark,774702,1,0,0,0,0,0,0,0,0,,0,0,Auckland Region,Nil,2-way,Sealed,0,0,1,0,50,0,On,0,0,,76,Auckland,Nil,0,0,0,1,0,0,Urban,0,0,0,Fine,Null
1772223,5903808,1122113,,523818,0,0,0,1,0,East,2018/2019,REDOUBT ROAD,TIFFANY CLOSE,,Serious Crash,No,2018,0,East,0,0,1,Flat,0,,0,,0,Dark,760600,0,0,0,2,0,0,0,0,0,,0,0,Auckland Region,Nil,2-way,Sealed,0,0,1,0,60,0,None,0,0,,76,Auckland,Unknown,0,0,0,0,0,0,Urban,0,0,0,Fine,Null
1768875,5908659,1122130,,523113,0,0,0,1,0,East,2017/2018,EAST TAMAKI ROAD,SPRINGS ROAD,,Serious Crash,No,2018,0,East,0,0,0,Flat,0,,0,,0,Bright sun,711801,1,0,3,2,0,0,0,0,1,,0,0,Auckland Region,Nil,2-way,Sealed,0,0,2,0,30,0,Null,0,0,,76,Auckland,Unknown,0,0,0,0,0,0,Urban,0,0,0,Fine,Null
1763074,5907946,1122149,,524301,0,,0,0,,Null,2018/2019,MASSEY ROAD,VINE ST,,Serious Crash,No,2018,,South,,0,,Flat,,,,,,Overcast,747500,0,0,0,2,,,0,,,1,,,Auckland Region,Nil,2-way,Sealed,,0,1,,50,,Null,1,0,,76,Auckland,Give way,,,,,0,0,Urban,0,,,Light rain,Null
1766668,5920107,1122202,,516700,1,,0,1,,Null,2017/2018,RIDDELL ROAD,WAIMARIE ST,,Serious Crash,No,2018,,North,,0,,Flat,,,,,,Bright sun,511800,0,0,0,2,,,0,,,,,,Auckland Region,Nil,2-way,Sealed,,0,1,,50,,Null,0,0,,76,Auckland,Give way,,,,,0,0,Urban,0,,,Fine,Null
1765630,5906662,1122292,,522202,0,0,0,1,0,West,2018/2019,SUTTON CRESCENT,HUGO LANE,,Serious Crash,No,2018,0,West,0,0,0,Flat,0,,0,,0,Bright sun,663600,0,0,0,2,1,0,0,0,0,,0,0,Auckland Region,Nil,2-way,Sealed,0,0,1,0,50,0,Null,0,0,,76,Auckland,Unknown,0,0,0,0,0,0,Urban,1,0,0,Fine,Null
1823722,5981798,1122365,,521000,0,0,0,1,1,West,2018/2019,MEDLAND ROAD,MITCHENER ROAD,,Serious Crash,No,2018,0,South,0,0,0,Hill Road,0,,0,,0,Dark,439100,0,0,0,2,0,0,0,0,0,,0,0,Auckland Region,Nil,2-way,Sealed,0,0,1,0,100,0,None,0,0,,76,Auckland,Unknown,0,0,0,0,0,0,Open,0,0,0,Fine,Strong wind
1767571.08,5902273.816,1122443,,524602,0,0,0,1,0,Null,2018/2019,Z OFFROAD DRIVEWAY BROWNS ROAD,,,Serious Crash,No,2019,0,North,0,0,1,Flat,0,,0,,0,Dark,780600,0,0,0,0,0,0,0,0,1,,0,0,Auckland Region,Nil,Off road,Sealed,0,0,1,0,50,0,On,1,0,,76,Auckland,Nil,0,0,0,0,0,0,Urban,1,0,0,Light rain,Null
1757903.253,5912097.745,1122467,,519810,0,,0,1,,East,2018/2019,SOUTH-WESTERN MOTORWAY,Beachcroft Footbridge,,Serious Crash,Yes,2019,,North,,0,,Flat,,,,,,Bright sun,602501,0,0,1,4,,,0,,,,,,Auckland Region,Nil,1-way,Sealed,,0,1,,100,,Off,0,0,,76,Auckland,Nil,,,,,0,0,Open,0,,,Fine,Null
1748292.134,5940223.924,1122504,,506300,0,0,0,1,0,West,2019/2020,BAWDEN RD (RURAL),OREGON PARK,,Serious Crash,No,2019,0,East,1,0,0,Flat,0,,0,,0,Overcast,175910,0,0,0,2,0,0,0,0,0,,0,0,Auckland Region,Nil,2-way,Sealed,0,0,1,0,80,0,Off,0,0,,76,Auckland,Unknown,0,0,0,0,0,0,Open,0,0,0,Fine,Null
1747960.372,5927268.94,1122525,,513410,0,,0,2,,South,2019/2020,018-0007-I,SQUADRON DRIVE OFF RAMP,,Serious Crash,Yes,2019,,West,,0,,Flat,,,,,,Bright sun,221902,0,0,0,2,,,0,,,,,,Auckland Region,Nil,1-way,Sealed,,0,1,,100,,Off,0,0,,76,Auckland,Unknown,,,,,0,0,Open,0,,,Fine,Null
1751376.464,5877327.759,1122663,65,521151,0,0,0,0,1,North,2018/2019,AWHITU RD,MARAE O REHIA ROAD,,Serious Crash,No,2019,0,North,0,0,0,Hill Road,0,,0,,0,Dark,831200,0,0,0,2,0,0,0,0,0,,0,0,Auckland Region,Nil,2-way,Sealed,0,0,1,0,100,0,Off,0,0,,76,Auckland,Unknown,0,0,0,0,0,0,Open,1,0,0,Fine,Null
1770816.846,5900619.321,1122695,,523817,0,,0,1,,Null,2018/2019,HYPERION DRIVE,FOXLAW STREET,,Serious Crash,No,2018,,East,,0,,Flat,,,,,,Overcast,759731,0,0,0,2,,,0,,,1,,,Auckland Region,Nil,2-way,Sealed,,0,1,,50,,Off,0,0,,76,Auckland,Give way,,,,,0,0,Urban,0,,,Fine,Null
1754728.362,5927584.007,1122720,,508620,0,0,0,1,0,North,2018/2019,ARCHERS RD,CHARTWELL AVENUE,,Serious Crash,No,2019,0,North,0,0,0,Flat,0,,0,,0,Dark,202801,0,1,0,2,0,0,0,0,1,,0,0,Auckland Region,Nil,2-way,Sealed,0,0,1,0,50,0,On,0,0,,76,Auckland,Unknown,0,0,0,0,0,0,Urban,0,0,0,Fine,Null
1753007.716,5970572.782,1122771,,506661,0,,0,2,,West,2019/2020,SANDSPIT ROAD,MAHURANGI EAST ROAD,,Serious Crash,No,2020,,East,,0,,Hill Road,,,,,,Bright sun,139302,1,0,0,2,,,0,,,,,,Auckland Region,Nil,2-way,Sealed,,0,1,,80,,None,0,0,,76,Auckland,Nil,,,,,0,0,Open,0,,,Fine,Null
1757800.767,5920500.735,1122783,,514103,0,,0,1,,Null,2019/2020,PRINCES STREET,KITCHENER STREET,,Serious Crash,No,2019,,North,,0,,Flat,,,,,,Dark,437800,0,0,0,2,,,0,,,1,,,Auckland Region,Nil,2-way,Sealed,,0,2,,50,,On,0,0,,76,Auckland,Traffic Signals,,,,,0,0,Urban,0,,,Light rain,Null
1730773.43,5909334.41,1122869,,513800,0,0,0,1,1,Null,2019/2020,MARINE PARADE NORTH,SEAVIEW ROAD,,Serious Crash,No,2019,0,South,0,0,0,Flat,0,,0,,0,Dark,282008,1,0,0,2,0,0,0,0,0,,1,0,Auckland Region,Nil,2-way,Sealed,0,0,1,0,50,0,None,0,0,30,76,Auckland,Nil,0,0,0,0,0,0,Urban,0,0,0,Fine,Null
1760319.21,5907066.905,1122941,,524112,1,,0,0,,West,2018/2019,BADER DRIVE,MASCOT AVENUE,,Serious Crash,No,2019,,East,,0,,Flat,,,,,,Twilight,737500,0,0,0,2,,,0,,,1,,,Auckland Region,Nil,1-way,Sealed,,0,1,,50,,On,0,0,30,76,Auckland,Unknown,,,,,0,0,Urban,1,,,Fine,Frost
1761168.388,5911452.471,1122942,,520000,0,0,0,0,0,South,2018/2019,MIAMI PDE,PUKEMIRO STREET,,Serious Crash,No,2019,0,East,0,0,1,Flat,0,Easter,0,,1,Dark,608100,1,0,1,2,0,0,0,0,0,,0,0,Auckland Region,Nil,2-way,Sealed,0,0,1,0,50,0,Off,0,0,,76,Auckland,Nil,0,0,0,0,0,0,Urban,0,0,0,Fine,Null
1757220.63,5920483.117,1123124,,514102,0,0,1,0,0,Null,2019/2020,VICTORIA STREET WEST,ALBERT STREET,,Serious Crash,No,2020,0,West,0,0,1,Hill Road,0,,0,,0,Bright sun,433802,1,0,0,4,0,0,0,0,0,2,0,0,Auckland Region,Nil,2-way,Sealed,0,0,1,0,50,0,Off,0,0,,76,Auckland,Traffic Signals,0,0,0,0,0,0,Urban,0,0,0,Fine,Null
1748853.537,5936109.967,1123268,,506300,0,,0,2,,North,2018/2019,DAIRY FLAT HIGHWAY,COATESVILLE-RIVERHEAD HIGHWAY,,Serious Crash,No,2019,,North,,0,,Flat,,,,,,Dark,176003,1,0,0,2,,,0,,,,,,Auckland Region,Nil,2-way,Sealed,,0,1,,60,,On,0,0,,76,Auckland,Unknown,,,,,0,0,Urban,0,,,Fine,Null
1773396.743,5905997.346,1123319,,523818,0,,0,2,,South,2019/2020,REDOUBT RD (MANUKAU HEIGHTS) (SE),SPRINGHILL ROAD,,Serious Crash,No,2019,,North,,0,,Hill Road,,,,,,Overcast,717202,2,0,0,2,,,0,,,,,,Auckland Region,Nil,2-way,Sealed,,0,1,,50,,Off,0,0,,76,Auckland,Unknown,,,,,0,0,Urban,0,,,Light rain,Null
1767206.019,5905316.425,1123448,,524603,0,,0,1,,North,2019/2020,GREAT SOUTH RD (MANUKAU),RYAN PLACE,,Serious Crash,No,2019,,South,,0,,Flat,,,,,,Bright sun,780303,0,0,1,4,,,0,,,,,,Auckland Region,Nil,2-way,Sealed,,0,1,,50,,Off,0,0,,76,Auckland,Unknown,,,,,0,0,Urban,1,,,Fine,Null
1755974.819,5918212.61,1123469,,517500,0,,0,0,,West,2018/2019,NEW NORTH RD,GEORGE STREET,,Serious Crash,No,2019,,West,,0,,Flat,,,,,,Overcast,529500,0,1,0,2,,,0,,,,,,Auckland Region,Nil,2-way,Sealed,,0,1,,50,,Off,0,0,,76,Auckland,Unknown,,,,,0,0,Urban,0,,,Fine,Null
1753640.635,5916504.248,1123514,,517800,1,,0,1,,Null,2018/2019,ALBERTON AVENUE,ALEXIS AVENUE,,Serious Crash,No,2019,,North,,0,,Hill Road,,,,,,Dark,528400,0,0,0,2,,,0,,,,,,Auckland Region,Nil,2-way,Sealed,,0,1,,50,,On,0,0,,76,Auckland,Nil,,,,,0,0,Urban,0,,,Fine,Null
1754530.566,5945025.2,1123672,,505909,0,,0,1,,South,2018/2019,WHANGAPARAOA RD,ELLENBURY PLACE,,Serious Crash,No,2019,,East,,0,,Hill Road,,,,,,Bright sun,173809,0,0,0,3,,,0,,,,,,Auckland Region,Nil,2-way,Sealed,,0,1,,50,,Off,0,0,,76,Auckland,Unknown,,,,,1,0,Urban,0,,,Fine,Null
1768893.245,5901342.926,1123764,,524901,0,0,0,1,0,Null,2018/2019,HILL ROAD,SCENIC DRIVE,,Serious Crash,No,2019,0,North,0,0,1,Flat,0,Easter,0,,0,Dark,756600,0,0,0,2,0,0,0,0,0,,0,0,Auckland Region,Nil,2-way,Sealed,0,0,1,0,50,0,On,0,0,,76,Auckland,Give way,0,0,0,0,0,0,Urban,0,0,0,Fine,Null
1772241.168,5896197.759,1123791,,525410,0,,0,1,,Null,2019/2020,ELLIOT STREET,RAY SMALL DRIVE,,Serious Crash,No,2020,,West,,0,,Hill Road,,,,,,Dark,791801,0,0,0,2,,,0,,,,,,Auckland Region,Nil,2-way,Sealed,,0,1,,50,,On,0,0,,76,Auckland,Stop,,,,,0,0,Urban,1,,,Fine,Null
1738662.592,5931352.702,1123793,55,506653,0,0,0,1,1,North,2019/2020,OLD NORTH ROAD,PINETONE ROAD,,Serious Crash,No,2020,0,South,1,0,0,Hill Road,0,,0,,0,Bright sun,217000,0,0,0,2,0,0,0,0,0,,0,0,Auckland Region,Nil,2-way,Sealed,0,0,1,0,100,0,None,0,0,,76,Auckland,Unknown,0,0,0,0,0,0,Open,0,0,0,Fine,Null
1765094.727,5916769.461,1123839,,520301,0,0,0,1,0,East,2018/2019,MERTON RD (ST JOHNS),MORRIN ROAD,,Serious Crash,No,2019,0,West,0,0,0,Hill Road,0,,0,,0,Bright sun,465302,0,1,0,2,0,0,0,0,1,,0,0,Auckland Region,Nil,2-way,Sealed,0,0,1,0,50,0,Off,0,0,,76,Auckland,Unknown,0,0,0,0,0,0,Urban,0,0,0,Fine,Null
1744761.579,5915390.066,1123941,,513013,0,,0,1,,South,2018/2019,HINDMARSH ST,HINERAU STREET,,Serious Crash,No,2019,,South,,0,,Flat,,,,,,Bright sun,281516,0,0,0,2,,,0,,,1,,,Auckland Region,Nil,2-way,Sealed,,0,1,,50,,Off,0,0,,76,Auckland,Unknown,,,,,0,0,Urban,0,,,Fine,Null
1767052.815,5900068.083,1124100,,524720,0,0,0,2,0,Null,2018/2019,WEYMOUTH ROAD,ROWANDALE AVENUE,,Serious Crash,No,2019,0,South,0,0,0,Flat,0,,0,,0,Dark,776101,1,0,0,2,0,0,0,0,1,,0,0,Auckland Region,Nil,2-way,Sealed,0,0,1,0,50,0,On,0,0,,76,Auckland,Give way,0,0,0,0,0,0,Urban,0,0,0,Fine,Null
1747470.68,5926160.6,1124134,,513431,0,0,0,0,0,Null,2019/2020,CLARK ROAD,SCOTT ROAD,,Serious Crash,No,2020,0,East,0,0,0,Flat,0,,0,,1,Dark,222600,0,0,1,2,0,0,0,0,0,,0,0,Auckland Region,Nil,2-way,Sealed,0,0,1,0,50,0,On,0,0,,76,Auckland,Nil,0,0,0,0,0,0,Urban,0,0,0,Fine,Null
1746033.423,5912596.687,1124174,,511002,0,,0,0,,East,2018/2019,GLENGARRY ROAD,ROSIER ROAD,,Serious Crash,No,2019,,East,,0,,Flat,,,,,,Bright sun,284701,0,0,0,2,,,0,,,1,,,Auckland Region,Nil,2-way,Sealed,,0,1,,50,,Off,0,0,,76,Auckland,Nil,,,,,0,0,Urban,1,,,Fine,Null
1768130.56,5908890.651,1124229,,523502,0,0,0,1,0,West,2019/2020,PEARL BAKER DRIVE,OROUA PLACE,,Serious Crash,No,2020,0,West,0,0,0,Flat,0,,1,,1,Dark,702000,2,0,0,2,0,0,0,0,0,,0,0,Auckland Region,Nil,2-way,Sealed,0,0,1,0,50,0,On,0,0,,76,Auckland,Unknown,0,0,0,0,0,0,Urban,1,0,0,Fine,Null
1755896.325,5916854.527,1124300,,518201,0,,0,2,,Null,2018/2019,MILTON ROAD,DOMINION ROAD,,Serious Crash,No,2019,,West,,0,,Flat,,,,,,Dark,549200,0,0,0,2,,,0,,,,,,Auckland Region,Nil,2-way,Sealed,,0,3,,50,,On,2,0,,76,Auckland,Stop,,,,,0,0,Urban,0,,,Fine,Null
1765340.449,5909213.993,1124384,,523402,0,0,0,0,0,North,2018/2019,01N-0431-D,HIGHBROOK DRIVE ON RAMP,,Fatal Crash,Yes,2019,0,North,0,1,0,Flat,1,,0,,0,Bright sun,696900,1,0,0,3,0,0,0,0,0,,0,0,Auckland Region,Bridge,1-way,Sealed,0,0,0,0,100,0,Off,1,0,,76,Auckland,Unknown,0,0,0,0,0,0,Open,1,0,0,Fine,Null
1757848.538,5920040.984,1124627,,514103,0,,0,0,,South,2019/2020,GRAFTON RD (NORTH),SYMONDS STREET,,Serious Crash,No,2019,,South,,0,,Hill Road,,,,,,Overcast,437500,0,0,0,2,,,0,,,1,,,Auckland Region,Nil,2-way,Sealed,,0,1,,50,,Off,0,0,,76,Auckland,Unknown,,,,,1,0,Urban,0,,,Mist or Fog,Null
1750888.207,5913784.006,1124691,,514600,0,,0,1,,South,2018/2019,WOLVERTON STREET,TAYLOR STREET,,Serious Crash,No,2019,,West,,0,,Hill Road,,,,,,Dark,371800,6,0,0,4,,,0,,,,,,Auckland Region,Nil,2-way,Sealed,,0,1,,50,,On,0,0,,76,Auckland,Nil,,,,,0,0,Urban,2,,,Fine,Null
1771059.084,5899187.199,1124770,,523911,0,,0,3,,Null,2018/2019,MANUROA RD, TAKANINI SCHOOL ROAD,,Serious Crash,No,2019,,West,,0,,Flat,,Easter,,,,Overcast,766800,1,0,0,2,,,0,,,,,,Auckland Region,Nil,2-way,Sealed,,0,2,,50,,Off,0,0,,76,Auckland,Give way,,,,,0,0,Urban,0,,,Fine,Null
1744788.016,5923047.623,1124841,,513530,1,,0,0,,Null,2017/2018,MOIRE RD,RUZE VIDA DRIVE,,Serious Crash,No,2018,,North,,0,,Hill Road,,,,,,Twilight,224403,0,0,0,2,,,0,,,,,,Auckland Region,Nil,2-way,Sealed,,0,1,,50,,Off,0,0,,76,Auckland,Give way,,,,,0,0,Urban,0,,,Fine,Null
1767796.429,5903876.916,1124850,,524602,0,0,0,1,0,Null,2019/2020,GREAT SOUTH ROAD OFF RAMP,GREAT SOUTH ROAD,,Serious Crash,No,2019,0,West,0,0,0,Flat,1,,0,,0,Overcast,780506,1,0,0,2,0,0,0,0,0,,0,1,Auckland Region,Motorway ramp,1-way,Sealed,0,0,1,0,60,0,Off,0,0,,76,Auckland,Traffic Signals,0,0,0,0,0,0,Urban,1,0,0,Fine,Null
1765224.825,5914843.212,1125180,,520301,0,,0,1,,Null,2019/2020,PILKINGTON ROAD,PLEASANT VIEW ROAD,,Serious Crash,No,2019,,North,,0,,Hill Road,,,,,,Overcast,628002,0,1,0,2,,,0,,,,,,Auckland Region,Nil,2-way,Sealed,,0,1,,50,,Null,0,0,,76,Auckland,Stop,,,,,0,0,Urban,0,,,Mist or Fog,Null
1768490.93,5911072.673,1125185,,523112,0,,0,1,,West,2019/2020,CRYERS RD,TRANSPORT PLACE,,Serious Crash,No,2019,,East,,0,,Flat,,,,,,Overcast,711500,0,0,1,2,,,0,,,,,,Auckland Region,Nil,2-way,Sealed,,0,1,,50,,None,0,0,,76,Auckland,Unknown,,,,,0,0,Urban,0,,,Light rain,Null
1757758.957,5920983.021,1125294,,514101,0,,0,1,,Null,2018/2019,QUAY STREET,GORE STREET,,Serious Crash,No,2019,,East,,0,,Flat,,,,,,Overcast,438103,0,0,0,2,,,0,,,1,,,Auckland Region,Nil,2-way,Sealed,,0,1,,50,,Off,0,0,30,76,Auckland,Traffic Signals,,,,,0,0,Urban,0,,,Fine,Null
1752207.769,5912707.356,1125461,,514700,0,,0,1,,North,2019/2020,WHITNEY ST,Exminster Street,,Serious Crash,No,2019,,South,,0,,Hill Road,,,,,,Dark,370700,0,0,1,2,,,0,,,,,,Auckland Region,Nil,2-way,Sealed,,0,1,,50,,On,0,0,,76,Auckland,Nil,,,,,0,0,Urban,0,,,Fine,Null
1763954.739,5907706.509,1125467,,521902,0,,0,0,,Null,2018/2019,OFF ROAD - MIDDLEMORE HOSPITAL CARPARK,,,Serious Crash,No,2019,,North,,0,,Flat,,,,,,Overcast,786500,0,0,0,1,,,0,,,1,,,Auckland Region,Nil,2-way,Sealed,,0,1,,20,,Null,1,0,,76,Auckland,Unknown,,,,,0,0,Urban,0,,,Fine,Null
1764845.079,5913385.165,1125594,,520500,0,0,0,1,0,Null,2019/2020,"OFFROAD CARPARK 24C ALLRIGHT PLACE, MOUNT WELLINGTON",,,Serious Crash,No,2020,0,East,0,0,0,Flat,0,,1,,0,Overcast,638906,0,0,0,,0,0,0,0,0,,0,0,Auckland Region,Nil,Off road,Sealed,0,0,1,0,10,0,Off,0,0,,76,Auckland,Unknown,0,0,0,0,0,0,Urban,0,0,0,Fine,Null
1745030.109,5920928.882,1125635,,513632,0,0,0,2,0,South,2018/2019,TRIANGLE RD (WAITAKERE),WAIMUMU RD,,Serious Crash,No,2019,0,South,0,0,1,Hill Road,0,,0,,0,Twilight,228702,1,0,0,2,0,0,0,0,0,,0,0,Auckland Region,Nil,2-way,Sealed,0,0,1,0,50,0,On,0,0,,76,Auckland,Unknown,0,0,0,0,0,0,Urban,0,0,0,Fine,Null
1767979.922,5907078.946,1125648,,523711,0,0,0,0,0,North,2019/2020,PRESTON RD,FERGUSON ROAD,,Serious Crash,No,2019,0,North,0,0,0,Flat,0,,0,,0,Overcast,714100,0,0,0,2,0,0,0,0,0,,0,1,Auckland Region,Nil,2-way,Sealed,0,0,1,0,50,0,Off,0,0,,76,Auckland,Unknown,0,0,0,0,1,0,Urban,0,0,0,Fine,Null
1748787.633,5970141.216,1125788,,505500,0,,0,1,,East,2018/2019,WHITAKER ROAD,SH 1,,Serious Crash,No,2019,,South,,0,,Flat,,,,,,Bright sun,141102,0,0,3,4,,,0,,,,,,Auckland Region,Nil,2-way,Sealed,,0,2,,60,,Off,0,0,,76,Auckland,Nil,,,,,0,0,Urban,0,,,Fine,Null
1767716.502,5881670.55,1125792,,525910,0,,0,1,,Null,2019/2020,OFF ROAD DRIVEWAY,,,Serious Crash,No,2019,,West,,0,,Flat,,,,,,Dark,819600,0,0,0,0,,,0,,,1,,,Auckland Region,Nil,Off road,Sealed,,0,1,,50,,None,0,0,,76,Auckland,Nil,,,,,0,0,Urban,0,,,Fine,Null
1757618.471,5917998.929,1125823,,518101,0,,0,1,,North,2018/2019,MOUNTAIN RD (EPSOM),ROCKWOOD PLACE,,Serious Crash,No,2019,,North,,0,,Flat,,,,,,Bright sun,543000,0,0,1,2,,,0,,,,,,Auckland Region,Nil,2-way,Sealed,,0,1,,50,,Off,0,0,,76,Auckland,Unknown,,,,,0,0,Urban,0,,,Fine,Null
1754334.886,5927968.041,1125953,,508310,0,,0,2,,Null,2019/2020,CHARTWELL AVENUE,BENTLEY AVENUE,,Serious Crash,No,2019,,North,,0,,Hill Road,,,,,,Dark,200200,1,0,0,2,,,0,,,,,,Auckland Region,Nil,2-way,Sealed,,0,1,,50,,On,0,0,,76,Auckland,Give way,,,,,0,0,Urban,0,,,Light rain,Strong wind
1753982.459,5931359.292,1125996,,508807,0,,0,3,,West,2018/2019,UPPER HARBOUR HIGHWAY,UPPER HARBOUR HIGHWAY ON RAMP,,Serious Crash,Yes,2019,,East,,0,,Flat,,,,,,Dark,180810,1,0,0,6,,,0,,,,,,Auckland Region,Nil,2-way,Sealed,,0,1,,50,,On,0,0,,76,Auckland,Unknown,,,,,0,0,Urban,0,,,Fine,Null
1729738.237,5971978.734,1126026,,506613,0,,0,2,,South,2018/2019,016-0082,LITTIN ROAD,,Serious Crash,Yes,2019,,North,,0,,Hill Road,,,,,,Bright sun,145200,0,0,0,2,,,0,,,,,,Auckland Region,Nil,2-way,Sealed,,0,1,,100,,None,0,0,,76,Auckland,Unknown,,,,,0,0,Open,0,,,Mist or Fog,Null
1765005.441,5904802.165,1126171,,522100,0,,0,2,,Null,2019/2020,KENDERDINE ROAD,BRIDGE STREET,,Serious Crash,No,2020,,South,,0,,Hill Road,,,,,,Dark,659701,0,0,0,2,,,0,,,,,,Auckland Region,Nil,2-way,Sealed,,0,1,,50,,On,0,0,,76,Auckland,Stop,,,,,0,0,Urban,0,,,Light rain,Null
1738326.075,5979392.554,1126211,,506660,0,,0,2,,South,2019/2020,01N-0346,ROBERTSON ROAD,,Serious Crash,Yes,2019,,North,,0,,Hill Road,,,,,,Dark,136400,2,0,0,2,,,0,,,,,,Auckland Region,Nil,2-way,Sealed,,0,2,,100,,Off,0,0,,76,Auckland,Unknown,,,,,0,0,Open,0,,,Fine,Null
1767043.421,5907529.448,1126269,,523602,0,,0,2,,East,2019/2020,COBHAM CRES (OTARA),NOLA CRESCENT,,Serious Crash,No,2019,,West,,0,,Flat,,,,,,Overcast,709300,3,0,0,2,,,0,,,,,,Auckland Region,Nil,2-way,Sealed,,0,1,,50,,Off,0,0,,76,Auckland,Unknown,,,,,0,0,Urban,0,,,Fine,Null
1750932.447,5913794.755,1126330,,514600,0,0,0,1,0,Null,2019/2020,TAYLOR STREET,WOLVERTON STREET,,Serious Crash,No,2019,0,West,0,0,1,Flat,0,,1,,0,Dark,372101,0,0,0,4,0,0,0,0,0,,0,0,Auckland Region,Nil,2-way,Sealed,0,0,1,0,50,0,On,0,0,,76,Auckland,Traffic Signals,0,0,0,0,0,0,Urban,0,0,0,Light rain,Null
1771154.368,5895175.002,1126535,,521201,0,,0,1,,Null,2019/2020,HARBOURSIDE DRIVE,HINGAIA ROAD,,Serious Crash,No,2019,,South,,0,,Flat,,,,,,Bright sun,806604,0,0,1,1,,,0,,,,,,Auckland Region,Nil,1-way,Sealed,,0,1,,50,,Off,0,0,,76,Auckland,Traffic Signals,,,,,0,0,Urban,0,,,Fine,Null
1748726.692,5945345.815,1126623,,505806,0,0,0,0,0,South,2019/2020,SILVERDALE ON RAMP,HIBISCUS COAST HIGHWAY,,Serious Crash,No,2019,0,South,0,0,0,Hill Road,1,,0,,0,Bright sun,176802,0,0,1,2,0,0,0,0,0,,0,0,Auckland Region,Motorway ramp,1-way,Sealed,0,0,1,0,80,0,Off,0,0,,76,Auckland,Unknown,0,0,0,0,0,0,Open,0,0,0,Fine,Null
1754720.631,5944712.481,1126663,,505909,0,0,0,1,0,South,2018/2019,NORFOLK RD,CEDAR TERRACE,,Serious Crash,No,2019,0,West,0,0,0,Hill Road,0,,0,,0,Dark,173811,1,0,0,2,0,0,0,0,1,,0,0,Auckland Region,Nil,2-way,Sealed,0,0,1,0,50,0,On,0,0,,76,Auckland,Unknown,0,0,0,1,0,0,Urban,1,0,0,Light rain,Null
1751923.37,5917652.859,1126752,,514900,0,,0,0,,Null,2019/2020,GREAT NORTH ROAD,COWLEY STREET,,Serious Crash,No,2019,,North,,0,,Flat,,,,,,Overcast,385802,0,0,1,4,,,0,,,,,,Auckland Region,Nil,2-way,Sealed,,0,1,,50,,Off,0,0,,76,Auckland,Nil,,,,,0,0,Urban,1,,,Light rain,Null
1779344.513,5905217.246,1126775,,525201,0,,0,0,,Null,2019/2020,OFF ROAD - LANDFILL SITE,,,Serious Crash,No,2019,,South,,0,,Hill Road,,,,,,Bright sun,762200,0,0,0,0,,,0,,,,,,Auckland Region,Nil,Off road,Unsealed,,0,1,,10,,None,0,0,,76,Auckland,Unknown,,,,,1,0,Urban,0,,,Fine,Strong wind
1772099.944,5913816.769,1126945,,523102,0,0,0,1,0,North,2019/2020,COOK ST (HOWICK),CULVER TERRACE,,Serious Crash,No,2019,0,North,0,0,0,Hill Road,0,,0,,1,Dark,711025,0,0,0,2,0,0,0,0,1,,0,0,Auckland Region,Nil,2-way,Sealed,0,0,1,0,50,0,On,0,0,,76,Auckland,Unknown,0,0,0,0,0,0,Urban,1,0,0,Fine,Null