X,Y,OBJECTID,advisorySpeed,areaUnitID,bicycle,bridge,bus,carStationWagon,cliffBank,crashDirectionDescription,crashFinancialYear,crashLocation1,crashLocation2,crashRoadSideRoad,crashSeverity,crashSHDescription,crashYear,debris,directionRoleDescription,ditch,fatalCount,fence,flatHill,guardRail,holiday,houseOrBuilding,intersection,kerb,light,meshblockId,minorInjuryCount,moped,motorcycle,NumberOfLanes,objectThrownOrDropped,otherObject,otherVehicleType,overBank,parkedVehicle,pedestrian,phoneBoxEtc,postOrPole,region,roadCharacter,roadLane,roadSurface,roadworks,schoolBus,seriousInjuryCount,slipOrFlood,speedLimit,strayAnimal,streetLight,suv,taxi,temporarySpeedLimit,tlaId,tlaName,trafficControl,trafficIsland,trafficSign,train,tree,truck,unknownVehicleType,urban,vanOrUtility,vehicle,waterRiver,weatherA,weatherB
1746344.512,5912766.375,1126949,,511002,0,,0,1,,Null,2018/2019,GLENGARRY ROAD,WOODGLEN ROAD,,Serious Crash,No,2019,,North,,0,,Hill Road,,,,,,Bright sun,284000,0,0,1,2,,,0,,,,,,Auckland Region,Nil,2-way,Sealed,,0,1,,50,,Off,0,0,,76,Auckland,Give way,,,,,0,0,Urban,0,,,Fine,Null
1745425.063,5920357.84,1127065,,513301,0,,0,1,,East,2020/2021,CENTRAL PARK DRIVE,LINCOLN ROAD,,Serious Crash,No,2020,,West,,0,,Flat,,,,,,Bright sun,230301,0,0,1,3,,,0,,,,,,Auckland Region,Nil,2-way,Sealed,,0,1,,50,,Off,0,0,,76,Auckland,Nil,,,,,0,0,Urban,0,,,Fine,Null
1749701.738,5913827.942,1127096,,511303,0,0,0,6,0,South,2020/2021,CLARK STREET,GREAT NORTH ROAD,,Serious Crash,No,2020,0,North,0,0,0,Hill Road,0,,0,,0,Bright sun,264901,1,0,0,2,0,0,0,0,1,,0,0,Auckland Region,Nil,1-way,Sealed,0,0,1,0,50,0,Off,0,0,,76,Auckland,Nil,0,0,0,0,0,0,Urban,1,0,0,Fine,Null
1758184.179,5920557.789,1127105,,514101,1,,0,0,,Null,2019/2020,OFF ROAD - LAWN OUTSIDE QUAY PARK CENTRE,,,Fatal Crash,No,2020,,South,,1,,Flat,,,,,,Dark,438215,0,0,0,,,,0,,,,,,Auckland Region,Nil,Off road,Unsealed,,0,0,,,,None,0,0,,76,Auckland,Nil,,,,,0,0,Urban,0,,,Fine,Null
1770943.384,5915548.627,1127112,,521601,0,,0,0,,West,2019/2020,HUTCHINSONS ROAD,GILLS ROAD,,Serious Crash,No,2020,,East,,0,,Flat,,Christmas New Year,,,,Overcast,645500,0,0,1,2,,,0,,,,,,Auckland Region,Nil,2-way,Sealed,,0,1,,50,,Off,0,0,,76,Auckland,Nil,,,,,0,0,Urban,1,,,Fine,Null
1769557.644,5901953.623,1127386,,523814,0,0,0,0,0,North,2020/2021,HILL ROAD-MANUREWA OFF RAMP,HILL ROAD,,Serious Crash,No,2020,0,South,0,0,0,Hill Road,1,,0,,0,Dark,760702,0,0,0,2,0,0,0,0,0,,0,0,Auckland Region,Motorway ramp,1-way,Sealed,0,0,1,0,100,0,On,1,0,,76,Auckland,Unknown,0,0,0,0,0,0,Open,0,0,0,Fine,Null
1758195.635,5913569.119,1127389,,518600,0,,0,1,,Null,2020/2021,MANUKAU ROAD,TURAMA ROAD,,Serious Crash,No,2020,,North,,0,,Flat,,,,,,Dark,567300,0,0,0,2,,,0,,,1,,,Auckland Region,Nil,2-way,Sealed,,0,1,,50,,On,0,0,,76,Auckland,Nil,,,,,0,0,Urban,0,,,Fine,Null
1749498.086,5945804.46,1127417,,506001,0,,0,1,,Null,2019/2020,HIBISCUS COAST HIGHWAY,EAST COAST ROAD,,Serious Crash,No,2020,,West,,0,,Flat,,,,,,Bright sun,175600,0,0,1,2,,,0,,,,,,Auckland Region,Nil,1-way,Sealed,,0,1,,70,,Off,0,0,,76,Auckland,Traffic Signals,,,,,0,0,Urban,0,,,Fine,Null
1758096.315,5920498.619,1127482,,514103,0,0,0,1,0,North,2020/2021,ANZAC AVENUE,PARLIAMENT STREET,,Serious Crash,No,2020,0,South,0,0,0,Hill Road,0,,1,,0,Bright sun,438303,0,0,0,4,0,0,0,0,0,,0,1,Auckland Region,Nil,2-way,Sealed,0,0,1,0,30,0,Off,0,0,,76,Auckland,Unknown,0,0,0,0,0,0,Urban,0,0,0,Fine,Null
1755377.018,5976528.069,1127519,,506661,0,,1,0,,Null,2020/2021,LEIGH ROAD,TAKATU ROAD,,Serious Crash,No,2021,,West,,0,,Flat,,,,,,Overcast,138300,0,0,0,2,,,0,,,,,,Auckland Region,Nil,2-way,Sealed,,1,1,,80,,Off,1,0,,76,Auckland,Stop,,,,,0,0,Open,0,,,Fine,Null
1752914.685,5930061.975,1127544,,508803,0,0,0,1,0,West,2019/2020,ALBANY HIGHWAY (ALBANY),UNSWORTH DRIVE,,Serious Crash,No,2019,0,South,0,0,0,Hill Road,0,,0,,0,Bright sun,180855,0,0,0,5,0,0,0,0,1,,0,0,Auckland Region,Nil,2-way,Sealed,0,0,1,0,70,0,Off,0,0,,76,Auckland,Unknown,0,0,0,0,0,0,Urban,1,0,0,Fine,Null
1758787.595,5919556.901,1127623,,515902,1,,0,0,,Null,2020/2021,PARNELL ROAD,GIBRALTAR CRESCENT,,Serious Crash,No,2021,,North,,0,,Hill Road,,,,,,Bright sun,452800,0,0,0,2,,,0,,,,,,Auckland Region,Nil,2-way,Sealed,,0,1,,50,,None,0,0,,76,Auckland,Stop,,,,,0,0,Urban,0,,,Fine,Null
1742065.511,5910394.635,1127638,,512902,0,,0,0,,East,2020/2021,SCENIC DRIVE,RANGEMORE TRACK,,Serious Crash,No,2020,,North,,0,,Hill Road,,,,,,Bright sun,282102,0,0,1,2,,,0,,,,,,Auckland Region,Nil,2-way,Sealed,,0,1,,70,,None,1,0,,76,Auckland,Nil,,,,,0,0,Urban,0,,,Fine,Null
1749132.163,5882052.238,1127678,65,521151,0,,0,0,,Null,2019/2020,AWHITU ROAD,GORDON ROAD,,Serious Crash,No,2020,,North,,0,,Flat,,,,,,Bright sun,830600,0,0,1,2,,,0,,,,,,Auckland Region,Nil,2-way,Sealed,,0,1,,100,,None,0,0,,76,Auckland,Give way,,,,,0,0,Open,0,,,Fine,Null
1763530.871,5919320.972,1127800,45,516500,0,0,0,2,0,West,2019/2020,BONGARD RD,COMINS CRESCENT,,Fatal Crash,No,2019,0,North,0,1,0,Flat,0,,0,,0,Bright sun,502800,0,0,0,2,0,0,0,0,1,,0,0,Auckland Region,Nil,2-way,Sealed,0,0,0,0,50,0,Off,0,0,,76,Auckland,Unknown,0,0,0,0,0,0,Urban,0,0,0,Light rain,Null
1771642.753,5915336.317,1127819,,521501,0,,0,1,,Null,2020/2021,MELLONS BAY ROAD,RIDGE ROAD,,Serious Crash,No,2020,,North,,0,,Flat,,,,,,Overcast,651100,0,0,0,2,,,0,,,1,,,Auckland Region,Nil,2-way,Sealed,,0,1,,50,,Off,0,0,,76,Auckland,Give way,,,,,0,0,Urban,0,,,Fine,Null
1769101.482,5915877.32,1127835,,522730,1,,0,1,,Null,2019/2020,HIMALAYA DRIVE,TYRIAN CLOSE,,Serious Crash,No,2020,,East,,0,,Hill Road,,,,,,Dark,679600,0,0,0,2,,,0,,,,,,Auckland Region,Nil,2-way,Sealed,,0,1,,50,,On,0,0,,76,Auckland,Nil,,,,,0,0,Urban,0,,,Fine,Null
1769067.12,5905141.868,1127839,,523722,0,,0,2,,Null,2019/2020,ASPIRING AVENUE,BOUNDARY ROAD,,Serious Crash,No,2020,,East,,0,,Flat,,,,,,Bright sun,716010,0,0,0,2,,,0,,,,,,Auckland Region,Nil,2-way,Sealed,,0,1,,50,,Off,0,0,,76,Auckland,Give way,,,,,0,0,Urban,0,,,Fine,Null
1761871.691,5920041.427,1127845,,516400,0,,1,0,,East,2019/2020,TAMAKI DR,WATENE CRESCENT,,Serious Crash,No,2020,,East,,0,,Flat,,,,,,Bright sun,498801,0,0,0,2,,,0,,,1,,,Auckland Region,Nil,2-way,Sealed,,0,1,,50,,Off,0,0,,76,Auckland,Unknown,,,,,0,0,Urban,0,,,Fine,Null
1752629.763,5946866.751,1127884,,506001,0,0,0,1,0,East,2019/2020,WHANGAPARAOA ROAD,VISTA MOTU,,Serious Crash,No,2020,0,West,0,0,0,Flat,0,,0,,0,Overcast,175501,2,0,0,4,0,0,0,0,0,,0,1,Auckland Region,Nil,2-way,Sealed,0,0,2,0,60,0,Off,0,0,,76,Auckland,Nil,0,0,0,1,0,0,Urban,0,0,0,Fine,Null
1772808.492,5895510.195,1127891,,525410,0,0,0,1,0,Null,2020/2021,LIVERPOOL STREET,SETTLEMENT ROAD,,Serious Crash,No,2021,0,North,0,0,0,Flat,1,Easter,0,,0,Bright sun,793400,0,0,0,2,0,0,0,0,0,,0,0,Auckland Region,Nil,2-way,Sealed,0,0,1,0,50,0,Off,0,0,,76,Auckland,Stop,0,0,0,0,0,0,Urban,0,0,0,Fine,Null
1760383.897,5912325.406,1127898,,520000,0,,0,2,,East,2020/2021,CHURCH STREET,CAPTAIN SPRINGS ROAD,,Serious Crash,No,2020,,West,,0,,Flat,,,,,,Bright sun,606600,0,0,0,2,,,0,,,,,,Auckland Region,Nil,2-way,Sealed,,0,1,,50,,Off,0,0,,76,Auckland,Nil,,,,,0,0,Urban,0,,,Fine,Null
1753018.379,5927074.786,1127980,,508210,0,0,0,2,0,East,2021/2022,SEAVIEW ROAD,VALLEY VIEW ROAD,,Serious Crash,No,2021,0,East,0,0,0,Flat,0,,0,,0,Overcast,188002,0,0,0,2,0,0,0,0,2,,0,0,Auckland Region,Nil,2-way,Sealed,0,0,1,0,50,0,Off,0,0,,76,Auckland,Nil,0,0,0,0,0,0,Urban,1,0,0,Fine,Null
1752023.871,5930696.635,1128169,,509100,0,0,0,1,0,Null,2020/2021,ALBANY HIGHWAY OFF RAMP,ALBANY HIGHWAY,,Serious Crash,No,2020,0,North,0,0,0,Hill Road,1,,0,,0,Bright sun,181003,1,0,0,2,0,0,0,0,0,,0,0,Auckland Region,Motorway ramp,1-way,Sealed,0,0,1,0,50,0,Off,0,0,,76,Auckland,Traffic Signals,0,0,0,0,1,0,Urban,0,0,0,Fine,Null
1784175.594,5913875.901,1128235,,525201,0,,0,1,,Null,2020/2021,OFF ROAD BEACH,,,Serious Crash,No,2021,,East,,0,,Flat,,,,,,Dark,762600,2,0,0,,,,0,,,,,,Auckland Region,Nil,Off road,Unsealed,,0,1,,50,,On,0,0,,76,Auckland,Nil,,,,,0,0,Urban,0,,,Fine,Null
1761727.356,5906539.096,1128237,,524200,0,,0,0,,South,2020/2021,SOUTH-WESTERN MOTORWAY,MASSEY OBR,,Serious Crash,Yes,2021,,North,,0,,Flat,,,,,,Bright sun,728700,0,0,1,4,,,0,,,,,,Auckland Region,Underpass,2-way,Sealed,,0,1,,100,,Off,0,0,,76,Auckland,Unknown,,,,,0,0,Open,1,,,Fine,Null
1758069.609,5920686.104,1128348,,514103,0,,0,1,,Null,2019/2020,BEACH ROAD,TANGIHUA STREET,,Serious Crash,No,2020,,North,,0,,Flat,,,,,,Overcast,438301,0,0,0,5,,,0,,,1,,,Auckland Region,Nil,2-way,Sealed,,0,1,,50,,On,0,0,,76,Auckland,Traffic Signals,,,,,0,0,Urban,0,,,Fine,Null
1767284.398,5903050.066,1128437,,524602,0,0,0,2,0,North,2019/2020,DRUCES ROAD,KERRS ROAD,,Serious Crash,No,2020,0,South,0,0,0,Flat,0,,0,,0,Bright sun,780414,0,0,0,2,0,0,0,0,1,,0,0,Auckland Region,Nil,1-way,Sealed,0,0,1,0,60,0,Off,0,0,,76,Auckland,Nil,0,1,0,0,0,0,Urban,0,0,0,Fine,Null
1748386.645,5948377.978,1128668,,506201,0,,0,3,,East,2020/2021,WAINUI ROAD,KOWHAI ROAD,,Serious Crash,No,2020,,East,,0,,Flat,,,,,,Dark,176406,0,0,0,2,,,0,,,,,,Auckland Region,Nil,2-way,Sealed,,0,1,,100,,None,0,0,,76,Auckland,Nil,,,,,0,0,Open,0,,,Fine,Null
1773778.317,5896514.812,1128676,,525620,0,0,0,1,0,East,2020/2021,WILLIS ROAD,LAURIE AVENUE,,Serious Crash,No,2021,0,East,0,0,1,Flat,0,,0,,0,Dark,797200,1,0,0,2,0,0,0,0,0,,0,1,Auckland Region,Nil,2-way,Sealed,0,0,2,0,50,0,On,0,0,,76,Auckland,Nil,0,0,0,0,0,0,Urban,0,0,0,Fine,Null
1757767.619,5914045.309,1128677,,518600,0,,0,2,,South,2020/2021,PAH ROAD,TORRANCE STREET,,Serious Crash,No,2020,,North,,0,,Flat,,,,,,Overcast,565000,1,0,0,4,,,0,,,,,,Auckland Region,Nil,2-way,Sealed,,0,1,,50,,Off,0,0,,76,Auckland,Nil,,,,,0,0,Urban,0,,,Light rain,Null
1767625.512,5881747.968,1128727,,525921,0,0,0,2,0,Null,2020/2021,HELVETIA ROAD,WAIRUA PLACE,,Serious Crash,No,2020,0,South,0,0,0,Flat,0,,0,,0,Dark,820506,0,0,0,2,0,0,0,0,0,,0,0,Auckland Region,Nil,2-way,Sealed,0,0,1,0,50,0,On,0,0,,76,Auckland,Nil,0,0,0,1,0,0,Urban,0,0,0,Fine,Null
1754504.993,5931207.739,1128783,,508520,1,,0,0,,East,2019/2020,SUNSET ROAD,NORTHERN BUSWAY,,Serious Crash,No,2020,,West,,0,,Flat,,,,,,Bright sun,191101,0,0,0,2,,,0,,,,,,Auckland Region,Nil,2-way,Sealed,,0,1,,50,,Off,0,0,,76,Auckland,Nil,,,,,0,0,Urban,0,,,Fine,Null
1739011.241,5931074.413,1128818,,506653,1,,0,0,,South,2019/2020,OLD NORTH ROAD,PINETONE ROAD,,Serious Crash,No,2020,,West,,0,,Hill Road,,,,,,Bright sun,217000,0,0,0,2,,,0,,,,,,Auckland Region,Nil,2-way,Sealed,,0,1,,80,,None,0,0,,76,Auckland,Nil,,,,,0,0,Open,1,,,Mist or Fog,Null
1763446.215,5910875.09,1128822,,520500,0,0,0,1,0,South,2019/2020,GREAT SOUTH ROAD,MOUNT RICHMOND ENT,,Serious Crash,No,2020,0,North,0,0,0,Flat,0,,0,,0,Overcast,637801,0,0,0,4,0,0,0,0,0,,0,0,Auckland Region,Nil,2-way,Sealed,0,0,1,0,50,0,Off,0,0,,76,Auckland,Nil,0,0,0,1,0,0,Urban,0,0,0,Heavy rain,Null
1732083.444,5951933.516,1128861,,506646,0,0,0,1,0,North,2019/2020,KAIPARA COAST HIGHWAY,JORDAN ROAD,,Serious Crash,Yes,2020,0,North,0,0,0,Flat,0,,0,,0,Dark,212401,0,0,0,2,0,0,0,0,0,,0,0,Auckland Region,Nil,2-way,Sealed,0,0,3,0,100,0,None,0,0,,76,Auckland,Nil,0,0,0,1,0,0,Open,0,0,0,Fine,Null
1745007.599,5914522.272,1128900,,512903,0,0,0,2,0,North,2019/2020,SEYMOUR ROAD,BORICH ROAD,,Serious Crash,No,2020,0,North,0,0,1,Flat,0,,1,,0,Dark,278103,0,0,0,2,0,0,0,0,1,,0,1,Auckland Region,Nil,2-way,Sealed,0,0,1,0,50,0,On,0,0,,76,Auckland,Nil,0,0,0,0,0,0,Urban,0,0,0,Light rain,Null
1762765.98,5912097.464,1128954,,519500,0,0,0,1,0,Null,2020/2021,INDUSTRY ROAD,SOUTHDOWN LANE,,Serious Crash,No,2020,0,South,0,0,0,Flat,0,,0,,0,Twilight,622600,0,0,0,2,0,0,0,0,0,,0,0,Auckland Region,Nil,2-way,Sealed,0,0,1,0,50,0,On,0,0,,76,Auckland,Nil,0,0,0,1,0,0,Urban,0,0,0,Light rain,Null
1747712.08,5915028.815,1129047,,511602,0,0,0,1,0,East,2020/2021,SABULITE ROAD,BUTTERWORTH DRIVE,,Serious Crash,No,2020,0,East,0,0,0,Flat,0,,0,,0,Dark,273300,1,0,0,2,0,0,0,0,0,,0,1,Auckland Region,Nil,2-way,Sealed,0,0,1,0,50,0,On,0,0,,76,Auckland,Nil,0,0,0,0,0,0,Urban,0,0,0,Light rain,Null
1745504.233,5914487.833,1129076,,512904,0,0,0,2,0,Null,2020/2021,ALBIONVALE ROAD,TUCK NATHAN DRIVE,,Serious Crash,No,2020,0,North,0,0,0,Flat,0,,0,,0,Dark,278206,1,0,0,2,0,0,0,0,1,,0,1,Auckland Region,Nil,2-way,Sealed,0,0,1,0,30,0,On,0,0,,76,Auckland,Give way,0,0,0,0,0,0,Urban,1,0,0,Fine,Null
1770221.932,5904654.69,1129109,,523712,0,,0,1,,North,2020/2021,REDOUBT ROAD,MURPHYS ROAD,,Serious Crash,No,2020,,East,,0,,Hill Road,,,,,,Overcast,716300,0,0,0,2,,,0,,,,,,Auckland Region,Nil,2-way,Sealed,,0,1,,60,,On,1,0,,76,Auckland,Nil,,,,,0,0,Urban,0,,,Light rain,Null
1754725.136,5927581.846,1129136,,508310,0,,0,1,,North,2019/2020,ARCHERS ROAD,CHARTWELL AVENUE,,Serious Crash,No,2020,,North,,0,,Flat,,,,,,Overcast,200800,0,0,0,2,,,0,,,1,,,Auckland Region,Nil,2-way,Sealed,,0,1,,50,,Off,0,0,,76,Auckland,Unknown,,,,,0,0,Urban,0,,,Fine,Null
1744028.89,5924757.963,1129181,,513431,0,0,0,1,0,North,2019/2020,UPPER HARBOUR MOTORWAY,HOBSONVILLE ROAD OFF RAMP,,Serious Crash,Yes,2020,0,South,0,0,0,Hill Road,0,,0,,0,Dark,223902,1,0,0,3,0,0,0,0,0,,0,1,Auckland Region,Nil,1-way,Sealed,0,0,1,0,100,0,On,0,0,,76,Auckland,Unknown,0,0,0,0,0,0,Open,0,0,0,Fine,Strong wind
1751384.519,5949569.259,1129288,,505805,0,,0,1,,Null,2020/2021,CENTREWAY ROAD,MOANA AVENUE,,Serious Crash,No,2020,,South,,0,,Flat,,,,,,Bright sun,171804,1,0,1,2,,,0,,,,,,Auckland Region,Nil,2-way,Sealed,,0,1,,50,,Off,0,0,,76,Auckland,Give way,,,,,0,0,Urban,0,,,Fine,Null
1765888.087,5906878.038,1129326,,522301,0,,0,1,,South,2019/2020,HOTEO AVENUE,WINTERE ROAD,,Serious Crash,No,2020,,North,,0,,Flat,,,,,,Overcast,667500,0,0,0,2,,,0,,,1,,,Auckland Region,Nil,2-way,Sealed,,0,1,,50,,Off,0,0,,76,Auckland,Nil,,,,,0,0,Urban,0,,,Fine,Null
1748970.209,5947053.126,1129672,,505806,0,,0,1,,Null,2020/2021,ANDREW JACK ROAD,JOHN ROBEY ROAD,,Serious Crash,No,2021,,North,,0,,Flat,,,,,,Dark,176604,1,0,0,2,,,0,,,2,,,Auckland Region,Nil,2-way,Sealed,,0,1,,50,,On,0,0,,76,Auckland,Give way,,,,,0,0,Urban,0,,,Fine,Null
1774407.118,5896994.838,1129771,,525610,0,0,0,2,0,North,2020/2021,RICE CRESCENT,PEMBROOK STREET,,Serious Crash,No,2021,0,South,0,0,1,Flat,0,,1,,0,Dark,796400,0,0,0,2,0,0,0,0,1,1,0,0,Auckland Region,Nil,2-way,Sealed,0,0,1,0,50,0,On,0,0,,76,Auckland,Nil,0,0,0,0,0,0,Urban,0,0,0,Fine,Null
1768771.489,5905025.076,1129976,,523722,0,,0,1,,Null,2019/2020,HOLLYFORD DRIVE,ASPIRING AVENUE,,Serious Crash,No,2020,,South,,0,,Hill Road,,,,,,Bright sun,716007,0,0,1,3,,,0,,,,,,Auckland Region,Nil,2-way,Sealed,,0,1,,50,,Off,0,0,,76,Auckland,Give way,,,,,0,0,Urban,0,,,Fine,Null
1765571.402,5908189.755,1129988,,523403,0,0,0,3,0,Null,2019/2020,BAIRDS ROAD,WYMONDLEY ROAD,,Serious Crash,No,2020,0,West,0,0,1,Flat,0,,0,,0,Dark,696600,0,0,0,2,0,0,0,0,1,,0,0,Auckland Region,Nil,2-way,Sealed,0,0,1,0,50,0,On,0,0,,76,Auckland,Traffic Signals,0,0,0,0,0,0,Urban,0,0,0,Fine,Null
1746069.583,5918126.03,1130417,,512500,0,,0,2,,Null,2020/2021,EDMONTON ROAD,CENTRAL PARK DRIVE,,Serious Crash,No,2020,,North,,0,,Hill Road,,,,,,Dark,257201,0,0,0,4,,,0,,,,,,Auckland Region,Nil,2-way,Sealed,,0,1,,50,,On,0,0,,76,Auckland,Traffic Signals,,,,,0,0,Urban,0,,,Fine,Null
1722800.91,5931993.461,1130445,,506652,0,,0,1,,Null,2021/2022,OFF ROAD - BEACH,,,Serious Crash,No,2021,,South,,0,,Flat,,,,,,Bright sun,218300,1,0,0,,,,0,,,,,,Auckland Region,Nil,Off road,Unsealed,,0,1,,60,,None,0,0,,76,Auckland,Nil,,,,,0,0,Urban,0,,,Fine,Null
1760519.511,5908955.293,1130456,,524404,0,,1,1,,East,2020/2021,FAVONA ROAD,ROBERTSON ROAD,,Serious Crash,No,2021,,East,,0,,Flat,,,,,,Twilight,730001,0,0,0,2,,,0,,,,,,Auckland Region,Nil,2-way,Sealed,,0,1,,60,,Off,0,0,,76,Auckland,Nil,,,,,0,0,Urban,0,,,Fine,Null
1768229.766,5908088.098,1130494,,523502,0,,0,0,,South,2020/2021,EAST TAMAKI ROAD,BIRMINGHAM ROAD,,Serious Crash,No,2021,,South,,0,,Flat,,,,,,Bright sun,703800,0,0,1,4,,,0,,,,,,Auckland Region,Nil,2-way,Sealed,,0,1,,60,,Off,1,0,,76,Auckland,Nil,,,,,0,0,Urban,0,,,Fine,Null
1757041.901,5919016.534,1130515,,514301,0,,1,0,,Null,2019/2020,SYMONDS STREET,GLENSIDE CRESCENT,,Serious Crash,No,2020,,South,,0,,Hill Road,,,,,,Overcast,441400,0,0,0,2,,,0,,,1,,,Auckland Region,Nil,1-way,Sealed,,0,1,,50,,On,0,0,,76,Auckland,Nil,,,,,0,0,Urban,0,,,Fine,Null
1753414.744,5935375.604,1130575,,508704,0,,0,0,,North,2020/2021,OTEHA VALLEY ROAD,CANYON DRIVE,,Serious Crash,No,2020,,South,,0,,Flat,,,,,,Overcast,179109,0,0,0,2,,,0,,,,,,Auckland Region,Nil,1-way,Sealed,,0,1,,50,,Off,0,0,,76,Auckland,Nil,,,,,0,0,Urban,2,,,Fine,Null
1768838.544,5899543.334,1130743,,525101,0,,0,2,,Null,2019/2020,MAHIA ROAD,FIELDS ROAD,,Serious Crash,No,2020,,East,,0,,Hill Road,,,,,,Dark,770400,3,0,0,2,,,0,,,,,,Auckland Region,Nil,2-way,Sealed,,0,1,,50,,On,0,0,,76,Auckland,Give way,,,,,0,0,Urban,0,,,Fine,Null
1757804.69,5920966.731,1130835,,514101,1,0,0,1,0,East,2020/2021,QUAY STREET,GORE STREET,,Serious Crash,No,2020,0,West,0,0,0,Flat,0,Labour Weekend,0,,0,Bright sun,438103,0,0,0,2,0,0,0,0,1,,0,0,Auckland Region,Nil,2-way,Sealed,0,0,1,0,30,0,Off,0,0,,76,Auckland,Nil,0,0,0,0,0,0,Urban,0,0,0,Fine,Null
1757064.59,5915841.077,1130851,,518301,1,,0,1,,East,2019/2020,BALMORAL ROAD,KAKARIKI AVENUE,,Serious Crash,No,2020,,East,,0,,Hill Road,,,,,,Dark,557200,0,0,0,4,,,0,,,1,,,Auckland Region,Nil,2-way,Sealed,,0,1,,50,,On,0,0,,76,Auckland,Unknown,,,,,0,0,Urban,0,,,Fine,Null
1756496.232,5920537.087,1130909,,514102,0,,0,1,,West,2020/2021,VICTORIA STREET WEST,WELLESLEY STREET WEST,,Serious Crash,No,2021,,West,,0,,Flat,,Christmas New Year,,,,Dark,432500,0,0,0,4,,,0,,,1,,,Auckland Region,Nil,2-way,Sealed,,0,1,,30,,On,0,0,,76,Auckland,Nil,,,,,0,0,Urban,0,,,Fine,Null
1764771.901,5903590.441,1130927,,524604,0,0,0,0,0,North,2020/2021,ROSCOMMON ROAD,JERRY GREEN STREET,,Serious Crash,No,2020,0,South,0,0,0,Flat,0,,0,,0,Overcast,781200,0,1,0,4,0,0,0,0,0,,0,0,Auckland Region,Nil,2-way,Sealed,0,0,1,0,60,0,Off,0,0,,76,Auckland,Nil,0,0,0,1,0,0,Urban,0,0,0,Fine,Null
1756777.837,5918683.066,1130948,,515600,0,0,0,3,0,North,2020/2021,EXMOUTH STREET,BASQUE ROAD,,Serious Crash,No,2021,0,North,0,0,0,Hill Road,0,,0,,0,Overcast,420500,1,0,0,2,0,0,0,0,1,,0,0,Auckland Region,Nil,2-way,Sealed,0,0,1,0,50,0,Off,1,0,,76,Auckland,Nil,0,0,0,0,0,0,Urban,1,0,0,Fine,Null
1753181.735,5919938.791,1131033,,515100,0,,0,1,,North,2019/2020,GARNET ROAD,OBAN ROAD,,Serious Crash,No,2020,,South,,0,,Flat,,,,,,Bright sun,400000,0,0,0,2,,,0,,,1,,,Auckland Region,Nil,2-way,Sealed,,0,1,,50,,Off,0,0,,76,Auckland,Unknown,,,,,0,0,Urban,0,,,Fine,Null
1756228.832,5924354.801,1131088,,509702,0,,0,1,,South,2019/2020,ONEWA ROAD OFF RAMP,ONEWA ROAD,,Serious Crash,No,2020,,North,,0,,Flat,,,,,,Dark,366700,2,0,0,1,,,0,,,,,,Auckland Region,Motorway ramp,1-way,Sealed,,0,2,,100,,On,0,0,,76,Auckland,Nil,,,,,0,0,Open,0,,,Fine,Null
1766569.619,5899870.729,1131091,,524713,0,0,0,1,0,Null,2019/2020,WEYMOUTH ROAD,JOHN WALKER DRIVE,,Serious Crash,No,2020,0,South,0,0,0,Hill Road,0,Easter,0,,0,Dark,775805,0,0,0,2,0,0,0,0,0,,0,0,Auckland Region,Nil,2-way,Sealed,0,0,3,0,50,0,On,0,0,,76,Auckland,Give way,0,0,0,1,0,0,Urban,1,0,0,Fine,Null
1767635.089,5913526.005,1131167,,522910,0,,0,0,,Null,2020/2021,PAKURANGA ROAD,GREENHILL CRESCENT,,Serious Crash,No,2020,,West,,0,,Flat,,,,,,Bright sun,685500,0,0,0,3,,,0,,,,,,Auckland Region,Nil,1-way,Sealed,,0,1,,60,,Off,2,0,,76,Auckland,Give way,,,,,0,0,Urban,0,,,Fine,Null
1757572.458,5919127.766,1131200,,514302,0,,0,0,,West,2020/2021,PARK ROAD,SEAFIELD VIEW ROAD,,Serious Crash,No,2021,,West,,0,,Flat,,,,,,Bright sun,442600,0,0,1,2,,,0,,,,,,Auckland Region,Nil,2-way,Sealed,,0,1,,50,,Off,0,0,,76,Auckland,Nil,,,,,0,0,Urban,1,,,Fine,Null
1771404.894,5907744.734,1131202,,523713,0,0,0,1,0,North,2020/2021,STANCOMBE ROAD,JEFFS ROAD,,Fatal Crash,No,2021,0,South,0,1,0,Flat,0,,0,,0,Dark,712402,0,0,0,2,0,0,0,0,0,,0,0,Auckland Region,Nil,2-way,Sealed,0,0,0,0,60,0,On,0,0,,76,Auckland,Nil,0,0,0,1,1,0,Urban,0,0,0,Fine,Null
1736802.056,5982058.174,1131239,,505300,0,,1,1,,South,2020/2021,RODNEY STREET,PORT ALBERT ROAD,,Serious Crash,Yes,2020,,South,,0,,Hill Road,,,,,,Overcast,143300,0,0,0,2,,,0,,,,,,Auckland Region,Nil,2-way,Sealed,,0,1,,50,,On,0,0,,76,Auckland,Nil,,,,,0,0,Urban,0,,,Fine,Null
1765488.372,5918753.229,1131268,,516900,0,,0,1,,Null,2020/2021,ST HELIERS BAY ROAD,ASHBY AVENUE,,Serious Crash,No,2021,,South,,0,,Hill Road,,,,,,Twilight,466200,0,1,0,2,,,0,,,,,,Auckland Region,Nil,2-way,Sealed,,0,1,,50,,On,0,0,,76,Auckland,Traffic Signals,,,,,0,0,Urban,0,,,Fine,Null