X,Y,OBJECTID,advisorySpeed,areaUnitID,bicycle,bridge,bus,carStationWagon,cliffBank,crashDirectionDescription,crashFinancialYear,crashLocation1,crashLocation2,crashRoadSideRoad,crashSeverity,crashSHDescription,crashYear,debris,directionRoleDescription,ditch,fatalCount,fence,flatHill,guardRail,holiday,houseOrBuilding,intersection,kerb,light,meshblockId,minorInjuryCount,moped,motorcycle,NumberOfLanes,objectThrownOrDropped,otherObject,otherVehicleType,overBank,parkedVehicle,pedestrian,phoneBoxEtc,postOrPole,region,roadCharacter,roadLane,roadSurface,roadworks,schoolBus,seriousInjuryCount,slipOrFlood,speedLimit,strayAnimal,streetLight,suv,taxi,temporarySpeedLimit,tlaId,tlaName,trafficControl,trafficIsland,trafficSign,train,tree,truck,unknownVehicleType,urban,vanOrUtility,vehicle,waterRiver,weatherA,weatherB
1767774.512,5883378.16,1131378,,521111,0,,0,0,,Null,2020/2021,HEIGHTS ROAD,BEATTY ROAD,,Serious Crash,No,2020,,West,,0,,Hill Road,,,,,,Bright sun,826601,0,0,0,2,,,0,,,1,,,Auckland Region,Nil,2-way,Sealed,,0,1,,80,,Off,0,0,,76,Auckland,Stop,,,,,0,0,Open,1,,,Fine,Null
1748068.101,5913598.019,1131412,45,511100,0,0,0,1,0,North,2020/2021,RUA ROAD,TAHI TERRACE,,Serious Crash,No,2020,0,West,0,0,1,Hill Road,0,Christmas New Year,0,,0,Overcast,286801,0,0,0,2,0,0,0,0,0,,0,1,Auckland Region,Nil,2-way,Sealed,0,0,1,0,50,0,Off,0,0,,76,Auckland,Nil,0,0,0,0,0,0,Urban,0,0,0,Fine,Null
1774139.988,5896567.722,1131510,,525610,0,,0,0,,Null,2019/2020,KELVIN ROAD,WILLIS ROAD,,Serious Crash,No,2020,,East,,0,,Flat,,,,,,Dark,797500,0,0,1,2,,,0,,,,,,Auckland Region,Nil,2-way,Sealed,,0,1,,50,,On,0,0,,76,Auckland,Give way,,,,,0,0,Urban,0,,,Fine,Null
1772927.165,5895838.31,1131593,,525410,0,,0,1,,Null,2021/2022,CHAPEL STREET,OPAHEKE ROAD,,Serious Crash,No,2022,,West,,0,,Flat,,,,,,Bright sun,793301,0,0,1,2,,,0,,,,,,Auckland Region,Nil,2-way,Sealed,,0,1,,50,,Off,0,0,,76,Auckland,Stop,,,,,0,0,Urban,0,,,Fine,Null
1771720.785,5899033.49,1131968,,523912,0,,0,1,,Null,2021/2022,PORCHESTER ROAD,AIRFIELD ROAD,,Serious Crash,No,2022,,North,,0,,Flat,,,,,,Dark,765401,1,0,0,2,,,0,,,,,,Auckland Region,Nil,2-way,Sealed,,0,1,,50,,On,1,0,,76,Auckland,Give way,,,,,0,0,Urban,0,,,Fine,Null
1768825.483,5904181.266,1132105,,523820,0,0,0,2,0,Null,2021/2022,EVERGLADE DRIVE,DE HAVILLAND DRIVE,,Serious Crash,No,2021,0,North,0,0,0,Hill Road,0,Christmas New Year,0,,0,Bright sun,760150,1,0,0,2,0,0,0,0,1,,0,0,Auckland Region,Nil,2-way,Sealed,0,0,2,0,50,0,Off,0,0,,76,Auckland,Give way,0,0,0,1,0,0,Urban,0,0,0,Fine,Null
1753944.282,5945445.902,1132190,,505907,0,0,0,0,1,North,2021/2022,WHANGAPARAOA ROAD,D'OYLY DRIVE,,Serious Crash,No,2022,0,East,0,0,1,Hill Road,0,,0,,0,Bright sun,173308,1,0,1,2,0,0,0,0,0,,0,0,Auckland Region,Nil,2-way,Sealed,0,0,1,0,50,0,Off,0,0,,76,Auckland,Nil,0,0,0,1,0,0,Urban,0,0,0,Fine,Null
1759370.141,5910223.825,1132255,,524002,4,,0,1,,Null,2021/2022,RIMU ROAD,CRAWFORD AVENUE,,Serious Crash,No,2022,,East,,0,,Hill Road,,,,,,Overcast,722000,0,0,0,3,,,0,,,,,,Auckland Region,Motorway ramp,2-way,Sealed,,0,1,,50,,Off,0,0,,76,Auckland,Give way,,,,,0,0,Urban,0,,,Fine,Null
1760596.656,5908462.259,1132394,,524403,0,,0,2,,Null,2020/2021,ROBERTSON ROAD,WAKEFIELD ROAD,,Serious Crash,No,2021,,South,,0,,Flat,,,,,,Dark,729903,0,0,0,2,,,0,,,,,,Auckland Region,Nil,2-way,Sealed,,0,1,,50,,On,0,0,,76,Auckland,Give way,,,,,0,0,Urban,0,,,Fine,Null
1765908.885,5888155.617,1132454,,521122,0,0,0,1,0,Null,2021/2022,CHARLES ROAD,LEWIS ROAD,,Fatal Crash,No,2022,0,South,2,1,0,Flat,0,,0,,0,Bright sun,810000,2,0,0,2,0,0,0,0,0,,0,0,Auckland Region,Nil,2-way,Sealed,0,0,0,0,80,0,None,0,0,,76,Auckland,Stop,0,0,0,0,0,0,Open,1,0,0,Fine,Null
1773493.589,5891855.673,1132503,,521301,0,0,0,1,1,Null,2020/2021,WAIHOEHOE ROAD,TUI STREET,,Serious Crash,No,2021,0,South,0,0,0,Flat,0,,0,,0,Overcast,809300,0,0,0,2,0,0,0,0,0,,0,0,Auckland Region,Bridge,2-way,Sealed,0,0,2,0,50,0,On,0,0,,76,Auckland,Nil,0,0,0,1,0,0,Urban,0,0,0,Light rain,Null
1750069.754,5914158.462,1132514,,511303,0,,0,1,,North,2021/2022,GREAT NORTH ROAD,DELTA AVENUE,,Serious Crash,No,2021,,South,,0,,Flat,,,,,,Twilight,265900,0,0,0,4,,,0,,,1,,,Auckland Region,Nil,2-way,Sealed,,0,1,,50,,On,0,0,,76,Auckland,Nil,,,,,0,0,Urban,0,,,Fine,Null
1741888.199,5919101.674,1132585,,513211,0,,0,1,,Null,2021/2022,SWANSON ROAD,BIRDWOOD ROAD,,Serious Crash,No,2021,,East,,0,,Flat,,,,,,Dark,235010,0,1,0,2,,,0,,,,,,Auckland Region,Nil,2-way,Sealed,,0,1,,50,,On,0,0,,76,Auckland,Give way,,,,,0,0,Urban,0,,,Light rain,Null
1748128.187,5982955.307,1132681,,506660,0,0,0,0,0,North,2021/2022,WHANGARIPO VALLEY ROAD,PETRIE ROAD,,Serious Crash,No,2022,0,West,1,0,1,Flat,0,,0,,0,Bright sun,136202,0,0,1,2,0,0,0,0,0,,0,0,Auckland Region,Nil,2-way,Sealed,0,0,1,0,100,0,None,0,0,,76,Auckland,Nil,0,0,0,0,0,0,Open,0,0,0,Fine,Null
1754953.087,5924746.492,1132744,,509800,0,0,0,1,0,Null,2021/2022,ONEWA ROAD,GLADSTONE ROAD,,Serious Crash,No,2022,0,West,0,0,0,Flat,0,,0,,0,Dark,361600,0,0,0,4,0,0,0,0,0,,0,1,Auckland Region,Nil,2-way,Sealed,0,0,1,0,50,0,On,0,0,,76,Auckland,Stop,0,0,0,0,0,0,Urban,0,0,0,Fine,Null
1758293.624,5920739.886,1132758,,514101,0,,0,0,,Null,2021/2022,QUAY STREET,TAPORA STREET,,Serious Crash,No,2022,,West,,0,,Flat,,,,,,Overcast,438214,0,0,1,3,,,0,,,,,,Auckland Region,Nil,1-way,Sealed,,0,1,,30,,Off,0,0,,76,Auckland,Traffic Signals,,,,,1,0,Urban,0,,,Fine,Null
1751806.281,5917427.599,1132797,,514900,0,,0,1,,Null,2022/2023,HERDMAN STREET,GREAT NORTH ROAD,,Serious Crash,No,2022,,East,,0,,Hill Road,,,,,,Overcast,385802,0,0,0,6,,,0,,,,,,Auckland Region,Nil,2-way,Sealed,,0,1,,50,,On,0,0,,76,Auckland,Traffic Signals,,,,,0,0,Urban,0,,,Fine,Null
1757525.341,5920896.929,1132843,,514103,0,,0,3,,Null,2021/2022,CUSTOMS STREET EAST,QUEEN STREET,,Serious Crash,No,2021,,East,,0,,Flat,,,,,,Bright sun,438000,2,0,0,6,,,0,,,,,,Auckland Region,Nil,2-way,Sealed,,0,1,,50,,Off,0,1,,76,Auckland,Traffic Signals,,,,,0,0,Urban,0,,,Fine,Null
1749124.786,5934320.491,1133140,,509000,0,,0,0,,North,2022/2023,O'BRIEN ROAD,RIDGE ROAD,,Serious Crash,No,2022,,North,,0,,Flat,,,,,,Overcast,179301,0,0,1,2,,,0,,,,,,Auckland Region,Nil,2-way,Sealed,,0,1,,80,,None,0,0,,76,Auckland,Unknown,,,,,0,0,Open,1,,,Fine,Null
1755864.531,5928316.447,1133205,,507900,0,0,0,1,0,North,2021/2022,NORTHERN MOTORWAY,WAIRAU OBR,,Serious Crash,Yes,2021,0,South,0,0,0,Hill Road,1,,0,,0,Overcast,307000,0,0,0,3,0,0,0,0,0,,0,0,Auckland Region,Nil,1-way,Sealed,0,0,1,0,100,0,Off,0,0,,76,Auckland,Nil,0,0,0,0,0,0,Open,0,0,0,Heavy rain,Null
1744275.838,5915391.279,1133298,,513013,0,,0,1,,North,2021/2022,FOREST HILL ROAD,FARWOOD DRIVE,,Fatal Crash,No,2021,,North,,1,,Hill Road,,,,,,Dark,281401,1,0,0,2,,,0,,,,,,Auckland Region,Nil,2-way,Sealed,,0,1,,50,,On,0,0,,76,Auckland,Nil,,,,,1,0,Urban,0,,,Fine,Null
1742892.462,5931360.853,1133332,,506400,0,0,0,0,0,East,2021/2022,COATESVILLE-RIVERHEAD HIGHWAY,NEWTON ROAD,,Serious Crash,No,2022,0,North,0,0,1,Hill Road,0,,0,,0,Overcast,216903,0,0,0,2,0,0,0,1,0,,0,0,Auckland Region,Nil,2-way,Sealed,0,0,1,0,50,0,None,0,0,,76,Auckland,Nil,0,0,0,0,0,0,Urban,1,0,0,Light rain,Null
1729634.682,5942043.697,1133419,65,506646,0,,0,0,,North,2021/2022,KAIPARA COAST HIGHWAY,PIPITIWAI DRIVE,,Fatal Crash,Yes,2022,,South,,1,,Hill Road,,,,,,Overcast,211401,0,0,0,2,,,0,,,,,,Auckland Region,Nil,2-way,Sealed,,0,1,,100,,None,1,0,,76,Auckland,Nil,,,,,0,0,Open,1,,,Light rain,Null
1764487.47,5912938.965,1133501,,520500,0,,0,3,,Null,2021/2022,SOUTH-EASTERN HIGHWAY,CARBINE ROAD,,Serious Crash,No,2022,,West,,0,,Flat,,,,,,Overcast,639000,0,0,0,8,,,0,,,,,,Auckland Region,Nil,2-way,Sealed,,0,1,,50,,Off,0,0,,76,Auckland,Traffic Signals,,,,,0,0,Urban,0,,,Fine,Null
1762502.958,5913151.161,1133528,,520402,0,0,0,1,0,South,2022/2023,SOUTHERN MOTORWAY,PENROSE OBR,,Serious Crash,Yes,2022,0,South,0,0,0,Hill Road,1,,0,,0,Dark,642400,0,0,0,3,0,0,0,0,0,,0,0,Auckland Region,Nil,1-way,Sealed,0,0,1,0,100,0,On,0,0,,76,Auckland,Nil,0,0,0,0,1,0,Open,0,0,0,Light rain,Null
1764174.058,5909593.059,1133615,,521901,0,,0,1,,North,2021/2022,QUEEN STREET,PARK AVENUE,,Fatal Crash,No,2022,,North,,1,,Flat,,,,,,Overcast,784500,0,0,0,2,,,0,,,1,,,Auckland Region,Nil,2-way,Sealed,,0,0,,50,,Off,0,0,,76,Auckland,Nil,,,,,0,0,Urban,0,,,Fine,Null
1769634.242,5899630.086,1133624,,523920,0,0,0,1,0,Null,2021/2022,GREAT SOUTH ROAD,TE NAPI DRIVE,,Serious Crash,No,2022,0,South,0,0,0,Flat,0,,0,,0,Dark,767922,0,0,0,4,0,0,0,0,0,,0,0,Auckland Region,Nil,2-way,Sealed,0,0,1,0,50,0,On,0,0,,76,Auckland,Traffic Signals,0,1,0,0,0,0,Urban,0,0,0,Fine,Null
1765594.599,5911802.778,1133693,,520500,0,,0,0,,North,2021/2022,JOLSON ROAD,RUNA PLACE,,Serious Crash,No,2021,,East,,0,,Flat,,,,,,Dark,634600,0,0,0,2,,,0,,,1,,,Auckland Region,Nil,2-way,Sealed,,0,1,,50,,On,0,0,,76,Auckland,Nil,,,,,0,0,Urban,0,,,Heavy rain,Strong wind
1772910.188,5890725.898,1133797,,521301,0,,0,1,,Null,2021/2022,GREAT SOUTH ROAD,PITT ROAD,,Serious Crash,No,2022,,South,,0,,Hill Road,,,,,,Bright sun,809200,0,0,1,2,,,0,,,,,,Auckland Region,Nil,2-way,Sealed,,0,1,,100,,Off,0,0,,76,Auckland,Give way,,,,,0,0,Open,0,,,Fine,Null
1758973.347,5906954.364,1133874,,524200,0,0,1,1,0,North,2020/2021,KIRKBRIDE ROAD,VISCOUNT STREET,,Serious Crash,No,2021,0,North,0,0,0,Flat,0,Christmas New Year,0,,0,Overcast,726300,0,0,0,2,0,0,0,0,1,,0,0,Auckland Region,Nil,2-way,Sealed,0,0,1,0,60,0,Off,0,0,,76,Auckland,Nil,1,0,0,0,0,0,Urban,0,0,0,Light rain,Null
1747202.529,5922680.331,1133949,,512202,0,,0,1,,Null,2020/2021,OFFROAD SHARED DRIVEWAY ,,,Serious Crash,No,2021,,South,,0,,Flat,,,,,,Bright sun,245300,0,0,0,0,,,0,,,1,,,Auckland Region,Nil,Off road,Sealed,,0,1,,10,,Off,0,0,,76,Auckland,Nil,,,,,0,0,Urban,0,,,Fine,Null
1737054.47,5932733.478,1134004,,506653,0,,0,0,,East,2021/2022,OLD NORTH ROAD,ARARIMU VALLEY ROAD,,Serious Crash,No,2021,,North,,0,,Flat,,,,,,Bright sun,217000,0,0,2,2,,,0,,,,,,Auckland Region,Nil,2-way,Sealed,,0,2,,80,,None,0,0,,76,Auckland,Nil,,,,,0,0,Open,0,,,Fine,Null
1765494.75,5907279.131,1134008,,522301,0,,0,1,,Null,2021/2022,MAXWELL AVENUE,SEYMOUR AVENUE,,Serious Crash,No,2022,,South,,0,,Flat,,,,,,Dark,666100,0,0,0,2,,,0,,,1,,,Auckland Region,Nil,2-way,Sealed,,0,1,,50,,On,0,0,,76,Auckland,Give way,,,,,0,0,Urban,0,,,Fine,Null
1768880.821,5911567.739,1134272,,523112,0,,0,1,,West,2020/2021,TI RAKAU DRIVE,HARRIS ROAD,,Fatal Crash,No,2021,,West,,1,,Flat,,,,,,Dark,711404,0,0,0,2,,,0,,,1,,,Auckland Region,Nil,1-way,Sealed,,0,0,,60,,On,0,0,,76,Auckland,Nil,,,,,0,0,Urban,0,,,Fine,Null
1757514.493,5943977.855,1134273,,505902,0,,0,2,,North,2020/2021,WHANGAPARAOA ROAD,ZEALANDIA ROAD,,Serious Crash,No,2021,,North,,0,,Hill Road,,,,,,Overcast,174512,1,0,0,2,,,0,,,,,,Auckland Region,Nil,2-way,Sealed,,0,1,,50,,Off,0,0,,76,Auckland,Nil,,,,,0,0,Urban,0,,,Fine,Null
1757174.532,5919559.389,1134294,,514103,0,,0,1,,Null,2021/2022,CITY ROAD,LIVERPOOL STREET,,Serious Crash,No,2021,,North,,0,,Flat,,,,,,Twilight,436500,0,0,0,2,,,0,,,1,,,Auckland Region,Nil,2-way,Sealed,,0,1,,30,,On,0,0,,76,Auckland,Give way,,,,,0,0,Urban,0,,,Fine,Null
1769886.935,5899502.796,1134328,,523911,0,0,0,1,0,Null,2020/2021,SOUTHERN MOTORWAY,TAKANINI OFF RAMP,,Serious Crash,Yes,2021,0,South,0,0,0,Hill Road,1,,0,,0,Dark,766500,0,0,0,3,0,0,0,0,0,,0,0,Auckland Region,Bridge,1-way,Sealed,0,0,1,0,100,0,On,0,0,,76,Auckland,Nil,0,0,0,0,0,0,Open,0,0,0,Fine,Null
1766346.046,5900313.625,1134367,,524713,0,,0,0,,East,2021/2022,SHARLAND AVENUE,KERN PLACE,,Fatal Crash,No,2021,,West,,1,,Flat,,,,,,Dark,775808,0,0,0,2,,,0,,,,,,Auckland Region,Nil,2-way,Sealed,,0,0,,50,,On,1,0,,76,Auckland,Nil,,,,,0,0,Urban,0,,,Fine,Null
1732285.861,5948462.053,1134417,,506646,0,0,0,0,0,South,2020/2021,MCLACHLAN ROAD,OYSTER POINT ROAD,,Serious Crash,No,2021,0,East,0,0,0,Hill Road,0,,0,,0,Dark,212508,0,0,1,2,0,0,0,0,0,,0,0,Auckland Region,Nil,2-way,Sealed,0,0,1,0,100,0,Off,0,0,,76,Auckland,Nil,0,0,0,0,0,0,Open,0,0,0,Fine,Null
1759521.329,5908901.135,1134467,,524002,0,,0,2,,Null,2021/2022,CORONATION ROAD,CORONATION ROAD ON RAMP,,Serious Crash,No,2021,,South,,0,,Flat,,,,,,Bright sun,724101,0,0,0,1,,,0,,,,,,Auckland Region,Nil,1-way,Sealed,,0,1,,60,,None,0,0,,76,Auckland,Give way,,,,,0,0,Urban,0,,,Fine,Null
1780292.851,5916124.233,1134478,,523300,0,0,0,1,0,Null,2021/2022,MARAETAI DRIVE,MARAETAI SCHOOL ROAD,,Fatal Crash,No,2021,0,South,1,1,0,Flat,0,,0,,0,Bright sun,720000,0,0,0,2,0,0,0,1,0,,0,0,Auckland Region,Nil,2-way,Sealed,0,0,1,0,80,0,Off,0,0,,76,Auckland,Nil,0,0,0,1,0,0,Open,0,0,0,Fine,Null
1744738.399,5910404.573,1134577,,512700,0,,0,1,,Null,2021/2022,SCENIC DRIVE,SHAW ROAD,,Serious Crash,No,2022,,South,,0,,Flat,,,,,,Bright sun,300800,0,0,1,2,,,0,,,,,,Auckland Region,Nil,2-way,Sealed,,0,1,,70,,Off,0,0,,76,Auckland,Nil,,,,,0,0,Urban,0,,,Fine,Null
1750259.156,5914442.73,1134746,,511303,0,,0,1,,Null,2021/2022,OFFROAD DRIVEWAY,,,Serious Crash,No,2021,,South,,0,,Flat,,,,,,Bright sun,265800,0,0,0,,,,0,,,1,,,Auckland Region,Nil,Off road,Sealed,,0,1,,,,None,0,0,,76,Auckland,Nil,,,,,0,0,Urban,0,,,Fine,Null
1751190.087,5913971.048,1134849,,514402,0,,0,1,,Null,2021/2022,OFF ROAD-Glenburn Tyre Services ,,,Serious Crash,No,2021,,South,,0,,Flat,,,,,,Bright sun,379402,0,0,0,,,,0,,,1,,,Auckland Region,Nil,Off road,Sealed,,0,1,,,,Off,0,0,,76,Auckland,Nil,,,,,0,0,Urban,0,,,Fine,Null
1758338.595,5917227.136,1134873,,519200,0,,0,1,,North,2021/2022,MANUKAU ROAD,CLYDE STREET,,Serious Crash,No,2022,,North,,0,,Flat,,,,,,Dark,613600,0,0,1,4,,,0,,,,,,Auckland Region,Nil,2-way,Sealed,,0,1,,50,,On,0,0,,76,Auckland,Nil,,,,,0,0,Urban,0,,,Fine,Null
1746265.133,5940223.167,1134917,,506614,0,0,0,2,1,North,2021/2022,DAIRY FLAT HIGHWAY,POSTMAN ROAD,,Serious Crash,No,2022,0,North,0,0,0,Hill Road,0,,0,,0,Dark,178003,0,0,0,2,0,0,0,0,0,,0,0,Auckland Region,Nil,2-way,Unsealed,0,0,2,0,80,0,On,0,0,30,76,Auckland,Nil,0,1,0,0,0,0,Open,0,0,0,Fine,Null
1768614.17,5901502.66,1135007,,524901,0,,0,1,,North,2021/2022,KELVYN GROVE,GREAT SOUTH ROAD,,Serious Crash,No,2021,,East,,0,,Flat,,,,,,Dark,756200,0,0,0,2,,,0,,,1,,,Auckland Region,Nil,2-way,Sealed,,0,1,,50,,On,0,0,,76,Auckland,Nil,,,,,0,0,Urban,0,,,Fine,Null
1768198.977,5905535.176,1135034,,523721,0,0,1,1,0,West,2021/2022,BOUNDARY ROAD,TOWNLEY PLACE,,Serious Crash,No,2021,0,East,0,0,0,Flat,0,,0,,0,Bright sun,715514,1,0,0,2,0,0,0,0,0,,0,0,Auckland Region,Nil,2-way,Sealed,0,0,1,0,50,0,Off,0,1,,76,Auckland,Nil,0,0,0,0,0,0,Urban,0,1,0,Fine,Null
1768875.537,5881301.438,1135076,,525910,0,0,0,0,0,Null,2021/2022,OFF ROAD - Countdown Pukekohe,,,Serious Crash,No,2021,0,North,0,0,0,Flat,0,,0,,0,Overcast,818500,0,0,0,,0,1,0,0,0,1,0,0,Auckland Region,Nil,Off road,Sealed,0,0,1,0,,0,None,1,0,,76,Auckland,Unknown,0,0,0,0,0,0,Urban,0,0,0,Fine,Null
1768641.782,5906074.56,1135193,,523721,0,0,0,0,0,Null,2021/2022,DAWSON ROAD,OTHELLO DRIVE,,Serious Crash,No,2022,0,North,0,0,0,Flat,0,,0,,0,Bright sun,715616,0,0,1,2,0,0,0,0,0,,0,1,Auckland Region,Nil,2-way,Sealed,0,0,1,0,50,0,Off,0,0,,76,Auckland,Stop,0,0,0,0,0,0,Urban,0,0,0,Fine,Null
1769566.301,5901801.442,1135204,,524901,0,0,0,0,0,West,2021/2022,HILL ROAD,HILL OBR,,Serious Crash,No,2022,0,East,0,0,0,Flat,1,,0,,0,Dark,755600,0,0,0,2,0,0,0,0,0,,0,0,Auckland Region,Bridge,2-way,Sealed,0,0,1,0,50,0,On,1,0,,76,Auckland,Nil,0,0,0,0,0,0,Urban,0,0,0,Fine,Null
1763780.515,5913132.595,1135246,,520402,0,0,0,0,0,Null,2021/2022,MOUNT WELLINGTON HIGHWAY,LONGFORD STREET,,Fatal Crash,No,2021,0,North,0,1,0,Flat,0,,0,,0,Dark,641502,0,0,0,5,0,0,0,0,0,,0,1,Auckland Region,Nil,2-way,Sealed,0,0,1,0,50,0,On,1,0,,76,Auckland,Traffic Signals,0,1,0,0,0,0,Urban,0,0,0,Fine,Null
1763906.806,5915260.457,1135520,,520302,0,0,0,1,0,Null,2020/2021,LUNN AVENUE,MARUA ROAD,,Serious Crash,No,2021,0,South,0,0,1,Flat,0,,0,,0,Dark,626500,0,0,0,2,0,0,0,0,0,,0,0,Auckland Region,Nil,2-way,Sealed,0,0,1,0,50,0,On,0,0,,76,Auckland,Traffic Signals,0,0,0,1,0,0,Urban,0,0,0,Fine,Null
1763879.592,5912589.789,1135549,,520500,0,,0,2,,Null,2020/2021,MOUNT WELLINGTON HIGHWAY,MOUNT WELLINGTON HWY OFF RAMP,,Serious Crash,No,2020,,North,,0,,Flat,,,,,,Dark,637400,0,0,0,3,,,0,,,,,,Auckland Region,Motorway ramp,1-way,Sealed,,0,1,,50,,On,0,0,,76,Auckland,Traffic Signals,,,,,0,0,Urban,0,,,Fine,Null
1753299.413,5917062.548,1135579,,517800,0,,0,2,,North,2020/2021,ASQUITH AVENUE,MAYBECK ROAD,,Serious Crash,No,2020,,North,,0,,Flat,,Labour Weekend,,,,Dark,526900,1,0,0,2,,,0,,,,,,Auckland Region,Nil,2-way,Sealed,,0,1,,50,,None,0,0,,76,Auckland,Nil,,,,,0,0,Urban,0,,,Fine,Null
1768657.117,5900732.545,1135784,,525001,0,,0,0,,North,2021/2022,WEYMOUTH ROAD,ROGERS ROAD,,Serious Crash,No,2021,,North,,0,,Flat,,,,,,Bright sun,752100,0,0,0,2,,,0,,,1,,,Auckland Region,Nil,2-way,Sealed,,0,1,,50,,Off,0,0,,76,Auckland,Nil,,,,,0,0,Urban,1,,,Fine,Null
1767623.864,5908848.069,1135871,,523502,0,0,0,0,0,North,2020/2021,TYRONE STREET,PERTH STREET,,Serious Crash,No,2020,0,North,0,0,0,Flat,0,,0,,0,Overcast,701201,0,0,1,2,0,0,0,0,1,,0,0,Auckland Region,Nil,2-way,Sealed,0,0,1,0,50,0,Off,0,0,,76,Auckland,Nil,0,0,0,0,0,0,Urban,1,0,0,Fine,Null
1760980.984,5919963.27,1136174,,516400,1,,0,0,,Null,2022/2023,TAMAKI DRIVE,NGAPIPI ROAD,,Serious Crash,No,2022,,East,,0,,Flat,,,,,,Dark,496900,1,0,0,2,,,0,,,1,,,Auckland Region,Nil,2-way,Sealed,,0,1,,50,,On,0,0,,76,Auckland,Traffic Signals,,,,,0,0,Urban,0,,,Mist or Fog,Null
1733756.357,5930730.896,1136195,,505605,0,,0,1,,South,2022/2023,WAIKOUKOU VALLEY ROAD,TAYLOR ROAD,,Serious Crash,No,2022,,North,,0,,Hill Road,,,,,,Overcast,215700,2,0,0,2,,,0,,,,,,Auckland Region,Nil,2-way,Sealed,,0,1,,80,,Off,0,0,,76,Auckland,Nil,,,,,1,0,Open,0,,,Fine,Null
1774764.739,5909605.145,1136226,,523202,0,,0,0,,North,2021/2022,WHITFORD ROAD,WHITFORD PARK ROAD,,Serious Crash,No,2022,,North,,0,,Hill Road,,,,,,Bright sun,717600,0,0,1,2,,,0,,,,,,Auckland Region,Nil,2-way,Sealed,,0,1,,50,,None,0,0,,76,Auckland,Nil,,,,,0,0,Urban,1,,,Fine,Null
1762845.09,5905551.837,1136305,,524303,0,,0,2,,South,2021/2022,SOUTH-WESTERN MOTORWAY,PORTAGE OBR,,Serious Crash,Yes,2021,,South,,0,,Flat,,,,,,Bright sun,746301,0,0,1,2,,,0,,,,,,Auckland Region,Overpass,1-way,Sealed,,0,1,,100,,Off,0,0,,76,Auckland,Nil,,,,,0,0,Open,0,,,Fine,Null
1740096.586,5928286.967,1136350,,505604,0,,0,1,,South,2021/2022,SH 16,OLD RAILWAY ROAD,,Serious Crash,Yes,2022,,South,,0,,Flat,,,,,,Overcast,214501,0,0,0,2,,,0,,,,,,Auckland Region,Nil,2-way,Sealed,,0,1,,80,,Off,0,0,,76,Auckland,Nil,,,,,2,0,Open,0,,,Light rain,Null
1761022.263,5915119.998,1136353,,520201,0,,0,0,,North,2021/2022,SOUTHERN MOTORWAY,MAIN OBR,,Serious Crash,Yes,2022,,North,,0,,Flat,,,,,,Bright sun,613500,0,0,1,4,,,0,,,,,,Auckland Region,Nil,1-way,Sealed,,0,1,,100,,Off,0,0,,76,Auckland,Nil,,,,,0,0,Open,1,,,Fine,Null
1741616.358,5918251.489,1136374,,513101,1,0,0,0,0,South,2021/2022,CANDIA ROAD,BURTON'S DRIVE,,Serious Crash,No,2022,0,North,0,0,0,Hill Road,1,,0,,0,Overcast,238306,0,0,0,2,0,0,0,0,0,,0,0,Auckland Region,Nil,2-way,Unsealed,0,0,1,0,50,0,None,0,0,30,76,Auckland,Nil,0,0,0,0,0,0,Urban,0,0,0,Fine,Null
1743247.567,5911495.505,1136535,,512902,0,,0,0,,North,2021/2022,PARKER ROAD,NORTH WAY,,Serious Crash,No,2021,,South,,0,,Hill Road,,,,,,Bright sun,279500,0,0,1,2,,,0,,,,,,Auckland Region,Nil,2-way,Sealed,,0,1,,70,,None,0,0,,76,Auckland,Nil,,,,,0,0,Urban,1,,,Fine,Null
1752496.191,5978597.505,1136562,25,506661,0,,0,2,,North,2022/2023,MATAKANA VALLEY ROAD,SMITH ROAD,,Serious Crash,No,2022,,North,,0,,Hill Road,,,,,,Overcast,138201,1,0,0,2,,,0,,,,,,Auckland Region,Nil,2-way,Sealed,,0,1,,60,,None,0,0,,76,Auckland,Nil,,,,,0,0,Urban,0,,,Light rain,Null
1760412.626,5915720.141,1136645,,516003,0,,0,2,,Null,2022/2023,SOUTHERN MOTORWAY,GREEN LANE EAST ON RAM,,Serious Crash,Yes,2022,,South,,0,,Flat,,,,,,Dark,494902,0,0,0,3,,,0,,,,,,Auckland Region,Motorway ramp,1-way,Sealed,,0,1,,100,,On,0,0,,76,Auckland,Nil,,,,,0,0,Open,0,,,Fine,Null
1758882.459,5879541.293,1136683,65,521152,0,,0,2,,West,2022/2023,WAIUKU ROAD,GLENBROOK STATION ROAD,,Serious Crash,No,2022,,North,,0,,Flat,,,,,,Overcast,832800,0,0,0,2,,,0,,,,,,Auckland Region,Nil,2-way,Sealed,,0,3,,80,,None,0,0,,76,Auckland,Unknown,,,,,0,0,Open,0,,,Mist or Fog,Null