X,Y,OBJECTID,advisorySpeed,areaUnitID,bicycle,bridge,bus,carStationWagon,cliffBank,crashDirectionDescription,crashFinancialYear,crashLocation1,crashLocation2,crashRoadSideRoad,crashSeverity,crashSHDescription,crashYear,debris,directionRoleDescription,ditch,fatalCount,fence,flatHill,guardRail,holiday,houseOrBuilding,intersection,kerb,light,meshblockId,minorInjuryCount,moped,motorcycle,NumberOfLanes,objectThrownOrDropped,otherObject,otherVehicleType,overBank,parkedVehicle,pedestrian,phoneBoxEtc,postOrPole,region,roadCharacter,roadLane,roadSurface,roadworks,schoolBus,seriousInjuryCount,slipOrFlood,speedLimit,strayAnimal,streetLight,suv,taxi,temporarySpeedLimit,tlaId,tlaName,trafficControl,trafficIsland,trafficSign,train,tree,truck,unknownVehicleType,urban,vanOrUtility,vehicle,waterRiver,weatherA,weatherB
1767156.35,5903281.676,1136687,,524602,0,0,0,1,0,Null,2022/2023,OFF ROAD - PUBLIC CARPARK.,,,Serious Crash,No,2022,0,East,0,0,1,Flat,0,,0,,0,Overcast,780404,0,0,0,,0,0,0,0,0,1,0,0,Auckland Region,Nil,Null,Sealed,0,0,1,0,,0,Off,0,0,,76,Auckland,Unknown,0,0,0,0,0,0,Urban,0,0,0,Fine,Null
1758202.787,5916076.453,1136841,,519300,0,0,0,1,1,South,2021/2022,MANUKAU ROAD,KIMBERLEY ROAD,,Serious Crash,No,2022,0,North,0,0,0,Flat,0,,0,,0,Overcast,622900,1,0,0,4,0,0,0,0,0,3,0,0,Auckland Region,Nil,2-way,Sealed,0,0,2,0,50,0,Off,0,0,,76,Auckland,Nil,0,0,0,0,0,0,Urban,0,0,0,Fine,Null
1782202.799,5925089.049,1136850,,520801,0,0,0,2,0,South,2021/2022,WHARF ROAD,OSTEND ROAD,,Serious Crash,No,2022,0,South,0,0,0,Flat,0,Christmas New Year,0,,0,Bright sun,515307,0,0,0,2,0,0,0,0,0,,0,0,Auckland Region,Nil,2-way,Sealed,0,0,1,0,50,0,Off,0,0,,76,Auckland,Nil,0,0,0,1,0,0,Urban,0,0,0,Fine,Null
1755466.868,5920511.921,1136854,,515302,0,0,0,1,0,Null,2021/2022,PONSONBY ROAD,POMPALLIER TERRACE,,Serious Crash,No,2021,0,North,0,0,0,Flat,0,,0,,0,Dark,430000,2,0,0,2,0,1,0,0,0,,2,0,Auckland Region,Nil,1-way,Sealed,0,0,2,0,40,0,On,0,0,,76,Auckland,Give way,0,0,0,0,0,0,Urban,0,0,0,Fine,Null
1744076.066,5918591.767,1137029,,513220,1,0,0,1,0,South,2021/2022,SWANSON ROAD,BRICK STREET,,Serious Crash,No,2022,0,North,0,0,0,Flat,0,,0,,0,Bright sun,236103,0,0,0,2,0,0,0,0,1,,0,0,Auckland Region,Nil,2-way,Sealed,0,0,1,0,50,0,Off,0,0,,76,Auckland,Nil,0,0,0,0,0,0,Urban,0,0,0,Fine,Null
1764172.028,5911163.43,1137128,,520500,0,0,0,1,0,Null,2022/2023,HILLSIDE ROAD,MOUNT WELLINGTON HIGHWAY,,Serious Crash,No,2022,0,West,0,0,0,Flat,0,,0,,0,Dark,636500,1,0,0,2,0,0,0,0,0,,0,0,Auckland Region,Nil,2-way,Sealed,0,0,1,0,50,0,On,0,0,,76,Auckland,Give way,0,0,0,1,0,0,Urban,0,0,0,Fine,Null
1762806.606,5905596.856,1137136,,524302,0,0,0,2,0,North,2021/2022,SOUTH-WESTERN MOTORWAY,PORTAGE OBR,,Serious Crash,Yes,2021,0,South,0,0,0,Flat,2,,0,,0,Overcast,745000,0,0,0,2,0,0,0,0,0,,0,0,Auckland Region,Nil,1-way,Sealed,0,0,1,0,100,0,Off,0,0,,76,Auckland,Nil,0,0,0,0,0,0,Open,0,0,0,Light rain,Null
1769921.713,5909856.29,1137157,,523113,0,,0,1,,Null,2021/2022,SMALES ROAD,TE IRIRANGI DRIVE,,Serious Crash,No,2022,,East,,0,,Flat,,,,,,Dark,711730,3,0,0,8,,,0,,,,,,Auckland Region,Nil,2-way,Sealed,,0,2,,80,,On,1,0,,76,Auckland,Traffic Signals,,,,,0,0,Open,1,,,Light rain,Null
1756353.618,5882529.431,1137209,,521152,0,0,0,1,0,North,2021/2022,GLENBROOK ROAD,GLENBROOK STATION ROAD,,Fatal Crash,No,2022,0,North,0,1,0,Hill Road,1,,0,,0,Dark,834501,0,0,0,2,0,0,1,0,0,,0,0,Auckland Region,Nil,2-way,Sealed,0,0,0,0,80,0,None,0,0,,76,Auckland,Unknown,0,0,0,0,1,0,Open,0,0,0,Fine,Null
1768123.031,5903141.062,1137217,,524602,0,,0,1,,North,2021/2022,GREAT SOUTH ROAD,RATA VINE DRIVE,,Serious Crash,No,2022,,North,,0,,Flat,,,,,,Bright sun,780506,0,1,0,4,,,0,,,,,,Auckland Region,Nil,2-way,Sealed,,0,1,,60,,Off,0,0,,76,Auckland,Nil,,,,,0,0,Urban,0,,,Fine,Null
1757527.625,5919730.408,1137269,,514103,0,,0,0,,South,2021/2022,SYMONDS STREET,MOUNT STREET,,Serious Crash,No,2021,,South,,0,,Flat,,,,,,Dark,436904,0,0,0,2,,,0,,,1,,,Auckland Region,Nil,2-way,Sealed,,0,1,,30,,On,0,0,,76,Auckland,Nil,,,,,0,0,Urban,1,,,Fine,Null
1770067.819,5879282.194,1137312,,525922,0,,0,0,,Null,2021/2022,OFFROAD - PUKEKOHE RACEWAY,,,Serious Crash,No,2022,,North,,0,,Flat,,Easter,,,,Overcast,823600,0,0,1,0,,,0,,,,,,Auckland Region,Nil,Off road,Sealed,,0,1,,110,,None,0,0,,76,Auckland,Nil,,,,,0,0,Open,0,,,Fine,Null
1773754.05,5897724.885,1137336,,523912,0,,0,1,,East,2021/2022,BELLBIRD STREET,MINHAS ROAD,,Serious Crash,No,2022,,East,,0,,Flat,,,,,,Overcast,765500,0,0,0,2,,,0,,,1,,,Auckland Region,Nil,2-way,Sealed,,0,1,,50,,None,0,0,,76,Auckland,Nil,,,,,0,0,Urban,0,,,Fine,Null
1769338.336,5907488.008,1137361,,523713,0,,0,1,,Null,2021/2022,TE IRIRANGI DRIVE,TE IRIRANGI DRIVE,,Serious Crash,No,2021,,South,,0,,Flat,,,,,,Dark,712302,0,0,0,7,,,0,,,,,,Auckland Region,Nil,2-way,Sealed,,0,1,,80,,On,0,0,,76,Auckland,Nil,,,,,0,0,Open,2,,,Light rain,Null
1771982.732,5897255.362,1137364,,525420,0,,0,1,,Null,2021/2022,GREAT SOUTH ROAD,TRENTHAM ROAD,,Serious Crash,No,2021,,South,,0,,Flat,,,,,,Bright sun,790800,0,0,1,2,,,0,,,,,,Auckland Region,Nil,2-way,Sealed,,0,1,,50,,Off,0,0,,76,Auckland,Stop,,,,,0,0,Urban,0,,,Fine,Null
1755115.2,5916126.89,1137365,,517703,0,,0,1,,Null,2021/2022,JASON AVENUE,ARABI STREET,,Serious Crash,No,2021,,North,,0,,Flat,,,,,,Bright sun,537800,1,0,0,2,,,0,,,1,,,Auckland Region,Nil,2-way,Sealed,,0,1,,50,,Off,0,0,,76,Auckland,Give way,,,,,0,0,Urban,0,,,Fine,Null
1759072.904,5910838.915,1137401,,524002,0,0,0,1,0,Null,2021/2022,OFF ROAD - CORONATION ROAD BOAT RAMP,,,Fatal Crash,No,2022,0,North,0,1,0,Flat,0,,0,,0,Dark,721900,0,0,0,,0,0,0,0,0,,0,0,Auckland Region,Bridge,Off road,Sealed,0,0,0,0,,0,None,0,0,,76,Auckland,Nil,0,0,0,0,0,0,Urban,0,0,1,Fine,Strong wind
1757843.456,5918619.338,1137525,,517400,1,,0,0,,Null,2022/2023,PARK ROAD,OUTHWAITE LANE,,Serious Crash,No,2022,,South,,0,,Hill Road,,,,,,Bright sun,450100,0,0,0,2,,,0,,,,,,Auckland Region,Nil,2-way,Sealed,,0,1,,50,,Off,0,0,,76,Auckland,Nil,,,,,0,0,Urban,0,,,Fine,Null
1756530.097,5914813.768,1137596,,518500,0,,0,1,,South,2021/2022,MOUNT EDEN ROAD,REWA ROAD,,Serious Crash,No,2022,,South,,0,,Hill Road,,,,,,Twilight,562700,0,0,0,2,,,0,,,1,,,Auckland Region,Nil,2-way,Sealed,,0,1,,50,,Off,0,0,,76,Auckland,Nil,,,,,0,0,Urban,0,,,Light rain,Strong wind
1730374.269,5943767.649,1137682,65,506646,0,0,0,1,1,West,2021/2022,KAIPARA COAST HIGHWAY,ABEL ROAD,,Serious Crash,Yes,2022,0,South,0,0,0,Flat,0,,0,,0,Dark,211401,0,0,0,2,0,0,0,0,0,,0,0,Auckland Region,Nil,2-way,Sealed,0,0,1,0,100,0,None,0,0,,76,Auckland,Nil,0,0,0,1,0,0,Open,0,0,0,Fine,Null
1755682.241,5935630.414,1137709,35,507101,0,,0,2,,South,2021/2022,BEACH ROAD,BAYVIEW ROAD,,Serious Crash,No,2022,,North,,0,,Hill Road,,,,,,Dark,162400,0,0,0,2,,,0,,,,,,Auckland Region,Nil,2-way,Sealed,,0,1,,50,,On,0,0,,76,Auckland,Nil,,,,,0,0,Urban,0,,,Heavy rain,Null
1758922.078,5919123.919,1137832,,515902,0,,0,1,,Null,2022/2023,PARNELL ROAD,CATHEDRAL PLACE,,Serious Crash,No,2022,,South,,0,,Flat,,,,,,Bright sun,452100,0,0,1,2,,,0,,,,,,Auckland Region,Nil,2-way,Sealed,,0,1,,50,,Off,0,0,,76,Auckland,Stop,,,,,0,0,Urban,0,,,Fine,Null
1782087.657,5924835.524,1137880,,520801,0,0,0,0,0,Null,2021/2022,OFF ROAD - PUBLIC CARPARK.,,,Serious Crash,No,2021,0,West,0,0,0,Flat,0,,0,,0,Bright sun,515310,0,1,0,,0,0,0,1,0,,0,0,Auckland Region,Nil,Off road,Sealed,0,0,1,0,,0,Off,0,0,,76,Auckland,Unknown,0,0,0,0,0,0,Urban,0,0,0,Fine,Null
1756081.791,5928678.974,1137892,,508510,1,,0,1,,South,2021/2022,FORREST HILL ROAD,BELMONT TERRACE,,Serious Crash,No,2021,,North,,0,,Flat,,,,,,Bright sun,196000,0,0,0,2,,,0,,,,,,Auckland Region,Nil,2-way,Sealed,,0,1,,50,,Off,0,0,,76,Auckland,Nil,,,,,0,0,Urban,0,,,Fine,Null
1757562.336,5919766.497,1138010,,514103,1,,0,1,,Null,2022/2023,SYMONDS STREET,MOUNT STREET,,Serious Crash,No,2022,,North,,0,,Hill Road,,,,,,Overcast,436904,0,0,0,4,,,0,,,,,,Auckland Region,Nil,2-way,Sealed,,0,1,,30,,Off,0,0,,76,Auckland,Stop,,,,,0,0,Urban,0,,,Mist or Fog,Null
1749855.802,5946789.738,1138160,,505806,0,,0,1,,Null,2022/2023,COLONIAL DRIVE,CILLIERS DRIVE,,Serious Crash,No,2022,,East,,0,,Hill Road,,,,,,Bright sun,176504,1,0,0,2,,,0,,,,,,Auckland Region,Nil,2-way,Sealed,,0,1,,50,,Off,1,0,,76,Auckland,Give way,,,,,0,0,Urban,0,,,Fine,Null
1764173.484,5911123.5,1138189,,520500,0,,0,1,,South,2021/2022,MOUNT WELLINGTON HIGHWAY,HILLSIDE ROAD,,Serious Crash,No,2022,,South,,0,,Flat,,,,,,Dark,636600,0,0,0,2,,,0,,,1,,,Auckland Region,Nil,2-way,Sealed,,0,1,,50,,On,0,1,,76,Auckland,Nil,,,,,0,0,Urban,0,,,Light rain,Null
1780175.74,5901480.251,1138306,,525201,0,0,0,1,0,South,2022/2023,PAPAKURA-CLEVEDON ROAD,RYBURN BR,,Fatal Crash,No,2022,0,South,0,1,0,Flat,0,,0,,0,Dark,763300,3,0,0,2,0,0,0,0,0,,0,1,Auckland Region,Nil,2-way,Sealed,0,0,0,0,80,0,Off,0,0,,76,Auckland,Nil,0,0,0,0,0,0,Open,0,0,0,Light rain,Strong wind
1758232.067,5916386.058,1138342,,519200,0,,0,1,,Null,2022/2023,MANUKAU ROAD,RANFURLY ROAD,,Serious Crash,No,2022,,North,,0,,Flat,,,,,,Dark,615102,0,0,1,5,,,0,,,,,,Auckland Region,Nil,2-way,Sealed,,0,1,,50,,On,0,0,,76,Auckland,Traffic Signals,,,,,0,0,Urban,0,,,Fine,Null
1744565.738,5924208.803,1138355,,513521,0,0,0,2,0,North,2022/2023,HOBSONVILLE ROAD,FITZHERBERT AVENUE,,Serious Crash,No,2022,0,East,0,0,1,Flat,0,,0,,1,Bright sun,224224,0,0,0,2,0,0,0,0,1,,0,0,Auckland Region,Nil,2-way,Sealed,0,0,1,0,50,0,Off,0,0,,76,Auckland,Nil,0,1,0,0,1,0,Urban,0,0,0,Fine,Null
1769606.081,5905396.871,1138535,,523712,0,,0,2,,Null,2021/2022,ASPIRING AVENUE,THOMAS ROAD,,Serious Crash,No,2021,,North,,0,,Hill Road,,,,,,Overcast,716202,0,0,0,2,,,0,,,,,,Auckland Region,Nil,2-way,Sealed,,0,1,,50,,None,0,0,,76,Auckland,Give way,,,,,0,0,Urban,0,,,Light rain,Null
1747460.738,5916426.024,1138636,,511601,0,,0,1,,Null,2021/2022,BARRYS ROAD,BEAZLEY PLACE,,Serious Crash,No,2022,,North,,0,,Flat,,,,,,Dark,274900,1,0,0,2,,,0,,,2,,,Auckland Region,Nil,2-way,Sealed,,0,1,,50,,On,0,0,,76,Auckland,Nil,,,,,0,0,Urban,0,,,Fine,Null
1764190.867,5910059.426,1138639,,521901,0,0,1,2,0,Null,2021/2022,ATKINSON AVENUE,GORDON ROAD,,Serious Crash,No,2021,0,North,0,0,0,Flat,0,Christmas New Year,0,,0,Dark,782400,0,0,0,5,0,0,0,0,0,,0,1,Auckland Region,Nil,2-way,Sealed,0,0,1,0,50,0,On,0,0,,76,Auckland,Stop,0,0,0,0,0,0,Urban,0,0,0,Fine,Null
1773119.927,5895668.388,1138756,,525410,0,,0,1,,Null,2021/2022,SETTLEMENT ROAD,KING EDWARD AVENUE,,Serious Crash,No,2022,,East,,0,,Flat,,,,,,Bright sun,793502,0,0,1,2,,,0,,,,,,Auckland Region,Nil,2-way,Sealed,,0,1,,50,,Off,0,0,,76,Auckland,Stop,,,,,0,0,Urban,0,,,Fine,Null
1754664.365,5931247.77,1138774,,508520,0,,0,1,,Null,2021/2022,SUNSET ROAD,SYCAMORE DRIVE,,Serious Crash,No,2022,,West,,0,,Hill Road,,,,,,Twilight,191106,0,0,1,2,,,0,,,,,,Auckland Region,Nil,2-way,Sealed,,0,2,,50,,On,0,0,,76,Auckland,Give way,,,,,0,0,Urban,0,,,Fine,Null
1784441.651,5924739.783,1138841,,520801,0,,0,0,,Null,2021/2022,OFF ROAD - ONETANGI SPORTS PARK ROAD,,,Serious Crash,No,2022,,South,,0,,Flat,,,,,,Overcast,515608,0,0,1,,,,0,,,,,,Auckland Region,Nil,Off road,Sealed,,0,1,,,,None,0,0,,76,Auckland,Nil,,,,,0,0,Urban,1,,,Fine,Null
1771462.329,5913940.483,1138982,,521602,1,,0,0,,Null,2022/2023,UNION ROAD,WOOD AVENUE,,Serious Crash,No,2022,,East,,0,,Hill Road,,,,,,Bright sun,648900,0,0,0,2,,,0,,,,,,Auckland Region,Nil,2-way,Sealed,,0,1,,50,,Off,0,0,,76,Auckland,Give way,,,,,0,0,Urban,0,,,Fine,Null
1769949.449,5909860.293,1138983,,523109,0,,0,2,,Null,2022/2023,TE IRIRANGI DRIVE,SMALES ROAD,,Serious Crash,No,2022,,South,,0,,Flat,,,,,,Twilight,711737,2,0,0,2,,,0,,,,,,Auckland Region,Nil,2-way,Sealed,,0,1,,80,,On,0,0,70,76,Auckland,Traffic Signals,,,,,0,0,Open,0,,,Light rain,Null
1752962.321,5924753.004,1139021,,510401,0,,0,1,,Null,2021/2022,MOKOIA ROAD,ROSEBERRY AVENUE,,Serious Crash,No,2022,,East,,0,,Flat,,,,,,Bright sun,355300,0,0,1,2,,,0,,,,,,Auckland Region,Nil,2-way,Sealed,,0,1,,50,,Off,0,0,,76,Auckland,Give way,,,,,0,0,Urban,0,,,Fine,Null
1755768.287,5918795.929,1139038,,515500,0,,0,0,,South,2022/2023,GREAT NORTH ROAD,TURAKINA STREET,,Serious Crash,No,2022,,North,,0,,Flat,,,,,,Dark,418600,0,0,0,2,,,0,,,1,,,Auckland Region,Nil,2-way,Sealed,,0,1,,50,,On,1,0,,76,Auckland,Nil,,,,,0,0,Urban,0,,,Fine,Null
1768879,5904596,1253281,,523722,0,0,0,0,0,East,2011/2012,REDOUBT ROAD,EVERGLADE DRIVE,,Fatal Crash,No,2012,0,East,0,1,1,Hill Road,0,,0,,0,Overcast,715909,0,0,0,2,0,0,0,0,0,,0,0,Auckland Region,Nil,2-way,Sealed,0,0,0,0,50,0,Off,0,0,,76,Auckland,Nil,0,0,0,0,0,0,Urban,1,0,0,Fine,Null
1747692,5876620,1253373,,521151,0,,1,0,,North,2011/2012,KOHEKOHE-KARIOITAHI ROAD,KAIHAU ROAD,,Fatal Crash,No,2012,,South,,1,,Hill Road,,,,,,Overcast,831000,0,0,1,2,,,0,,,,,,Auckland Region,Nil,2-way,Sealed,,1,0,,100,,None,0,0,,76,Auckland,Nil,,,,,0,0,Open,0,,,Fine,Null
1756158,5928094,1253502,,507900,0,,0,1,,Null,2011/2012,WAIRAU ROAD,FORREST HILL ROAD,,Serious Crash,No,2012,,North,,0,,Flat,,,,,,Bright sun,307000,0,0,0,4,,,0,,,1,,,Auckland Region,Nil,2-way,Sealed,,0,1,,50,,Off,0,0,,76,Auckland,Traffic Signals,,,,,0,0,Urban,0,,,Fine,Null
1773493,5905452,1254134,,523818,0,0,0,1,0,Null,2011/2012,REDOUBT ROAD,UMBRIA LANE,,Serious Crash,No,2012,0,South,0,0,1,Flat,0,Easter,0,,0,Dark,717202,0,0,0,2,0,0,0,0,0,,0,0,Auckland Region,Nil,2-way,Sealed,0,0,1,0,50,0,On,0,0,,76,Auckland,Nil,0,0,0,1,0,0,Urban,0,0,0,Fine,Null
1763614,5890090,1254263,,521122,0,,0,0,,Null,2012/2013,BATTY ROAD,STAN WRIGHT ROAD,,Serious Crash,No,2012,,South,,0,,Hill Road,,,,,,Bright sun,809900,0,0,0,2,,,0,,,,,,Auckland Region,Nil,2-way,Sealed,,0,1,,100,,Off,0,0,,76,Auckland,Nil,,,,,1,0,Open,0,,,Fine,Null
1746356,5940017,1254307,,506614,0,,0,2,,Null,2012/2013,DAIRY FLAT HIGHWAY,BLACKBRIDGE ROAD,,Fatal Crash,No,2012,,North,,1,,Hill Road,,,,,,Overcast,178003,3,0,0,2,,,0,,,,,,Auckland Region,Nil,2-way,Sealed,,0,1,,100,,Off,1,0,,76,Auckland,Stop,,,,,0,0,Open,0,,,Fine,Null
1770041,5917289,1254427,,522601,1,,0,1,,North,2012/2013,BUCKLANDS BEACH ROAD,LAINGS ROAD,,Serious Crash,No,2012,,North,,0,,Hill Road,,,,,,Overcast,676602,0,0,0,2,,,0,,,,,,Auckland Region,Nil,2-way,Sealed,,0,1,,50,,Off,0,0,,76,Auckland,Nil,,,,,0,0,Urban,0,,,Fine,Null
1730347,5955168,1254543,,506613,0,,0,1,,North,2012/2013,SH 16,MAKARAU ROAD,,Serious Crash,Yes,2012,,South,,0,,Hill Road,,,,,,Dark,146300,1,0,0,2,,,0,,,,,,Auckland Region,Nil,2-way,Sealed,,0,1,,100,,None,1,0,,76,Auckland,Nil,,,,,0,0,Open,0,,,Fine,Null
1755234,5929899,1254579,,508510,0,0,0,0,0,South,2011/2012,SH 1N,SUNNYNOOK OBR,,Serious Crash,Yes,2012,0,South,0,0,1,Flat,0,,0,,0,Bright sun,194409,0,0,1,2,0,0,0,0,0,,0,0,Auckland Region,Nil,1-way,Sealed,0,0,1,0,100,0,Off,0,0,,76,Auckland,Nil,0,0,0,0,1,0,Open,0,0,0,Light rain,Null
1755422,5935924,1254591,,507000,1,,0,0,,Null,2011/2012,CARLISLE ROAD,FIRTH ROAD,,Serious Crash,No,2012,,West,,0,,Hill Road,,,,,,Bright sun,163300,0,0,0,2,,,0,,,,,,Auckland Region,Nil,2-way,Sealed,,0,1,,50,,Off,0,0,,76,Auckland,Nil,,,,,0,0,Urban,1,,,Fine,Null
1758210,5916139,1254723,,515801,0,,0,1,,Null,2012/2013,MANUKAU ROAD,CAMPBELL CRESCENT N,,Serious Crash,No,2012,,South,,0,,Flat,,,,,,Dark,446300,0,1,0,4,,,0,,,,,,Auckland Region,Nil,2-way,Sealed,,0,1,,50,,On,0,0,,76,Auckland,Give way,,,,,0,0,Urban,0,,,Light rain,Null
1764834,5915864,1254884,,520301,0,,0,1,,Null,2011/2012,MORRIN ROAD,HOMESTEAD DRIVE,,Fatal Crash,No,2012,,North,,1,,Flat,,,,,,Dark,627800,0,0,0,2,,,0,,,1,,,Auckland Region,Nil,2-way,Sealed,,0,0,,50,,On,0,0,,76,Auckland,Give way,,,,,0,0,Urban,0,,,Light rain,Null
1768120,5903027,1255096,,524602,0,,0,2,,Null,2011/2012,GREAT SOUTH ROAD,RATA VINE DRIVE,,Serious Crash,No,2012,,South,,0,,Flat,,,,,,Dark,780504,3,0,0,2,,,0,,,,,,Auckland Region,Nil,2-way,Sealed,,0,1,,50,,On,0,0,,76,Auckland,Stop,,,,,0,0,Urban,0,,,Fine,Null
1749327,5918171,1255136,,514801,0,,0,0,,East,2011/2012,SH 16,ROSEBANK OBR,,Fatal Crash,Yes,2012,,East,,1,,Flat,,,,,,Dark,390401,2,0,0,3,,,0,,,,,,Auckland Region,Nil,1-way,Sealed,,0,0,,100,,On,1,0,,76,Auckland,Nil,,,,,0,0,Open,0,,,Fine,Null
1758110,5915486,1255207,,515801,1,,0,0,,Null,2012/2013,MANUKAU ROAD,GREEN LANE WEST,,Serious Crash,No,2013,,North,,0,,Flat,,,,,,Twilight,447400,0,0,0,4,,,0,,,,,,Auckland Region,Nil,2-way,Sealed,,0,1,,50,,On,0,0,,76,Auckland,Traffic Signals,,,,,1,0,Urban,0,,,Fine,Null
1775411,5886396,1255255,,521132,0,,0,0,,South,2012/2013,SH 1N,ARARIMU OBR,,Serious Crash,Yes,2012,,South,,0,,Flat,,,,,,Dark,814200,0,1,0,2,,,0,,,,,,Auckland Region,Nil,1-way,Sealed,,0,1,,100,,Off,0,0,,76,Auckland,Nil,,,,,1,0,Open,0,,,Fine,Null
1755190,5877086,1255370,,521152,0,0,0,1,0,Null,2011/2012,COLLINGWOOD ROAD,GLENBROOK-WAIUKU ROAD,,Serious Crash,No,2012,0,South,0,0,1,Hill Road,0,Queens Birthday,0,,0,Dark,834000,0,0,0,2,0,1,0,0,0,,0,0,Auckland Region,Nil,2-way,Sealed,0,0,1,0,70,0,On,0,0,,76,Auckland,Nil,0,0,0,0,0,0,Urban,0,0,0,Mist or Fog,Null
1765801,5901463,1255452,,524604,0,,0,0,,East,2012/2013,BROWNS ROAD,ROSCOMMON ROAD,,Serious Crash,No,2012,,South,,0,,Flat,,,,,,Bright sun,781302,0,0,0,2,,,0,,,1,,,Auckland Region,Nil,2-way,Sealed,,0,1,,50,,Off,0,0,,76,Auckland,Nil,,,,,1,0,Urban,0,,,Fine,Null
1768692,5911614,1255503,,523112,0,,0,2,,West,2012/2013,TI RAKAU DRIVE,BURSWOOD DRIVE W,,Serious Crash,No,2013,,West,,0,,Flat,,,,,,Bright sun,711404,0,0,0,6,,,0,,,,,,Auckland Region,Nil,2-way,Sealed,,0,2,,60,,Off,0,0,,76,Auckland,Nil,,,,,0,0,Urban,0,,,Fine,Null
1743778,5916399,1255584,,513011,0,0,0,0,0,Null,2011/2012,PALOMINO DRIVE,SAN BERNADINO DRIVE,,Serious Crash,No,2012,0,North,0,0,1,Hill Road,0,,0,,0,Dark,280704,0,0,0,2,0,0,0,0,0,,0,0,Auckland Region,Nil,2-way,Sealed,0,0,1,0,50,0,On,0,0,,76,Auckland,Nil,0,0,0,1,0,0,Urban,1,0,0,Fine,Null
1767435,5882619,1255586,,521112,0,,0,1,,Null,2011/2012,HELVETIA ROAD,GUN CLUB ROAD,,Serious Crash,No,2012,,North,,0,,Flat,,,,,,Bright sun,826500,0,0,0,2,,,0,,,,,,Auckland Region,Nil,2-way,Sealed,,0,2,,100,,Off,0,0,,76,Auckland,Nil,,,,,1,0,Open,0,,,Fine,Null
1764279,5917599,1255631,,517201,0,0,0,2,0,North,2012/2013,ST JOHNS ROAD,COLLEGE ROAD,,Serious Crash,No,2012,0,South,0,0,0,Flat,0,,0,,0,Dark,464900,0,0,0,2,0,0,0,0,1,,0,0,Auckland Region,Nil,2-way,Sealed,0,0,1,0,50,0,On,0,0,,76,Auckland,Nil,0,0,0,0,0,0,Urban,0,0,0,Fine,Null
1764330,5908816,1255697,,521802,0,0,0,1,0,South,2011/2012,GREAT SOUTH ROAD,NGAIO ST,,Serious Crash,No,2012,0,North,0,0,0,Hill Road,1,,0,,0,Dark,789600,0,0,0,4,0,0,0,0,0,,0,0,Auckland Region,Nil,2-way,Sealed,0,0,1,0,50,0,On,0,0,,76,Auckland,Nil,0,0,0,0,0,0,Urban,0,0,0,Fine,Null
1767369,5900196,1255711,,524720,0,0,0,0,0,East,2012/2013,WEYMOUTH ROAD,GAINSBOROUGH ST,,Serious Crash,No,2012,0,East,0,0,0,Hill Road,0,,0,,1,Dark,776800,0,0,1,2,0,0,0,0,0,,0,0,Auckland Region,Nil,2-way,Sealed,0,0,1,0,50,0,On,0,0,,76,Auckland,Nil,0,0,0,0,0,0,Urban,0,0,0,Fine,Null
1768621,5902027,1255802,,524901,0,,0,1,,East,2012/2013,GRANDE VUE ROAD,TAMPIN ROAD,,Serious Crash,No,2012,,East,,0,,Hill Road,,,,,,Bright sun,755800,0,0,0,2,,,0,,,1,,,Auckland Region,Nil,2-way,Sealed,,0,1,,50,,Null,0,0,,76,Auckland,Unknown,,,,,0,0,Urban,0,,,Fine,Null
1772540,5890737,1255892,,521203,0,,0,1,,South,2012/2013,SH 22,BURBERRY ROAD,,Fatal Crash,Yes,2012,,South,,1,,Flat,,,,,,Dark,807400,0,0,0,2,,,0,,,1,,,Auckland Region,Nil,2-way,Sealed,,0,0,,70,,On,0,0,,76,Auckland,Nil,,,,,0,0,Urban,0,,,Fine,Null
1757180,5919858,1255957,,514103,0,,0,1,,Null,2011/2012,MAYORAL DRIVE,QUEEN ST,,Serious Crash,No,2012,,East,,0,,Flat,,,,,,Dark,436100,0,0,0,5,,,0,,,1,,,Auckland Region,Nil,2-way,Sealed,,0,1,,50,,On,0,1,,76,Auckland,Traffic Signals,,,,,0,0,Urban,0,,,Fine,Null
1749613,5880695,1256111,,521151,0,0,0,0,0,North,2012/2013,AWHITU ROAD,WAIPIPI WHARF ROAD,,Serious Crash,No,2012,0,North,0,0,1,Hill Road,0,,0,,0,Dark,830800,0,0,1,2,0,0,0,0,0,,0,0,Auckland Region,Nil,2-way,Sealed,0,0,1,0,100,0,None,0,0,,76,Auckland,Nil,0,0,0,0,0,0,Open,0,0,0,Fine,Null
1766663,5912928,1256192,,522910,0,,0,0,,Null,2011/2012,TI RAKAU DRIVE,REEVES ROAD,,Serious Crash,No,2012,,South,,0,,Flat,,,,,,Twilight,684000,0,0,1,4,,,0,,,,,,Auckland Region,Nil,2-way,Sealed,,0,1,,50,,On,0,0,,76,Auckland,Traffic Signals,,,,,0,0,Urban,0,,,Fine,Null
1719609,5938036,1256287,,506642,0,0,0,0,0,West,2011/2012,Z BCH MURIWAI,COAST ROAD,,Serious Crash,No,2012,0,North,0,0,0,Flat,0,,0,,0,Dark,210600,2,0,0,1,0,1,0,0,0,,0,0,Auckland Region,Nil,Off road,Unsealed,0,0,2,0,60,0,None,1,0,,76,Auckland,Nil,0,0,0,0,0,0,Urban,0,0,0,Mist or Fog,Strong wind