X,Y,OBJECTID,advisorySpeed,areaUnitID,bicycle,bridge,bus,carStationWagon,cliffBank,crashDirectionDescription,crashFinancialYear,crashLocation1,crashLocation2,crashRoadSideRoad,crashSeverity,crashSHDescription,crashYear,debris,directionRoleDescription,ditch,fatalCount,fence,flatHill,guardRail,holiday,houseOrBuilding,intersection,kerb,light,meshblockId,minorInjuryCount,moped,motorcycle,NumberOfLanes,objectThrownOrDropped,otherObject,otherVehicleType,overBank,parkedVehicle,pedestrian,phoneBoxEtc,postOrPole,region,roadCharacter,roadLane,roadSurface,roadworks,schoolBus,seriousInjuryCount,slipOrFlood,speedLimit,strayAnimal,streetLight,suv,taxi,temporarySpeedLimit,tlaId,tlaName,trafficControl,trafficIsland,trafficSign,train,tree,truck,unknownVehicleType,urban,vanOrUtility,vehicle,waterRiver,weatherA,weatherB
1756195,5920283,1256431,,514000,0,,0,0,,West,2011/2012,NAPIER ST,HEPBURN ST,,Serious Crash,No,2012,,South,,0,,Flat,,,,,,Bright sun,417100,0,0,1,2,,,0,,,,,,Auckland Region,Nil,2-way,Sealed,,0,1,,50,,Off,0,0,,76,Auckland,Nil,,,,,0,0,Urban,0,,,Fine,Null
1762802,5912388,1256434,,519500,1,,0,1,,North,2011/2012,GREAT SOUTH ROAD,SOUTHDOWN LANE,,Serious Crash,No,2012,,South,,0,,Flat,,,,,,Dark,622700,0,0,0,2,,,0,,,,,,Auckland Region,Nil,2-way,Sealed,,0,1,,50,,On,0,0,,76,Auckland,Nil,,,,,0,0,Urban,0,,,Light rain,Null
1742426,5918995,1256509,,513211,0,0,0,0,0,West,2011/2012,SWANSON ROAD,LUANDA DRIVE,,Serious Crash,No,2012,0,East,0,0,0,Flat,0,,0,,0,Overcast,235003,0,0,0,2,0,0,0,0,0,,0,0,Auckland Region,Nil,2-way,Sealed,0,0,1,0,50,0,Off,0,0,,76,Auckland,Nil,0,0,0,1,0,0,Urban,1,0,0,Fine,Null
1756951,5919261,1256516,,514200,0,,0,0,,Null,2011/2012,UPPER QUEEN ST,CANADA ST,,Serious Crash,No,2012,,South,,0,,Hill Road,,,,,,Bright sun,412200,0,1,0,5,,,0,,,,,,Auckland Region,Nil,2-way,Sealed,,0,1,,50,,Off,0,0,,76,Auckland,Traffic Signals,,,,,0,0,Urban,1,,,Fine,Null
1755408,5929361,1256528,,508510,0,,0,3,,South,2011/2012,SH 1N,TRISTRAM OFF SBD,,Serious Crash,Yes,2012,,South,,0,,Flat,,,,,,Bright sun,194300,1,0,0,2,,,0,,,,,,Auckland Region,Nil,1-way,Sealed,,0,1,,100,,Off,0,0,,76,Auckland,Nil,,,,,0,0,Open,0,,,Fine,Null
1770148,5909069,1256578,,523115,1,,0,1,,Null,2012/2013,CHAPEL ROAD,GRACECHURCH DRIVE,,Serious Crash,No,2013,,South,,0,,Flat,,,,,,Bright sun,712106,0,0,0,2,,,0,,,,,,Auckland Region,Nil,2-way,Sealed,,0,1,,50,,Off,0,0,,76,Auckland,Give way,,,,,0,0,Urban,0,,,Fine,Null
1758470,5917394,1256588,,516001,0,0,0,6,0,North,2012/2013,GREAT SOUTH ROAD,MARGOT ST,,Serious Crash,No,2012,0,North,0,0,0,Flat,0,,0,,0,Overcast,490900,1,0,0,2,0,0,0,0,2,,0,0,Auckland Region,Nil,2-way,Sealed,0,0,1,0,50,0,Off,0,0,,76,Auckland,Nil,0,0,0,0,2,0,Urban,1,0,0,Fine,Null
1756832,5913759,1256710,,518600,0,0,0,1,0,Null,2012/2013,MOUNT ALBERT ROAD,ST ANDREWS ROAD,,Fatal Crash,No,2012,0,South,0,1,1,Hill Road,0,,0,,0,Overcast,564600,0,0,0,2,0,0,0,0,0,,0,1,Auckland Region,Nil,2-way,Sealed,0,0,0,0,50,0,Off,0,0,,76,Auckland,Stop,0,0,0,0,0,0,Urban,0,0,0,Fine,Null
1771310,5889994,1256748,,521203,0,,0,1,,East,2011/2012,SH 22,OIRA ROAD,,Serious Crash,Yes,2012,,West,,0,,Flat,,,,,,Twilight,807200,0,0,0,2,,,0,,,,,,Auckland Region,Nil,2-way,Sealed,,0,1,,100,,Off,0,0,,76,Auckland,Nil,,,,,0,0,Open,1,,,Light rain,Null
1753599,5928808,1256791,,508411,0,,0,0,,Null,2011/2012,GLENFIELD ROAD,MANUKA ROAD,,Serious Crash,No,2012,,South,,0,,Flat,,,,,,Bright sun,184300,0,0,1,2,,,0,,,,,,Auckland Region,Nil,2-way,Sealed,,0,1,,50,,Off,0,0,,76,Auckland,Traffic Signals,,,,,0,0,Urban,0,,,Fine,Null
1769817,5914619,1256814,,522722,0,0,0,3,0,North,2011/2012,AVIEMORE DRIVE,HIGHLAND PARK DRIVE,,Serious Crash,No,2012,0,North,0,0,0,Flat,0,,0,,0,Dark,681308,0,0,0,2,0,0,0,0,1,,0,0,Auckland Region,Nil,2-way,Sealed,0,0,1,0,50,0,On,0,0,,76,Auckland,Nil,0,0,0,0,0,0,Urban,0,0,0,Fine,Null
1758971,5920416,1256825,,515902,0,,0,1,,Null,2012/2013,SH 16,GLADSTONE ROAD,,Serious Crash,Yes,2012,,South,,0,,Hill Road,,,,,,Bright sun,453200,0,0,0,2,,,0,,,,,,Auckland Region,Nil,2-way,Sealed,,0,1,,50,,Off,1,0,,76,Auckland,Give way,,,,,0,0,Urban,0,,,Fine,Null
1744192,5974700,1256836,,506661,0,,0,1,,North,2011/2012,SH 1N,L PHILLIPS ROAD,,Serious Crash,Yes,2012,,North,,0,,Hill Road,,,,,,Overcast,138900,1,0,0,3,,,0,,,,,,Auckland Region,Nil,2-way,Sealed,,0,1,,80,,None,0,0,,76,Auckland,Nil,,,,,1,0,Open,0,,,Heavy rain,Null
1762396,5906111,1256892,,524302,1,,0,1,,East,2012/2013,SKIPTON ST,HADDON ST,,Serious Crash,No,2012,,East,,0,,Flat,,,,,,Dark,744700,0,0,0,2,,,0,,,,,,Auckland Region,Nil,2-way,Sealed,,0,1,,50,,On,0,0,,76,Auckland,Nil,,,,,0,0,Urban,0,,,Fine,Null
1752880,5916612,1257041,,517901,0,,0,1,,Null,2011/2012,NEW NORTH ROAD,MOUNT ALBERT ROAD,,Serious Crash,No,2012,,South,,0,,Hill Road,,,,,,Bright sun,524800,0,0,0,1,,,0,,,1,,,Auckland Region,Nil,1-way,Sealed,,0,1,,50,,Off,0,0,,76,Auckland,Traffic Signals,,,,,0,0,Urban,0,,,Fine,Null
1768157,5907747,1257236,,523711,0,0,0,1,0,East,2012/2013,ORMISTON ROAD,PRESTON ROAD,,Fatal Crash,No,2012,0,West,0,1,0,Flat,0,,0,,0,Bright sun,713600,2,0,0,3,0,0,0,0,0,,0,1,Auckland Region,Nil,2-way,Sealed,0,0,0,0,50,0,Off,1,0,,76,Auckland,Nil,0,0,0,0,0,0,Urban,0,0,0,Fine,Null
1769629,5883590,1257243,,521111,0,,0,1,,North,2011/2012,CAPE HILL ROAD,NORTHVALE PLACE,,Serious Crash,No,2012,,South,,0,,Hill Road,,,,,,Overcast,826700,0,0,0,2,,,0,,,,,,Auckland Region,Nil,2-way,Sealed,,0,1,,100,,None,0,0,,76,Auckland,Nil,,,,,1,0,Open,0,,,Light rain,Null
1744064,5922578,1257253,,513512,0,,0,0,,Null,2011/2012,ROYAL ROAD,VADAM ROAD,,Serious Crash,No,2012,,East,,0,,Flat,,,,,,Overcast,225501,0,0,1,3,,,0,,,,,,Auckland Region,Nil,2-way,Sealed,,0,1,,50,,Off,0,0,,76,Auckland,Give way,,,,,0,0,Urban,1,,,Fine,Null
1758860,5913832,1257261,,519300,0,0,0,1,0,North,2012/2013,GRAND DRIVE,CAMPBELL ROAD,,Serious Crash,No,2012,0,South,0,0,0,Hill Road,0,,0,,0,Dark,624900,0,0,0,2,0,0,0,0,0,,0,1,Auckland Region,Nil,2-way,Sealed,0,0,1,0,50,0,None,0,0,,76,Auckland,Nil,0,0,0,0,0,0,Urban,0,0,0,Light rain,Null
1762523,5906615,1257316,,524302,0,0,0,1,0,Null,2013/2014,RAGLAN ST,WINTHROP WAY,,Serious Crash,No,2013,0,North,0,0,0,Flat,0,,0,,0,Dark,744000,0,0,0,2,0,0,0,0,0,,0,0,Auckland Region,Nil,2-way,Sealed,0,0,1,0,50,0,On,0,0,,76,Auckland,Give way,0,0,0,1,0,0,Urban,0,0,0,Light rain,Null
1746760,5942605,1257385,,506300,0,,0,2,,North,2012/2013,DAIRY FLAT HIGHWAY,HORSESHOE BUSH ROAD,,Serious Crash,No,2012,,South,,0,,Flat,,,,,,Overcast,175903,1,0,0,2,,,0,,,,,,Auckland Region,Nil,2-way,Sealed,,0,2,,100,,Off,0,0,,76,Auckland,Nil,,,,,0,0,Open,0,,,Fine,Null
1726654,5978697,1257386,,506613,0,0,0,1,0,East,2012/2013,RUN ROAD,PAH HILL ROAD,,Serious Crash,No,2012,0,West,0,0,0,Flat,0,,0,,0,Dark,145000,0,0,0,2,0,0,0,0,0,,0,0,Auckland Region,Nil,2-way,Sealed,0,0,1,0,100,0,None,0,0,,76,Auckland,Nil,0,0,0,1,0,0,Open,0,0,0,Fine,Null
1754689,5875297,1257397,,526105,0,,0,1,,Null,2011/2012,COLOMBO ROAD,VICTORIA AVENUE,,Serious Crash,No,2012,,North,,0,,Flat,,,,,,Twilight,835502,0,0,1,2,,,0,,,,,,Auckland Region,Nil,2-way,Sealed,,0,1,,50,,Off,0,0,,76,Auckland,Nil,,,,,0,0,Urban,0,,,Light rain,Null
1758831,5884231,1257458,,521152,0,,0,2,,East,2013/2014,GLENBROOK ROAD,GLENVALE WAY,,Serious Crash,No,2013,,East,,0,,Flat,,,,,,Bright sun,812500,0,0,0,2,,,0,,,,,,Auckland Region,Nil,2-way,Sealed,,0,2,,100,,None,0,0,,76,Auckland,Nil,,,,,0,0,Open,0,,,Fine,Null
1753588,5918374,1257495,,515431,0,,0,1,,West,2012/2013,GREAT NORTH ROAD,ST LUKES ROAD,,Serious Crash,No,2013,,East,,0,,Flat,,,,,,Bright sun,397600,2,0,0,4,,,0,,,3,,,Auckland Region,Nil,2-way,Sealed,,0,1,,50,,Off,0,0,,76,Auckland,Nil,,,,,0,0,Urban,0,,,Fine,Null
1751143,5932298,1257507,,508807,0,0,0,1,0,Null,2011/2012,ALBANY HIGHWAY,ROSEDALE ROAD,,Serious Crash,No,2012,0,West,0,0,0,Flat,0,,0,,0,Dark,180301,0,0,0,2,0,0,0,0,0,,0,1,Auckland Region,Nil,2-way,Sealed,0,0,1,0,50,0,On,0,0,,76,Auckland,Give way,0,0,0,0,0,0,Urban,0,0,0,Fine,Null
1747861,5944589,1257812,,506201,0,0,0,1,0,South,2012/2013,DAIRY FLAT HIGHWAY,PINE VALLEY ROAD,,Serious Crash,No,2013,0,South,0,0,0,Flat,0,Easter,0,,0,Overcast,176700,0,0,0,2,0,0,0,0,0,,0,1,Auckland Region,Nil,2-way,Sealed,0,0,1,0,100,0,Off,0,0,,76,Auckland,Nil,0,1,0,0,0,0,Open,0,0,0,Light rain,Null
1753981,5929363,1257824,,508420,0,,0,1,,Null,2011/2012,WAIRAU ROAD,ELLICE ROAD,,Serious Crash,No,2012,,East,,0,,Flat,,,,,,Bright sun,183100,0,0,1,3,,,0,,,,,,Auckland Region,Nil,2-way,Sealed,,0,1,,50,,Off,0,0,,76,Auckland,Nil,,,,,0,0,Urban,0,,,Fine,Null
1768847,5900853,1257845,,525001,0,,0,1,,North,2013/2014,Z CPK SOUTHMALL,WEYMOUTH ROAD,,Serious Crash,No,2013,,East,,0,,Flat,,,,,,Dark,751600,0,0,0,2,,,0,,,1,,,Auckland Region,Nil,Off road,Sealed,,0,1,,50,,None,0,0,,76,Auckland,Nil,,,,,0,0,Urban,0,,,Light rain,Null
1820846,5980025,1257907,,521000,0,,0,0,,Null,2013/2014,MAUNGATAWHIRI ROAD,SCHOONER BAY ROAD,,Serious Crash,No,2013,,North,,0,,Hill Road,,,,,,Bright sun,439200,1,0,0,1,,,0,,,2,,,Auckland Region,Nil,2-way,Unsealed,,0,1,,50,,Null,0,0,,76,Auckland,Nil,,,,,0,0,Urban,1,,,Fine,Null
1767739,5900760,1257972,35,525001,0,,0,2,,South,2012/2013,MCKEAN AVENUE,RUSSELL ROAD,,Serious Crash,No,2013,,South,,0,,Flat,,,,,,Twilight,752300,1,0,0,2,,,0,,,,,,Auckland Region,Nil,2-way,Sealed,,0,1,,50,,On,0,0,,76,Auckland,Nil,,,,,0,0,Urban,0,,,Fine,Null
1760529,5915060,1258129,,520202,0,,0,1,,South,2011/2012,GREAT SOUTH ROAD,GARLAND ROAD,,Serious Crash,No,2012,,South,,0,,Flat,,,,,,Bright sun,611500,0,0,0,4,,,0,,,1,,,Auckland Region,Nil,2-way,Sealed,,0,1,,50,,Off,0,0,,76,Auckland,Nil,,,,,0,0,Urban,0,,,Fine,Null
1767484,5912074,1258154,,522910,0,0,0,1,0,South,2012/2013,TI RAKAU DRIVE,EDGEWATER DRIVE S,,Serious Crash,No,2012,0,South,0,0,0,Flat,0,,0,,0,Dark,686502,1,0,0,4,0,0,0,0,0,,0,0,Auckland Region,Nil,2-way,Sealed,0,0,1,0,50,0,On,0,0,,76,Auckland,Nil,1,0,0,1,0,0,Urban,0,0,0,Fine,Null
1769958,5909964,1258172,,523113,0,0,0,1,0,North,2013/2014,TE IRIRANGI DRIVE,SMALES ROAD,,Serious Crash,No,2013,0,North,0,0,0,Flat,0,,0,,0,Dark,711730,0,0,0,4,0,0,0,0,0,,0,0,Auckland Region,Nil,2-way,Sealed,0,0,1,0,80,0,On,0,0,,76,Auckland,Nil,1,0,0,0,0,0,Open,0,0,0,Fine,Null
1766819,5899967,1258182,,524713,0,,0,2,,West,2013/2014,WEYMOUTH ROAD,SYKES ROAD,,Serious Crash,No,2013,,West,,0,,Flat,,,,,,Bright sun,775805,3,0,0,2,,,0,,,,,,Auckland Region,Nil,2-way,Sealed,,0,1,,50,,Off,0,0,,76,Auckland,Nil,,,,,0,0,Urban,0,,,Fine,Null
1748052,5962136,1258203,,506613,0,,0,0,,North,2012/2013,SH 1N,SCHOLLUM ACCESS ROAD,,Serious Crash,Yes,2013,,North,,0,,Flat,,,,,,Bright sun,146800,0,0,0,3,,,0,,,,,,Auckland Region,Nil,2-way,Sealed,,0,1,,100,,Off,1,0,,76,Auckland,Nil,,,,,1,0,Open,0,,,Fine,Null
1745613,5919961,1258350,,513301,0,0,0,0,0,East,2012/2013,PARAMOUNT DRIVE,LINCOLN ROAD,,Serious Crash,No,2013,0,East,0,0,0,Flat,0,,0,,0,Dark,230401,0,0,0,2,0,0,0,0,0,,0,1,Auckland Region,Nil,2-way,Sealed,0,0,1,0,50,0,On,1,0,,76,Auckland,Nil,0,0,0,1,0,0,Urban,0,0,0,Light rain,Null
1745415,5920363,1258603,,513301,1,,0,1,,East,2013/2014,CENTRAL PARK DRIVE,LINCOLN ROAD,,Serious Crash,No,2013,,West,,0,,Flat,,,,,,Bright sun,230301,0,0,0,3,,,0,,,,,,Auckland Region,Nil,2-way,Sealed,,0,1,,50,,Off,0,0,,76,Auckland,Nil,,,,,0,0,Urban,0,,,Fine,Null
1773555,5891847,1258619,,521301,0,,0,1,,West,2012/2013,WAIHOEHOE ROAD,FLANAGAN ROAD,,Serious Crash,No,2012,,East,,0,,Hill Road,,Christmas New Year,,,,Bright sun,809006,2,0,0,2,,,0,,,,,,Auckland Region,Nil,2-way,Sealed,,0,2,,50,,Off,0,0,,76,Auckland,Nil,,,,,0,0,Urban,1,,,Fine,Null
1757798,5920490,1258655,,514103,0,,0,1,,Null,2013/2014,WATERLOO QUADRANT,PRINCES ST,,Serious Crash,No,2013,,North,,0,,Flat,,,,,,Dark,437200,0,0,0,6,,,0,,,1,,,Auckland Region,Nil,2-way,Sealed,,0,1,,50,,On,0,0,,76,Auckland,Traffic Signals,,,,,0,0,Urban,0,,,Light rain,Null
1761190,5917335,1258741,,516202,0,,0,2,,North,2013/2014,UPLAND ROAD,VENTNOR ROAD,,Serious Crash,No,2013,,South,,0,,Hill Road,,,,,,Dark,488300,0,0,0,2,,,0,,,,,,Auckland Region,Nil,2-way,Sealed,,0,1,,50,,On,0,0,,76,Auckland,Nil,,,,,0,0,Urban,0,,,Fine,Null
1747102,5926866,1258782,,513410,0,0,0,1,1,East,2013/2014,OCKLESTON LANDING,CLARKS LANE,,Serious Crash,No,2013,0,East,0,0,0,Flat,0,,0,,0,Dark,221801,1,0,0,2,0,0,0,0,0,,0,0,Auckland Region,Nil,2-way,Sealed,0,0,1,0,50,0,On,0,0,,76,Auckland,Nil,0,0,0,0,0,0,Urban,0,0,0,Fine,Null
1755595,5944237,1258974,,505909,0,,0,2,,Null,2012/2013,WHANGAPARAOA ROAD,KAREPIRO DRIVE,,Serious Crash,No,2013,,West,,0,,Hill Road,,,,,,Bright sun,174007,1,0,0,2,,,0,,,,,,Auckland Region,Nil,2-way,Sealed,,0,1,,50,,Off,0,0,,76,Auckland,Give way,,,,,0,0,Urban,0,,,Fine,Null
1773497,5908069,1258986,,523202,0,0,0,1,0,Null,2013/2014,SANDSTONE ROAD,CALDWELLS ROAD,,Serious Crash,No,2013,0,West,0,0,0,Hill Road,0,,0,,0,Bright sun,712227,0,0,0,3,0,0,0,0,0,,0,1,Auckland Region,Nil,2-way,Sealed,0,0,1,0,100,0,Off,0,0,,76,Auckland,Nil,0,0,0,1,1,0,Open,0,0,0,Fine,Null
1769057,5880780,1259306,,525922,0,,0,1,,West,2012/2013,HARRIS ST,ROULSTON ST,,Serious Crash,No,2012,,East,,0,,Flat,,,,,,Bright sun,823300,0,0,0,2,,,0,,,1,,,Auckland Region,Nil,2-way,Sealed,,0,1,,50,,Off,0,0,,76,Auckland,Nil,,,,,0,0,Urban,0,,,Fine,Null
1761324,5906206,1259309,,524200,0,,0,1,,Null,2013/2014,MASSEY ROAD,FRIESIAN DRIVE,,Serious Crash,No,2013,,East,,0,,Flat,,,,,,Dark,728801,1,0,1,2,,,0,,,,,,Auckland Region,Nil,2-way,Sealed,,0,1,,50,,On,0,0,,76,Auckland,Nil,,,,,0,0,Urban,0,,,Fine,Null
1757028,5919451,1259569,,514102,0,,0,1,,North,2012/2013,QUEEN ST,KARANGAHAPE ROAD,,Serious Crash,No,2013,,North,,0,,Hill Road,,,,,,Bright sun,435802,0,0,0,6,,,0,,,1,,,Auckland Region,Nil,2-way,Sealed,,0,1,,50,,Off,0,0,,76,Auckland,Traffic Signals,,,,,0,0,Urban,0,,,Fine,Null
1758150,5927017,1259589,,508010,0,,0,0,,South,2012/2013,LAKE ROAD,THE STRAND,,Serious Crash,No,2012,,South,,0,,Flat,,,,,,Bright sun,324300,0,1,0,2,,,0,,,,,,Auckland Region,Nil,2-way,Sealed,,0,1,,50,,Off,0,0,,76,Auckland,Nil,,,,,1,0,Urban,0,,,Fine,Null
1748811,5917790,1259627,,514801,0,,0,2,,North,2013/2014,ROSEBANK ROAD,TIMOTHY PLACE,,Serious Crash,No,2013,,South,,0,,Flat,,,,,,Twilight,389300,1,0,0,2,,,0,,,,,,Auckland Region,Nil,2-way,Sealed,,0,1,,50,,On,0,0,,76,Auckland,Nil,,,,,0,0,Urban,0,,,Light rain,Null
1749527,5911505,1259648,,512100,0,,0,2,,West,2012/2013,GODLEY ROAD,TAUPO ST,,Serious Crash,No,2013,,West,,0,,Flat,,,,,,Bright sun,290300,0,0,0,2,,,0,,,,,,Auckland Region,Nil,2-way,Sealed,,0,1,,50,,Off,0,0,,76,Auckland,Nil,,,,,0,0,Urban,0,,,Fine,Null
1757084,5920535,1259783,,514102,0,,0,1,,East,2012/2013,VICTORIA ST WEST,HOBSON ST,,Serious Crash,No,2012,,East,,0,,Flat,,Christmas New Year,,,,Bright sun,433403,0,0,0,5,,,0,,,1,,,Auckland Region,Nil,2-way,Sealed,,0,1,,50,,Off,0,0,,76,Auckland,Nil,,,,,0,0,Urban,0,,,Fine,Null
1768098,5905121,1259988,,523722,0,0,0,1,0,Null,2011/2012,SIKKIM CRESCENT,DIORELLA DRIVE N,,Serious Crash,No,2012,0,West,0,0,0,Flat,0,,0,,1,Twilight,715904,1,0,0,2,0,0,0,0,0,1,0,0,Auckland Region,Nil,2-way,Sealed,0,0,1,0,50,0,Off,0,0,,76,Auckland,Give way,0,0,0,0,0,0,Urban,0,0,0,Fine,Null
1756719,5915511,1259991,,518301,0,,0,0,,North,2011/2012,MOUNT EDEN ROAD,WATLING ST,,Fatal Crash,No,2012,,South,,1,,Flat,,,,,,Dark,557800,0,0,0,2,,,0,,,1,,,Auckland Region,Nil,2-way,Sealed,,0,0,,50,,On,1,0,,76,Auckland,Traffic Signals,,,,,0,0,Urban,0,,,Fine,Null
1761379,5907537,1260007,,524510,0,0,0,0,0,East,2012/2013,BUCKLAND ROAD,LYNCROFT ST,,Fatal Crash,No,2012,0,West,0,1,0,Flat,0,,0,,0,Dark,736702,0,0,0,2,0,0,0,0,0,,0,0,Auckland Region,Nil,2-way,Sealed,0,0,0,0,50,0,On,1,0,,76,Auckland,Nil,0,0,0,1,0,0,Urban,0,0,0,Fine,Null
1766052,5915978,1260018,,517100,0,,0,1,,East,2012/2013,TRIPOLI ROAD,WADDELL AVENUE,,Serious Crash,No,2012,,West,,0,,Hill Road,,,,,,Overcast,479700,0,0,0,2,,,0,,,1,,,Auckland Region,Nil,2-way,Sealed,,0,1,,50,,Off,0,0,,76,Auckland,Nil,,,,,0,0,Urban,0,,,Fine,Null
1750388,5914436,1260048,,511303,0,0,0,3,0,South,2012/2013,GREAT NORTH ROAD,PORTAGE ROAD,,Serious Crash,No,2013,0,North,0,0,0,Flat,0,,0,,0,Twilight,266200,0,0,0,2,0,0,0,0,1,,0,0,Auckland Region,Nil,2-way,Sealed,0,0,1,0,50,0,On,0,0,,76,Auckland,Nil,0,0,0,0,0,0,Urban,0,0,0,Fine,Null
1729457,5964111,1260072,,506613,0,,0,1,,North,2012/2013,SH 16,KAIPARA HILLS ROAD,,Serious Crash,Yes,2013,,South,,0,,Flat,,,,,,Bright sun,146200,0,0,1,2,,,0,,,,,,Auckland Region,Nil,2-way,Sealed,,0,1,,100,,None,0,0,,76,Auckland,Nil,,,,,0,0,Open,0,,,Fine,Null
1746259,5911386,1260129,,512600,0,0,0,1,1,North,2013/2014,KONINI ROAD,SCENIC DRIVE,,Serious Crash,No,2013,0,East,0,0,0,Hill Road,0,,0,,0,Bright sun,299700,0,0,0,2,0,0,0,0,0,,0,1,Auckland Region,Nil,2-way,Sealed,0,0,1,0,50,0,Null,0,0,,76,Auckland,Unknown,0,0,0,0,0,0,Urban,0,0,0,Fine,Strong wind
1757864,5944687,1260243,,505902,0,,0,1,,West,2013/2014,WHANGAPARAOA ROAD,WALBROOK ROAD,,Fatal Crash,No,2013,,East,,1,,Flat,,,,,,Bright sun,174409,1,0,0,2,,,0,,,,,,Auckland Region,Nil,2-way,Sealed,,0,0,,50,,Off,1,0,,76,Auckland,Nil,,,,,0,0,Urban,0,,,Fine,Null
1756904,5927288,1260334,,507900,0,,0,2,,North,2012/2013,TAHAROTO ROAD,NGAIO ST,,Serious Crash,No,2012,,South,,0,,Flat,,,,,,Dark,304600,0,0,0,5,,,0,,,,,,Auckland Region,Nil,2-way,Sealed,,0,4,,50,,On,0,1,,76,Auckland,Nil,,,,,0,0,Urban,0,,,Fine,Null
1751951,5914792,1260344,,514500,0,0,0,1,0,North,2012/2013,BOLLARD AVENUE,NEW WINDSOR ROAD,,Serious Crash,No,2012,0,North,0,0,0,Hill Road,0,,0,,0,Dark,377600,0,0,0,2,0,0,0,0,1,,0,0,Auckland Region,Nil,2-way,Sealed,0,0,1,0,50,0,On,0,0,,76,Auckland,Nil,0,0,0,0,0,0,Urban,1,0,0,Fine,Null
1768341,5900719,1260437,,525001,0,0,0,1,1,Null,2012/2013,RUSSELL ROAD,LUPTON ROAD,,Serious Crash,No,2013,0,East,0,0,0,Hill Road,0,,0,,0,Dark,752400,1,0,0,2,0,1,0,0,0,,0,0,Auckland Region,Nil,2-way,Sealed,0,0,1,0,50,0,On,0,0,,76,Auckland,Stop,0,0,0,0,0,0,Urban,0,0,0,Mist or Fog,Null
1757475,5920387,1260459,,514103,0,,0,1,,East,2011/2012,VICTORIA ST EAST,LORNE ST,,Serious Crash,No,2012,,West,,0,,Hill Road,,,,,,Bright sun,437102,0,0,0,3,,,0,,,1,,,Auckland Region,Nil,2-way,Sealed,,0,1,,50,,Off,0,1,,76,Auckland,Nil,,,,,0,0,Urban,0,,,Fine,Null
1737524,5920624,1260476,,513702,0,,0,1,,Null,2011/2012,WAITAKERE ROAD,BETHELLS ROAD,,Serious Crash,No,2012,,North,,0,,Flat,,,,,,Twilight,229900,1,0,0,2,,,0,,,,,,Auckland Region,Nil,2-way,Sealed,,0,1,,70,,Off,1,0,,76,Auckland,Give way,,,,,0,0,Urban,0,,,Fine,Null
1756774,5920184,1260526,,514102,0,,0,1,,Null,2013/2014,COOK ST,NELSON ST,,Serious Crash,No,2013,,East,,0,,Flat,,,,,,Dark,434500,0,0,1,5,,,0,,,,,,Auckland Region,Nil,2-way,Sealed,,0,1,,50,,On,0,0,,76,Auckland,Traffic Signals,,,,,0,0,Urban,0,,,Light rain,Null
1743469,5915414,1260692,,513012,0,,0,0,,East,2012/2013,HENDERSON VALLEY ROAD,CANDIA ROAD,,Serious Crash,No,2013,,South,,0,,Flat,,,,,,Overcast,281101,1,0,0,2,,,0,,,,,,Auckland Region,Nil,2-way,Sealed,,0,1,,50,,Off,0,0,,76,Auckland,Nil,,,,,1,0,Urban,1,,,Fine,Null
1747179,5920213,1260964,,512300,0,0,0,1,0,Null,2011/2012,TE ATATU ROAD,OLD TE ATATU ROAD,,Serious Crash,No,2012,0,East,0,0,0,Hill Road,1,,0,,0,Dark,252000,0,0,0,2,0,0,0,0,0,,0,0,Auckland Region,Nil,2-way,Sealed,0,0,1,0,50,0,On,0,0,,76,Auckland,Traffic Signals,0,0,0,0,0,0,Urban,0,0,0,Light rain,Null
1765921,5905622,1261016,,522400,0,,0,2,,Null,2012/2013,CARRUTH ROAD,VICTORIA ROAD,,Serious Crash,No,2012,,East,,0,,Flat,,,,,,Overcast,671801,1,0,0,2,,,0,,,,,,Auckland Region,Nil,2-way,Sealed,,0,1,,50,,Off,0,0,,76,Auckland,Stop,,,,,0,0,Urban,0,,,Fine,Null
1758818,5905572,1261091,,524200,0,,0,2,,Null,2013/2014,SH 20A,MONTGOMERIE ROAD,,Serious Crash,Yes,2013,,South,,0,,Flat,,,,,,Dark,727600,5,0,0,5,,,0,,,,,,Auckland Region,Nil,2-way,Sealed,,0,2,,100,,On,0,0,,76,Auckland,Traffic Signals,,,,,0,0,Open,0,,,Fine,Null
1758333,5928610,1261191,,507800,0,0,0,2,0,North,2013/2014,KITCHENER ROAD,ERIC PRICE AVENUE,,Serious Crash,No,2013,0,North,0,0,0,Flat,0,,0,,0,Overcast,308900,0,0,0,2,0,0,0,0,1,,0,0,Auckland Region,Nil,2-way,Sealed,0,0,1,0,50,0,Off,0,0,,76,Auckland,Nil,0,0,0,0,0,0,Urban,0,0,0,Light rain,Null
1768339,5905478,1261321,,523722,0,0,0,1,0,West,2013/2014,BOUNDARY ROAD,OTHELLO DRIVE,,Serious Crash,No,2013,0,West,0,0,0,Flat,0,,0,,0,Dark,715704,0,0,0,2,0,0,0,0,0,,0,1,Auckland Region,Nil,2-way,Sealed,0,0,1,0,50,0,On,0,0,,76,Auckland,Nil,0,0,0,0,0,0,Urban,0,0,0,Fine,Null
1763329,5909543,1261351,,521901,0,0,0,0,1,Null,2014/2015,SALEYARDS ROAD,STATION ROAD,,Serious Crash,No,2014,0,South,0,0,0,Flat,0,,0,,0,Twilight,783000,1,0,0,2,0,0,0,0,0,,0,0,Auckland Region,Nil,2-way,Sealed,0,0,1,0,50,0,On,0,0,,76,Auckland,Traffic Signals,0,0,0,0,0,0,Urban,1,0,0,Fine,Null