X,Y,OBJECTID,advisorySpeed,areaUnitID,bicycle,bridge,bus,carStationWagon,cliffBank,crashDirectionDescription,crashFinancialYear,crashLocation1,crashLocation2,crashRoadSideRoad,crashSeverity,crashSHDescription,crashYear,debris,directionRoleDescription,ditch,fatalCount,fence,flatHill,guardRail,holiday,houseOrBuilding,intersection,kerb,light,meshblockId,minorInjuryCount,moped,motorcycle,NumberOfLanes,objectThrownOrDropped,otherObject,otherVehicleType,overBank,parkedVehicle,pedestrian,phoneBoxEtc,postOrPole,region,roadCharacter,roadLane,roadSurface,roadworks,schoolBus,seriousInjuryCount,slipOrFlood,speedLimit,strayAnimal,streetLight,suv,taxi,temporarySpeedLimit,tlaId,tlaName,trafficControl,trafficIsland,trafficSign,train,tree,truck,unknownVehicleType,urban,vanOrUtility,vehicle,waterRiver,weatherA,weatherB
1766736,5908095,1270449,,523501,0,,0,1,,West,2015/2016,TOSO WAY,ALEXANDER CRESCENT,,Serious Crash,No,2016,,West,,0,,Flat,,,,,,Bright sun,700601,0,0,0,2,,,0,,,1,,,Auckland Region,Nil,2-way,Sealed,,0,1,,50,,Null,0,0,,76,Auckland,Unknown,,,,,0,0,Urban,0,,,Fine,Null
1756997,5918890,1270451,,514301,0,,0,0,,North,2015/2016,SYMONDS ST,HOHIPERE ST,,Serious Crash,No,2016,,South,,0,,Flat,,,,,,Overcast,441502,0,0,0,3,,,1,,,1,,,Auckland Region,Nil,1-way,Sealed,,0,1,,50,,Null,0,0,,76,Auckland,Traffic Signals,,,,,0,0,Urban,0,,,Light rain,Null
1755069,5931484,1270482,,508520,1,,0,1,,Null,2015/2016,SUNSET ROAD,JUNIPER ROAD,,Serious Crash,No,2015,,South,,0,,Flat,,,,,,Overcast,191901,0,0,0,,,,0,,,,,,Auckland Region,Nil,Null,Sealed,,0,1,,50,,Off,0,0,,76,Auckland,Give way,,,,,0,0,Urban,0,,,Light rain,Null
1753020,5946880,1270563,,505906,0,,0,2,,East,2014/2015,WHANGAPARAOA ROAD,MARELLEN DRIVE,,Fatal Crash,No,2015,,East,,1,,Hill Road,,,,,,Dark,173803,2,0,0,5,,,0,,,,,,Auckland Region,Nil,2-way,Sealed,,0,0,,60,,On,0,0,,76,Auckland,Nil,,,,,0,0,Urban,0,,,Fine,Null
1759078,5917500,1270583,,516001,0,,0,1,,Null,2014/2015,REMUERA ROAD,BASSETT ROAD,,Serious Crash,No,2015,,South,,0,,Flat,,,,,,Dark,491200,0,0,1,2,,,0,,,,,,Auckland Region,Nil,2-way,Sealed,,0,1,,50,,On,0,0,,76,Auckland,Traffic Signals,,,,,0,0,Urban,0,,,Fine,Null
1751155,5915877,1270641,,514401,0,,0,2,,South,2015/2016,GREAT NORTH ROAD,VICTOR ST,,Serious Crash,No,2016,,North,,0,,Flat,,,,,,Overcast,381801,0,0,1,4,,,0,,,,,,Auckland Region,Nil,2-way,Sealed,,0,1,,50,,Null,0,0,,76,Auckland,Traffic Signals,,,,,0,0,Urban,0,,,Fine,Null
1788080,5908599,1270648,55,525202,0,,0,2,,West,2016/2017,CLEVEDON-KAWAKAWA ROAD,TOWNSON ROAD,,Fatal Crash,No,2016,,West,,1,,Flat,,,,,,Overcast,764800,1,0,0,2,,,0,,,,,,Auckland Region,Nil,2-way,Sealed,,0,0,,100,,Null,0,0,,76,Auckland,Unknown,,,,,0,0,Open,0,,,Light rain,Null
1757015,5927170,1270669,,507900,0,,0,0,,South,2016/2017,TAHAROTO ROAD,KARAKA ST,,Fatal Crash,No,2016,,North,,1,,Flat,,Christmas New Year,,,,Overcast,304800,0,0,0,5,,,0,,,1,,,Auckland Region,Nil,2-way,Sealed,,0,0,,50,,Null,0,0,,76,Auckland,Nil,,,,,0,0,Urban,1,,,Fine,Null
1755613,5915864,1270674,,518301,1,,0,0,,North,2015/2016,DOMINION ROAD,CARMEN AVENUE,,Serious Crash,No,2016,,North,,0,,Flat,,,,,,Bright sun,553900,1,0,0,2,,,0,,,1,,,Auckland Region,Nil,2-way,Sealed,,0,1,,50,,Null,0,0,,76,Auckland,Unknown,,,,,0,0,Urban,0,,,Fine,Null
1767260,5887942,1270714,,521122,0,,0,0,,South,2015/2016,SH 22,GLENBROOK ROAD,,Serious Crash,Yes,2016,,North,,0,,Flat,,,,,,Bright sun,812800,0,1,0,2,,,0,,,,,,Auckland Region,Nil,2-way,Sealed,,0,1,,100,,Null,0,0,,76,Auckland,Unknown,,,,,0,0,Open,0,,,Fine,Null
1757056,5921065,1270753,,514101,0,,0,1,,West,2015/2016,CUSTOMS ST WEST,MARKET PLACE,,Serious Crash,No,2015,,East,,0,,Flat,,,,,,Bright sun,433004,1,0,0,2,,,0,,,2,,,Auckland Region,Nil,2-way,Sealed,,0,1,,50,,Off,0,0,,76,Auckland,Unknown,,,,,0,0,Urban,0,,,Fine,Null
1759861,5917981,1270785,,516102,0,0,0,1,1,East,2015/2016,SCHERFF ROAD,BELL ROAD,,Fatal Crash,No,2015,0,West,0,1,0,Hill Road,0,,0,,0,Dark,482900,0,0,0,2,0,0,0,0,0,,0,0,Auckland Region,Nil,2-way,Sealed,0,0,0,0,50,0,On,0,0,,76,Auckland,Give way,0,0,0,0,0,0,Urban,0,0,0,Fine,Null
1749082,5913474,1270948,,511401,0,0,0,1,0,West,2015/2016,TITIRANGI ROAD,GARDNER AVENUE,,Serious Crash,No,2015,0,East,0,0,0,Flat,0,,0,,0,Overcast,263700,0,0,0,2,0,0,0,0,1,,0,0,Auckland Region,Nil,2-way,Sealed,0,0,1,0,50,0,Null,1,0,,76,Auckland,Unknown,0,0,0,0,0,0,Urban,0,0,0,Light rain,Null
1745051,5919779,1270964,,513301,1,,0,1,,Null,2014/2015,UNIVERSAL DRIVE,TUDOR ROAD,,Fatal Crash,No,2015,,West,,1,,Hill Road,,,,,,Bright sun,232001,0,0,0,2,,,0,,,,,,Auckland Region,Nil,2-way,Sealed,,0,0,,50,,Null,0,0,,76,Auckland,Give way,,,,,0,0,Urban,0,,,Fine,Null
1755350,5913383,1271146,,518803,0,0,0,2,0,South,2014/2015,SOMERSET ROAD,BRISTOL ROAD,,Serious Crash,No,2015,0,West,0,0,0,Flat,0,,0,,0,Overcast,582700,0,0,0,2,0,0,0,0,1,1,0,0,Auckland Region,Nil,2-way,Sealed,0,0,1,0,50,0,Off,0,0,,76,Auckland,Nil,0,0,0,0,0,0,Urban,0,0,0,Heavy rain,Null
1768989,5902891,1271148,,523820,0,,0,1,,Null,2015/2016,EVERGLADE DRIVE,EUGENIA RISE,,Serious Crash,No,2015,,South,,0,,Flat,,,,,,Bright sun,760122,1,0,0,1,,,0,,,,,,Auckland Region,Nil,1-way,Sealed,,0,1,,50,,Null,0,0,,76,Auckland,Give way,,,,,1,0,Urban,0,,,Fine,Null
1775448,5889412,1271220,,521301,0,,0,1,,Null,2014/2015,QUARRY ROAD,FITZGERALD ROAD,,Serious Crash,No,2015,,East,,0,,Flat,,,,,,Bright sun,809103,0,0,0,2,,,0,,,,,,Auckland Region,Nil,2-way,Sealed,,0,1,,80,,Null,0,0,,76,Auckland,Give way,,,,,1,0,Open,0,,,Fine,Null
1742718,5887737,1271253,,521151,0,0,0,0,1,South,2014/2015,AWHITU ROAD,BARTHOW ROAD,,Serious Crash,No,2015,0,South,0,0,0,Flat,0,,0,,0,Twilight,830100,0,0,1,2,0,0,0,0,0,,0,0,Auckland Region,Nil,2-way,Sealed,0,0,1,0,100,0,None,0,0,,76,Auckland,Unknown,0,0,0,0,0,0,Open,0,0,0,Fine,Null
1768057,5886098,1271308,,521122,0,,0,0,,South,2015/2016,SH 22,WESLEY COLLEGE SOUTH,,Serious Crash,Yes,2016,,North,,0,,Flat,,,,,,Dark,812900,1,0,0,2,,,0,,,,,,Auckland Region,Nil,2-way,Sealed,,0,2,,100,,None,1,0,,76,Auckland,Unknown,,,,,1,0,Open,0,,,Light rain,Null
1754354,5919839,1271352,,515410,1,,0,0,,Null,2015/2016,RICHMOND ROAD,REGINA ST,,Serious Crash,No,2015,,East,,0,,Hill Road,,,,,,Bright sun,402200,0,0,0,3,,,0,,,,,,Auckland Region,Nil,2-way,Sealed,,0,1,,50,,Null,0,0,,76,Auckland,Stop,,,,,0,0,Urban,1,,,Fine,Null
1770576,5916423,1271377,,522601,0,0,0,1,0,North,2015/2016,MACLEANS ROAD,RICHARD AVENUE,,Serious Crash,No,2015,0,North,0,0,0,Flat,0,,0,,0,Bright sun,678100,1,0,0,2,0,0,0,0,0,,0,1,Auckland Region,Nil,2-way,Sealed,0,0,1,0,50,0,Null,0,0,,76,Auckland,Unknown,0,0,0,0,0,0,Urban,0,0,0,Fine,Null
1768191,5905253,1271379,,523722,0,,0,1,,East,2015/2016,TE IRIRANGI DRIVE,SANDRINE AVENUE,,Serious Crash,No,2015,,East,,0,,Flat,,,,,,Bright sun,715704,0,0,1,2,,,0,,,,,,Auckland Region,Nil,2-way,Sealed,,0,1,,50,,Null,0,0,,76,Auckland,Unknown,,,,,0,0,Urban,0,,,Fine,Null
1756989,5920338,1271525,,514102,0,,0,1,,Null,2015/2016,HOBSON ST,WELLESLEY ST WEST,,Serious Crash,No,2016,,South,,0,,Flat,,,,,,Dark,434101,0,0,0,5,,,0,,,1,,,Auckland Region,Nil,1-way,Sealed,,0,1,,50,,On,0,0,,76,Auckland,Traffic Signals,,,,,0,0,Urban,0,,,Fine,Null
1772920,5895836,1271640,,525410,0,,0,1,,Null,2016/2017,OPAHEKE ROAD,CHAPEL ST,,Serious Crash,No,2017,,North,,0,,Flat,,,,,,Bright sun,793200,0,0,1,2,,,0,,,,,,Auckland Region,Nil,2-way,Sealed,,0,1,,50,,Null,0,0,,76,Auckland,Stop,,,,,0,0,Urban,0,,,Fine,Null
1756053,5875856,1271657,65,521152,0,0,0,2,0,North,2016/2017,WAIUKU ROAD,MASTERS ROAD,,Serious Crash,No,2016,0,West,1,0,0,Hill Road,0,,0,,0,Dark,832900,1,0,0,2,0,0,0,0,0,,0,0,Auckland Region,Nil,2-way,Sealed,0,0,1,0,100,0,None,0,0,,76,Auckland,Unknown,0,0,0,0,0,0,Open,0,0,0,Fine,Null
1757756,5918300,1271660,,515700,1,,0,1,,Null,2015/2016,MOUNTAIN ROAD,SECCOMBES ROAD,,Serious Crash,No,2016,,North,,0,,Flat,,,,,,Bright sun,443200,0,0,0,2,,,0,,,,,,Auckland Region,Nil,2-way,Sealed,,0,1,,50,,Null,0,0,,76,Auckland,Give way,,,,,0,0,Urban,0,,,Fine,Null
1743568,5975541,1271699,,506661,0,,0,1,,North,2016/2017,SH 1N,WAIWHIU ROAD,,Serious Crash,Yes,2017,,North,,0,,Flat,,,,,,Dark,138900,2,0,0,2,,,0,,,,,,Auckland Region,Nil,2-way,Sealed,,0,1,,80,,None,0,0,,76,Auckland,Unknown,,,,,0,0,Open,1,,,Mist or Fog,Null
1760933,5915245,1271709,,520201,0,0,0,2,0,North,2017/2018,SH 1N,MAIN OBR,,Serious Crash,Yes,2017,0,North,0,0,0,Flat,0,,0,,0,Dark,613500,0,0,0,3,0,0,0,0,0,1,0,0,Auckland Region,Nil,1-way,Sealed,0,0,2,0,100,0,On,0,0,,76,Auckland,Unknown,0,0,0,0,0,0,Open,0,1,0,Fine,Null
1755241,5924721,1271756,,509800,0,,0,1,,West,2015/2016,ONEWA ROAD,WOODSIDE AVENUE,,Serious Crash,No,2016,,East,,0,,Flat,,,,,,Bright sun,361600,0,0,0,3,,,0,,,1,,,Auckland Region,Nil,2-way,Sealed,,0,1,,50,,Null,0,0,,76,Auckland,Give way,,,,,0,0,Urban,0,,,Fine,Null
1749920,5914020,1271814,,511303,0,,0,1,,East,2016/2017,GREAT NORTH ROAD,DELTA AVENUE,,Serious Crash,No,2017,,West,,0,,Flat,,,,,,Bright sun,266000,0,1,0,4,,,0,,,,,,Auckland Region,Nil,2-way,Sealed,,0,1,,50,,Null,0,0,,76,Auckland,Nil,,,,,0,0,Urban,0,,,Fine,Null
1767368,5907426,1271817,,523602,0,0,0,1,0,North,2016/2017,COBHAM CRESCENT,CROWN CRESCENT,,Serious Crash,No,2017,0,South,0,0,0,Flat,0,,0,,0,Dark,709700,0,0,0,2,0,0,0,0,0,,0,1,Auckland Region,Nil,2-way,Sealed,0,0,1,0,50,0,On,0,0,,76,Auckland,Unknown,0,0,0,0,0,0,Urban,0,0,0,Fine,Null
1759858,5924423,1271824,,509300,0,0,0,3,0,North,2017/2018,LAKE ROAD,OLD LAKE ROAD,,Serious Crash,No,2017,0,South,0,0,0,Flat,0,,0,,0,Bright sun,340200,0,0,0,2,0,0,0,0,2,,0,0,Auckland Region,Nil,2-way,Sealed,0,0,1,0,50,0,Null,0,0,,76,Auckland,Unknown,0,0,0,0,0,0,Urban,0,0,0,Fine,Null
1759878,5907388,1271826,,524121,0,,0,2,,Null,2017/2018,BADER DRIVE,BADER OFF NBD,,Serious Crash,No,2017,,North,,0,,Hill Road,,,,,,Twilight,737600,1,0,0,2,,,0,,,,,,Auckland Region,Bridge,2-way,Sealed,,0,1,,50,,On,0,0,,76,Auckland,Stop,,,,,0,0,Urban,0,,,Fine,Null
1764279,5908979,1271829,,521901,0,0,0,1,1,Null,2016/2017,GREAT SOUTH ROAD,MANGERE ROAD,,Fatal Crash,No,2017,0,North,0,1,0,Hill Road,0,,0,,1,Dark,785200,0,0,0,5,0,0,0,0,0,,0,0,Auckland Region,Nil,2-way,Sealed,0,0,0,0,50,0,On,0,0,,76,Auckland,Traffic Signals,0,0,0,0,0,0,Urban,0,0,0,Mist or Fog,Null
1765233,5904764,1271943,,522400,0,0,0,0,0,Null,2017/2018,CLENDON AVENUE,PUHINUI ROAD,,Serious Crash,No,2017,0,West,0,0,0,Flat,1,,0,,0,Bright sun,673302,0,0,1,2,0,0,0,0,0,,0,0,Auckland Region,Nil,2-way,Sealed,0,0,1,0,50,0,Null,0,0,,76,Auckland,Give way,0,0,0,0,0,0,Urban,0,0,0,Fine,Null
1758149,5917523,1271954,,515700,0,,0,1,,East,2017/2018,ALPERS AVENUE,GILLIES AVENUE,,Serious Crash,No,2017,,West,,0,,Flat,,,,,,Twilight,443401,0,0,0,2,,,0,,,1,,,Auckland Region,Nil,1-way,Sealed,,0,1,,50,,On,0,0,,76,Auckland,Unknown,,,,,0,0,Urban,0,,,Heavy rain,Null
1769865,5918545,1271978,,522601,0,,0,3,,West,2016/2017,DEVON ROAD,CLOVELLY ROAD,,Serious Crash,No,2017,,East,,0,,Flat,,,,,,Dark,675803,0,0,0,2,,,0,,,,,,Auckland Region,Nil,2-way,Sealed,,0,1,,50,,On,0,0,,76,Auckland,Unknown,,,,,0,0,Urban,0,,,Mist or Fog,Strong wind
1736267,5942072,1272046,65,506646,0,0,0,1,0,South,2016/2017,PEAK ROAD,CHATHAM ROAD,,Serious Crash,No,2017,0,North,1,0,0,Flat,0,,0,,0,Overcast,211800,0,0,0,2,0,0,0,0,0,,0,1,Auckland Region,Nil,2-way,Sealed,0,0,2,0,100,0,Off,0,0,,76,Auckland,Unknown,0,0,0,0,0,0,Open,0,0,0,Fine,Null
1762416,5907200,1272142,,524520,0,0,0,3,0,North,2016/2017,MASSEY ROAD,BUCKLAND ROAD,,Serious Crash,No,2017,0,South,0,0,1,Flat,0,,0,,0,Dark,734603,2,0,0,2,0,0,0,0,0,,0,0,Auckland Region,Nil,2-way,Sealed,0,0,1,0,50,0,On,0,0,,76,Auckland,Unknown,0,0,0,0,0,0,Urban,0,0,0,Fine,Null
1754607,5920846,1272190,,515301,0,,0,0,,Null,2017/2018,JERVOIS ROAD,WALLACE ST,,Serious Crash,No,2017,,West,,0,,Flat,,,,,,Overcast,427100,0,0,1,4,,,0,,,,,,Auckland Region,Nil,2-way,Sealed,,0,1,,50,,Off,0,0,,76,Auckland,Traffic Signals,,,,,0,0,Urban,0,,,Fine,Null
1738007,5929253,1272266,,505602,0,0,0,1,0,Null,2015/2016,MATUA ROAD E,SH 16,,Serious Crash,Yes,2016,0,West,0,0,0,Hill Road,0,,0,,0,Overcast,215904,0,0,0,2,0,0,1,0,0,,0,0,Auckland Region,Rail xing,2-way,Sealed,0,0,1,0,80,0,Null,0,0,,76,Auckland,Stop,0,0,1,0,0,0,Open,0,0,0,Light rain,Null
1771456,5914433,1272294,,521602,0,0,0,1,0,West,2017/2018,ELLIOT ST,WELLINGTON ST,,Serious Crash,No,2017,0,East,0,0,0,Hill Road,0,,0,,0,Dark,647200,0,0,0,2,0,0,0,0,1,,0,0,Auckland Region,Nil,2-way,Sealed,0,0,2,0,50,0,On,0,0,,76,Auckland,Unknown,0,0,0,0,0,0,Urban,1,0,0,Heavy rain,Null
1768568,5901221,1272317,,524901,0,,0,3,,South,2015/2016,GREAT SOUTH ROAD,NORTHCREST WAY,,Fatal Crash,No,2016,,North,,1,,Flat,,,,,,Bright sun,756600,1,0,0,2,,,0,,,,,,Auckland Region,Nil,2-way,Sealed,,0,0,,50,,Null,0,0,,76,Auckland,Stop,,,,,0,0,Urban,1,,,Fine,Null
1759164,5911467,1272340,,519820,1,,0,0,,Null,2017/2018,ONEHUNGA HARBOUR ROAD,ONEHUNGA MALL,,Fatal Crash,No,2017,,North,,1,,Flat,,,,,,Overcast,602402,0,0,0,2,,,0,,,,,,Auckland Region,Nil,2-way,Sealed,,0,0,,50,,Null,0,0,,76,Auckland,Give way,,,,,1,0,Urban,0,,,Fine,Null
1772780,5895761,1272357,,525410,0,,0,2,,Null,2017/2018,CHAPEL ST,GREAT SOUTH ROAD,,Serious Crash,No,2017,,South,,0,,Flat,,,,,,Dark,793400,0,0,0,2,,,0,,,,,,Auckland Region,Nil,2-way,Sealed,,0,1,,50,,On,0,0,,76,Auckland,Stop,,,,,0,0,Urban,0,,,Heavy rain,Null
1742320,5921623,1272393,25,513621,0,,0,1,,North,2017/2018,BIRDWOOD ROAD,MUDGEWAYS ROAD,,Serious Crash,No,2017,,North,,0,,Hill Road,,,,,,Overcast,226601,1,0,0,2,,,0,,,,,,Auckland Region,Nil,2-way,Sealed,,0,1,,50,,Off,0,0,,76,Auckland,Unknown,,,,,0,0,Urban,1,,,Light rain,Strong wind
1758312,5917245,1272438,,515700,0,,0,0,,North,2016/2017,Z GAS STATION,OWENS ROAD,,Serious Crash,No,2017,,West,,0,,Flat,,,,,,Bright sun,457700,0,0,0,0,,,0,,,1,,,Auckland Region,Nil,Off road,Sealed,,0,1,,10,,Null,0,0,,76,Auckland,Unknown,,,,,0,0,Urban,1,,,Fine,Null
1753990,5917195,1272462,,517600,0,0,0,3,0,South,2016/2017,NEW NORTH ROAD,ST LUKES ROAD,,Serious Crash,No,2017,0,South,0,0,0,Flat,0,,0,,0,Overcast,534300,0,0,0,5,0,0,0,0,2,1,0,0,Auckland Region,Nil,2-way,Sealed,0,0,1,0,50,0,Null,0,0,,76,Auckland,Give way,0,0,0,0,0,0,Urban,0,0,0,Fine,Null
1750179,5933931,1272472,,508701,0,,0,0,,East,2017/2018,THE AVENUE,HOBSON ROAD,,Serious Crash,No,2017,,East,,0,,Flat,,,,,,Dark,178701,1,0,0,2,,,0,,,,,,Auckland Region,Nil,2-way,Sealed,,0,1,,80,,On,0,0,,76,Auckland,Unknown,,,,,0,0,Open,1,,,Light rain,Null
1744052,5929980,1272488,,506400,0,0,0,0,0,South,2017/2018,BEACON ROAD,LLOYD ROAD,,Serious Crash,No,2017,0,South,0,0,0,Flat,0,,0,,0,Overcast,216905,0,0,0,2,0,0,0,0,0,,0,0,Auckland Region,Nil,2-way,Unsealed,0,0,1,0,50,0,Null,0,0,,76,Auckland,Unknown,0,0,0,1,0,0,Urban,1,0,0,Fine,Null
1770279,5906374,1272539,,523712,0,,0,2,,Null,2017/2018,FLAT BUSH SCHOOL ROAD,BROOKVIEW DRIVE,,Serious Crash,No,2017,,West,,0,,Flat,,,,,,Dark,713201,2,0,0,2,,,0,,,,,,Auckland Region,Nil,2-way,Sealed,,0,1,,50,,On,0,0,,76,Auckland,Give way,,,,,0,0,Urban,0,,,Fine,Null
1763628,5907465,1272577,,524301,0,,0,1,,Null,2016/2017,GRAY AVENUE,ORAKAU ROAD,,Serious Crash,No,2017,,East,,0,,Flat,,,,,,Bright sun,748100,0,0,1,2,,,0,,,,,,Auckland Region,Nil,2-way,Sealed,,0,1,,50,,Null,0,0,,76,Auckland,Stop,,,,,0,0,Urban,0,,,Fine,Null
1770049,5914692,1272587,,522722,0,,0,1,,West,2016/2017,PAKURANGA ROAD,HUTCHINSON ROAD,,Serious Crash,No,2017,,North,,0,,Flat,,,,,,Overcast,681308,0,0,0,4,,,0,,,1,,,Auckland Region,Nil,2-way,Sealed,,0,1,,60,,Off,0,0,,76,Auckland,Nil,,,,,0,0,Urban,0,,,Fine,Null
1758608,5926280,1272606,,508020,1,,0,1,,Null,2016/2017,LAKE ROAD,HART ROAD,,Serious Crash,No,2016,,North,,0,,Flat,,,,,,Bright sun,323500,0,0,0,4,,,0,,,,,,Auckland Region,Nil,2-way,Sealed,,0,1,,50,,Off,0,0,,76,Auckland,Give way,,,,,0,0,Urban,0,,,Fine,Null
1762102,5878658,1272645,,521121,0,0,1,0,0,West,2017/2018,WAIUKU ROAD,WALLER ROAD,,Serious Crash,No,2017,0,East,0,0,1,Flat,0,,0,,0,Overcast,812301,0,0,0,2,0,0,0,0,0,,0,0,Auckland Region,Nil,2-way,Sealed,0,0,5,0,100,0,Null,0,0,,76,Auckland,Unknown,0,0,0,0,0,0,Open,0,0,0,Fine,Null
1761162,5908611,1272717,,524405,0,,0,2,,Null,2016/2017,LENORE ROAD,GADSBY ROAD,,Serious Crash,No,2017,,West,,0,,Flat,,,,,,Twilight,730706,1,0,0,2,,,0,,,,,,Auckland Region,Nil,2-way,Sealed,,0,1,,50,,Off,1,0,,76,Auckland,Give way,,,,,0,0,Urban,0,,,Fine,Null
1751223,5918019,1272779,,514801,0,0,0,2,0,West,2016/2017,SH 16,PT CHEV OFF EBD,,Serious Crash,Yes,2017,0,West,0,0,0,Hill Road,1,,0,,0,Bright sun,390402,0,0,0,2,0,0,0,0,0,,0,0,Auckland Region,Motorway ramp,1-way,Sealed,0,0,1,0,100,0,Null,0,0,80,76,Auckland,Unknown,0,0,0,0,0,0,Open,0,0,0,Fine,Null
1753161,5919962,1272817,,515100,0,,0,0,,Null,2016/2017,WEST END ROAD,GARNET ROAD,,Serious Crash,No,2017,,North,,0,,Flat,,,,,,Bright sun,400000,0,0,0,2,,,0,,,1,,,Auckland Region,Nil,2-way,Sealed,,0,1,,50,,Null,0,0,,76,Auckland,Give way,,,,,0,0,Urban,1,,,Fine,Null
1742865,5892129,1272849,,521151,0,0,0,0,0,North,2016/2017,KEMP ROAD,AWHITU ROAD,,Fatal Crash,No,2017,0,South,0,1,0,Hill Road,0,,0,,0,Bright sun,829500,0,0,1,2,0,0,0,0,0,,0,0,Auckland Region,Nil,2-way,Sealed,0,0,0,0,100,0,Null,0,0,,76,Auckland,Unknown,0,0,0,1,0,0,Open,0,0,0,Fine,Null
1771854,5898668,1272881,,523912,0,,0,1,,Null,2016/2017,PORCHESTER ROAD,KUAKA DRIVE,,Serious Crash,No,2017,,North,,0,,Flat,,,,,,Overcast,767400,0,0,1,4,,,0,,,,,,Auckland Region,Nil,2-way,Sealed,,0,1,,50,,Off,0,0,,76,Auckland,Traffic Signals,,,,,0,0,Urban,0,,,Fine,Null
1769508,5899789,1272948,,525002,0,,0,2,,Null,2017/2018,MAHIA ROAD,GREAT SOUTH ROAD,,Serious Crash,No,2017,,North,,0,,Flat,,,,,,Dark,753900,1,0,0,2,,,0,,,,,,Auckland Region,Nil,2-way,Sealed,,0,1,,50,,On,0,0,40,76,Auckland,Traffic Signals,,,,,0,0,Urban,0,,,Light rain,Null
1735715,5929913,1272974,,505605,0,,0,1,,East,2016/2017,SH 16,MATUA ROAD,,Serious Crash,Yes,2017,,West,,0,,Hill Road,,,,,,Overcast,215800,1,0,0,2,,,0,,,,,,Auckland Region,Nil,2-way,Sealed,,0,2,,100,,None,0,0,,76,Auckland,Unknown,,,,,0,0,Open,1,,,Mist or Fog,Null
1744101,5923761,1272977,,513521,0,,0,1,,South,2017/2018,SH 16,HOBSONVILLE OBR,,Serious Crash,Yes,2017,,South,,0,,Flat,,,,,,Overcast,224240,0,0,1,3,,,0,,,,,,Auckland Region,Nil,1-way,Sealed,,0,1,,100,,Null,0,0,,76,Auckland,Unknown,,,,,0,0,Open,1,,,Fine,Null
1763950,5912271,1273017,,520500,0,,0,0,,Null,2017/2018,MOUNT WELLINGTON HIGHWAY,SYLVIA PARK ROAD,,Serious Crash,No,2017,,South,,0,,Flat,,,,,,Overcast,639500,0,0,0,7,,,0,,,,,,Auckland Region,Nil,2-way,Sealed,,0,1,,50,,Null,0,0,,76,Auckland,Traffic Signals,,,,,2,0,Urban,0,,,Fine,Null
1758212,5913424,1273038,,518600,1,,0,1,,Null,2015/2016,MOUNT ALBERT ROAD,MANUKAU ROAD,,Serious Crash,No,2016,,North,,0,,Flat,,,,,,Bright sun,567300,0,0,0,2,,,0,,,,,,Auckland Region,Nil,2-way,Sealed,,0,1,,50,,Null,0,0,,76,Auckland,Give way,,,,,0,0,Urban,0,,,Fine,Null
1769686,5901614,1273126,,523814,0,,0,2,,South,2017/2018,SH 1N,HILL OBR,,Serious Crash,Yes,2017,,South,,0,,Hill Road,,Christmas New Year,,,,Dark,759510,0,0,0,3,,,0,,,,,,Auckland Region,Nil,1-way,Sealed,,0,1,,100,,On,0,0,80,76,Auckland,Unknown,,,,,0,0,Open,0,,,Fine,Null
1746138,5910182,1273223,,512700,1,,0,0,,South,2016/2017,TAINUI ROAD,VALLEY VIEW ROAD,,Serious Crash,No,2017,,South,,0,,Hill Road,,,,,,Bright sun,300501,0,0,0,1,,,0,,,,,,Auckland Region,Nil,2-way,Sealed,,0,1,,50,,Null,0,0,,76,Auckland,Unknown,,,,,0,0,Urban,1,,,Fine,Null
1771512,5897888,1273247,,523912,0,,0,1,,North,2017/2018,Z CARPARK,WALTERS ROAD,,Serious Crash,No,2017,,North,,0,,Flat,,,,,,Overcast,765700,0,0,0,2,,,0,,,1,,,Auckland Region,Nil,2-way,Sealed,,0,1,,50,,Null,0,0,,76,Auckland,Unknown,,,,,0,0,Urban,0,,,Fine,Strong wind
1764824,5910280,1273274,,521801,0,0,0,2,0,West,2017/2018,PRINCES ST,ALBERT ST,,Serious Crash,No,2017,0,East,0,0,0,Flat,0,,0,,0,Dark,787601,0,0,0,2,0,0,0,0,0,1,0,0,Auckland Region,Nil,2-way,Sealed,0,0,1,0,50,0,On,0,0,,76,Auckland,Nil,0,0,0,0,0,0,Urban,0,1,0,Light rain,Null
1756223,5912284,1273307,,518702,0,,0,2,,South,2016/2017,HILLSBOROUGH ROAD,OLSEN AVENUE,,Serious Crash,No,2017,,North,,0,,Flat,,Easter,,,,Overcast,571400,2,0,0,4,,,0,,,,,,Auckland Region,Nil,2-way,Sealed,,0,2,,50,,Null,0,0,,76,Auckland,Unknown,,,,,0,0,Urban,0,,,Light rain,Null
1759430,5918880,1273332,,515901,0,0,0,1,0,South,2016/2017,BRIGHTON ROAD,ELAM ST,,Serious Crash,No,2017,0,South,0,0,1,Hill Road,0,,0,,0,Bright sun,456701,0,0,0,2,0,0,0,0,0,,0,1,Auckland Region,Nil,2-way,Sealed,0,0,1,0,50,0,Null,0,0,,76,Auckland,Unknown,0,0,0,1,0,0,Urban,0,0,0,Fine,Null