X,Y,OBJECTID,advisorySpeed,areaUnitID,bicycle,bridge,bus,carStationWagon,cliffBank,crashDirectionDescription,crashFinancialYear,crashLocation1,crashLocation2,crashRoadSideRoad,crashSeverity,crashSHDescription,crashYear,debris,directionRoleDescription,ditch,fatalCount,fence,flatHill,guardRail,holiday,houseOrBuilding,intersection,kerb,light,meshblockId,minorInjuryCount,moped,motorcycle,NumberOfLanes,objectThrownOrDropped,otherObject,otherVehicleType,overBank,parkedVehicle,pedestrian,phoneBoxEtc,postOrPole,region,roadCharacter,roadLane,roadSurface,roadworks,schoolBus,seriousInjuryCount,slipOrFlood,speedLimit,strayAnimal,streetLight,suv,taxi,temporarySpeedLimit,tlaId,tlaName,trafficControl,trafficIsland,trafficSign,train,tree,truck,unknownVehicleType,urban,vanOrUtility,vehicle,waterRiver,weatherA,weatherB
1769909,5912043,1273373,,523105,0,0,0,0,0,Null,2016/2017,GOLFLAND DRIVE,PEBBLE BEACH PLACE,,Serious Crash,No,2017,0,South,0,0,0,Flat,0,,0,,0,Overcast,711144,0,0,0,2,0,0,0,0,0,,0,0,Auckland Region,Nil,2-way,Sealed,0,0,1,0,50,0,Null,0,0,,76,Auckland,Nil,0,0,0,1,1,0,Urban,0,0,0,Fine,Null
1756774,5920184,1273414,,514102,1,,0,1,,Null,2017/2018,NELSON ST,COOK ST,,Serious Crash,No,2017,,North,,0,,Hill Road,,,,,,Overcast,434500,0,0,0,4,,,0,,,,,,Auckland Region,Nil,2-way,Sealed,,0,1,,50,,Null,0,0,,76,Auckland,Traffic Signals,,,,,0,0,Urban,0,,,Fine,Null
1788168,5883379,1273420,,521134,0,0,0,0,0,East,2016/2017,PAPARIMU ROAD,PAPARATA ROAD,,Serious Crash,No,2017,0,West,1,0,1,Hill Road,0,,0,,0,Bright sun,815702,0,0,1,2,0,0,0,0,0,,0,0,Auckland Region,Nil,2-way,Sealed,0,0,1,0,100,0,Null,0,0,,76,Auckland,Unknown,0,0,0,0,0,0,Open,0,0,0,Fine,Null
1737252,5927813,1273579,,505605,0,0,0,1,1,Null,2016/2017,TAWA ROAD,STATION ROAD,,Serious Crash,No,2017,0,South,0,0,0,Flat,0,,0,,0,Dark,215201,0,0,0,2,0,0,0,0,0,,0,0,Auckland Region,Nil,2-way,Sealed,0,0,1,0,80,0,None,0,0,,76,Auckland,Stop,0,0,0,0,0,0,Open,0,0,0,Fine,Null
1757098,5919640,1273599,,514102,0,0,0,1,0,North,2017/2018,QUEEN ST,SCOTIA PLACE,,Serious Crash,No,2017,0,South,0,0,0,Hill Road,0,,1,,0,Dark,435900,0,0,0,4,0,0,0,0,0,,0,1,Auckland Region,Nil,2-way,Sealed,0,0,1,0,50,0,On,0,0,,76,Auckland,Unknown,1,0,0,0,0,0,Urban,0,0,0,Fine,Null
1767305,5907648,1273647,,523501,0,0,0,1,0,West,2016/2017,EAST TAMAKI ROAD,FERGUSON ROAD,,Serious Crash,No,2016,0,East,0,0,0,Flat,0,,0,,0,Twilight,700602,0,0,0,4,0,0,0,0,0,,0,0,Auckland Region,Nil,2-way,Sealed,0,0,1,0,60,0,On,1,0,,76,Auckland,Unknown,0,0,0,2,0,0,Urban,0,0,0,Heavy rain,Null
1769383,5902249,1273738,,524901,0,0,0,2,0,North,2017/2018,SH 1N,MANUREWA ON NBD,,Serious Crash,Yes,2017,0,North,0,0,0,Hill Road,1,,0,,0,Dark,755600,1,0,0,3,0,0,0,0,0,,0,0,Auckland Region,Nil,1-way,Sealed,0,0,1,0,100,0,On,0,0,,76,Auckland,Unknown,0,0,0,0,0,0,Open,0,0,0,Fine,Null
1763346,5911422,1273743,,520500,0,0,0,1,0,South,2017/2018,GREAT SOUTH ROAD,VESTEY DRIVE,,Serious Crash,No,2017,0,North,0,0,0,Flat,1,,0,,0,Dark,637702,0,0,0,4,0,0,0,0,0,,0,0,Auckland Region,Nil,2-way,Sealed,0,0,3,0,50,0,On,0,0,,76,Auckland,Unknown,0,0,0,0,1,0,Urban,0,0,0,Fine,Null
1765188,5900918,1273765,,524821,0,0,0,0,0,South,2017/2018,FINLAYSON AVENUE,KOPARA PLACE,,Serious Crash,No,2017,0,North,0,0,0,Flat,0,,0,,1,Dark,774411,0,0,1,2,0,0,0,0,0,,0,0,Auckland Region,Nil,2-way,Sealed,0,0,2,0,50,0,On,0,0,,76,Auckland,Unknown,0,0,0,0,0,0,Urban,0,0,0,Light rain,Null
1755198,5929933,1273770,,508420,0,,0,3,,South,2016/2017,SH 1N,SUNNYNOOK OBR,,Serious Crash,Yes,2017,,North,,0,,Flat,,,,,,Dark,183800,0,0,0,3,,,0,,,,,,Auckland Region,Nil,1-way,Sealed,,0,1,,100,,On,0,0,,76,Auckland,Unknown,,,,,0,0,Open,0,,,Fine,Null
1767454,5904902,1273844,,524604,0,,0,1,,South,2016/2017,GREAT SOUTH ROAD,TE IRIRANGI DRIVE,,Serious Crash,No,2017,,South,,0,,Flat,,,,,,Bright sun,780209,0,0,0,2,,,0,,,1,,,Auckland Region,Nil,2-way,Sealed,,0,1,,60,,Null,0,0,,76,Auckland,Unknown,,,,,0,0,Urban,0,,,Fine,Null
1770336,5911306,1273945,,523109,0,,0,2,,Null,2015/2016,TI RAKAU DRIVE,TE IRIRANGI DRIVE,,Serious Crash,No,2016,,West,,0,,Flat,,,,,,Bright sun,711709,4,0,0,6,,,0,,,,,,Auckland Region,Nil,2-way,Sealed,,0,1,,70,,Null,0,0,,76,Auckland,Traffic Signals,,,,,0,0,Urban,0,,,Fine,Null
1781536,5903110,1273947,,525201,0,,0,1,,South,2016/2017,MONUMENT ROAD,HYDE ROAD,,Serious Crash,No,2016,,South,,0,,Flat,,,,,,Overcast,763000,0,0,1,2,,,0,,,,,,Auckland Region,Nil,2-way,Sealed,,0,1,,50,,Null,0,0,,76,Auckland,Nil,,,,,0,0,Urban,0,,,Fine,Null
1770473.206,5906638.258,1273972,,523713,0,,0,1,,Null,2017/2018,KILLARNEY DRIVE,KILDARE ROAD,,Serious Crash,No,2017,,North,,0,,Hill Road,,Christmas New Year,,,,Bright sun,713100,0,0,0,2,,,0,,,1,,,Auckland Region,Nil,2-way,Sealed,,0,1,,50,,Null,0,0,,76,Auckland,Give way,,,,,0,0,Urban,0,,,Fine,Null
1780191,5883676,1273974,,521132,0,0,0,0,0,West,2016/2017,PAPARATA ROAD,KANUKA ROAD,,Fatal Crash,No,2017,0,East,0,1,1,Hill Road,0,,0,,0,Dark,815501,0,0,0,2,0,0,0,0,0,,0,0,Auckland Region,Nil,2-way,Sealed,0,0,0,0,100,0,None,0,0,,76,Auckland,Unknown,0,0,0,1,0,0,Open,1,0,0,Fine,Null
1759607,5925119,1273989,,508110,1,,0,0,,Null,2016/2017,LAKE ROAD,CORRELLA ROAD,,Serious Crash,No,2017,,North,,0,,Hill Road,,,,,,Overcast,319400,0,0,0,2,,,0,,,,,,Auckland Region,Nil,2-way,Sealed,,0,1,,50,,Null,0,0,,76,Auckland,Give way,,,,,0,0,Urban,1,,,Fine,Null
1771986,5890172,1274043,,521203,0,,0,2,,Null,2017/2018,SH 22,JESMOND ROAD,,Serious Crash,Yes,2017,,East,,0,,Flat,,,,,,Bright sun,807400,1,0,0,2,,,0,,,,,,Auckland Region,Nil,2-way,Sealed,,0,1,,100,,Null,0,0,,76,Auckland,Stop,,,,,0,0,Open,0,,,Fine,Null
1748783,5937039,1274079,85,506300,0,,0,2,,Null,2017/2018,DAIRY FLAT HIGHWAY,POTTER ROAD,,Fatal Crash,No,2017,,South,,2,,Hill Road,,,,,,Dark,176004,1,0,0,3,,,0,,,,,,Auckland Region,Nil,2-way,Sealed,,0,1,,100,,On,0,0,,76,Auckland,Nil,,,,,0,0,Open,0,,,Fine,Null
1766839,5899229,1274080,,524812,0,0,0,1,0,North,2016/2017,MAHIA ROAD,SANDWICK DRIVE,,Serious Crash,No,2017,0,North,0,0,0,Flat,0,,1,,0,Bright sun,774105,1,0,0,2,0,0,0,0,1,,0,0,Auckland Region,Nil,2-way,Sealed,0,0,1,0,50,0,Null,0,0,,76,Auckland,Nil,0,0,0,0,0,0,Urban,1,0,0,Fine,Null
1742945,5890240,1274165,,521151,0,0,0,0,0,South,2017/2018,AWHITU ROAD,TINDALL ROAD,,Serious Crash,No,2017,0,East,0,0,0,Hill Road,0,Labour Weekend,0,,0,Overcast,829800,2,0,0,2,0,0,0,0,0,,0,0,Auckland Region,Nil,2-way,Sealed,0,0,1,0,100,0,Null,0,0,,76,Auckland,Unknown,0,0,0,1,0,0,Open,1,0,0,Mist or Fog,Null
1750525,5915422,1274207,,514802,0,0,0,1,0,East,2017/2018,ASH ST,WAIRAU AVENUE,,Serious Crash,No,2017,0,East,0,0,1,Flat,0,,0,,0,Twilight,387009,0,0,0,4,0,0,0,0,0,,0,0,Auckland Region,Nil,2-way,Sealed,0,0,1,0,50,0,On,0,0,,76,Auckland,Unknown,0,0,0,0,0,0,Urban,0,0,0,Fine,Null
1753806,5917687,1274275,,517600,0,0,0,1,0,North,2017/2018,ST LUKES ROAD,ASQUITH AVENUE,,Fatal Crash,No,2017,0,South,0,2,0,Flat,0,Labour Weekend,0,,0,Dark,533800,2,0,0,1,0,0,0,0,0,,0,0,Auckland Region,Nil,1-way,Sealed,0,0,1,0,50,0,On,0,0,,76,Auckland,Unknown,0,0,0,1,0,0,Urban,0,0,0,Fine,Null
1767054,5900065,1274308,,525101,0,,0,2,,Null,2017/2018,WEYMOUTH ROAD,ROWANDALE AVENUE,,Serious Crash,No,2017,,East,,0,,Flat,,,,,,Overcast,772903,2,0,0,2,,,0,,,,,,Auckland Region,Nil,2-way,Sealed,,0,1,,50,,Null,0,0,,76,Auckland,Give way,,,,,0,0,Urban,0,,,Fine,Null
1755429,5932519,1274311,,508805,0,,0,1,,East,2017/2018,Z CARPARK,NOEL WILLIAMS PLACE,,Serious Crash,No,2017,,North,,0,,Flat,,,,,,Overcast,180841,0,0,0,,,,0,,,,,,Auckland Region,Nil,Off road,Sealed,,0,1,,10,,Null,0,0,,76,Auckland,Unknown,,,,,0,0,Urban,0,,,Fine,Null
1758333,5928610,1274461,45,507800,0,0,0,1,0,North,2017/2018,KITCHENER ROAD,ERIC PRICE AVENUE,,Serious Crash,No,2017,0,West,0,0,0,Flat,0,,0,,0,Dark,308900,0,0,1,2,0,0,0,0,1,,0,0,Auckland Region,Nil,2-way,Sealed,0,0,1,0,50,0,On,0,0,,76,Auckland,Unknown,0,0,0,0,0,0,Urban,0,0,0,Fine,Null
1754953,5931424,1274465,,508520,0,,0,1,,West,2016/2017,SUNSET ROAD,JUNIPER ROAD,,Serious Crash,No,2017,,West,,0,,Hill Road,,,,,,Bright sun,191801,0,0,0,2,,,0,,,1,,,Auckland Region,Nil,2-way,Sealed,,0,1,,50,,Null,0,0,,76,Auckland,Unknown,,,,,0,0,Urban,0,,,Fine,Null
1753533,5914434,1274636,,518801,0,,0,1,,West,2017/2018,MAIORO ST,MAIORO OFF SBD,,Serious Crash,No,2017,,East,,0,,Hill Road,,,,,,Dark,578400,0,1,0,3,,,0,,,,,,Auckland Region,Nil,1-way,Sealed,,0,1,,50,,On,0,0,,76,Auckland,Unknown,,,,,0,0,Urban,0,,,Fine,Null
1763395,5910404,1274707,,521901,0,,0,1,,South,2016/2017,SALEYARDS ROAD,PORTAGE ROAD,,Serious Crash,No,2017,,South,,0,,Flat,,,,,,Bright sun,781900,0,0,1,2,,,0,,,,,,Auckland Region,Nil,2-way,Sealed,,0,1,,50,,Null,0,0,,76,Auckland,Nil,,,,,0,0,Urban,0,,,Fine,Null
1769806,5894333,1274758,,521201,0,0,0,1,0,West,2016/2017,HINGAIA ROAD,OAKLAND ROAD,,Serious Crash,No,2017,0,East,1,0,1,Flat,0,,0,,0,Overcast,806601,0,0,0,2,0,0,0,0,0,,0,1,Auckland Region,Nil,2-way,Sealed,0,0,1,0,70,0,Null,0,0,,76,Auckland,Unknown,0,0,0,0,0,0,Urban,0,0,0,Light rain,Null
1756164,5920626,1274796,,514102,1,0,1,0,0,South,2017/2018,BEAUMONT ST,FISHER-POINT DRIVE,,Serious Crash,No,2017,0,North,0,0,0,Flat,0,,0,,0,Bright sun,432500,0,0,0,3,0,0,0,0,1,,0,0,Auckland Region,Nil,2-way,Sealed,0,0,1,0,50,0,Null,0,0,,76,Auckland,Unknown,0,0,0,0,0,0,Urban,0,0,0,Fine,Null
1747734,5966458,1274812,,506613,0,,0,2,,Null,2016/2017,SH 1N,PERRY ROAD,,Serious Crash,Yes,2017,,North,,0,,Flat,,,,,,Overcast,146104,2,0,0,2,,,0,,,,,,Auckland Region,Nil,2-way,Sealed,,0,1,,100,,Null,0,0,,76,Auckland,Stop,,,,,0,0,Open,1,,,Light rain,Null
1739187,5983304,1274825,,506660,0,0,0,1,1,North,2017/2018,WHANGARIPO VALLEY ROAD,BORROWS ROAD,,Fatal Crash,No,2017,0,North,0,1,1,Flat,0,,0,,0,Overcast,136303,0,0,0,2,0,0,0,0,0,,0,0,Auckland Region,Nil,2-way,Sealed,0,0,1,0,100,0,Null,0,0,,76,Auckland,Unknown,0,1,0,0,0,0,Open,0,0,0,Fine,Null
1760420,5947427,1274839,,505904,0,0,0,2,0,East,2017/2018,WHANGAPARAOA ROAD,FISHERMANS COVE,,Serious Crash,No,2017,0,West,0,0,0,Hill Road,0,,0,,1,Dark,175003,0,0,0,2,0,0,0,0,1,,0,0,Auckland Region,Nil,2-way,Sealed,0,0,1,0,50,0,On,0,0,,76,Auckland,Unknown,0,0,0,1,0,0,Urban,0,0,0,Heavy rain,Strong wind
1753494,5913053,1274873,,518901,0,,0,2,,Null,2016/2017,WHITE SWAN ROAD,ELLIS AVENUE,,Serious Crash,No,2017,,North,,0,,Flat,,,,,,Overcast,584800,1,0,0,2,,,0,,,,,,Auckland Region,Nil,2-way,Sealed,,0,1,,50,,Null,0,0,,76,Auckland,Stop,,,,,0,0,Urban,0,,,Light rain,Null
1746776,5919691,1275023,,512402,0,0,0,0,1,South,2016/2017,ROYAL VIEW ROAD,MILICH TERRACE,,Serious Crash,No,2017,0,West,0,0,0,Flat,0,,0,,0,Bright sun,252300,0,0,1,2,0,0,0,0,0,,0,0,Auckland Region,Nil,2-way,Sealed,0,0,1,0,50,0,Null,0,0,,76,Auckland,Unknown,0,0,0,0,0,0,Urban,0,0,0,Fine,Null
1735627,5986000,1275069,,506660,0,0,0,1,0,South,2016/2017,SH 1N,SILVER HILL ROAD,,Serious Crash,Yes,2017,1,South,0,0,0,Flat,0,,0,,0,Overcast,143800,3,0,0,2,0,0,0,0,0,,0,0,Auckland Region,Nil,2-way,Sealed,0,0,2,0,100,0,Null,0,0,,76,Auckland,Nil,0,0,0,0,1,0,Open,1,0,0,Fine,Null
1771279.981,5880467.222,1275077,,525922,0,0,0,0,0,South,2017/2018,GOLDING ROAD,ROYAL DOULTON DRIVE,,Serious Crash,No,2017,0,South,0,0,1,Hill Road,0,,0,,0,Bright sun,827100,0,0,0,2,0,0,0,0,0,,0,0,Auckland Region,Nil,2-way,Sealed,0,0,1,0,100,0,Null,0,0,,76,Auckland,Unknown,0,0,0,1,0,0,Open,1,0,0,Fine,Null
1760026,5912847,1275114,,520000,0,,0,1,,Null,2016/2017,MAYS ROAD,GREY ST,,Serious Crash,No,2017,,East,,0,,Flat,,,,,,Bright sun,605604,0,0,1,2,,,0,,,,,,Auckland Region,Nil,2-way,Sealed,,0,1,,50,,Null,0,0,,76,Auckland,Stop,,,,,0,0,Urban,0,,,Fine,Null
1767088,5907044,1275181,,523601,0,0,0,0,0,Null,2016/2017,EVERITT ROAD,ROSS AVENUE,,Serious Crash,No,2017,0,North,0,0,0,Flat,0,,0,,0,Bright sun,707300,0,0,1,2,0,0,0,0,1,,0,0,Auckland Region,Nil,2-way,Sealed,0,0,1,0,50,0,Null,1,0,,76,Auckland,Give way,0,0,0,0,0,0,Urban,0,0,0,Fine,Null
1740265,5927818,1275182,,505604,0,,0,3,,West,2016/2017,SH 16,OLD NORTH ROAD,,Serious Crash,Yes,2017,,North,,0,,Flat,,,,,,Bright sun,214501,0,0,0,2,,,0,,,,,,Auckland Region,Nil,2-way,Sealed,,0,1,,80,,Null,0,0,,76,Auckland,Unknown,,,,,0,0,Open,0,,,Fine,Null
1767656,5900309,1275189,,525101,0,0,0,1,0,Null,2017/2018,WEYMOUTH ROAD,FRIEDLANDERS ROAD,,Serious Crash,No,2017,0,East,0,0,0,Flat,0,,0,,0,Dark,771800,0,0,0,2,0,0,0,0,0,,0,1,Auckland Region,Nil,2-way,Sealed,0,0,1,0,50,0,On,0,0,,76,Auckland,Give way,0,0,0,0,0,0,Urban,0,0,0,Fine,Null
1779280,5900242,1275191,,525201,0,0,0,0,0,East,2016/2017,PAPAKURA-CLEVEDON ROAD,PARISH LINE ROAD,,Serious Crash,No,2017,0,East,0,0,1,Flat,0,Queens Birthday,0,,0,Bright sun,763300,0,0,0,2,0,0,0,0,0,,0,0,Auckland Region,Nil,2-way,Sealed,0,0,1,0,100,0,Null,0,0,80,76,Auckland,Unknown,0,0,0,0,0,0,Open,1,0,0,Fine,Null
1750608,5913725,1275223,,511303,0,0,0,0,0,Null,2017/2018,CLARK ST,OLYMPIC PLACE,,Serious Crash,No,2017,0,East,0,0,0,Flat,0,,0,,0,Bright sun,265200,0,0,0,4,0,0,0,0,0,,0,1,Auckland Region,Nil,2-way,Sealed,0,0,1,0,50,0,Null,0,0,,76,Auckland,Stop,0,0,0,0,1,0,Urban,1,0,0,Fine,Null
1769603,5908513,1275281,,523113,0,,0,2,,Null,2016/2017,TE IRIRANGI DRIVE,ACCENT DRIVE,,Serious Crash,No,2017,,North,,0,,Flat,,,,,,Bright sun,711901,1,0,0,6,,,0,,,,,,Auckland Region,Nil,2-way,Sealed,,0,1,,80,,Null,0,0,,76,Auckland,Traffic Signals,,,,,0,0,Open,0,,,Light rain,Strong wind
1764256,5909783,1275301,,521901,0,,0,1,,Null,2017/2018,ATKINSON AVENUE,CRITERION ST,,Serious Crash,No,2017,,North,,0,,Flat,,,,,,Bright sun,784000,0,0,0,4,,,0,,,1,,,Auckland Region,Nil,2-way,Sealed,,0,1,,50,,Null,0,0,,76,Auckland,Traffic Signals,,,,,0,0,Urban,0,,,Fine,Null
1763695,5908892,1275315,,521901,0,0,0,1,0,Null,2016/2017,MANGERE ROAD,WALMSLEY ROAD,,Fatal Crash,No,2017,0,East,0,1,0,Hill Road,0,,1,,1,Dark,785400,0,0,0,4,0,0,0,0,0,,0,0,Auckland Region,Nil,2-way,Sealed,0,0,1,0,50,0,On,0,0,,76,Auckland,Traffic Signals,1,0,0,0,0,0,Urban,0,0,0,Fine,Null
1741877,5919099,1275317,,513211,0,,0,0,,Null,2017/2018,BIRDWOOD ROAD,SWANSON ROAD,,Serious Crash,No,2017,,South,,0,,Flat,,,,,,Dark,235010,0,0,1,2,,,0,,,,,,Auckland Region,Nil,2-way,Sealed,,0,1,,50,,On,0,0,,76,Auckland,Give way,,,,,0,0,Urban,0,,,Heavy rain,Null
1766512,5908372,1275430,,523402,0,0,0,0,0,West,2017/2018,LAPPINGTON ROAD,OTARA ROAD,,Serious Crash,No,2017,0,East,0,0,0,Flat,0,,0,,0,Dark,698200,0,0,1,2,0,0,0,0,0,,0,1,Auckland Region,Nil,2-way,Sealed,0,0,1,0,50,0,On,0,0,,76,Auckland,Unknown,0,0,0,0,0,0,Urban,0,0,0,Fine,Null
1750544,5912359,1275485,,512100,0,,0,2,,West,2016/2017,GOLF ROAD,PORTAGE ROAD,,Serious Crash,No,2017,,West,,0,,Flat,,,,,,Dark,289400,0,0,0,2,,,0,,,,,,Auckland Region,Nil,2-way,Sealed,,0,1,,50,,On,0,0,,76,Auckland,Unknown,,,,,0,0,Urban,0,,,Fine,Null
1741054,5918878,1275592,,513101,0,0,0,1,0,West,2017/2018,SWANSON ROAD,REDLANDS GROVE,,Serious Crash,No,2017,0,West,0,0,0,Flat,0,,0,,0,Overcast,237901,0,0,0,2,0,0,0,0,0,,0,1,Auckland Region,Nil,2-way,Sealed,0,0,1,0,50,0,Null,0,0,,76,Auckland,Unknown,0,0,0,0,0,0,Urban,0,0,0,Fine,Null
1747292,5919582,1275616,,512402,0,,0,2,,Null,2017/2018,TE ATATU OFF WBD,TE ATATU ROAD,,Serious Crash,Yes,2017,,West,,0,,Hill Road,,,,,,Dark,253700,5,0,0,3,,,0,,,,,,Auckland Region,Motorway ramp,1-way,Sealed,,0,1,,80,,On,0,0,,76,Auckland,Traffic Signals,,,,,0,0,Open,0,,,Fine,Null
1756224,5927571,1275656,,507900,0,,0,0,,North,2016/2017,SH 1N,NORTHCOTE OFF SBD,,Serious Crash,Yes,2017,,South,,0,,Flat,,,,,,Bright sun,305202,0,0,1,3,,,0,,,,,,Auckland Region,Nil,1-way,Sealed,,0,1,,100,,Null,0,0,,76,Auckland,Unknown,,,,,0,0,Open,1,,,Fine,Null
1752950,5914132,1275698,,514500,0,,0,1,,Null,2016/2017,MAIORO ST,ROSAMUND AVENUE,,Serious Crash,No,2017,,West,,0,,Flat,,,,,,Bright sun,376700,0,0,1,4,,,0,,,,,,Auckland Region,Nil,2-way,Sealed,,0,1,,50,,Null,0,0,,76,Auckland,Stop,,,,,0,0,Urban,0,,,Fine,Null
1755941,5918544,1275721,,515500,0,,0,2,,West,2017/2018,SH 16,WAIMA FTBR,,Serious Crash,Yes,2017,,North,,0,,Flat,,,,,,Overcast,418500,2,0,0,5,,,0,,,,,,Auckland Region,Nil,1-way,Sealed,,0,1,,80,,Off,1,0,,76,Auckland,Unknown,,,,,1,0,Open,0,,,Fine,Null
1768658,5884013,1275829,,521111,0,0,0,2,0,East,2016/2017,SH 22,HEIGHTS ROAD,,Serious Crash,Yes,2017,0,North,0,0,0,Flat,0,,0,,0,Overcast,813800,0,0,0,2,0,0,0,0,1,,0,0,Auckland Region,Nil,2-way,Sealed,0,0,1,0,70,0,None,0,0,,76,Auckland,Unknown,0,0,0,0,0,0,Urban,0,0,0,Light rain,Null
1755278,5914198,1275864,,518803,1,,0,1,,Null,2016/2017,MOUNT ALBERT ROAD,WINSTONE ROAD,,Serious Crash,No,2017,,West,,0,,Flat,,,,,,Bright sun,580700,0,0,0,4,,,0,,,,,,Auckland Region,Nil,2-way,Sealed,,0,1,,50,,Null,0,0,,76,Auckland,Stop,,,,,0,0,Urban,0,,,Fine,Null
1757092,5915582,1275930,,515802,0,,0,1,,North,2016/2017,FERRYHILL ROAD,GLENALMOND ROAD,,Serious Crash,No,2017,,South,,0,,Hill Road,,,,,,Overcast,447500,0,0,0,2,,,0,,,1,,,Auckland Region,Nil,2-way,Sealed,,0,1,,50,,Off,0,0,,76,Auckland,Unknown,,,,,0,0,Urban,0,,,Fine,Null
1746689,5872460,1275931,,521151,0,,0,0,,West,2017/2018,Z KARIOITAHI BEACH,KOHEKOHE-KARIOITAHI ROAD,,Serious Crash,No,2017,,North,,0,,Flat,,,,,,Twilight,831602,0,0,1,,,,0,,,,,,Auckland Region,Nil,Off road,Unsealed,,0,1,,30,,None,0,0,,76,Auckland,Unknown,,,,,0,0,Urban,0,,,Fine,Null
1756241,5927535,1275971,,507900,0,,0,1,,Null,2017/2018,SH 1N,NORTHCOTE OFF SBD,,Serious Crash,Yes,2017,,South,,0,,Flat,,,,,,Bright sun,305202,0,0,1,3,,,0,,,,,,Auckland Region,Nil,1-way,Sealed,,0,1,,100,,Null,0,0,,76,Auckland,Nil,,,,,0,0,Open,0,,,Fine,Null
1769982,5913028,1276076,,522722,0,,0,1,,North,2017/2018,AVIEMORE DRIVE,CASCADES ROAD,,Serious Crash,No,2017,,South,,0,,Hill Road,,,,,,Overcast,681333,0,0,0,2,,,0,,,1,,,Auckland Region,Nil,2-way,Sealed,,0,1,,60,,Null,0,0,,76,Auckland,Unknown,,,,,0,0,Urban,0,,,Fine,Null
1754888,5928547,1276306,,508320,0,,0,0,,South,2017/2018,HILLSIDE ROAD,POLAND ROAD,,Serious Crash,No,2018,,North,,0,,Flat,,,,,,Overcast,196700,0,0,1,2,,,0,,,,,,Auckland Region,Nil,2-way,Sealed,,0,1,,50,,Null,0,0,,76,Auckland,Nil,,,,,0,0,Urban,1,,,Fine,Null
1750258,5913052,1276380,,511402,0,0,0,2,0,South,2017/2018,LINKS ROAD,ASTLEY AVENUE,,Serious Crash,No,2017,0,North,0,0,0,Hill Road,0,,0,,0,Bright sun,264800,1,0,0,2,0,0,0,0,0,,0,0,Auckland Region,Nil,2-way,Sealed,0,0,1,0,50,0,Null,0,0,,76,Auckland,Unknown,0,0,0,0,0,0,Urban,0,1,0,Fine,Null
1757042,5925391,1276565,,509702,0,,0,2,,North,2017/2018,SH 1N,EXMOUTH FTBR,,Serious Crash,Yes,2018,,South,,0,,Flat,,Queens Birthday,,,,Dark,364601,2,0,0,4,,,0,,,,,,Auckland Region,Nil,1-way,Sealed,,0,3,,100,,On,0,0,,76,Auckland,Unknown,,,,,0,0,Open,0,,,Null,Frost
1746667,5916878,1276713,,510700,0,,0,1,,Null,2018/2019,TE ATATU ROAD,ELCOAT AVENUE,,Fatal Crash,No,2018,,South,,1,,Flat,,,,,,Dark,241000,0,0,0,2,,,0,,,1,,,Auckland Region,Nil,2-way,Sealed,,0,0,,50,,On,0,0,,76,Auckland,Give way,,,,,0,0,Urban,0,,,Fine,Null
1765706,5919851,1276796,,516700,0,0,0,1,0,South,2017/2018,ST HELIERS BAY ROAD,BENBOW ST,,Serious Crash,No,2018,0,North,0,0,0,Hill Road,0,,0,,0,Dark,510802,0,0,0,2,0,0,0,0,1,,0,1,Auckland Region,Nil,2-way,Sealed,0,0,1,0,50,0,On,0,0,,76,Auckland,Unknown,0,0,0,0,0,0,Urban,1,0,0,Fine,Null
1785909,5892422,1276908,,521132,0,,0,0,,South,2018/2019,HUNUA ROAD,CAITCHEON ROAD,,Serious Crash,No,2018,,South,,0,,Flat,,,,,,Overcast,815605,1,0,0,2,,,0,,,,,,Auckland Region,Bridge,2-way,Sealed,,0,1,,100,,Null,0,0,,76,Auckland,Unknown,,,,,0,0,Open,1,,,Heavy rain,Null
1749877,5916162,1276968,,514801,0,0,0,2,0,East,2018/2019,AVONDALE ROAD,OREGON AVENUE,,Serious Crash,No,2018,0,East,0,0,0,Flat,0,Labour Weekend,0,,0,Bright sun,389004,0,0,0,2,0,0,0,0,1,,0,0,Auckland Region,Nil,2-way,Sealed,0,0,1,0,50,0,Null,0,0,,76,Auckland,Unknown,0,0,0,0,0,0,Urban,0,0,0,Fine,Null
1747173,5943594,1277000,,506614,0,,0,1,,Null,2017/2018,DAIRY FLAT HIGHWAY,WILKS ROAD,,Serious Crash,No,2018,,South,,0,,Flat,,,,,,Bright sun,177803,0,0,1,2,,,0,,,,,,Auckland Region,Nil,2-way,Sealed,,0,1,,100,,Null,0,0,,76,Auckland,Give way,,,,,0,0,Open,0,,,Fine,Strong wind
1767049,5906861,1277030,,523601,0,0,0,2,0,South,2018/2019,COOPER CRESCENT,EVERITT ROAD S,,Serious Crash,No,2018,0,South,0,0,0,Flat,0,,0,,0,Dark,707400,0,0,0,1,0,0,0,0,1,,0,1,Auckland Region,Nil,2-way,Sealed,0,0,1,0,50,0,None,0,0,,76,Auckland,Unknown,0,0,0,0,0,0,Urban,0,0,0,Fine,Null
1758264,5927655,1277115,,508010,1,,0,1,,Null,2017/2018,HURSTMERE ROAD,THE PROMENADE,,Serious Crash,No,2018,,South,,0,,Flat,,,,,,Bright sun,326201,1,0,0,2,,,0,,,,,,Auckland Region,Nil,2-way,Sealed,,0,1,,50,,Null,0,0,,76,Auckland,Stop,,,,,0,0,Urban,0,,,Fine,Null