X,Y,OBJECTID,advisorySpeed,areaUnitID,bicycle,bridge,bus,carStationWagon,cliffBank,crashDirectionDescription,crashFinancialYear,crashLocation1,crashLocation2,crashRoadSideRoad,crashSeverity,crashSHDescription,crashYear,debris,directionRoleDescription,ditch,fatalCount,fence,flatHill,guardRail,holiday,houseOrBuilding,intersection,kerb,light,meshblockId,minorInjuryCount,moped,motorcycle,NumberOfLanes,objectThrownOrDropped,otherObject,otherVehicleType,overBank,parkedVehicle,pedestrian,phoneBoxEtc,postOrPole,region,roadCharacter,roadLane,roadSurface,roadworks,schoolBus,seriousInjuryCount,slipOrFlood,speedLimit,strayAnimal,streetLight,suv,taxi,temporarySpeedLimit,tlaId,tlaName,trafficControl,trafficIsland,trafficSign,train,tree,truck,unknownVehicleType,urban,vanOrUtility,vehicle,waterRiver,weatherA,weatherB
1769854,5917521,1277197,,522601,0,,0,1,,South,2017/2018,THE PARADE,WHITCOMBE ROAD,,Serious Crash,No,2018,,North,,0,,Flat,,,,,,Dark,676900,0,0,0,2,,,0,,,1,,,Auckland Region,Nil,2-way,Sealed,,0,1,,50,,On,0,0,,76,Auckland,Unknown,,,,,0,0,Urban,0,,,Fine,Null
1772545,5890746,1277246,,521203,0,,0,1,,South,2017/2018,SH 22,BURBERRY ROAD,,Serious Crash,Yes,2018,,North,,0,,Flat,,,,,,Bright sun,807400,1,0,0,2,,,0,,,,,,Auckland Region,Nil,2-way,Sealed,,0,1,,100,,Null,0,0,,76,Auckland,Unknown,,,,,0,0,Open,2,,,Fine,Null
1761543,5913801,1277286,,520202,0,,0,1,,East,2017/2018,GREAT SOUTH ROAD,STATION ROAD,,Serious Crash,No,2018,,West,,0,,Hill Road,,,,,,Bright sun,612300,0,0,0,4,,,0,,,,,,Auckland Region,Nil,2-way,Sealed,,0,1,,50,,Null,0,0,,76,Auckland,Unknown,,,,,0,0,Urban,2,,,Fine,Null
1748438,5918928,1277321,,514801,0,0,0,2,0,North,2018/2019,SH 16,PATIKI OBR,,Serious Crash,Yes,2018,0,South,0,0,0,Flat,1,,0,,0,Overcast,389300,0,0,0,8,0,0,0,0,0,,0,0,Auckland Region,Nil,2-way,Sealed,0,0,1,0,100,0,Null,0,0,,76,Auckland,Unknown,0,0,0,0,0,0,Open,0,0,0,Fine,Null
1738601,5926703,1277425,,505605,1,,0,0,,South,2018/2019,WAITAKERE ROAD,FARRAND ROAD,,Serious Crash,No,2018,,South,,0,,Flat,,,,,,Bright sun,215201,0,0,0,2,,,0,,,,,,Auckland Region,Nil,2-way,Sealed,,0,1,,80,,Null,0,0,,76,Auckland,Unknown,,,,,1,0,Open,0,,,Fine,Null
1756812,5919973,1277482,,514102,0,,0,1,,South,2017/2018,HOBSON ST,NICHOLAS ST,,Serious Crash,No,2018,,South,,0,,Hill Road,,,,,,Bright sun,434603,0,0,0,5,,,0,,,1,,,Auckland Region,Nil,1-way,Sealed,,0,1,,50,,Null,0,0,,76,Auckland,Unknown,,,,,0,0,Urban,0,,,Fine,Null
1743885,5922553,1277514,,513512,0,0,0,2,0,East,2017/2018,Z DRIVEWAY,KEMP ROAD,,Serious Crash,No,2018,0,North,0,0,1,Flat,0,,0,,0,Dark,225304,0,0,0,1,0,0,0,0,1,,0,0,Auckland Region,Nil,Off road,Sealed,0,0,1,0,10,0,None,0,0,,76,Auckland,Nil,0,0,0,0,0,0,Urban,0,0,0,Fine,Null
1735044,5929050,1277630,,506652,0,,0,1,,Null,2018/2019,FOSTER ROAD,TRIGG ROAD,,Serious Crash,No,2018,,South,,0,,Flat,,,,,,Overcast,219200,1,0,0,2,,,0,,,,,,Auckland Region,Nil,2-way,Sealed,,0,2,,80,,Null,0,0,,76,Auckland,Give way,,,,,0,0,Open,0,,,Fine,Null
1755141,5917255,1277685,,517701,0,,0,1,,North,2017/2018,SANDRINGHAM ROAD,WARD TERRACE,,Serious Crash,No,2018,,North,,0,,Flat,,,,,,Overcast,536700,0,1,0,4,,,0,,,,,,Auckland Region,Nil,2-way,Sealed,,0,1,,50,,Null,0,0,,76,Auckland,Unknown,,,,,0,0,Urban,0,,,Light rain,Null
1741899,5983804,1277848,,506660,0,,0,0,,East,2018/2019,WHANGARIPO VALLEY ROAD,TOMARATA VALLEY ROAD,,Fatal Crash,No,2018,,South,,1,,Flat,,,,,,Bright sun,136101,0,0,0,2,,,0,,,1,,,Auckland Region,Nil,2-way,Sealed,,0,0,,100,,Null,0,0,,76,Auckland,Unknown,,,,,1,0,Open,0,,,Fine,Null
1757190,5918702,1277853,,514301,0,,0,1,,West,2017/2018,KHYBER PASS ROAD,MADEIRA PLACE,,Serious Crash,No,2018,,North,,0,,Flat,,,,,,Dark,441506,0,0,0,4,,,0,,,1,,,Auckland Region,Nil,2-way,Sealed,,0,1,,10,,On,0,0,,76,Auckland,Nil,,,,,0,0,Urban,0,,,Fine,Null
1759743,5924743,1277855,,508110,0,,0,0,,Null,2017/2018,LAKE ROAD,ROBERTS AVENUE,,Serious Crash,No,2018,,North,,0,,Hill Road,,,,,,Overcast,318000,0,0,1,2,,,0,,,,,,Auckland Region,Nil,2-way,Sealed,,0,1,,50,,Null,1,0,,76,Auckland,Give way,,,,,0,0,Urban,0,,,Fine,Null
1761088,5923199,1277885,,509400,1,,0,0,,Null,2017/2018,MATAI ROAD,TAINUI ROAD,,Serious Crash,No,2018,,South,,0,,Flat,,,,,,Bright sun,333500,0,0,0,2,,,0,,,,,,Auckland Region,Nil,2-way,Sealed,,0,1,,50,,Null,0,0,,76,Auckland,Nil,,,,,0,0,Urban,1,,,Fine,Null
1748984,5935924,1277916,,506300,0,,0,3,,Null,2017/2018,DAIRY FLAT HIGHWAY,COATESVILLE-RIVERHEAD HIG,,Serious Crash,No,2018,,North,,0,,Flat,,,,,,Twilight,176003,0,0,0,3,,,0,,,,,,Auckland Region,Nil,2-way,Sealed,,0,1,,80,,On,0,0,,76,Auckland,Give way,,,,,1,0,Open,2,,,Mist or Fog,Null
1751889,5944586,1277919,35,506003,0,0,0,0,0,North,2017/2018,DUCK CREEK ROAD,PINESTEAD REACH,,Fatal Crash,No,2018,0,West,0,1,1,Hill Road,0,,0,,0,Bright sun,175812,0,0,1,2,0,0,0,0,0,,0,0,Auckland Region,Nil,2-way,Sealed,0,0,0,0,80,0,Null,1,0,,76,Auckland,Unknown,0,0,0,1,0,0,Open,0,0,0,Fine,Null
1751845,5914216,1278030,,514402,0,0,0,1,0,West,2017/2018,TIVERTON ROAD,PINEWOOD ST,,Serious Crash,No,2018,0,East,0,0,0,Hill Road,1,,0,,1,Overcast,380700,0,0,0,4,0,0,0,0,0,,0,0,Auckland Region,Nil,2-way,Sealed,0,0,1,0,50,0,Null,0,0,,76,Auckland,Unknown,0,0,0,1,0,0,Urban,0,0,0,Fine,Null
1744107,5968504,1278044,,506613,0,,0,0,,South,2018/2019,WOODCOCKS ROAD,OLD KAIPARA ROAD,,Serious Crash,No,2018,,North,,0,,Flat,,,,,,Bright sun,145900,0,0,1,2,,,0,,,,,,Auckland Region,Nil,2-way,Sealed,,0,1,,100,,Null,0,0,,76,Auckland,Unknown,,,,,0,0,Open,0,,,Fine,Null
1735052,5932653,1278120,,505605,0,0,0,0,0,East,2018/2019,OLD NORTH ROAD,WAIKOUKOU VALLEY ROAD,,Serious Crash,No,2018,0,West,1,0,0,Flat,1,,0,,0,Overcast,215700,0,0,2,2,0,0,0,0,0,,0,0,Auckland Region,Nil,2-way,Sealed,0,0,1,0,80,0,Null,0,0,,76,Auckland,Unknown,0,0,0,0,0,0,Open,0,0,0,Fine,Null
1759787,5914689,1278142,,519400,0,0,0,2,0,South,2017/2018,CAMPBELL ROAD,ST OSWALDS ROAD,,Serious Crash,No,2018,0,South,0,0,0,Hill Road,0,,0,,1,Bright sun,617800,1,0,0,3,0,0,0,0,0,,0,0,Auckland Region,Nil,2-way,Sealed,0,0,1,0,50,0,Null,0,0,,76,Auckland,Unknown,0,0,0,0,0,0,Urban,0,0,0,Fine,Null
1760267,5923406,1278155,,509400,0,0,0,1,0,North,2018/2019,LAKE ROAD,ARIHO TERRACE,,Serious Crash,No,2018,0,South,0,0,0,Hill Road,0,,0,,0,Dark,331500,0,0,0,2,0,0,0,0,0,,0,1,Auckland Region,Nil,2-way,Sealed,0,0,1,0,50,0,On,0,0,,76,Auckland,Nil,0,0,0,0,0,0,Urban,0,0,0,Fine,Null
1742673,5991055,1278187,,506660,0,0,0,1,0,North,2017/2018,MANGAWHAI ROAD,SCHOOL ROAD,,Serious Crash,No,2018,0,South,0,0,0,Flat,0,,0,,0,Dark,135400,0,0,0,2,0,0,0,0,0,,0,0,Auckland Region,Nil,2-way,Sealed,0,0,1,0,100,0,None,0,0,,76,Auckland,Unknown,0,0,0,1,0,0,Open,0,0,0,Light rain,Null
1759795,5916953,1278301,,516002,0,,0,0,,East,2017/2018,REMUERA ROAD,OMAHU ROAD,,Serious Crash,No,2018,,West,,0,,Flat,,,,,,Bright sun,491600,1,1,0,4,,,0,,,1,,,Auckland Region,Nil,2-way,Sealed,,0,1,,50,,Null,0,0,,76,Auckland,Unknown,,,,,0,0,Urban,0,,,Fine,Null
1747472,5913649,1278362,,511100,0,0,0,1,0,West,2018/2019,WEST COAST ROAD,JANET CLEWS PLACE,,Serious Crash,No,2018,0,West,0,0,0,Hill Road,0,,0,,0,Overcast,286701,2,0,0,4,0,0,0,0,1,,0,0,Auckland Region,Nil,2-way,Sealed,0,0,1,0,50,0,Null,0,0,,76,Auckland,Unknown,0,0,0,0,0,0,Urban,1,0,0,Fine,Null
1771050,5903871,1278458,45,523819,0,0,0,0,0,North,2017/2018,REDOUBT ROAD,MILL ROAD,,Serious Crash,No,2018,0,North,0,0,1,Flat,0,,0,,0,Bright sun,760500,0,0,1,2,0,0,0,0,0,,0,0,Auckland Region,Nil,2-way,Sealed,0,0,1,0,60,0,Null,0,0,,76,Auckland,Unknown,0,0,0,0,0,0,Urban,0,0,0,Fine,Null
1765951,5901523,1278472,,524604,0,,0,2,,Null,2017/2018,BROWNS ROAD,CHONNY CRESCENT,,Serious Crash,No,2018,,East,,0,,Flat,,,,,,Dark,781302,1,0,0,3,,,0,,,,,,Auckland Region,Nil,2-way,Sealed,,0,1,,50,,On,0,0,,76,Auckland,Give way,,,,,0,0,Urban,0,,,Fine,Null
1770564,5896165,1278533,,521201,0,0,0,0,0,East,2018/2019,CAPRIANA DRIVE,LOMBARDIA WAY,,Serious Crash,No,2018,0,South,0,0,0,Flat,0,,0,,0,Overcast,806604,0,0,1,2,0,0,0,0,0,,0,0,Auckland Region,Nil,2-way,Sealed,0,0,1,0,50,0,Null,0,0,,76,Auckland,Give way,0,0,0,1,0,0,Urban,0,0,0,Fine,Null
1764994,5914843,1278598,,520301,0,,0,1,,South,2018/2019,JELLICOE ROAD,PLEASANT VIEW ROAD,,Serious Crash,No,2018,,North,,0,,Flat,,,,,,Bright sun,628300,0,0,0,3,,,0,,,1,,,Auckland Region,Nil,2-way,Sealed,,0,1,,50,,Null,0,0,,76,Auckland,Nil,,,,,0,0,Urban,0,,,Fine,Null
1767444,5912104,1278654,,522910,0,,0,1,,Null,2017/2018,TI RAKAU DRIVE,EDGEWATER DRIVE,,Serious Crash,No,2018,,East,,0,,Flat,,,,,,Overcast,686502,0,0,0,5,,,0,,,1,,,Auckland Region,Nil,2-way,Sealed,,0,1,,60,,Null,0,0,,76,Auckland,Give way,,,,,0,0,Urban,0,,,Fine,Null
1771692,5903079,1278691,,523819,0,,0,1,,North,2017/2018,MILL ROAD,POLO PRINCE DRIVE,,Serious Crash,No,2018,,North,,0,,Hill Road,,,,,,Bright sun,760812,0,0,0,2,,,0,,,,,,Auckland Region,Nil,2-way,Sealed,,0,1,,60,,Null,0,0,,76,Auckland,Unknown,,,,,0,0,Urban,1,,,Fine,Null
1756138,5920577,1278794,,515202,0,,0,1,,North,2017/2018,BEAUMONT ST,VICTORIA ST WEST,,Serious Crash,No,2018,,North,,0,,Flat,,,,,,Overcast,426108,0,0,1,4,,,0,,,,,,Auckland Region,Nil,2-way,Sealed,,0,1,,50,,Null,0,0,,76,Auckland,Unknown,,,,,0,0,Urban,0,,,Fine,Null
1752200,5937746,1278822,,506300,0,0,0,1,0,South,2017/2018,SH 1N,WRIGHT OBR,,Serious Crash,Yes,2018,0,South,0,0,0,Flat,1,,0,,0,Bright sun,176105,1,0,0,2,0,0,0,0,0,,0,0,Auckland Region,Nil,1-way,Sealed,0,0,1,0,100,0,Null,1,0,,76,Auckland,Unknown,0,0,0,0,0,0,Open,0,0,0,Fine,Null
1754776,5917720,1278855,,517600,1,,0,1,,Null,2017/2018,MORNINGSIDE DRIVE,NEW NORTH ROAD,,Serious Crash,No,2018,,West,,0,,Hill Road,,,,,,Dark,533700,0,0,0,3,,,0,,,,,,Auckland Region,Nil,2-way,Sealed,,0,1,,50,,On,0,0,,76,Auckland,Traffic Signals,,,,,0,0,Urban,0,,,Light rain,Null
1740190,5928036,1279000,,505604,0,,0,1,,East,2018/2019,SH 16,OLD RAILWAY ROAD,,Serious Crash,Yes,2018,,North,,0,,Flat,,,,,,Overcast,214501,1,0,0,2,,,0,,,,,,Auckland Region,Nil,2-way,Sealed,,0,1,,80,,Null,0,0,,76,Auckland,Unknown,,,,,0,0,Open,3,,,Fine,Null
1752590,5934743,1279061,,508701,0,,0,1,,Null,2017/2018,OTEHA VALLEY ROAD,MUNROE LANE,,Serious Crash,No,2018,,West,,0,,Flat,,,,,,Bright sun,179000,0,0,1,4,,,0,,,,,,Auckland Region,Nil,2-way,Sealed,,0,1,,60,,Null,0,0,,76,Auckland,Give way,,,,,0,0,Urban,0,,,Fine,Null
1762480,5903638,1279078,,524604,0,,0,2,,Null,2018/2019,SH 20B,CAMPANA ROAD,,Serious Crash,Yes,2018,,West,,0,,Flat,,Christmas New Year,,,,Overcast,781100,1,0,0,2,,,0,,,,,,Auckland Region,Nil,2-way,Sealed,,0,1,,100,,Null,0,0,,76,Auckland,Nil,,,,,0,0,Open,1,,,Fine,Null
1757058,5917629,1279172,,518101,1,,0,0,,South,2017/2018,MOUNT EDEN ROAD,VIEW ROAD,,Serious Crash,No,2018,,North,,0,,Flat,,,,,,Bright sun,546200,0,0,0,3,,,0,,,,,,Auckland Region,Nil,2-way,Sealed,,0,1,,50,,Null,0,0,,76,Auckland,Nil,,,,,0,0,Urban,0,,,Fine,Null
1771170,5897521,1279386,,523912,0,0,0,2,0,Null,2018/2019,LONGFORD PARK DRIVE,MOSS CRESCENT N,,Serious Crash,No,2018,0,South,0,0,0,Flat,0,,0,,0,Dark,767807,0,0,0,2,0,0,0,0,1,,0,0,Auckland Region,Nil,2-way,Sealed,0,0,1,0,50,0,On,0,0,,76,Auckland,Nil,0,0,0,0,0,0,Urban,0,0,0,Light rain,Null
1763714,5913506,1280009,,520402,0,0,0,1,0,North,2018/2019,MOUNT WELLINGTON HIGHWAY,HAMLIN ROAD,,Serious Crash,No,2018,0,South,0,0,0,Flat,0,,0,,0,Bright sun,640300,0,0,0,4,0,0,0,0,0,,0,1,Auckland Region,Nil,2-way,Sealed,0,0,2,0,50,0,Null,0,0,,76,Auckland,Unknown,0,0,0,0,0,0,Urban,0,0,0,Fine,Null
1770391,5911842,1280019,,523105,0,,0,1,,South,2017/2018,BOTANY ROAD,KO LANE,,Fatal Crash,No,2018,,North,,1,,Flat,,,,,,Bright sun,711148,1,0,0,4,,,0,,,,,,Auckland Region,Nil,2-way,Sealed,,0,0,,60,,Null,1,0,,76,Auckland,Nil,,,,,0,0,Urban,1,,,Fine,Null
1749092.631,5911397.855,1280080,,512100,0,0,0,2,0,West,2018/2019,GODLEY ROAD,AVONLEIGH ROAD,,Fatal Crash,No,2018,0,East,0,1,0,Flat,0,,0,,0,Dark,290703,0,0,0,2,0,0,0,0,0,,0,1,Auckland Region,Nil,2-way,Sealed,0,0,1,0,50,0,On,0,0,,76,Auckland,Unknown,0,0,0,0,0,0,Urban,0,0,0,Light rain,Null
1768858.134,5911594.53,1280174,,523107,0,,0,2,,East,2018/2019,TI RAKAU DRIVE,BURSWOOD DRIVE,,Serious Crash,No,2019,,East,,0,,Flat,,,,,,Bright sun,711402,0,0,0,3,,,0,,,,,,Auckland Region,Nil,1-way,Sealed,,0,1,,60,,Off,0,0,,76,Auckland,Nil,,,,,0,0,Urban,0,,,Fine,Null
1764271,5917581,1280190,,517201,0,0,0,1,0,North,2018/2019,ST JOHNS ROAD,COLLEGE ROAD,,Serious Crash,No,2018,0,West,0,0,0,Flat,0,,0,,0,Dark,464900,0,0,0,2,0,0,0,0,1,,0,0,Auckland Region,Nil,2-way,Sealed,0,0,1,0,50,0,On,0,0,,76,Auckland,Nil,0,0,0,0,0,0,Urban,1,0,0,Fine,Null
1764817,5911132,1280223,,520500,0,,0,1,,North,2017/2018,SH 1N,OTAHUHU CK BR,,Serious Crash,Yes,2018,,North,,0,,Hill Road,,,,,,Bright sun,636300,0,0,1,3,,,0,,,,,,Auckland Region,Nil,1-way,Sealed,,0,1,,100,,Null,0,0,,76,Auckland,Unknown,,,,,1,0,Open,0,,,Fine,Null
1769960,5913202,1280453,,522722,0,0,0,2,0,Null,2017/2018,AVIEMORE DRIVE,BRADBURY ROAD,,Serious Crash,No,2018,0,South,0,0,0,Flat,0,Christmas New Year,0,,0,Dark,681338,4,0,0,2,0,0,0,0,0,,0,1,Auckland Region,Nil,2-way,Sealed,0,0,1,0,60,0,On,0,0,,76,Auckland,Give way,0,0,0,1,0,0,Urban,0,0,0,Fine,Null
1754027,5917810,1280554,35,517600,0,,0,2,,East,2018/2019,ROCKY NOOK AVENUE,MALVERN ROAD,,Serious Crash,No,2018,,West,,0,,Flat,,,,,,Bright sun,533800,1,0,0,2,,,0,,,,,,Auckland Region,Nil,2-way,Sealed,,0,1,,50,,Off,0,0,,76,Auckland,Unknown,,,,,0,0,Urban,0,,,Fine,Null
1747482,5917369,1280591,,512500,0,,0,1,,North,2017/2018,Z DRIVEWAY,MEADOW CRESCENT,,Serious Crash,No,2018,,South,,0,,Hill Road,,,,,,Bright sun,258600,0,0,0,1,,,0,,,1,,,Auckland Region,Nil,Off road,Sealed,,0,1,,50,,Null,0,0,,76,Auckland,Unknown,,,,,0,0,Urban,0,,,Fine,Null
1764391,5914827,1280614,,520303,0,,1,1,,South,2017/2018,MOUNT WELLINGTON HIGHWAY,ELLERSLIE-PANMURE HIGHWAY,,Serious Crash,No,2018,,South,,0,,Flat,,,,,,Overcast,627400,0,0,1,4,,,0,,,,,,Auckland Region,Nil,2-way,Sealed,,0,1,,50,,Null,0,0,,76,Auckland,Unknown,,,,,0,0,Urban,0,,,Fine,Null
1772409,5901862,1280625,,523813,0,,0,2,,North,2017/2018,MILL ROAD,ALFRISTON ROAD,,Fatal Crash,No,2018,,South,,1,,Flat,,,,,,Bright sun,760902,0,0,0,2,,,0,,,,,,Auckland Region,Nil,2-way,Sealed,,0,1,,80,,Null,0,0,,76,Auckland,Nil,,,,,0,0,Open,0,,,Fine,Null
1747398,5913695,1280717,,511100,0,,0,2,,Null,2017/2018,WEST COAST ROAD,BOWERS ROAD,,Serious Crash,No,2018,,West,,0,,Hill Road,,,,,,Dark,286200,0,0,0,4,,,0,,,,,,Auckland Region,Nil,2-way,Sealed,,0,1,,50,,On,0,0,,76,Auckland,Traffic Signals,,,,,0,0,Urban,0,,,Heavy rain,Null
1752633,5946872,1280732,,505808,0,0,0,0,0,West,2018/2019,WHANGAPARAOA ROAD,MATHESON ROAD,,Serious Crash,No,2018,0,East,0,0,0,Flat,0,,0,,0,Overcast,173106,0,0,1,4,0,0,0,0,0,,0,0,Auckland Region,Nil,2-way,Sealed,0,0,1,0,60,0,Null,0,0,,76,Auckland,Unknown,1,0,0,0,0,0,Urban,0,0,0,Fine,Null
1760242,5889120,1280803,,521122,0,,0,1,,South,2017/2018,KINGSEAT ROAD,LINWOOD ROAD,,Serious Crash,No,2018,,North,,0,,Flat,,,,,,Dark,810901,1,0,0,2,,,0,,,,,,Auckland Region,Nil,2-way,Sealed,,0,1,,70,,None,0,0,,76,Auckland,Unknown,,,,,0,0,Urban,1,,,Fine,Null
1750439,5915371,1280830,,514802,0,,0,2,,East,2017/2018,ASH ST,WAIRAU AVENUE,,Serious Crash,No,2018,,West,,0,,Flat,,,,,,Dark,387008,1,0,0,4,,,0,,,,,,Auckland Region,Nil,2-way,Sealed,,0,1,,50,,On,0,0,,76,Auckland,Nil,,,,,0,0,Urban,0,,,Fine,Null
1728448,5984777,1280861,,506660,0,0,0,0,1,North,2018/2019,WHARF ROAD,BENNETT ST,,Serious Crash,No,2018,0,West,1,0,0,Hill Road,0,Labour Weekend,0,,0,Bright sun,144300,0,0,1,2,0,0,0,0,0,,0,0,Auckland Region,Nil,2-way,Sealed,0,0,1,0,50,0,Null,0,0,,76,Auckland,Nil,0,0,0,0,0,0,Urban,0,0,0,Fine,Null
1767617,5907701,1280949,,523502,0,,0,1,,West,2018/2019,EAST TAMAKI ROAD,HILLS ROAD,,Serious Crash,No,2019,,East,,0,,Flat,,,,,,Bright sun,701900,0,0,1,2,,,0,,,,,,Auckland Region,Nil,1-way,Sealed,,0,1,,60,,Null,0,0,,76,Auckland,Nil,,,,,0,0,Urban,0,,,Fine,Null
1760238,5922705,1280956,,509400,0,,0,0,,North,2018/2019,VICTORIA ROAD,CALLIOPE ROAD,,Serious Crash,No,2018,,South,,0,,Flat,,,,,,Bright sun,332700,0,0,0,2,,,0,,,1,,,Auckland Region,Nil,2-way,Sealed,,0,1,,50,,Null,0,0,,76,Auckland,Unknown,,,,,0,0,Urban,1,,,Fine,Null
1759323.955,5916324.786,1280959,,516001,0,,0,1,,Null,2018/2019,GREAT SOUTH ROAD,OMAHU ROAD,,Serious Crash,No,2019,,South,,0,,Flat,,,,,,Dark,493800,0,0,1,2,,,0,,,,,,Auckland Region,Nil,2-way,Sealed,,0,1,,50,,On,0,0,,76,Auckland,Stop,,,,,0,0,Urban,0,,,Fine,Null
1765252,5908941,1281057,,523403,0,0,0,1,0,Null,2017/2018,WYMONDLEY ROAD,FIRTH CRESCENT,,Serious Crash,No,2018,0,North,0,0,0,Flat,0,,0,,0,Dark,699400,0,0,0,2,0,0,0,0,1,,0,0,Auckland Region,Nil,2-way,Sealed,0,0,1,0,50,0,On,0,0,,76,Auckland,Nil,0,0,0,0,1,0,Urban,0,0,0,Fine,Null
1756691.774,5918536.668,1281110,,515600,0,0,0,0,0,East,2018/2019,NEW NORTH RD,RURU ST,,Serious Crash,No,2019,0,North,0,0,0,Hill Road,0,,0,,0,Dark,420700,0,0,1,4,0,0,0,0,0,,0,1,Auckland Region,Nil,2-way,Sealed,0,0,1,0,50,0,On,0,0,,76,Auckland,Unknown,0,0,0,0,0,0,Urban,0,0,0,Fine,Null
1754917,5879857,1281163,,521152,0,,0,1,,North,2018/2019,GLENBROOK-WAIUKU ROAD,MISSION BUSH ROAD,,Serious Crash,No,2018,,South,,0,,Flat,,,,,,Overcast,834200,1,0,0,2,,,0,,,,,,Auckland Region,Nil,2-way,Sealed,,0,1,,100,,Null,0,0,,76,Auckland,Unknown,,,,,0,0,Open,1,,,Light rain,Null
1771426,5908354,1281201,,523115,0,,0,1,,North,2018/2019,GRACECHURCH DRIVE,INCHINNAM ROAD,,Serious Crash,No,2018,,North,,0,,Flat,,,,,,Dark,712203,0,0,0,2,,,0,,,2,,,Auckland Region,Nil,2-way,Sealed,,0,2,,50,,None,0,0,,76,Auckland,Unknown,,,,,0,0,Urban,0,,,Fine,Null
1770339,5911317,1281237,,523106,0,,0,2,,Null,2018/2019,BOTANY ROAD,TI RAKAU DRIVE,,Serious Crash,No,2018,,South,,0,,Flat,,,,,,Dark,711174,0,0,0,7,,,0,,,,,,Auckland Region,Nil,2-way,Sealed,,0,1,,60,,On,0,0,,76,Auckland,Traffic Signals,,,,,0,0,Urban,0,,,Light rain,Null
1754570.047,5933147.633,1281305,,508805,0,,0,1,,West,2018/2019,ROSEDALE ROAD,GRAHAM COLLINS DRIVE,,Serious Crash,No,2019,,East,,0,,Hill Road,,,,,,Overcast,180867,0,0,0,2,,,0,,,1,,,Auckland Region,Nil,2-way,Sealed,,0,1,,50,,Off,0,0,,76,Auckland,Unknown,,,,,0,0,Urban,0,,,Fine,Null
1734308,5945724,1281375,,506647,0,,0,1,,Null,2018/2019,KAIPARA COAST HIGHWAY,KAHIKATEA FLAT ROAD,,Serious Crash,Yes,2019,,South,,0,,Hill Road,,,,,,Overcast,211501,0,0,1,2,,,0,,,,,,Auckland Region,Nil,2-way,Sealed,,0,1,,80,,Null,0,0,,76,Auckland,Give way,,,,,0,0,Open,0,,,Fine,Null
1766810,5908070,1281472,,523501,0,,0,1,,Null,2018/2019,ALEXANDER CRESCENT,TOSO WAY,,Serious Crash,No,2018,,North,,0,,Flat,,,,,,Dark,700601,0,0,0,2,,,0,,,1,,,Auckland Region,Nil,2-way,Sealed,,0,1,,50,,On,0,0,,76,Auckland,Give way,,,,,0,0,Urban,0,,,Fine,Null
1746356,5940017,1281547,,506614,0,0,0,2,0,Null,2017/2018,DAIRY FLAT HIGHWAY,BLACKBRIDGE ROAD,,Serious Crash,No,2018,0,South,0,0,0,Hill Road,0,,0,,0,Bright sun,178003,0,0,0,2,0,0,0,0,0,,0,1,Auckland Region,Nil,2-way,Sealed,0,0,1,0,100,0,Null,0,0,,76,Auckland,Stop,0,0,0,0,0,0,Open,0,0,0,Fine,Null
1765123.976,5909810.654,1281619,,521802,0,,0,1,,South,2018/2019,01N-0431-D,TRENWITH OBR,,Serious Crash,Yes,2019,,North,,0,,Flat,,,,,,Dark,788203,0,0,0,4,,,0,,,,,,Auckland Region,Nil,1-way,Sealed,,0,1,,100,,On,0,0,,76,Auckland,Nil,,,,,0,0,Open,0,,,Fine,Null
1752731.52,5914764.371,1281675,,514500,0,,0,0,,East,2018/2019,METHUEN ROAD,KIRKWOOD PLACE,,Serious Crash,No,2019,,East,,0,,Flat,,,,,,Overcast,377902,0,0,1,1,,,0,,,,,,Auckland Region,Nil,2-way,Sealed,,0,1,,50,,Off,0,0,,76,Auckland,Unknown,,,,,0,0,Urban,0,,,Fine,Null
1744175.684,5974714.344,1281698,,506661,0,,0,1,,South,2018/2019,01N-0346,WAIWHIU CONICAL PEAK ROAD,,Serious Crash,Yes,2019,,South,,0,,Hill Road,,Christmas New Year,,,,Bright sun,139000,0,0,1,3,,,0,,,,,,Auckland Region,Nil,2-way,Sealed,,0,1,,80,,None,0,0,,76,Auckland,Unknown,,,,,0,0,Open,0,,,Fine,Null
1788519.711,5887537.634,1281704,,521132,0,,0,1,,South,2018/2019,PAPARIMU RD,APARIMU ROAD,,Serious Crash,No,2019,,North,,0,,Flat,,,,,,Bright sun,815801,2,0,3,2,,,0,,,,,,Auckland Region,Nil,2-way,Sealed,,0,1,,100,,None,0,0,,76,Auckland,Unknown,,,,,0,0,Open,0,,,Fine,Null
1765984.938,5882077.697,1281903,,521112,0,,0,0,,Null,2018/2019,GUN CLUB ROAD,SCHLAEPFER ROAD,,Serious Crash,No,2019,,South,,0,,Hill Road,,,,,,Bright sun,826500,6,0,0,2,,,0,,,,,,Auckland Region,Nil,2-way,Sealed,,0,2,,100,,Null,1,0,,76,Auckland,Stop,,,,,0,0,Open,1,,,Fine,Null