X,Y,OBJECTID,advisorySpeed,areaUnitID,bicycle,bridge,bus,carStationWagon,cliffBank,crashDirectionDescription,crashFinancialYear,crashLocation1,crashLocation2,crashRoadSideRoad,crashSeverity,crashSHDescription,crashYear,debris,directionRoleDescription,ditch,fatalCount,fence,flatHill,guardRail,holiday,houseOrBuilding,intersection,kerb,light,meshblockId,minorInjuryCount,moped,motorcycle,NumberOfLanes,objectThrownOrDropped,otherObject,otherVehicleType,overBank,parkedVehicle,pedestrian,phoneBoxEtc,postOrPole,region,roadCharacter,roadLane,roadSurface,roadworks,schoolBus,seriousInjuryCount,slipOrFlood,speedLimit,strayAnimal,streetLight,suv,taxi,temporarySpeedLimit,tlaId,tlaName,trafficControl,trafficIsland,trafficSign,train,tree,truck,unknownVehicleType,urban,vanOrUtility,vehicle,waterRiver,weatherA,weatherB
1765477,5899797,1281922,,524822,0,,0,1,,South,2017/2018,FINLAYSON AVENUE,WAI ITI PLACE,,Serious Crash,No,2018,,South,,0,,Hill Road,,,,,,Overcast,774437,0,0,0,2,,,0,,,1,,,Auckland Region,Nil,2-way,Sealed,,0,1,,50,,Null,0,0,,76,Auckland,Unknown,,,,,0,0,Urban,0,,,Fine,Null
1758640,5919865,1282284,,515902,0,,0,2,,North,2018/2019,PARNELL ROAD,RUSKIN ST,,Serious Crash,No,2018,,North,,0,,Flat,,,,,,Overcast,453600,1,0,0,3,,,0,,,,,,Auckland Region,Nil,2-way,Sealed,,0,1,,50,,Null,0,0,,76,Auckland,Unknown,,,,,0,0,Urban,0,,,Fine,Null
1757557.667,5918474.712,1282421,,518101,0,0,0,1,0,South,2018/2019,01N-0427-D,BOSTON OBR,,Serious Crash,Yes,2019,0,North,0,0,0,Hill Road,1,,0,,0,Overcast,542700,1,0,0,4,0,0,0,0,0,,0,0,Auckland Region,Overpass,1-way,Sealed,0,0,1,0,80,0,Off,0,0,,76,Auckland,Unknown,0,0,0,0,0,0,Open,1,0,0,Fine,Null
1750446.284,5915588.778,1282463,,514802,0,,0,2,,Null,2018/2019,CANAL ROAD,NAUMAI STREET,,Serious Crash,No,2019,,North,,0,,Flat,,,,,,Overcast,386300,0,0,0,2,,,0,,,,,,Auckland Region,Nil,2-way,Sealed,,0,1,,50,,Off,0,0,,76,Auckland,Nil,,,,,0,0,Urban,0,,,Light rain,Frost
1754407.088,5916636.272,1282473,,517701,0,,0,1,,Null,2019/2020,ST LUKES ROAD,WAGNER PLACE,,Serious Crash,No,2019,,North,,0,,Flat,,,,,,Dark,536100,0,0,0,4,,,0,,,1,,,Auckland Region,Nil,2-way,Sealed,,0,1,,50,,On,0,0,,76,Auckland,Traffic Signals,,,,,0,0,Urban,0,,,Light rain,Null
1755837.749,5979328.569,1282541,,506661,0,,0,0,,West,2018/2019,LEIGH RD ,SCHOLLUM ROAD,,Serious Crash,No,2019,,East,,0,,Hill Road,,,,,,Dark,137502,1,0,0,2,,,0,,,,,,Auckland Region,Nil,2-way,Sealed,,0,1,,100,,None,0,0,,76,Auckland,Unknown,,,,,0,0,Open,1,,,Light rain,Null
1761416,5916823,1282735,,516202,0,,0,1,,South,2018/2019,REMUERA ROAD,MINTO ROAD,,Serious Crash,No,2018,,North,,0,,Flat,,,,,,Bright sun,489900,0,0,0,4,,,0,,,1,,,Auckland Region,Nil,2-way,Sealed,,0,1,,50,,Null,0,0,,76,Auckland,Nil,,,,,0,0,Urban,0,,,Fine,Null
1765618,5906899,1282738,,522301,0,0,0,3,0,Null,2017/2018,GREAT SOUTH ROAD,KOLMAR ROAD,,Serious Crash,No,2018,0,North,0,0,0,Flat,0,,0,,0,Dark,666800,0,0,0,4,0,0,0,0,2,,0,0,Auckland Region,Nil,2-way,Sealed,0,0,1,0,50,0,On,0,0,,76,Auckland,Traffic Signals,0,0,0,0,0,0,Urban,0,0,0,Fine,Null
1750413,5946695,1282740,,505806,0,,0,1,,Null,2017/2018,CENTRAL BOULEVARD,MILNER AVENUE,,Serious Crash,No,2018,,East,,0,,Hill Road,,,,,,Dark,176504,0,0,0,2,,,0,,,,,,Auckland Region,Nil,2-way,Sealed,,0,1,,50,,On,1,0,,76,Auckland,Stop,,,,,0,0,Urban,0,,,Light rain,Null
1762918,5908463,1282832,,524402,0,0,0,1,0,West,2018/2019,SAVILL DRIVE,ALDERMAN PLACE,,Serious Crash,No,2018,0,East,0,0,1,Flat,0,,0,,0,Twilight,749900,0,0,0,2,0,1,0,0,1,,0,0,Auckland Region,Nil,2-way,Sealed,0,0,2,0,50,0,Off,0,0,,76,Auckland,Unknown,0,0,0,0,1,0,Urban,0,0,0,Fine,Null
1757041,5925437,1282845,,509702,0,0,0,2,0,Null,2018/2019,SH 1N,AKORANGA OFF NBD,,Serious Crash,Yes,2018,0,North,0,0,0,Flat,1,,0,,0,Bright sun,364601,0,0,0,4,0,0,0,0,0,,0,0,Auckland Region,Nil,1-way,Sealed,0,0,1,0,100,0,Null,0,0,,76,Auckland,Nil,0,0,0,0,0,0,Open,0,0,0,Fine,Null
1761831,5920024,1282884,,516400,1,,0,1,,Null,2018/2019,WATENE CRESCENT,TAMAKI DRIVE,,Serious Crash,No,2018,,West,,0,,Flat,,,,,,Bright sun,498900,0,0,0,4,,,0,,,,,,Auckland Region,Nil,2-way,Sealed,,0,1,,50,,Null,0,0,,76,Auckland,Give way,,,,,0,0,Urban,0,,,Fine,Null
1783726.966,5889547.775,1282991,,521132,0,0,0,0,0,North,2018/2019,GELLING RD,,,Serious Crash,No,2019,0,South,0,0,0,Hill Road,0,,0,,0,Overcast,815304,0,0,0,2,0,0,0,0,0,,0,0,Auckland Region,Nil,2-way,Sealed,0,0,1,0,100,0,None,0,0,,76,Auckland,Unknown,0,0,0,1,1,0,Open,0,0,0,Light rain,Null
1766498.748,5913258.563,1283045,,522920,0,,0,1,,Null,2019/2020,TI RAKAU DRIVE,PAKURANGA ROAD,,Serious Crash,No,2019,,North,,0,,Flat,,,,,,Overcast,683900,0,0,0,4,,,0,,,1,,,Auckland Region,Nil,2-way,Sealed,,0,1,,60,,Off,0,0,,76,Auckland,Give way,,,,,0,0,Urban,0,,,Fine,Null
1762825.013,5913427.508,1283060,,520402,0,,0,1,,South,2019/2020,COMMISSARIAT RD,BAILEY ROAD,,Serious Crash,No,2019,,North,,0,,Flat,,,,,,Overcast,642000,0,0,0,2,,,0,,,1,,,Auckland Region,Nil,2-way,Sealed,,0,1,,50,,Off,0,0,,76,Auckland,Unknown,,,,,0,0,Urban,0,,,Fine,Null
1759295.726,5906512.927,1283106,,524200,0,0,0,0,0,East,2018/2019,KIRKBRIDE ROAD,KIRKBRIDE ROAD ON RAMP,,Serious Crash,No,2019,0,East,0,0,0,Flat,0,,0,,0,Dark,727400,0,0,0,5,0,0,0,0,0,,0,0,Auckland Region,Bridge,2-way,Sealed,0,0,2,0,60,0,On,1,0,30,76,Auckland,Nil,1,0,0,0,0,0,Urban,0,0,0,Fine,Null
1758779.767,5920562.873,1283134,,514101,0,,0,0,,West,2018/2019,QUAY STREET,SH 16,,Serious Crash,No,2019,,West,,0,,Flat,,,,,,Dark,438214,0,0,0,2,,,0,,,1,,,Auckland Region,Nil,1-way,Sealed,,0,1,,50,,On,0,0,,76,Auckland,Unknown,,,,,0,0,Urban,1,,,Light rain,Null
1751165.852,5939386.955,1283345,,506003,0,,0,2,,North,2018/2019,EAST COAST RD (SILVERDALE/REDVALE,HAIGH ACCESS ROAD,,Serious Crash,No,2019,,South,,0,,Flat,,,,,,Overcast,175818,2,0,0,2,,,0,,,,,,Auckland Region,Nil,2-way,Sealed,,0,1,,80,,None,0,0,,76,Auckland,Nil,,,,,0,0,Open,0,,,Fine,Null
1765861.946,5901313.185,1283469,,524711,0,0,0,1,0,South,2018/2019,FELLBROOK ST,GARTH PLACE,,Serious Crash,No,2019,0,South,0,0,0,Flat,0,,0,,0,Dark,775100,0,0,0,2,0,0,0,0,0,,0,0,Auckland Region,Nil,2-way,Sealed,0,0,1,0,50,0,On,0,0,,76,Auckland,Unknown,0,0,0,1,0,0,Urban,0,0,0,Light rain,Null
1768910.841,5900841.399,1283497,,525001,0,,0,1,,Null,2018/2019,GREAT SOUTH ROAD,WEYMOUTH ROAD,,Fatal Crash,No,2019,,South,,1,,Flat,,,,,,Overcast,751600,0,0,1,3,,,0,,,,,,Auckland Region,Nil,2-way,Sealed,,0,0,,50,,Off,0,0,,76,Auckland,Traffic Signals,,,,,0,0,Urban,0,,,Light rain,Null
1756541.031,5912548.552,1283584,,518702,1,,0,0,,Null,2019/2020,CARLTON STREET,HILLSBOROUGH ROAD,,Serious Crash,No,2020,,North,,0,,Flat,,,,,,Twilight,570600,0,0,0,2,,,0,,,,,,Auckland Region,Nil,2-way,Sealed,,0,1,,50,,On,1,0,,76,Auckland,Give way,,,,,0,0,Urban,0,,,Fine,Null
1758816.165,5912201.087,1283620,,519810,0,,0,1,,North,2019/2020,SELWYN ST,CHURCH STREET,,Serious Crash,No,2019,,East,,0,,Flat,,,,,,Overcast,599000,0,0,1,4,,,0,,,,,,Auckland Region,Nil,2-way,Sealed,,0,1,,50,,Off,0,0,,76,Auckland,Nil,,,,,0,0,Urban,0,,,Light rain,Null
1765828.067,5898719.925,1283797,,524812,0,0,0,1,0,North,2018/2019,WEYMOUTH ROAD,ADEL PLACE,,Serious Crash,No,2019,0,North,0,0,0,Flat,0,,0,,0,Dark,774301,0,0,0,2,0,0,0,0,0,,0,1,Auckland Region,Nil,2-way,Sealed,0,0,1,0,50,0,On,0,0,,76,Auckland,Nil,0,0,0,0,0,0,Urban,0,0,0,Fine,Null
1746784.625,5915664.044,1283814,,511601,0,0,0,1,0,East,2019/2020,FELGROVE ST,LYDFORD PLACE,,Serious Crash,No,2019,0,East,0,0,0,Hill Road,0,,0,,1,Overcast,275700,1,0,0,2,0,0,0,0,0,,0,0,Auckland Region,Nil,2-way,Sealed,0,0,2,0,50,0,Off,0,0,,76,Auckland,Unknown,0,0,0,1,0,0,Urban,0,0,0,Light rain,Null
1756280.713,5927947.493,1283834,,507900,0,,0,0,,North,2018/2019,WAIRAU ROAD,SHAKESPEARE ROAD,,Serious Crash,No,2019,,South,,0,,Flat,,,,,,Overcast,305202,1,1,0,5,,,0,,,2,,,Auckland Region,Nil,2-way,Sealed,,0,2,,50,,Off,0,0,,76,Auckland,Isolated Pedestrian signal (non-intersection),,,,,0,0,Urban,0,,,Fine,Null
1747590.212,5967513.777,1283999,,506613,0,,0,2,,South,2019/2020,01N-0363,VALERIE CLOSE,,Serious Crash,Yes,2019,,North,,0,,Hill Road,,,,,,Bright sun,146004,2,0,0,2,,,0,,,,,,Auckland Region,Nil,2-way,Sealed,,0,1,,100,,None,0,0,,76,Auckland,Unknown,,,,,1,0,Open,0,,,Fine,Null
1766429.166,5907631.305,1284055,,523402,0,,0,2,,Null,2019/2020,EAST TAMAKI ROAD,OTARA ROAD,,Serious Crash,No,2019,,East,,0,,Flat,,,,,,Dark,699300,2,0,0,4,,,0,,,,,,Auckland Region,Nil,2-way,Sealed,,0,1,,60,,On,0,0,,76,Auckland,Traffic Signals,,,,,0,0,Urban,0,,,Fine,Null
1739912.789,5929828.259,1284070,45,505604,0,,0,1,,North,2019/2020,OLD NORTH ROAD,BROADWOOD RISE,,Serious Crash,No,2020,,South,,0,,Hill Road,,,,,,Overcast,214202,0,0,0,2,,,0,,,,,,Auckland Region,Nil,2-way,Sealed,,0,1,,80,,Off,0,0,,76,Auckland,Unknown,,,,,1,0,Open,0,,,Light rain,Null
1743320.615,5925423.528,1284092,,513410,0,,0,0,,South,2019/2020,NORTH-WESTERN MOTORWAY,FRED TAYLOR DRIVE,,Serious Crash,Yes,2020,,West,,0,,Flat,,,,,,Overcast,223200,1,0,0,2,,,0,,,,,,Auckland Region,Nil,1-way,Sealed,,0,1,,100,,Off,1,0,,76,Auckland,Unknown,,,,,0,0,Open,2,,,Fine,Null
1749197.644,5949476.181,1284132,,506202,0,,0,1,,West,2019/2020,GRAND DR (OREWA),OREWA ON RAMP,,Fatal Crash,No,2019,,East,,1,,Hill Road,,,,,,Bright sun,176412,2,0,0,2,,,0,,,,,,Auckland Region,Nil,2-way,Sealed,,0,0,,70,,None,0,0,,76,Auckland,Unknown,,,,,0,0,Urban,1,,,Fine,Null
1731239.811,5926714.01,1284161,45,506652,0,0,0,0,0,Null,2019/2020,MURIWAI ROAD,HAMILTON ROAD,,Serious Crash,No,2019,0,South,0,0,0,Flat,0,,0,,0,Dark,218102,0,0,0,2,0,0,0,0,0,,0,0,Auckland Region,Nil,2-way,Sealed,0,0,1,0,100,0,None,0,0,,76,Auckland,Nil,0,0,0,1,0,0,Open,1,0,0,Fine,Null
1765512.679,5906824.213,1284241,,522202,0,,0,1,,West,2019/2020,KOLMAR ROAD,BISLEY STREET,,Serious Crash,No,2020,,North,,0,,Flat,,,,,,Dark,663500,0,0,0,2,,,0,,,1,,,Auckland Region,Nil,2-way,Sealed,,0,1,,50,,On,0,0,,76,Auckland,Nil,,,,,0,0,Urban,0,,,Fine,Null
1766465.867,5907297.471,1284375,,522302,0,,0,1,,South,2019/2020,SOUTHERN MOTORWAY,EAST TAMAKI OBR,,Serious Crash,Yes,2020,,North,,0,,Flat,,,,,,Overcast,667700,0,0,1,6,,,0,,,,,,Auckland Region,Nil,2-way,Sealed,,0,1,,100,,Off,0,0,,76,Auckland,Nil,,,,,0,0,Open,0,,,Fine,Null
1752156.875,5938078.843,1284483,,506300,0,,0,1,,South,2018/2019,01N-0398-I,WRIGHT OBR,,Serious Crash,Yes,2019,,North,,0,,Flat,,,,,,Bright sun,176105,0,0,1,2,,,0,,,,,,Auckland Region,Nil,1-way,Sealed,,0,1,,100,,None,0,0,,76,Auckland,Unknown,,,,,0,0,Open,0,,,Fine,Null
1766825.681,5904700.249,1284493,,524603,0,0,1,1,0,East,2018/2019,CAVENDISH DR (EASTBOUND),LAMBIE DR,,Serious Crash,No,2019,0,East,0,0,0,Flat,0,,0,,0,Bright sun,780205,1,0,0,4,0,0,0,0,0,,0,0,Auckland Region,Nil,2-way,Sealed,0,0,1,0,60,0,Off,0,0,,76,Auckland,Unknown,1,0,0,0,0,0,Urban,0,0,0,Fine,Null
1747278.048,5919566.947,1284792,,512402,0,0,0,1,0,Null,2018/2019,TE ATATU ROAD,TE ATATU ROAD ON RAMP,,Serious Crash,No,2019,0,Null,0,0,0,Hill Road,0,,0,,0,Bright sun,253700,0,0,0,3,0,0,0,0,0,,0,0,Auckland Region,Nil,2-way,Sealed,0,0,1,0,50,0,Off,0,0,,76,Auckland,Traffic Signals,0,0,0,0,1,0,Urban,0,1,0,Fine,Null
1737574.368,5932368.211,1284801,,506653,0,,0,1,,North,2019/2020,OLD NORTH ROAD,PINETONE ROAD,,Fatal Crash,No,2019,,South,,1,,Hill Road,,,,,,Dark,217000,1,0,0,2,,,0,,,,,,Auckland Region,Nil,2-way,Sealed,,0,0,,80,,None,1,0,,76,Auckland,Unknown,,,,,0,0,Open,0,,,Fine,Null
1748506.464,5913066.23,1284819,,511401,1,,0,0,,Null,2015/2016,TITIRANGI ROAD,CROYDON ROAD,,Serious Crash,No,2016,,East,,0,,Hill Road,,,,,,Overcast,262705,1,0,0,2,,,0,,,,,,Auckland Region,Nil,2-way,Sealed,,0,1,,50,,Off,1,0,,76,Auckland,Give way,,,,,0,0,Urban,0,,,Fine,Strong wind
1758327.019,5920171.788,1284868,,514103,1,,0,1,,Null,2019/2020,PARNELL RISE,SHIPWRIGHT LANE,,Serious Crash,No,2020,,West,,0,,Hill Road,,,,,,Overcast,438203,0,0,0,5,,,0,,,,,,Auckland Region,Nil,2-way,Sealed,,0,1,,50,,Off,0,0,,76,Auckland,Give way,,,,,0,0,Urban,0,,,Fine,Null
1758229.334,5913398.362,1285060,15,519710,1,,0,0,,Null,2018/2019,MANUKAU ROAD,MOUNT ALBERT ROAD,,Serious Crash,No,2019,,North,,0,,Flat,,,,,,Dark,596300,0,0,0,2,,,0,,,,,,Auckland Region,Nil,2-way,Sealed,,0,1,,50,,On,1,0,,76,Auckland,Give way,,,,,0,0,Urban,0,,,Mist or Fog,Null
1764205.746,5908968.602,1285062,,521901,1,,0,1,,Null,2019/2020,MANGERE ROAD,PIKI THOMPSON WAY,,Serious Crash,No,2019,,South,,0,,Flat,,,,,,Overcast,785200,0,0,0,4,,,0,,,,,,Auckland Region,Nil,2-way,Sealed,,0,1,,50,,Off,0,0,,76,Auckland,Nil,,,,,0,0,Urban,0,,,Heavy rain,Strong wind
1769126.489,5912984.73,1285203,,522723,0,0,0,1,0,East,2019/2020,REELICK AVE,ROBERT ALLAN WAY,,Serious Crash,No,2019,0,South,0,0,0,Flat,0,Christmas New Year,0,,0,Bright sun,682800,4,0,0,2,0,0,0,0,0,,1,0,Auckland Region,Nil,2-way,Sealed,0,0,1,0,50,0,Off,0,0,,76,Auckland,Nil,0,0,0,0,0,0,Urban,0,0,0,Fine,Null
1769899.744,5900345.323,1285383,,523817,0,,0,3,,North,2019/2020,SOUTHERN MOTORWAY,TAKANINI OFF RAMP,,Serious Crash,Yes,2020,,South,,0,,Flat,,,,,,Bright sun,759737,1,0,0,3,,,0,,,,,,Auckland Region,Nil,1-way,Sealed,,0,1,,100,,Null,0,0,,76,Auckland,Nil,,,,,0,0,Open,0,,,Fine,Null
1773804.859,5908198.156,1285412,,523202,0,0,0,1,0,West,2019/2020,SANDSTONE ROAD,STONERIDGE TERRACE,,Serious Crash,No,2020,0,East,0,0,0,Hill Road,0,,0,,0,Dark,716602,0,0,0,3,0,0,0,0,0,,0,0,Auckland Region,Nil,2-way,Sealed,0,0,1,0,100,1,None,0,0,,76,Auckland,Unknown,0,0,0,1,0,0,Open,0,0,0,Fine,Null
1764092.021,5910886.879,1285494,45,520500,0,0,0,1,0,West,2018/2019,MT WELLINGTON HIGHWAY,MEADOW ST,,Serious Crash,No,2019,0,West,0,0,1,Hill Road,0,,1,,0,Bright sun,638002,1,0,0,2,0,0,0,0,0,,0,0,Auckland Region,Nil,2-way,Sealed,0,0,1,0,50,0,Off,0,0,,76,Auckland,Unknown,0,0,0,0,0,0,Urban,0,0,0,Fine,Null
1761095.534,5918379.8,1285555,,516201,0,0,0,1,0,Null,2019/2020,ORAKEI ROAD,UPLAND ROAD,,Serious Crash,No,2020,0,South,0,0,0,Flat,0,,0,,1,Dark,486000,0,0,1,2,0,0,0,0,0,,0,0,Auckland Region,Nil,2-way,Sealed,0,0,1,0,50,0,On,0,0,,76,Auckland,Give way,1,0,0,0,0,0,Urban,0,0,0,Fine,Null
1769993.86,5907289.991,1285652,,523713,0,,0,1,,East,2018/2019,ORMISTON ROAD,CHAPEL ROAD,,Serious Crash,No,2019,,West,,0,,Flat,,Queens Birthday,,,,Overcast,713100,0,0,1,4,,,0,,,,,,Auckland Region,Nil,2-way,Sealed,,0,1,,50,,Off,0,0,30,76,Auckland,Nil,,,,,0,0,Urban,0,,,Light rain,Null
1753833.493,5926743.695,1285686,,508220,0,,0,1,,Null,2019/2020,GLENFIELD ROAD,CORONATION ROAD,,Serious Crash,No,2020,,South,,0,,Flat,,,,,,Overcast,189400,0,0,1,2,,,0,,,,,,Auckland Region,Nil,2-way,Sealed,,0,1,,50,,Off,0,0,,76,Auckland,Give way,,,,,0,0,Urban,0,,,Fine,Null
1767704.274,5881623.489,1285688,,525921,0,0,0,2,0,North,2019/2020,HELVETIA RD,TASMAN STREET,,Serious Crash,No,2019,0,North,0,0,0,Flat,0,,0,,0,Bright sun,820507,0,0,0,2,0,0,0,0,1,,0,0,Auckland Region,Nil,2-way,Sealed,0,0,1,0,50,0,Off,0,0,,76,Auckland,Unknown,0,0,0,0,0,0,Urban,0,0,0,Fine,Null
1751742.504,5917279.15,1285772,,514900,1,,0,1,,North,2019/2020,GREAT NORTH ROAD,OAKLEY AVENUE,,Serious Crash,No,2019,,South,,0,,Flat,,,,,,Dark,384701,0,0,0,4,,,0,,,,,,Auckland Region,Nil,2-way,Sealed,,0,1,,50,,On,0,0,,76,Auckland,Nil,,,,,0,0,Urban,0,,,Fine,Null
1751800.978,5917404.09,1285806,,514900,1,,0,1,,Null,2019/2020,GREAT NORTH ROAD,HERDMAN STREET,,Serious Crash,No,2020,,North,,0,,Flat,,,,,,Bright sun,385803,0,0,0,4,,,0,,,,,,Auckland Region,Nil,2-way,Sealed,,0,1,,50,,Off,0,0,,76,Auckland,Nil,,,,,0,0,Urban,0,,,Fine,Null
1740690.612,5928739.162,1285930,,505604,0,,0,2,,Null,2020/2021,OLD NORTH ROAD,OLD RAILWAY ROAD,,Serious Crash,No,2020,,North,,0,,Flat,,,,,,Dark,214202,1,0,0,2,,,0,,,,,,Auckland Region,Nil,2-way,Sealed,,0,1,,80,,On,0,0,,76,Auckland,Stop,,,,,0,0,Open,0,,,Fine,Null
1773015.493,5900239.867,1285965,,523813,0,,0,1,,South,2018/2019,MILL RD (ARDMORE),POPES ROAD,,Serious Crash,No,2019,,South,,0,,Flat,,,,,,Overcast,761000,1,0,0,2,,,0,,,,,,Auckland Region,Nil,2-way,Sealed,,0,1,,80,,Off,1,0,,76,Auckland,Unknown,,,,,0,0,Open,0,,,Fine,Null
1759005.114,5925619.353,1285991,,508020,0,,0,1,,East,2020/2021,NORTHBORO ROAD,BIRCHFIELD ROAD,,Serious Crash,No,2020,,North,,0,,Hill Road,,,,,,Twilight,322101,0,0,0,2,,,0,,,1,,,Auckland Region,Nil,2-way,Sealed,,0,1,,50,,Off,0,0,,76,Auckland,Nil,,,,,0,0,Urban,0,,,Fine,Null
1759927.606,5924223.035,1286050,,509300,0,,0,0,,Null,2020/2021,LAKE ROAD,ACHILLES CRESCENT,,Serious Crash,No,2020,,North,,0,,Hill Road,,,,,,Overcast,340300,0,0,1,2,,,0,,,,,,Auckland Region,Nil,2-way,Sealed,,0,1,,50,,Off,0,0,,76,Auckland,Stop,,,,,0,0,Urban,1,,,Fine,Null
1749276.005,5918184.262,1286059,,514801,0,,0,2,,South,2019/2020,016-0007-I,ROSEBANK OBR,,Serious Crash,Yes,2019,,North,,0,,Flat,,,,,,Overcast,390401,1,0,0,4,,,0,,,,,,Auckland Region,Nil,1-way,Sealed,,0,2,,100,,Off,0,0,,76,Auckland,Unknown,,,,,0,0,Open,0,,,Light rain,Null
1756068.968,5913818.005,1286071,,518500,0,0,0,4,0,East,2018/2019,MT ALBERT RD (THREE KINGS) (CWC),FROST ROAD,,Serious Crash,No,2019,0,East,0,0,0,Flat,0,Queens Birthday,0,,0,Dark,563300,0,0,0,2,0,0,0,0,5,,0,0,Auckland Region,Nil,2-way,Sealed,0,0,1,0,50,0,On,1,0,,76,Auckland,Unknown,0,0,0,0,0,0,Urban,1,0,0,Light rain,Null
1774778.917,5895791.093,1286083,,525510,0,,0,1,,Null,2018/2019,DOMINION ROAD,DENT PLACE,,Serious Crash,No,2019,,South,,0,,Flat,,,,,,Twilight,801002,0,0,1,2,,,0,,,,,,Auckland Region,Nil,2-way,Sealed,,0,1,,50,,Off,0,0,,76,Auckland,Nil,,,,,0,0,Urban,0,,,Light rain,Null
1743325.692,5919233.562,1286110,,513212,0,0,0,0,0,East,2019/2020,SWANSON RD (HENDERSON),ALTON PLACE,,Serious Crash,No,2019,0,East,0,0,0,Flat,0,,0,,0,Dark,235711,0,1,0,2,0,0,0,0,1,,0,0,Auckland Region,Nil,2-way,Sealed,0,0,1,0,50,0,On,0,0,,76,Auckland,Unknown,0,0,0,0,0,0,Urban,1,0,0,Heavy rain,Null
1755000.6,5876740.9,1286208,,521152,0,,0,0,,South,2019/2020,COLLINGWOOD RD,HYLAND PLACE,,Serious Crash,No,2019,,South,,0,,Flat,,,,,,Overcast,834000,0,0,1,2,,,0,,,,,,Auckland Region,Nil,2-way,Sealed,,0,1,,70,,Off,0,0,,76,Auckland,Unknown,,,,,0,0,Urban,0,,,Fine,Null
1771692.275,5885762.883,1286363,65,521122,0,0,0,0,1,West,2019/2020,TUHIMATA ROAD,RUNCIMAN ROAD,,Serious Crash,No,2020,0,North,0,0,0,Hill Road,0,,0,,0,Bright sun,813400,0,0,1,2,0,0,0,0,0,,0,0,Auckland Region,Nil,2-way,Sealed,0,0,1,0,100,0,None,0,0,,76,Auckland,Unknown,0,0,0,0,0,0,Open,0,0,0,Fine,Null
1754881.02,5918651.973,1286438,,515420,0,,0,0,,South,2019/2020,GREAT NORTH ROAD,TUARANGI ROAD,,Serious Crash,No,2020,,North,,0,,Flat,,,,,,Dark,404700,0,0,0,3,,,0,,,1,,,Auckland Region,Nil,2-way,Sealed,,0,1,,50,,On,0,0,,76,Auckland,Nil,,,,,0,0,Urban,1,,,Fine,Null
1715682.627,5956835.236,1286462,,506642,0,0,0,0,0,South,2019/2020,SOUTH HEAD RD,HIGHAM ROAD,,Serious Crash,No,2019,0,South,0,0,0,Flat,0,,0,,0,Overcast,210000,0,0,0,2,0,0,1,0,0,,0,0,Auckland Region,Nil,2-way,Sealed,0,0,1,0,100,1,None,0,0,,76,Auckland,Unknown,0,0,0,0,0,0,Open,0,0,0,Fine,Strong wind
1749133.249,5882050.486,1286671,,521151,0,0,0,1,0,Null,2019/2020,AWHITU ROAD,GLEESON ROAD,,Serious Crash,No,2019,0,South,1,0,0,Flat,0,,0,,0,Dark,830600,4,0,0,2,0,0,0,1,0,,0,0,Auckland Region,Nil,2-way,Sealed,0,0,1,0,100,0,None,0,0,,76,Auckland,Give way,0,0,0,0,0,0,Open,1,0,0,Fine,Null
1767811.598,5903587.518,1286816,45,524602,0,0,0,0,0,South,2019/2020,GREAT SOUTH RD (MANUKAU),GREAT SOUTH ROAD OFF RAMP,,Serious Crash,No,2019,0,North,0,0,1,Flat,0,,0,,0,Overcast,780410,0,0,1,4,0,0,0,0,0,,0,0,Auckland Region,Nil,2-way,Sealed,0,0,1,0,60,0,None,0,0,,76,Auckland,Unknown,0,0,0,0,0,0,Urban,0,0,0,Fine,Null
1736475.093,5983560.898,1286957,,505300,0,0,0,1,0,North,2019/2020,RODNEY STREET,SCHOOL ROAD,,Serious Crash,Yes,2020,0,North,0,0,1,Hill Road,0,,1,,0,Twilight,142200,0,0,0,2,0,0,0,0,0,,0,0,Auckland Region,Nil,2-way,Sealed,0,0,1,0,70,0,Off,0,0,,76,Auckland,Unknown,0,0,0,0,0,0,Urban,0,0,0,Fine,Null
1770497.309,5894799.547,1286990,,521201,0,,0,1,,Null,2019/2020,HINGAIA ROAD,KUHANUI DRIVE,,Serious Crash,No,2019,,East,,0,,Flat,,,,,,Bright sun,806700,0,0,0,2,,,0,,,1,,,Auckland Region,Nil,2-way,Sealed,,0,1,,70,,Off,0,0,30,76,Auckland,Give way,,,,,0,0,Urban,0,,,Fine,Null
1761586.971,5907759.579,1287011,,524510,0,,0,2,,West,2019/2020,WICKMAN WAY,CHELBURN CRESCENT,,Serious Crash,No,2019,,West,,0,,Flat,,,,,,Dark,734102,2,0,0,2,,,0,,,,,,Auckland Region,Nil,2-way,Sealed,,0,1,,50,,On,0,0,,76,Auckland,Unknown,,,,,0,0,Urban,1,,,Light rain,Null
1746582.072,5916565.319,1287039,,511601,0,,0,1,,South,2019/2020,TE ATATU ROAD,TIRIMOANA ROAD,,Serious Crash,No,2020,,North,,0,,Flat,,,,,,Overcast,274505,0,0,0,2,,,1,,,1,,,Auckland Region,Nil,2-way,Sealed,,0,1,,50,,Off,0,0,,76,Auckland,Nil,,,,,0,0,Urban,0,,,Fine,Null