X,Y,OBJECTID,advisorySpeed,areaUnitID,bicycle,bridge,bus,carStationWagon,cliffBank,crashDirectionDescription,crashFinancialYear,crashLocation1,crashLocation2,crashRoadSideRoad,crashSeverity,crashSHDescription,crashYear,debris,directionRoleDescription,ditch,fatalCount,fence,flatHill,guardRail,holiday,houseOrBuilding,intersection,kerb,light,meshblockId,minorInjuryCount,moped,motorcycle,NumberOfLanes,objectThrownOrDropped,otherObject,otherVehicleType,overBank,parkedVehicle,pedestrian,phoneBoxEtc,postOrPole,region,roadCharacter,roadLane,roadSurface,roadworks,schoolBus,seriousInjuryCount,slipOrFlood,speedLimit,strayAnimal,streetLight,suv,taxi,temporarySpeedLimit,tlaId,tlaName,trafficControl,trafficIsland,trafficSign,train,tree,truck,unknownVehicleType,urban,vanOrUtility,vehicle,waterRiver,weatherA,weatherB
1747728.933,5921528.561,1287140,,512300,0,0,0,0,0,Null,2019/2020,GUNNER DRIVE,TOLLANA ROAD,,Serious Crash,No,2020,0,East,0,0,0,Flat,0,,1,,1,Bright sun,250102,0,0,0,2,0,0,0,0,0,,0,0,Auckland Region,Nil,2-way,Sealed,0,0,1,0,50,0,Off,0,0,,76,Auckland,Nil,0,0,0,0,1,0,Urban,0,0,0,Fine,Null
1761708.931,5916849.767,1287307,,516003,0,,0,1,,Null,2019/2020,REMUERA ROAD,NGAPUHI ROAD,,Serious Crash,No,2019,,East,,0,,Flat,,,,,,Twilight,495400,0,1,0,2,,,0,,,,,,Auckland Region,Nil,2-way,Sealed,,0,1,,50,,Off,0,0,,76,Auckland,Stop,,,,,0,0,Urban,0,,,Heavy rain,Null
1766647.133,5918156.926,1287476,,516900,0,0,0,1,0,North,2019/2020,CROSSFIELD RD,ARAGON AVENUE,,Serious Crash,No,2019,0,South,0,0,0,Hill Road,0,,0,,0,Dark,468300,0,0,0,2,0,0,0,0,0,,0,1,Auckland Region,Nil,2-way,Sealed,0,0,2,0,50,0,On,0,0,,76,Auckland,Unknown,0,0,0,0,0,0,Urban,0,0,0,Fine,Null
1762314.115,5913415.306,1287537,,520500,0,,0,1,,North,2019/2020,01N-0431-D,PENROSE OBR,,Serious Crash,Yes,2019,,North,,0,,Flat,,,,,,Dark,637100,0,0,0,3,,,0,,,1,,,Auckland Region,Nil,1-way,Sealed,,0,1,,100,,On,0,0,,76,Auckland,Unknown,,,,,0,0,Open,1,,,Fine,Null
1772777.39,5907376.882,1287573,,523713,0,0,0,0,0,West,2018/2019,ORMISTON RD (EASTBOUND/FLAT BUSH) (SE),KITENGA ROAD,,Serious Crash,No,2019,0,North,0,0,2,Flat,0,,0,,0,Bright sun,712600,0,0,1,2,0,0,0,0,0,,0,0,Auckland Region,Nil,2-way,Sealed,0,0,1,0,100,0,Off,0,0,,76,Auckland,Unknown,0,0,0,0,0,0,Open,0,0,0,Fine,Null
1767892.944,5904097.034,1287685,,524602,0,,0,1,,East,2019/2020,LAKEWOOD COURT,GREAT SOUTH ROAD,,Serious Crash,No,2020,,East,,0,,Flat,,,,,,Bright sun,780501,0,0,0,2,,,0,,,1,,,Auckland Region,Nil,2-way,Sealed,,0,1,,50,,Off,0,0,,76,Auckland,Unknown,,,,,0,0,Urban,0,,,Fine,Null
1751836.7,5946862.239,1287763,,506001,0,,0,1,,West,2019/2020,WHANGAPARAOA RD,RED BEACH ROAD,,Serious Crash,No,2019,,West,,0,,Hill Road,,,,,,Bright sun,175501,0,0,0,2,,,0,,,,,,Auckland Region,Nil,2-way,Sealed,,0,1,,50,,Off,0,0,,76,Auckland,Nil,,,,,3,0,Urban,0,,,Fine,Null
1744269.49,5915373.959,1287780,,513013,0,,0,2,,North,2019/2020,FOREST HILL RD,FARWOOD DRIVE,,Serious Crash,No,2019,,South,,0,,Hill Road,,,,,,Dark,281401,1,0,0,2,,,0,,,,,,Auckland Region,Nil,2-way,Sealed,,0,1,,50,,On,0,0,,76,Auckland,Unknown,,,,,0,0,Urban,0,,,Fine,Null
1752333.077,5929017.389,1287791,,508411,0,0,0,5,0,West,2019/2020,BAYVIEW RD (BAYVIEW),SPINELLA DRIVE,,Serious Crash,No,2019,0,West,0,0,0,Hill Road,0,,0,,0,Dark,185001,0,0,0,2,0,0,0,0,1,,0,0,Auckland Region,Nil,2-way,Sealed,0,0,1,0,50,0,On,0,0,30,76,Auckland,Unknown,0,0,0,0,0,0,Urban,0,0,0,Fine,Null
1769369.525,5914553.191,1287927,,522723,0,,0,0,,South,2019/2020,PAKURANGA RD (EAST BOUND),PIGEON MOUNTAIN ROAD,,Serious Crash,No,2019,,East,,0,,Hill Road,,,,,,Bright sun,681304,0,0,0,6,,,0,,,1,,,Auckland Region,Nil,2-way,Sealed,,0,1,,60,,Off,0,0,,76,Auckland,Unknown,,,,,0,0,Urban,1,,,Fine,Null
1740791.928,5928081.389,1287929,,505604,0,,1,1,,North,2019/2020,OLD NORTH RD (KUMEU),SH 16,,Serious Crash,No,2019,,South,,0,,Flat,,,,,,Bright sun,214502,1,0,0,2,,,0,,,,,,Auckland Region,Nil,2-way,Sealed,,0,2,,80,,Off,0,0,,76,Auckland,Unknown,,,,,0,0,Open,1,,,Fine,Null
1729763.349,5960969.467,1287938,,506613,0,0,0,0,0,North,2019/2020,KAIPARA COAST HIGHWAY,WEST COAST ROAD,,Serious Crash,Yes,2020,0,South,0,0,1,Flat,0,,0,,0,Bright sun,146200,0,0,1,2,0,0,0,0,0,,0,0,Auckland Region,Nil,2-way,Sealed,0,0,1,0,100,0,None,0,0,,76,Auckland,Nil,0,0,0,0,0,0,Open,1,0,0,Fine,Null
1757943.567,5927265.625,1288021,,508010,0,,0,1,,West,2018/2019,ANZAC ST,THE TERRACE,,Serious Crash,No,2019,,East,,0,,Flat,,,,,,Dark,327300,0,0,0,2,,,0,,,1,,,Auckland Region,Nil,2-way,Sealed,,0,1,,50,,On,0,0,,76,Auckland,Unknown,,,,,0,0,Urban,0,,,Fine,Null
1765095.134,5900221.438,1288029,,524822,0,,0,1,,West,2019/2020,BURUNDI AVE,RUKUMOANA PLACE,,Serious Crash,No,2020,,West,,0,,Flat,,,,,,Overcast,774420,0,0,1,2,,,0,,,,,,Auckland Region,Nil,2-way,Sealed,,0,1,,50,,Off,0,0,,76,Auckland,Unknown,,,,,0,0,Urban,0,,,Fine,Null
1759053.576,5906717.784,1288052,,524122,0,,0,0,,Null,2019/2020,KIRKBRIDE ROAD,ASCOT ROAD,,Serious Crash,No,2019,,North,,0,,Flat,,,,,,Bright sun,739802,0,0,1,3,,,0,,,,,,Auckland Region,Nil,2-way,Sealed,,0,1,,50,,Off,1,0,,76,Auckland,Traffic Signals,,,,,0,0,Urban,0,,,Fine,Null
1786046.398,5907195.536,1288054,,525201,0,0,0,0,0,North,2019/2020,CLEVEDON-KAWAKAWA RD,NESS VALLEY ROAD,,Serious Crash,No,2019,0,South,0,0,0,Hill Road,0,,0,,0,Bright sun,764700,1,0,0,2,0,0,0,0,0,,0,1,Auckland Region,Nil,2-way,Sealed,0,0,1,0,100,0,None,1,0,,76,Auckland,Unknown,0,0,0,0,0,0,Open,0,0,0,Fine,Strong wind
1764683.572,5911578.72,1288241,,520500,0,0,0,1,0,South,2019/2020,SOUTHERN MOTORWAY,PANAMA OBR,,Fatal Crash,Yes,2019,0,North,0,1,1,Hill Road,0,,0,,0,Bright sun,636200,0,0,0,3,0,0,0,0,0,,0,0,Auckland Region,Nil,1-way,Sealed,0,0,1,0,100,0,Off,0,0,,76,Auckland,Unknown,0,0,0,1,0,0,Open,0,0,0,Fine,Null
1768426.009,5905339.868,1288313,,523722,0,0,0,0,0,Null,2018/2019,TE IRIRANGI DRIVE,OTHELLO DRIVE,,Serious Crash,No,2019,0,East,0,0,0,Hill Road,0,,0,,1,Dark,715704,0,0,1,2,0,0,0,0,0,,0,0,Auckland Region,Nil,1-way,Sealed,0,0,1,0,60,0,On,0,0,,76,Auckland,Give way,0,0,0,0,0,0,Urban,0,0,0,Fine,Null
1766436.759,5906011.909,1288340,,522202,0,,0,1,,Null,2019/2020,GREAT SOUTH ROAD,REGENT STREET,,Serious Crash,No,2020,,North,,0,,Flat,,,,,,Bright sun,665400,0,0,0,2,,,0,,,1,,,Auckland Region,Nil,2-way,Sealed,,0,1,,50,,Off,0,0,,76,Auckland,Unknown,,,,,0,0,Urban,0,,,Fine,Null
1755403.33,5944452.48,1288351,,505909,0,,0,0,,North,2019/2020,WHANGAPARAOA RD,MATAI ROAD,,Serious Crash,No,2019,,North,,0,,Hill Road,,,,,,Overcast,174007,1,0,0,2,,,0,,,,,,Auckland Region,Nil,2-way,Sealed,,0,1,,50,,Off,1,0,,76,Auckland,Nil,,,,,0,0,Urban,1,,,Fine,Null
1770398.598,5910640.725,1288451,,523109,0,,0,1,,Null,2019/2020,OFF ROAD - BOTANY TOWN CENTER DRIVE,,,Serious Crash,No,2019,,East,,0,,Flat,,Labour Weekend,,,,Dark,711709,0,0,0,1,,,0,,,1,,,Auckland Region,Nil,Off road,Sealed,,0,1,,30,,On,0,0,,76,Auckland,Nil,,,,,0,0,Urban,0,,,Fine,Frost
1758029.547,5917356.356,1288592,,515700,1,,0,1,,North,2019/2020,GILLIES AVE,ALBURY AVENUE,,Serious Crash,No,2019,,South,,0,,Flat,,,,,,Overcast,457700,0,0,0,4,,,0,,,,,,Auckland Region,Nil,2-way,Sealed,,0,1,,50,,Off,0,0,,76,Auckland,Unknown,,,,,0,0,Urban,0,,,Fine,Null
1759813.898,5945985.843,1288593,,505910,0,0,0,1,1,South,2019/2020,LAURIE SOUTHWICK PDE,RUE D'AMARRES,,Serious Crash,No,2019,0,North,0,0,0,Flat,0,,0,,0,Dark,175116,0,0,0,2,0,0,0,0,0,,1,0,Auckland Region,Nil,2-way,Sealed,0,0,1,0,50,0,On,0,0,,76,Auckland,Unknown,0,0,0,0,0,0,Urban,0,0,0,Fine,Null
1755812.884,5928424.916,1288683,,507900,0,,0,2,,South,2019/2020,NORTHERN MOTORWAY,TRISTRAM AVENUE ON RAMP,,Serious Crash,Yes,2020,,South,,0,,Flat,,,,,,Twilight,307000,2,0,0,3,,,0,,,,,,Auckland Region,Motorway ramp,1-way,Sealed,,0,1,,100,,On,0,0,,76,Auckland,Nil,,,,,0,0,Open,2,,,Fine,Null
1757611.088,5920808.088,1288783,,514103,0,0,0,1,0,South,2019/2020,COMMERCE STREET,CUSTOMS STREET EAST,,Serious Crash,No,2019,0,North,0,0,0,Flat,0,,0,,0,Dark,438000,1,0,0,2,0,1,0,0,0,3,1,0,Auckland Region,Nil,2-way,Sealed,0,0,3,0,30,0,On,0,0,,76,Auckland,Nil,0,0,0,0,0,0,Urban,0,0,0,Fine,Null
1747197.513,5920342.863,1288787,,512300,0,,0,1,,North,2019/2020,TE ATATU ROAD,OLD TE ATATU ROAD,,Serious Crash,No,2019,,South,,0,,Flat,,,,,,Bright sun,252000,0,0,0,4,,,0,,,,,,Auckland Region,Nil,2-way,Sealed,,0,1,,50,,Off,0,0,,76,Auckland,Unknown,,,,,0,0,Urban,0,,,Fine,Null
1760192.664,5915956.755,1288904,,516003,0,,0,1,,Null,2019/2020,GREEN LANE EAST,GREEN LANE EAST ON RAMP,,Serious Crash,No,2019,,South,,0,,Flat,,,,,,Bright sun,494902,0,0,1,2,,,0,,,,,,Auckland Region,Motorway ramp,1-way,Sealed,,0,1,,50,,Off,0,0,,76,Auckland,Give way,,,,,0,0,Urban,0,,,Fine,Null
1766776.745,5904010.235,1289051,,524604,0,,0,2,,Null,2019/2020,LAMBIE DRIVE OFF RAMP,LAMBIE DRIVE,,Serious Crash,No,2019,,East,,0,,Flat,,,,,,Dark,780209,0,0,0,5,,,0,,,,,,Auckland Region,Nil,2-way,Sealed,,0,1,,60,,On,0,0,,76,Auckland,Traffic Signals,,,,,0,0,Urban,0,,,Fine,Null
1770984.372,5898312.656,1289053,,523912,0,,0,1,,North,2018/2019,GREAT SOUTH RD (PAPAKURA),BEACH ROAD,,Serious Crash,No,2019,,North,,0,,Flat,,Queens Birthday,,,,Overcast,767600,0,0,1,2,,,0,,,,,,Auckland Region,Nil,2-way,Sealed,,0,1,,50,,None,0,0,,76,Auckland,Unknown,,,,,0,0,Urban,0,,,Fine,Null
1743757.965,5923909.099,1289128,,513511,0,,0,2,,Null,2019/2020,FRED TAYLOR DRIVE,MAKI STREET,,Serious Crash,No,2019,,West,,0,,Flat,,,,,,Bright sun,224306,1,0,0,5,,,0,,,,,,Auckland Region,Nil,2-way,Sealed,,0,1,,50,,Off,0,0,,76,Auckland,Traffic Signals,,,,,0,0,Urban,1,,,Fine,Null
1769800.639,5914584.047,1289197,,522722,0,0,0,1,0,Null,2019/2020,AVIEMORE DRIVE,HIGHLAND PARK DRIVE,,Fatal Crash,No,2019,0,North,0,1,0,Flat,0,,0,,0,Dark,681324,0,0,0,2,0,0,0,0,0,,0,0,Auckland Region,Nil,1-way,Sealed,0,0,1,0,60,0,On,0,0,,76,Auckland,Stop,0,0,0,1,0,0,Urban,0,0,0,Light rain,Frost
1770658.404,5911264.16,1289284,,523106,0,0,0,0,0,Null,2019/2020,CHAPEL ROAD,TI RAKAU DRIVE,,Serious Crash,No,2019,0,North,0,0,0,Flat,0,,0,,0,Dark,711174,1,0,0,2,0,1,0,0,0,,0,0,Auckland Region,Nil,1-way,Sealed,0,0,1,0,60,0,On,1,0,,76,Auckland,Give way,0,0,0,0,0,0,Urban,0,0,0,Light rain,Null
1757764.16,5918232.154,1289429,,515700,0,0,0,1,0,South,2019/2020,01N-0427-I,MOUNTAIN OBR,,Serious Crash,Yes,2019,0,South,0,0,0,Flat,1,,0,,0,Dark,443200,2,0,0,5,0,0,0,0,0,,0,0,Auckland Region,Nil,1-way,Sealed,0,0,2,0,80,0,On,0,0,60,76,Auckland,Unknown,0,0,0,0,0,0,Open,0,0,0,Fine,Null
1768775.733,5914112.39,1289604,,522723,0,,0,1,,Null,2019/2020,PAKURANGA ROAD,CASCADES ROAD,,Serious Crash,No,2019,,West,,0,,Flat,,,,,,Bright sun,681600,0,0,0,6,,,0,,,,,,Auckland Region,Nil,2-way,Sealed,,0,1,,60,,Off,0,0,,76,Auckland,Traffic Signals,,,,,0,0,Urban,1,,,Fine,Null
1768189.835,5902424.664,1289732,,525001,0,,0,1,,Null,2019/2020,GREAT SOUTH ROAD,ORAMS ROAD,,Serious Crash,No,2020,,North,,0,,Hill Road,,,,,,Overcast,750800,0,0,1,4,,,0,,,,,,Auckland Region,Nil,2-way,Sealed,,0,1,,50,,Off,1,0,,76,Auckland,Traffic Signals,,,,,0,0,Urban,0,,,Fine,Strong wind
1755051.202,5945058.6,1289752,,505908,0,,0,1,,Null,2019/2020,BRIGHTSIDE ROAD,LANGTON ROAD,,Serious Crash,No,2019,,East,,0,,Flat,,,,,,Overcast,173502,0,0,0,2,,,0,,,1,,,Auckland Region,Nil,2-way,Sealed,,0,1,,50,,Off,0,0,,76,Auckland,Stop,,,,,0,0,Urban,0,,,Fine,Null
1739583.097,5928655.66,1289778,,505602,0,,0,2,,Null,2019/2020,SH 16,RIVERHEAD ROAD,,Serious Crash,Yes,2019,,East,,0,,Flat,,,,,,Overcast,214104,1,0,0,2,,,0,,,,,,Auckland Region,Nil,2-way,Sealed,,0,1,,60,,Off,0,0,,76,Auckland,Give way,,,,,0,0,Urban,0,,,Light rain,Null
1773365.553,5896028.578,1289810,,525620,0,0,0,1,0,South,2019/2020,MARNE RD (PAPAKURA),ARAWA ST,,Serious Crash,No,2019,0,North,0,0,0,Flat,0,,0,,0,Dark,797700,0,0,0,2,0,0,0,0,1,,0,0,Auckland Region,Nil,2-way,Sealed,0,0,1,0,50,0,On,0,0,,76,Auckland,Unknown,0,0,0,0,1,0,Urban,0,0,0,Fine,Null
1757112.542,5907585.172,1289824,,524200,0,0,0,1,1,West,2019/2020,ISLAND RD,WATERCARE COASTAL WALKWAY,,Serious Crash,No,2019,0,East,0,0,0,Flat,0,,0,,0,Dark,726200,2,0,0,2,0,0,0,0,0,,0,0,Auckland Region,Nil,2-way,Sealed,0,0,1,0,60,0,None,0,0,,76,Auckland,Unknown,0,0,0,0,0,0,Urban,0,0,1,Fine,Null
1776014.29,5883695.375,1289839,35,521132,0,0,0,1,0,Null,2019/2020,GREAT SOUTH ROAD,BOMBAY ROAD,,Serious Crash,No,2019,0,South,1,0,0,Hill Road,0,,0,,0,Dark,814702,0,0,0,2,0,0,0,0,0,,0,0,Auckland Region,Nil,2-way,Sealed,0,0,3,0,100,0,None,0,0,,76,Auckland,Stop,0,0,0,0,0,0,Open,0,0,0,Light rain,Null
1753005.142,5875165.532,1289944,,526103,0,,0,1,,Null,2019/2020,MARTYN STREET,PACIFIC STREET,,Serious Crash,No,2019,,West,,0,,Flat,,,,,,Dark,837300,0,0,0,2,,,0,,,,,,Auckland Region,Nil,2-way,Unsealed,,0,1,,50,,On,0,0,,76,Auckland,Give way,,,,,0,0,Urban,1,,,Heavy rain,Null
1772524.269,5890676.278,1289966,,521203,0,,0,1,,South,2019/2020,KARAKA ROAD,BURBERRY ROAD,,Serious Crash,Yes,2020,,West,,0,,Flat,,,,,,Overcast,807400,0,0,0,2,,,0,,,1,,,Auckland Region,Nil,2-way,Sealed,,0,1,,100,,Off,0,0,,76,Auckland,Unknown,,,,,0,0,Open,0,,,Fine,Null
1757990.023,5888982.284,1289967,65,521122,0,0,0,2,0,East,2019/2020,MCKENZIE ROAD,WRIGHT ROAD,,Fatal Crash,No,2020,0,North,1,1,0,Flat,0,,0,,0,Dark,810800,1,0,0,2,0,0,0,0,0,,0,0,Auckland Region,Nil,2-way,Sealed,0,0,2,0,100,0,None,0,0,,76,Auckland,Nil,0,0,0,0,0,0,Open,0,0,0,Fine,Null
1764994.708,5919796.283,1290000,,516602,0,,0,0,,South,2020/2021,LONG DRIVE,SPEIGHT ROAD,,Serious Crash,No,2021,,North,,0,,Hill Road,,,,,,Bright sun,504701,0,0,1,2,,,0,,,,,,Auckland Region,Nil,2-way,Sealed,,0,1,,50,,Off,0,0,,76,Auckland,Nil,,,,,0,0,Urban,0,,,Fine,Null
1735467.107,5909824.2,1290018,45,513800,0,,0,4,,West,2020/2021,PIHA ROAD,ANAWHATA ROAD,,Serious Crash,No,2021,,West,,0,,Hill Road,,Easter,,,,Twilight,282007,4,0,0,2,,,0,,,,,,Auckland Region,Nil,2-way,Sealed,,0,1,,70,,None,0,0,,76,Auckland,Nil,,,,,0,0,Urban,0,,,Fine,Null
1768483.408,5905324.675,1290048,,523722,0,,0,1,,West,2019/2020,TE IRIRANGI DRIVE,CHARNTAY AVENUE,,Serious Crash,No,2020,,West,,0,,Flat,,,,,,Overcast,715911,0,0,0,2,,,0,,,1,,,Auckland Region,Nil,1-way,Sealed,,0,1,,60,,Off,0,0,,76,Auckland,Nil,,,,,0,0,Urban,0,,,Fine,Null
1756897.264,5919451.205,1290130,,514200,1,0,0,1,0,East,2020/2021,KARANGAHAPE ROAD,MERCURY LANE,,Serious Crash,No,2021,0,West,0,0,0,Flat,0,,0,,0,Bright sun,412200,0,0,0,4,0,0,0,0,1,,0,0,Auckland Region,Nil,2-way,Sealed,0,0,1,0,30,0,Off,0,0,,76,Auckland,Nil,0,0,0,0,0,0,Urban,0,0,0,Fine,Null
1759510.943,5910269.767,1290232,,524002,0,,0,2,,Null,2020/2021,MAHUNGA DRIVE OFF RAMP,RIMU ROAD,,Serious Crash,No,2020,,South,,0,,Flat,,,,,,Dark,722400,5,0,0,2,,,0,,,,,,Auckland Region,Motorway ramp,1-way,Sealed,,0,1,,50,,None,0,0,,76,Auckland,Traffic Signals,,,,,0,0,Urban,0,,,Fine,Strong wind
1757176.918,5919817.144,1290252,,514103,0,,0,1,,Null,2020/2021,MARMION STREET,QUEEN STREET,,Serious Crash,No,2021,,South,,0,,Hill Road,,,,,,Dark,436100,0,0,0,1,,,0,,,2,,,Auckland Region,Speed hump,1-way,Sealed,,0,1,,30,,On,0,0,,76,Auckland,Nil,,,,,0,0,Urban,0,,,Fine,Null
1767309.632,5913030.947,1290315,,522910,0,0,0,0,0,West,2020/2021,REEVES ROAD,GRASSWAYS AVENUE,,Serious Crash,No,2020,0,West,0,0,0,Hill Road,0,,0,,0,Bright sun,685200,0,0,0,2,0,0,0,0,0,,0,0,Auckland Region,Nil,2-way,Sealed,0,0,1,0,50,0,Off,0,0,,76,Auckland,Nil,0,0,0,1,0,0,Urban,1,0,0,Fine,Null
1751497.196,5919098.844,1290342,,515001,0,0,0,1,0,West,2019/2020,WRIGHT ROAD,POINT CHEVALIER ROAD,,Serious Crash,No,2020,0,West,0,0,0,Flat,0,,0,,0,Dark,393300,0,0,0,2,0,0,0,0,0,,0,0,Auckland Region,Nil,2-way,Sealed,0,0,1,0,50,0,On,0,0,,76,Auckland,Nil,0,0,0,1,0,0,Urban,0,0,0,Light rain,Null
1786976.181,5890261.883,1290420,,521132,0,0,0,0,0,North,2020/2021,HUNUA ROAD,SOWERBY HEIGHTS,,Serious Crash,No,2021,0,North,1,0,0,Hill Road,0,Queens Birthday,0,,0,Bright sun,815900,0,0,1,2,0,0,0,0,0,,0,0,Auckland Region,Nil,2-way,Sealed,0,0,1,0,80,0,None,0,0,,76,Auckland,Nil,0,0,0,0,0,0,Open,0,0,0,Fine,Null
1775818.255,5882681.734,1290443,,521160,0,0,0,0,0,North,2020/2021,SOUTHERN MOTORWAY,BOMBAY OFF RAMP,,Serious Crash,Yes,2021,0,South,0,0,0,Hill Road,1,,0,,0,Overcast,827604,0,0,1,2,0,0,0,0,0,,0,0,Auckland Region,Nil,1-way,Sealed,0,0,1,0,100,0,Off,0,0,,76,Auckland,Nil,0,0,0,0,0,0,Open,0,0,0,Light rain,Null
1762667.336,5880116.436,1290501,,521121,0,0,0,0,0,South,2020/2021,UNION ROAD,TITI ROAD,,Serious Crash,No,2020,0,West,1,0,0,Hill Road,0,,0,,0,Overcast,812201,1,0,0,2,0,0,0,0,0,,0,0,Auckland Region,Nil,2-way,Sealed,0,0,1,0,80,0,None,0,0,,76,Auckland,Unknown,0,0,0,0,2,0,Open,0,0,0,Light rain,Null
1751422.457,5877238.628,1290565,65,521151,0,,0,0,,Null,2019/2020,AWHITU ROAD,MARAE O REHIA ROAD,,Fatal Crash,No,2020,,South,,1,,Flat,,,,,,Twilight,831200,0,0,0,2,,,0,,,,,,Auckland Region,Nil,2-way,Sealed,,0,0,,100,,Off,0,0,,76,Auckland,Give way,,,,,1,0,Open,1,,,Fine,Null
1759885.608,5916115.665,1290601,,516002,0,,0,0,,Null,2021/2022,SOUTHERN MOTORWAY,GREEN LANE EAST OFF RAMP,,Serious Crash,Yes,2021,,South,,0,,Hill Road,,,,,,Bright sun,492100,0,0,1,4,,,0,,,,,,Auckland Region,Motorway ramp,1-way,Sealed,,0,1,,100,,Off,0,0,,76,Auckland,Nil,,,,,0,0,Open,0,,,Fine,Null
1765440.689,5920062.623,1290747,,516700,0,,0,0,,Null,2019/2020,TAMAKI DRIVE,GOLDIE STREET,,Serious Crash,No,2019,,West,,0,,Flat,,,,,,Bright sun,509100,0,0,1,2,,,0,,,,,,Auckland Region,Nil,2-way,Sealed,,0,1,,50,,Off,0,0,,76,Auckland,Stop,,,,,0,0,Urban,0,,,Fine,Null
1766644.699,5913303.176,1290826,,522910,0,0,0,0,0,Null,2021/2022,PAKURANGA ROAD,BRAMPTON COURT,,Serious Crash,No,2021,0,West,0,0,0,Hill Road,0,,0,,0,Bright sun,684000,0,0,0,4,0,0,0,0,0,2,0,0,Auckland Region,Nil,2-way,Sealed,0,0,2,0,60,0,Off,0,0,,76,Auckland,Traffic Signals,0,1,0,0,1,0,Urban,0,0,0,Fine,Null
1758131.717,5920034.075,1290846,,514301,1,,0,0,,Null,2019/2020,ALTEN ROAD,STANLEY STREET,,Serious Crash,No,2020,,South,,0,,Flat,,,,,,Bright sun,440300,0,0,0,4,,,0,,,,,,Auckland Region,Nil,2-way,Sealed,,0,1,,50,,None,0,0,,76,Auckland,Traffic Signals,,,,,1,0,Urban,0,,,Fine,Frost
1752464.995,5916335.936,1291027,,517901,0,0,0,0,0,East,2020/2021,WILLCOTT STREET,WOODWARD ROAD,,Serious Crash,No,2021,0,South,0,0,0,Flat,0,,0,,1,Dark,524700,1,0,1,2,0,0,0,0,0,,0,0,Auckland Region,Nil,2-way,Sealed,0,0,1,0,50,0,On,0,0,,76,Auckland,Nil,0,0,0,0,0,0,Urban,0,0,0,Fine,Null
1760687.035,5907076.913,1291154,,524112,0,,0,2,,Null,2020/2021,BADER DRIVE,ASHGROVE ROAD,,Serious Crash,No,2021,,West,,0,,Flat,,,,,,Overcast,742102,1,0,0,4,,,0,,,,,,Auckland Region,Nil,2-way,Sealed,,0,1,,50,,Off,0,0,,76,Auckland,Give way,,,,,0,0,Urban,0,,,Fine,Null
1752633.179,5927908.373,1291164,,508210,0,0,0,1,0,West,2020/2021,KAIPATIKI ROAD,STANLEY ROAD,,Serious Crash,No,2021,0,North,1,0,0,Flat,1,,0,,0,Dark,187405,0,0,0,2,0,0,0,1,0,,0,0,Auckland Region,Nil,2-way,Sealed,0,0,1,0,50,0,On,0,0,,76,Auckland,Nil,0,0,0,1,0,0,Urban,0,0,0,Fine,Null
1766710.171,5912972.906,1291174,,522910,0,,0,1,,South,2020/2021,REEVES ROAD,CORTINA PLACE,,Fatal Crash,No,2021,,South,,1,,Flat,,,,,,Twilight,684000,0,0,0,4,,,0,,,1,,,Auckland Region,Nil,2-way,Sealed,,0,0,,50,,On,0,0,,76,Auckland,Nil,,,,,0,0,Urban,0,,,Fine,Null
1757147.611,5920574.176,1291192,,514102,0,0,0,1,1,Null,2020/2021,OFFROAD CARPARK FEDERAL STREET,,,Serious Crash,No,2020,0,South,0,0,0,Flat,0,,0,,0,Overcast,433402,0,0,0,,0,0,0,0,0,,0,0,Auckland Region,Nil,Off road,Sealed,0,0,1,0,30,0,On,0,0,,76,Auckland,Nil,0,0,0,0,0,0,Urban,0,0,0,Light rain,Null
1761795.293,5885213.104,1291205,,521122,0,0,0,1,0,South,2020/2021,GLENBROOK ROAD,CUFF ROAD,,Serious Crash,No,2021,0,East,0,0,0,Flat,0,,0,,0,Dark,810904,0,0,0,2,0,0,0,0,0,,0,1,Auckland Region,Nil,2-way,Sealed,0,0,1,0,80,0,None,0,0,,76,Auckland,Nil,0,0,0,0,0,0,Open,0,0,0,Fine,Null
1755701.352,5919686.125,1291274,,514000,0,,0,1,,Null,2020/2021,PONSONBY ROAD,BROWN STREET,,Serious Crash,No,2021,,North,,0,,Flat,,,,,,Dark,414000,0,0,0,4,,,0,,,1,,,Auckland Region,Nil,2-way,Sealed,,0,1,,40,,On,0,1,,76,Auckland,Traffic Signals,,,,,0,0,Urban,0,,,Heavy rain,Null
1774378.438,5897360.891,1291279,,525630,0,,0,0,,Null,2020/2021,CLEVEDON ROAD,VALENTINE STREET,,Serious Crash,No,2020,,East,,0,,Flat,,Christmas New Year,,,,Bright sun,796100,0,0,1,2,,,0,,,,,,Auckland Region,Nil,2-way,Sealed,,0,1,,50,,Null,0,0,,76,Auckland,Give way,,,,,1,0,Urban,0,,,Fine,Null
1768705.978,5899494.638,1291480,,525101,0,,0,1,,East,2019/2020,MAHIA ROAD,BOON STREET,,Serious Crash,No,2020,,West,,0,,Flat,,,,,,Bright sun,770400,0,0,0,2,,,0,,,,,,Auckland Region,Nil,2-way,Sealed,,0,1,,50,,Off,0,0,,76,Auckland,Nil,,,,,0,0,Urban,1,,,Fine,Null