X,Y,OBJECTID,advisorySpeed,areaUnitID,bicycle,bridge,bus,carStationWagon,cliffBank,crashDirectionDescription,crashFinancialYear,crashLocation1,crashLocation2,crashRoadSideRoad,crashSeverity,crashSHDescription,crashYear,debris,directionRoleDescription,ditch,fatalCount,fence,flatHill,guardRail,holiday,houseOrBuilding,intersection,kerb,light,meshblockId,minorInjuryCount,moped,motorcycle,NumberOfLanes,objectThrownOrDropped,otherObject,otherVehicleType,overBank,parkedVehicle,pedestrian,phoneBoxEtc,postOrPole,region,roadCharacter,roadLane,roadSurface,roadworks,schoolBus,seriousInjuryCount,slipOrFlood,speedLimit,strayAnimal,streetLight,suv,taxi,temporarySpeedLimit,tlaId,tlaName,trafficControl,trafficIsland,trafficSign,train,tree,truck,unknownVehicleType,urban,vanOrUtility,vehicle,waterRiver,weatherA,weatherB
1743749.12,5923916.01,1291511,,513410,0,,0,1,,Null,2020/2021,FRED TAYLOR DRIVE,MAKI STREET,,Serious Crash,No,2021,,East,,0,,Flat,,,,,,Bright sun,224000,0,0,1,2,,,0,,,,,,Auckland Region,Nil,1-way,Sealed,,0,1,,80,,Off,0,0,,76,Auckland,Traffic Signals,,,,,0,0,Open,0,,,Fine,Null
1751899.918,5947537.398,1291600,,505808,0,,0,1,,East,2020/2021,BAY STREET,RED BEACH ROAD,,Serious Crash,No,2021,,West,,0,,Flat,,,,,,Overcast,172903,0,1,0,2,,,0,,,,,,Auckland Region,Nil,2-way,Sealed,,0,1,,50,,Off,0,0,,76,Auckland,Nil,,,,,0,0,Urban,0,,,Heavy rain,Null
1766069.711,5910155.115,1291650,,523112,0,0,0,1,0,West,2019/2020,HIGHBROOK DRIVE,BUSINESS PARADE NORTH,,Serious Crash,No,2020,0,West,0,0,0,Flat,0,,0,,0,Dark,711301,0,0,0,2,0,0,0,0,0,,0,0,Auckland Region,Motorway ramp,1-way,Sealed,0,0,1,0,70,0,On,1,0,,76,Auckland,Nil,1,0,0,0,0,0,Urban,0,0,0,Fine,Frost
1755627.751,5925796.169,1291723,,509702,0,,0,1,,North,2020/2021,LAKE ROAD,PEARN CRESCENT,,Serious Crash,No,2021,,South,,0,,Flat,,,,,,Overcast,365700,0,0,1,2,,,0,,,,,,Auckland Region,Nil,2-way,Sealed,,0,1,,50,,On,0,0,,76,Auckland,Nil,,,,,0,0,Urban,0,,,Fine,Null
1756866.108,5919457.332,1291736,,514200,0,,0,1,,East,2020/2021,KARANGAHAPE ROAD,PITT STREET,,Serious Crash,No,2020,,East,,0,,Flat,,,,,,Dark,412200,0,0,0,4,,,0,,,1,,,Auckland Region,Nil,2-way,Sealed,,0,1,,30,,On,0,1,,76,Auckland,Nil,,,,,0,0,Urban,0,,,Fine,Null
1763317.958,5917669.229,1291753,,516302,1,,0,1,,Null,2020/2021,ST JOHNS ROAD,DORCHESTER STREET,,Serious Crash,No,2020,,East,,0,,Flat,,,,,,Overcast,462811,0,0,0,2,,,0,,,,,,Auckland Region,Nil,2-way,Sealed,,0,1,,50,,Null,0,0,,76,Auckland,Stop,,,,,0,0,Urban,0,,,Light rain,Null
1778112.075,5904373.68,1291890,,525201,0,0,0,1,0,South,2020/2021,WEST ROAD,SUTTON ROAD,,Serious Crash,No,2020,0,West,0,0,0,Flat,0,,0,,0,Dark,762200,0,0,0,2,0,0,0,1,0,,0,0,Auckland Region,Nil,2-way,Sealed,0,0,1,0,60,0,None,0,0,,76,Auckland,Nil,0,0,0,0,0,0,Urban,0,0,0,Fine,Null
1767156.655,5905993.318,1291933,,522302,0,,0,0,,North,2020/2021,ESPERANTO ROAD,CASPAR ROAD,,Serious Crash,No,2021,,Null,,0,,Hill Road,,,,,,Bright sun,670500,0,0,0,2,,,0,,,1,,,Auckland Region,Nil,2-way,Sealed,,0,1,,50,,Off,1,0,,76,Auckland,Nil,,,,,0,0,Urban,0,,,Fine,Null
1771342.727,5889992.656,1291978,,521203,0,,0,2,,East,2020/2021,KARAKA ROAD,OIRA ROAD,,Fatal Crash,Yes,2020,,East,,1,,Hill Road,,,,,,Dark,807400,3,0,0,2,,,1,,,,,,Auckland Region,Nil,2-way,Sealed,,0,0,,80,,On,0,0,,76,Auckland,Nil,,,,,0,0,Open,0,,,Fine,Null
1776674.995,5883692.362,1291986,,521160,0,,0,2,,Null,2020/2021,PORTSMOUTH ROAD,BARBER ROAD,,Serious Crash,No,2021,,West,,0,,Hill Road,,,,,,Bright sun,814900,1,0,0,2,,,0,,,,,,Auckland Region,Nil,2-way,Sealed,,0,1,,100,,None,0,0,,76,Auckland,Stop,,,,,0,0,Open,0,,,Fine,Null
1746065.058,5915509.532,1292051,,511800,0,0,0,2,0,East,2020/2021,AWAROA ROAD,WATTLE ROAD,,Serious Crash,No,2020,0,North,0,0,0,Flat,0,,0,,0,Dark,277200,0,0,0,2,0,0,0,0,1,,0,0,Auckland Region,Nil,2-way,Sealed,0,0,1,0,50,0,On,0,0,,76,Auckland,Nil,0,0,0,0,0,0,Urban,0,0,0,Fine,Null
1737828.261,5929291.247,1292074,,505602,0,,0,1,,Null,2020/2021,MAIN ROAD,ORAHA ROAD,,Serious Crash,Yes,2021,,West,,0,,Flat,,,,,,Twilight,214900,2,0,1,2,,,0,,,,,,Auckland Region,Nil,2-way,Sealed,,0,1,,50,,Off,0,0,,76,Auckland,Give way,,,,,0,0,Urban,0,,,Fine,Null
1757640.259,5918319.198,1292098,,518101,0,0,0,1,0,North,2020/2021,KHYBER PASS ROAD OFF RAMP,SOUTHERN MOTORWAY,,Serious Crash,No,2020,0,North,0,0,0,Flat,1,,0,,0,Twilight,543000,0,0,0,3,0,0,0,0,0,,0,0,Auckland Region,Motorway ramp,1-way,Sealed,0,0,1,0,80,0,On,0,0,,76,Auckland,Nil,0,0,0,0,0,0,Open,0,0,0,Fine,Null
1745103.045,5909896.661,1292176,,512700,0,0,0,1,0,Null,2020/2021,OFF ROAD CAR PARK,,,Serious Crash,No,2020,0,East,0,0,1,Flat,0,,0,,0,Bright sun,301500,0,0,0,,0,0,0,0,0,1,0,0,Auckland Region,Nil,Off road,Sealed,0,0,1,0,10,0,None,0,0,,76,Auckland,Nil,0,0,0,0,0,0,Urban,0,0,0,Fine,Null
1760600.642,5917649.398,1292178,,516201,0,0,0,0,1,Null,2019/2020,COMBES ROAD,LINGARTH STREET,,Serious Crash,No,2020,0,North,0,0,0,Hill Road,0,,0,,0,Twilight,487000,0,0,0,2,0,0,0,0,0,,0,0,Auckland Region,Nil,2-way,Sealed,0,0,1,0,50,0,Off,0,0,,76,Auckland,Give way,0,0,0,0,0,0,Urban,1,0,0,Fine,Null
1751738.868,5917096.582,1292189,,514900,0,0,0,2,0,South,2020/2021,SH 20,SH 20,,Serious Crash,Yes,2021,0,South,0,0,0,Flat,1,,0,,0,Dark,384701,3,0,0,3,0,0,0,0,0,,0,0,Auckland Region,Tunnel,1-way,Sealed,0,0,1,0,80,0,On,0,0,,76,Auckland,Nil,0,0,0,0,0,0,Open,0,0,0,Fine,Null
1741985.9,5926874.904,1292247,,513410,0,,0,1,,East,2020/2021,SH 16,BRIGHAM CK BR,,Serious Crash,Yes,2020,,West,,0,,Flat,,,,,,Overcast,220400,0,0,0,2,,,0,,,,,,Auckland Region,Nil,2-way,Sealed,,0,1,,80,,Off,0,0,,76,Auckland,Unknown,,,,,0,0,Open,0,,,Heavy rain,Null
1762196.131,5905966.589,1292269,,524200,0,,0,2,,East,2021/2022,TIDAL ROAD,WAOKAURI PLACE,,Serious Crash,No,2021,,North,,0,,Flat,,,,,,Dark,728900,0,0,0,2,,,0,,,,,,Auckland Region,Nil,2-way,Unsealed,,0,1,,50,,On,0,0,,76,Auckland,Nil,,,,,0,0,Urban,0,,,Fine,Null
1761633.134,5907398.941,1292294,,524520,0,0,1,1,0,Null,2019/2020,BUCKLAND ROAD,ASHLEY AVENUE,,Serious Crash,No,2020,0,West,0,0,0,Flat,0,Queens Birthday,0,,0,Dark,734300,0,0,0,2,0,0,0,0,0,,0,0,Auckland Region,Nil,2-way,Sealed,0,0,1,0,50,0,On,0,0,,76,Auckland,Traffic Signals,0,0,0,1,0,0,Urban,0,0,0,Fine,Null
1769458.825,5901821.893,1292299,,524901,0,,0,1,,North,2020/2021,GRANDE VUE ROAD,HILL ROAD,,Serious Crash,No,2021,,North,,0,,Flat,,,,,,Overcast,756000,0,0,0,3,,,0,,,1,,,Auckland Region,Nil,2-way,Sealed,,0,1,,50,,Off,0,0,,76,Auckland,Unknown,,,,,0,0,Urban,0,,,Fine,Null
1760194,5906276.112,1292347,,524200,0,0,0,1,0,West,2020/2021,MASSEY ROAD,PLUMLEY CRESCENT,,Serious Crash,No,2021,0,East,0,0,0,Flat,0,,0,,0,Dark,728001,0,0,0,2,0,0,0,0,0,,0,0,Auckland Region,Nil,2-way,Sealed,0,0,1,0,60,0,On,0,0,,76,Auckland,Nil,0,1,0,0,0,0,Urban,0,0,0,Fine,Null
1752493.849,5978596.039,1292349,,506661,0,0,0,0,0,North,2020/2021,MATAKANA VALLEY ROAD,SMITH ROAD,,Serious Crash,No,2020,0,North,0,0,1,Hill Road,0,,0,,0,Bright sun,138201,0,0,1,2,0,0,0,0,0,,0,0,Auckland Region,Nil,2-way,Sealed,0,0,1,0,100,0,None,0,0,,76,Auckland,Nil,0,0,0,0,0,0,Open,0,0,0,Fine,Null
1764788.976,5915975.424,1292430,,520301,0,,0,0,,South,2020/2021,MORRIN ROAD,COLLEGE ROAD,,Serious Crash,No,2021,,South,,0,,Flat,,,,,,Bright sun,627800,0,0,1,2,,,0,,,,,,Auckland Region,Nil,2-way,Sealed,,0,1,,50,,Off,0,0,,76,Auckland,Nil,,,,,0,0,Urban,1,,,Fine,Null
1740864.458,5930349.955,1292454,,505604,0,0,0,1,0,East,2020/2021,RIVERHEAD ROAD,DEACON ROAD,,Fatal Crash,No,2021,0,East,1,1,1,Flat,0,,0,,0,Overcast,213700,0,0,0,2,0,0,0,0,0,,0,1,Auckland Region,Nil,2-way,Sealed,0,0,0,0,80,0,Off,0,0,,76,Auckland,Nil,0,0,0,0,0,0,Open,0,0,0,Fine,Null
1766920.985,5899177.946,1292613,,524812,1,,0,1,,Null,2020/2021,MAHIA ROAD,SANDWICK DRIVE,,Serious Crash,No,2021,,North,,0,,Flat,,,,,,Bright sun,774103,0,0,0,2,,,0,,,,,,Auckland Region,Nil,2-way,Sealed,,0,1,,50,,Off,0,0,,76,Auckland,Give way,,,,,0,0,Urban,0,,,Fine,Null
1755193.821,5931566.549,1292641,,508520,0,0,0,1,0,South,2020/2021,SUNSET ROAD,LAVERY PLACE,,Serious Crash,No,2020,0,East,0,0,1,Flat,0,,0,,0,Dark,189703,0,0,0,1,0,0,0,0,1,,0,0,Auckland Region,Nil,2-way,Sealed,0,0,1,0,50,0,On,0,0,,76,Auckland,Nil,0,0,0,1,0,0,Urban,1,0,0,Mist or Fog,Null
1746820.184,5913939.871,1292713,,511100,0,,0,2,,East,2019/2020,WEST COAST ROAD,SWAN HILL DRIVE,,Serious Crash,No,2020,,East,,0,,Flat,,,,,,Overcast,286100,0,0,0,2,,,0,,,1,,,Auckland Region,Nil,2-way,Sealed,,0,1,,50,,Off,0,0,,76,Auckland,Nil,,,,,0,0,Urban,0,,,Fine,Null
1754646.179,5931641.995,1292764,,508805,0,,0,1,,Null,2019/2020,CONSTELLATION DRIVE,ATLAS PLACE,,Serious Crash,No,2020,,West,,0,,Flat,,,,,,Bright sun,180813,0,0,0,4,,,0,,,,,,Auckland Region,Nil,2-way,Sealed,,0,1,,50,,Off,1,0,,76,Auckland,Nil,,,,,0,0,Urban,0,,,Fine,Null
1756129.22,5920541.989,1292842,,514102,1,,0,0,,Null,2019/2020,BEAUMONT STREET,COLLEGE HILL,,Serious Crash,No,2020,,West,,0,,Hill Road,,,,,,Dark,432500,1,0,0,4,,,0,,,,,,Auckland Region,Nil,2-way,Sealed,,0,1,,50,,On,0,0,,76,Auckland,Traffic Signals,,,,,0,0,Urban,0,,,Fine,Null
1768250.252,5900780.293,1292853,,525001,0,0,0,1,0,East,2020/2021,RUSSELL ROAD,JAMES ROAD,,Serious Crash,No,2020,0,East,0,0,0,Flat,0,,0,,0,Bright sun,752400,0,0,0,2,0,0,0,0,0,,0,1,Auckland Region,Nil,2-way,Sealed,0,0,1,0,50,0,Off,0,0,,76,Auckland,Nil,0,0,0,0,0,0,Urban,0,0,0,Fine,Null
1751287.677,5916094.294,1292861,,514401,0,,0,1,,North,2020/2021,GREAT NORTH ROAD,BEATRIX STREET,,Serious Crash,No,2021,,North,,0,,Flat,,,,,,Dark,383200,0,0,1,4,,,0,,,,,,Auckland Region,Nil,2-way,Sealed,,0,1,,50,,On,0,0,,76,Auckland,Nil,,,,,0,0,Urban,0,,,Fine,Null
1745050.247,5925420.071,1292891,,513431,0,,0,2,,North,2021/2022,UPPER HARBOUR MOTORWAY,TRIG ROAD ON RAMP,,Serious Crash,Yes,2021,,North,,0,,Flat,,,,,,Bright sun,223702,0,0,0,2,,,0,,,,,,Auckland Region,Nil,1-way,Sealed,,0,1,,100,,Off,0,0,,76,Auckland,Nil,,,,,0,0,Open,0,,,Fine,Null
1773377.12,5896598.315,1292941,,525630,0,0,0,1,1,North,2020/2021,CLEVEDON ROAD,KEENEY COURT,,Fatal Crash,No,2021,0,South,0,1,1,Flat,0,,0,,0,Dark,794900,0,0,0,2,0,0,0,0,0,,0,0,Auckland Region,Nil,2-way,Sealed,0,0,4,0,50,0,On,0,0,,76,Auckland,Nil,1,1,0,1,0,0,Urban,0,0,0,Light rain,Null
1768970.49,5902410.661,1292957,,524901,0,0,0,1,0,North,2020/2021,DAVID AVENUE,COLLIE STREET,,Serious Crash,No,2021,0,South,0,0,1,Flat,0,,0,,0,Overcast,755100,0,0,0,2,0,0,0,0,0,,0,0,Auckland Region,Nil,2-way,Sealed,0,0,1,0,50,0,Off,0,0,,76,Auckland,Nil,0,0,0,1,0,0,Urban,0,0,0,Light rain,Strong wind
1774034.19,5887347.962,1293011,,521132,1,,0,0,,Null,2020/2021,GREAT SOUTH ROAD,ARARIMU ROAD,,Fatal Crash,No,2021,,South,,1,,Hill Road,,,,,,Bright sun,814001,0,0,0,2,,,0,,,,,,Auckland Region,Nil,2-way,Sealed,,0,0,,100,,Off,1,0,,76,Auckland,Give way,,,,,0,0,Open,0,,,Fine,Null
1753416.473,5937268.825,1293029,,508900,0,,0,0,,Null,2021/2022,OKURA RIVER ROAD,EAST COAST ROAD,,Serious Crash,No,2021,,South,,0,,Flat,,,,,,Overcast,178308,0,0,1,2,,,0,,,,,,Auckland Region,Nil,2-way,Sealed,,0,1,,50,,Off,0,0,,76,Auckland,Give way,,,,,0,0,Urban,1,,,Fine,Null
1756768.557,5920555.687,1293069,,514102,1,,0,1,,Null,2021/2022,VICTORIA STREET WEST,HARDINGE STREET,,Serious Crash,No,2021,,West,,0,,Flat,,,,,,Overcast,433700,0,0,0,2,,,0,,,,,,Auckland Region,Nil,2-way,Sealed,,0,1,,30,,Off,0,0,,76,Auckland,Give way,,,,,0,0,Urban,0,,,Fine,Null
1757105.985,5906230.777,1293189,,524200,0,0,0,1,0,South,2021/2022,ORUARANGI ROAD,MONTGOMERIE ROAD,,Serious Crash,No,2021,0,South,1,0,1,Hill Road,0,,0,,0,Bright sun,726500,0,0,0,2,0,0,0,0,0,,0,0,Auckland Region,Nil,2-way,Sealed,0,0,3,0,80,0,Off,0,0,,76,Auckland,Nil,0,0,0,0,0,0,Open,0,0,0,Fine,Null
1747973.838,5962218.026,1293259,,506613,0,,0,1,,South,2019/2020,SH 1,MOIR HILL ROAD,,Serious Crash,Yes,2020,,North,,0,,Hill Road,,,,,,Bright sun,146800,0,0,1,2,,,0,,,,,,Auckland Region,Nil,2-way,Sealed,,0,1,,100,,Off,0,0,,76,Auckland,Nil,,,,,0,0,Open,0,,,Fine,Null
1769936.753,5914739.664,1293312,,522722,0,,0,0,,East,2020/2021,PAKURANGA ROAD,AVIEMORE DRIVE,,Serious Crash,No,2021,,West,,0,,Flat,,,,,,Bright sun,681308,0,0,0,5,,,0,,,1,,,Auckland Region,Nil,2-way,Sealed,,0,1,,60,,Off,1,0,,76,Auckland,Nil,,,,,0,0,Urban,0,,,Fine,Null
1743930.557,5917987.25,1293326,,513220,0,0,0,1,0,North,2019/2020,HILLWELL DRIVE,ESPALIER DRIVE,,Serious Crash,No,2019,0,South,0,0,0,Flat,0,Christmas New Year,0,,0,Bright sun,236703,3,0,0,2,0,0,0,0,0,,1,0,Auckland Region,Nil,2-way,Sealed,0,0,1,0,50,0,Off,0,0,,76,Auckland,Nil,0,0,0,1,0,0,Urban,0,0,0,Fine,Null
1753651.46,5915084.605,1293336,45,518801,0,0,0,2,0,East,2019/2020,O'DONNELL AVENUE,FARRELLY AVENUE,,Serious Crash,No,2020,0,East,0,0,0,Hill Road,0,,0,,0,Bright sun,575700,0,0,0,2,0,0,0,0,1,,0,0,Auckland Region,Nil,2-way,Sealed,0,0,1,0,50,0,Off,0,0,,76,Auckland,Nil,0,0,0,0,0,0,Urban,0,0,0,Fine,Null
1758065.001,5945194.919,1293395,,505902,0,0,0,2,0,South,2020/2021,TINDALLS BAY ROAD,THE CRESCENT,,Serious Crash,No,2021,0,North,0,0,0,Flat,0,,0,,0,Dark,174702,0,0,0,2,0,0,0,0,1,,0,0,Auckland Region,Nil,2-way,Sealed,0,0,2,0,50,0,On,0,0,,76,Auckland,Nil,0,0,0,0,0,0,Urban,0,0,0,Fine,Null
1746097.094,5920687.135,1293461,,513301,0,,0,0,,Null,2020/2021,OFF ROAD WAITAKERE REFUSE AND RECYCLING TRANSFER STATION,,,Serious Crash,No,2020,,North,,0,,Flat,,,,,,Bright sun,230200,0,0,0,,,,0,,,1,,,Auckland Region,Nil,Off road,Sealed,,0,1,,10,,Off,0,0,,76,Auckland,Nil,,,,,1,0,Urban,0,,,Fine,Null
1758203.891,5920239.91,1293489,25,514103,0,0,0,0,0,Null,2019/2020,BEACH ROAD,CHURCHILL STREET,,Serious Crash,No,2020,0,South,0,0,0,Flat,0,,0,,0,Dark,438203,0,0,1,2,0,0,0,0,0,,0,0,Auckland Region,Nil,2-way,Sealed,0,0,1,0,50,0,On,0,0,,76,Auckland,Unknown,1,0,0,0,0,0,Urban,0,0,0,Fine,Null
1741665.6,5922044.185,1293512,,513621,1,,0,1,,East,2020/2021,RED HILLS ROAD,SUNNYVALE ROAD,,Serious Crash,No,2021,,East,,0,,Hill Road,,,,,,Bright sun,226601,0,0,0,2,,,0,,,,,,Auckland Region,Nil,2-way,Sealed,,0,1,,80,,Off,0,0,,76,Auckland,Nil,,,,,0,0,Open,0,,,Fine,Null
1754682.209,5875298.958,1293701,,526104,0,0,0,0,0,Null,2020/2021,VICTORIA AVENUE,COLOMBO ROAD,,Serious Crash,No,2020,0,East,0,0,0,Flat,0,,0,,0,Dark,835404,0,0,1,2,0,0,0,0,0,,0,1,Auckland Region,Nil,2-way,Sealed,0,0,1,0,80,0,On,0,0,,76,Auckland,Give way,0,0,0,0,0,0,Open,0,0,0,Fine,Null
1759998.304,5908336.712,1293786,,524121,0,0,0,1,0,North,2020/2021,SOUTH-WESTERN MOTORWAY,HALL FTBR,,Serious Crash,Yes,2021,0,North,0,0,0,Flat,1,,0,,0,Dark,737000,0,0,0,3,0,0,0,0,0,,0,0,Auckland Region,Nil,1-way,Sealed,0,0,1,0,100,0,On,0,0,,76,Auckland,Nil,0,0,0,0,0,0,Open,0,0,0,Fine,Null
1749789.696,5915940.541,1293817,,514801,0,,0,1,,Null,2020/2021,ORCHARD STREET,WHAU CRESCENT,,Serious Crash,No,2021,,West,,0,,Flat,,,,,,Twilight,387500,0,0,0,2,,,0,,,1,,,Auckland Region,Speed hump,2-way,Sealed,,0,1,,40,,Off,0,0,,76,Auckland,Nil,,,,,0,0,Urban,0,,,Fine,Null
1750441.718,5929122.837,1293818,,509100,0,0,0,0,1,South,2021/2022,UPPER HARBOUR MOTORWAY,GREENHITHE OBR,,Serious Crash,Yes,2021,0,North,0,0,0,Hill Road,1,,0,,0,Overcast,181302,0,0,0,2,0,0,0,0,0,,0,0,Auckland Region,Nil,1-way,Sealed,0,0,1,0,100,0,Off,1,0,,76,Auckland,Nil,0,0,0,0,0,0,Open,1,1,0,Fine,Strong wind
1776214.862,5884584.92,1293837,,521132,0,,0,0,,North,2019/2020,SOUTHERN MOTORWAY,ST STEPHENS OBR,,Serious Crash,Yes,2019,,South,,0,,Hill Road,,,,,,Bright sun,814702,0,0,1,3,,,0,,,,,,Auckland Region,Nil,1-way,Sealed,,0,1,,100,,Off,0,0,,76,Auckland,Unknown,,,,,1,0,Open,0,,,Fine,Strong wind
1767133.664,5905481.276,1293853,,524603,0,0,0,1,0,South,2019/2020,GREAT SOUTH ROAD,REAGAN ROAD,,Serious Crash,No,2019,0,North,0,0,0,Flat,0,,0,,0,Dark,780205,1,0,0,4,0,0,0,0,0,,0,0,Auckland Region,Nil,2-way,Sealed,0,0,1,0,50,0,On,0,0,,76,Auckland,Nil,0,0,0,1,0,0,Urban,0,0,0,Fine,Null
1756187.201,5920668.405,1293858,,514102,0,,0,1,,Null,2020/2021,BEAUMONT STREET,FISHER-POINT DRIVE,,Serious Crash,No,2020,,South,,0,,Flat,,,,,,Bright sun,432500,0,0,1,3,,,0,,,,,,Auckland Region,Nil,2-way,Sealed,,0,1,,30,,Off,0,0,,76,Auckland,Stop,,,,,0,0,Urban,0,,,Fine,Null
1770734.926,5910552.094,1293925,,523109,0,0,0,0,0,Null,2020/2021,OFF ROAD - Botany Downs College.,,,Serious Crash,No,2021,0,West,0,0,0,Hill Road,0,,0,,0,Dark,712010,0,0,1,2,0,1,0,0,0,,0,0,Auckland Region,Nil,2-way,Sealed,0,0,1,0,15,0,Off,0,0,,76,Auckland,Unknown,0,0,0,0,0,0,Urban,0,0,0,Fine,Null
1753235.436,5974350.085,1293937,65,506661,0,0,0,1,0,Null,2020/2021,MATAKANA ROAD,WRIGHT ROAD,,Fatal Crash,No,2021,0,South,1,1,1,Flat,0,,0,,0,Overcast,139700,0,0,0,2,0,0,0,0,0,,0,0,Auckland Region,Nil,2-way,Sealed,0,0,0,0,80,0,None,0,0,,76,Auckland,Give way,0,1,0,1,0,0,Open,0,0,0,Heavy rain,Null
1764104.693,5914271.582,1294093,,520303,0,,0,1,,Null,2020/2021,MOUNT WELLINGTON HIGHWAY,TE HORETA ROAD,,Serious Crash,No,2021,,South,,0,,Flat,,,,,,Dark,627600,1,0,1,5,,,0,,,,,,Auckland Region,Nil,2-way,Sealed,,0,1,,50,,On,0,0,,76,Auckland,Traffic Signals,,,,,0,0,Urban,0,,,Fine,Null
1768788.498,5904954.791,1294102,,523722,0,0,0,1,0,South,2020/2021,HOLLYFORD DRIVE,ASPIRING AVENUE,,Serious Crash,No,2021,0,South,0,0,0,Hill Road,0,,0,,0,Dark,716014,0,0,0,2,0,0,0,0,0,,0,0,Auckland Region,Nil,2-way,Sealed,0,0,2,0,50,0,On,0,0,,76,Auckland,Nil,0,0,0,1,0,0,Urban,0,0,0,Fine,Null
1766319.423,5915542.618,1294146,,520601,0,0,0,1,0,Null,2020/2021,DUNKIRK ROAD,TOBRUK ROAD,,Serious Crash,No,2020,0,South,0,0,0,Flat,0,,0,,0,Overcast,633300,0,0,0,2,0,0,0,0,0,,1,0,Auckland Region,Nil,2-way,Sealed,0,0,1,0,50,0,Off,0,0,,76,Auckland,Stop,0,0,0,0,0,0,Urban,0,0,0,Fine,Null
1743481.873,5906422.93,1294233,,512802,0,0,0,0,0,East,2019/2020,HUIA ROAD,RAUHUIA CRESCENT,,Serious Crash,No,2020,0,East,0,0,0,Hill Road,0,,0,,0,Bright sun,302900,0,0,0,2,0,0,0,0,0,,0,1,Auckland Region,Nil,2-way,Sealed,0,0,1,0,50,0,None,0,0,,76,Auckland,Nil,0,0,0,1,0,0,Urban,1,0,0,Fine,Null
1753700.058,5914985.368,1294251,,518801,0,,0,1,,East,2020/2021,PARKINSON AVENUE,BELCHER STREET,,Serious Crash,No,2021,,West,,0,,Flat,,,,,,Bright sun,576100,0,0,0,2,,,0,,,1,,,Auckland Region,Nil,2-way,Sealed,,0,1,,50,,None,0,0,,76,Auckland,Nil,,,,,0,0,Urban,0,,,Fine,Null
1753704.621,5917134.168,1294275,,517800,0,,0,2,,North,2020/2021,COUNCILLORS DRIVE,WAIRERE AVENUE,,Serious Crash,No,2021,,South,,0,,Flat,,,,,,Overcast,526700,0,0,0,2,,,0,,,1,,,Auckland Region,Nil,2-way,Sealed,,0,1,,50,,Off,0,0,,76,Auckland,Nil,,,,,0,0,Urban,0,,,Light rain,Null
1770051.367,5915483.497,1294371,,522711,0,,0,2,,North,2020/2021,BUCKLANDS BEACH ROAD,CHERRY ROAD,,Serious Crash,No,2021,,North,,0,,Flat,,,,,,Overcast,680711,0,0,0,2,,,0,,,,,,Auckland Region,Nil,2-way,Sealed,,0,2,,50,,Off,0,0,,76,Auckland,Nil,,,,,0,0,Urban,0,,,Fine,Null
1771755.761,5895166.013,1294397,,525530,0,,0,1,,South,2020/2021,CHICHESTER DRIVE,BEACH ROAD,,Serious Crash,No,2020,,North,,0,,Flat,,,,,,Overcast,804901,0,0,0,2,,,0,,,1,,,Auckland Region,Nil,2-way,Sealed,,0,1,,50,,Off,0,0,,76,Auckland,Nil,,,,,0,0,Urban,0,,,Light rain,Null
1749554.997,5911512.546,1294425,,512100,0,,0,1,,West,2020/2021,GODLEY ROAD,TAUPO STREET,,Serious Crash,No,2021,,West,,0,,Hill Road,,Easter,,,,Bright sun,290100,0,0,0,2,,,0,,,1,,,Auckland Region,Nil,2-way,Sealed,,0,1,,50,,Off,0,0,,76,Auckland,Nil,,,,,0,0,Urban,0,,,Fine,Null
1755453.449,5921510.325,1294426,,515202,0,,0,1,,South,2020/2021,NORTHERN MOTORWAY,SHELLY BEACH OBR,,Serious Crash,Yes,2020,,South,,0,,Flat,,Christmas New Year,,,,Bright sun,425600,0,0,0,4,,,0,,,,,,Auckland Region,Nil,1-way,Sealed,,0,1,,80,,Off,0,0,,76,Auckland,Nil,,,,,0,0,Open,1,,,Fine,Null
1759311.282,5906979.414,1294477,,524122,0,,0,1,,South,2020/2021,VISCOUNT STREET,WIMPEY STREET,,Serious Crash,No,2021,,South,,0,,Flat,,,,,,Dark,739801,0,0,0,2,,,0,,,,,,Auckland Region,Nil,2-way,Sealed,,0,1,,50,,On,0,0,,76,Auckland,Nil,,,,,0,0,Urban,0,,,Light rain,Null
1762167.401,5906962.672,1294629,,524302,0,,0,1,,Null,2019/2020,MASSEY ROAD,WALTER STREET,,Serious Crash,No,2020,,South,,0,,Flat,,,,,,Dark,743200,3,0,0,2,,,0,,,,,,Auckland Region,Nil,2-way,Sealed,,0,3,,50,,On,0,0,,76,Auckland,Nil,,,,,0,0,Urban,1,,,Light rain,Null
1751181.297,5927036.941,1294733,,510010,0,0,0,1,0,Null,2020/2021,HAYMAN PLACE,KUPENGA LANE,,Serious Crash,No,2021,0,East,0,0,0,Flat,0,Easter,0,,0,Overcast,342900,0,0,0,2,0,1,0,0,1,1,0,0,Auckland Region,Nil,2-way,Sealed,0,0,1,0,50,0,Null,0,0,,76,Auckland,Nil,0,0,0,1,0,0,Urban,0,0,0,Fine,Null