X,Y,OBJECTID,advisorySpeed,areaUnitID,bicycle,bridge,bus,carStationWagon,cliffBank,crashDirectionDescription,crashFinancialYear,crashLocation1,crashLocation2,crashRoadSideRoad,crashSeverity,crashSHDescription,crashYear,debris,directionRoleDescription,ditch,fatalCount,fence,flatHill,guardRail,holiday,houseOrBuilding,intersection,kerb,light,meshblockId,minorInjuryCount,moped,motorcycle,NumberOfLanes,objectThrownOrDropped,otherObject,otherVehicleType,overBank,parkedVehicle,pedestrian,phoneBoxEtc,postOrPole,region,roadCharacter,roadLane,roadSurface,roadworks,schoolBus,seriousInjuryCount,slipOrFlood,speedLimit,strayAnimal,streetLight,suv,taxi,temporarySpeedLimit,tlaId,tlaName,trafficControl,trafficIsland,trafficSign,train,tree,truck,unknownVehicleType,urban,vanOrUtility,vehicle,waterRiver,weatherA,weatherB
1746520.781,5916503.623,1294795,45,510700,0,0,0,0,0,Null,2021/2022,GREAT NORTH ROAD,TE ATATU ROAD,,Serious Crash,No,2022,0,North,0,0,0,Flat,0,,0,,1,Dark,240900,1,0,0,2,0,0,0,0,0,,0,0,Auckland Region,Nil,1-way,Sealed,0,0,1,0,50,0,On,0,0,,76,Auckland,Give way,0,0,0,0,0,0,Urban,1,0,0,Fine,Null
1765760.542,5910737.773,1295135,,521803,0,0,0,2,0,West,2020/2021,PRINCES STREET EAST,BRADY ROAD,,Serious Crash,No,2020,0,North,0,0,1,Flat,0,Christmas New Year,0,,0,Twilight,790200,0,0,0,2,0,0,0,0,1,,0,1,Auckland Region,Nil,2-way,Sealed,0,0,2,0,50,0,On,0,0,,76,Auckland,Nil,0,0,0,1,0,0,Urban,0,0,0,Fine,Null
1771632.891,5895226.057,1295151,,525530,0,,0,1,,East,2021/2022,BEACH ROAD,PAPAKURA OFF RAMP,,Serious Crash,No,2022,,East,,0,,Flat,,,,,,Dark,804901,1,0,0,4,,,0,,,,,,Auckland Region,Nil,2-way,Sealed,,0,1,,50,,On,1,0,,76,Auckland,Nil,,,,,0,0,Urban,0,,,Fine,Null
1752348.463,5916012.977,1295152,,517901,0,,0,1,,Null,2021/2022,OFF ROAD - SHARED DRIVEWAY,,,Serious Crash,No,2021,,West,,0,,Hill Road,,,,,,Bright sun,523700,0,0,0,,,,0,,,1,,,Auckland Region,Nil,Off road,Sealed,,0,1,,50,,None,0,0,,76,Auckland,Nil,,,,,0,0,Urban,0,,,Fine,Null
1758280.707,5927788.177,1295213,,508010,0,0,0,1,0,Null,2021/2022,KILLARNEY STREET,HURSTMERE ROAD,,Serious Crash,No,2022,0,North,0,0,1,Flat,0,,0,,0,Dark,325900,0,0,0,2,0,0,0,0,0,,0,0,Auckland Region,Nil,2-way,Unsealed,0,0,1,0,50,0,On,0,0,,76,Auckland,Give way,0,0,0,0,0,1,Urban,0,0,0,Fine,Null
1759856.103,5915875.55,1295219,,516002,0,,0,1,,North,2020/2021,GREAT SOUTH ROAD COUNTDOWN GREENLANE OFF ROAD CARPARK ,GREEN LANE EAST,,Serious Crash,Unknown,2020,,North,,0,,Flat,,,,,,Overcast,494100,0,0,0,1,,,0,,,1,,,Auckland Region,Nil,1-way,Sealed,,0,1,,10,,Off,0,0,,76,Auckland,Nil,,,,,0,0,Urban,0,,,Fine,Null
1774743.144,5901911.547,1295271,,523813,0,0,0,0,0,South,2021/2022,ALFRISTON-ARDMORE ROAD,MUIRS BR,,Serious Crash,No,2022,0,North,0,0,1,Flat,0,,0,,0,Overcast,761000,0,0,1,2,0,0,0,0,0,,0,0,Auckland Region,Nil,2-way,Sealed,0,0,1,0,100,0,None,0,0,,76,Auckland,Nil,0,0,0,0,0,0,Open,0,0,0,Fine,Strong wind
1744190.474,5918409.101,1295312,,513220,0,0,0,1,0,North,2020/2021,SWANSON ROAD,RATHGAR ROAD,,Serious Crash,No,2021,0,South,0,0,0,Flat,0,,0,,0,Bright sun,236103,0,0,0,2,0,0,0,0,0,,0,1,Auckland Region,Nil,2-way,Sealed,0,0,1,0,50,0,Off,0,0,,76,Auckland,Nil,0,0,0,0,0,0,Urban,0,0,0,Fine,Null
1764685.467,5911573.23,1295313,,520500,0,,0,1,,South,2020/2021,SOUTHERN MOTORWAY,PANAMA OBR,,Serious Crash,Yes,2021,,North,,0,,Flat,,,,,,Bright sun,636200,1,0,0,3,,,0,,,,,,Auckland Region,Nil,1-way,Sealed,,0,1,,100,,Off,0,0,,76,Auckland,Nil,,,,,2,0,Open,0,,,Fine,Null
1762632.776,5912623.443,1295320,,520500,0,,0,1,,Null,2020/2021,GREAT SOUTH ROAD,CHURCH STREET EAST,,Serious Crash,No,2021,,South,,0,,Flat,,,,,,Bright sun,637300,0,0,1,4,,,0,,,,,,Auckland Region,Nil,2-way,Sealed,,0,1,,50,,Off,0,0,,76,Auckland,Nil,,,,,0,0,Urban,0,,,Fine,Null
1760568.443,5916442.229,1295474,,516002,0,0,0,1,0,South,2020/2021,ASCOT AVENUE,COTTER AVENUE,,Serious Crash,No,2021,0,North,0,0,0,Hill Road,0,,0,,0,Bright sun,493600,0,0,0,2,0,0,0,0,1,,0,0,Auckland Region,Nil,2-way,Sealed,0,0,1,0,50,0,Off,1,1,,76,Auckland,Nil,0,0,0,0,0,0,Urban,0,0,0,Fine,Null
1771080.579,5914680.97,1295485,,521601,1,,0,1,,Null,2021/2022,RIDGE ROAD,VINCENT STREET,,Serious Crash,No,2022,,South,,0,,Flat,,,,,,Overcast,646500,0,0,0,3,,,0,,,,,,Auckland Region,Nil,2-way,Sealed,,0,1,,50,,Off,0,0,,76,Auckland,Stop,,,,,0,0,Urban,0,,,Fine,Null
1823736.54,5978730.447,1295606,,521000,0,0,0,1,1,North,2021/2022,SHOAL BAY ROAD,MULBERRY GROVE ROAD,,Serious Crash,No,2022,0,South,0,0,0,Hill Road,0,,0,,1,Dark,439307,0,0,0,2,0,0,0,0,0,,0,0,Auckland Region,Nil,2-way,Sealed,0,0,1,0,100,0,None,0,0,,76,Auckland,Nil,0,0,0,1,0,0,Open,0,0,0,Light rain,Strong wind
1761233.094,5920047.427,1295652,,516400,0,0,0,0,0,West,2020/2021,TAMAKI DRIVE,POKANOA POINT ENT,,Serious Crash,No,2021,0,East,0,0,0,Flat,0,,0,,0,Dark,496600,0,0,1,2,0,0,0,0,0,,0,0,Auckland Region,Nil,2-way,Sealed,0,0,1,0,50,0,On,0,0,,76,Auckland,Nil,0,0,0,1,0,0,Urban,0,0,0,Light rain,Null
1757065.633,5919916.281,1295658,,514102,0,,1,0,,Null,2019/2020,MAYORAL DRIVE,GREYS AVENUE,,Serious Crash,No,2020,,North,,0,,Flat,,,,,,Overcast,435000,0,0,1,2,,,0,,,,,,Auckland Region,Nil,2-way,Sealed,,0,1,,50,,None,0,0,,76,Auckland,Traffic Signals,,,,,0,0,Urban,0,,,Heavy rain,Null
1760722.816,5905234.222,1295803,,524200,0,,0,0,,South,2021/2022,PUKAKI ROAD,CYCLAMEN ROAD,,Serious Crash,No,2021,,South,,0,,Hill Road,,,,,,Bright sun,728500,0,0,0,2,,,1,,,,,,Auckland Region,Nil,2-way,Sealed,,0,1,,60,,Off,0,0,,76,Auckland,Nil,,,,,0,0,Urban,0,,,Fine,Null
1771367.066,5907775.287,1295814,,523713,0,,0,0,,North,2021/2022,STANCOMBE ROAD,JEFFS ROAD,,Serious Crash,No,2022,,East,,0,,Flat,,,,,,Overcast,712402,0,0,1,2,,,0,,,,,,Auckland Region,Nil,2-way,Sealed,,0,1,,60,,Off,1,0,,76,Auckland,Nil,,,,,0,0,Urban,0,,,Fine,Null
1767376.163,5905635.188,1295824,,522302,0,,0,2,,East,2021/2022,REAGAN ROAD,MEADOWCOURT DRIVE,,Serious Crash,No,2021,,East,,0,,Flat,,,,,,Bright sun,670903,1,0,0,2,,,0,,,,,,Auckland Region,Nil,2-way,Sealed,,0,1,,50,,Off,0,0,,76,Auckland,Nil,,,,,1,0,Urban,0,,,Fine,Null
1738507.944,5929024.644,1295928,,505602,0,,0,0,,North,2021/2022,MAIN ROAD,HARIKOA STREET,,Serious Crash,Yes,2021,,North,,0,,Flat,,Labour Weekend,,,,Overcast,215000,0,0,0,2,,,0,,,,,,Auckland Region,Nil,2-way,Sealed,,0,1,,50,,Off,1,0,,76,Auckland,Nil,,,,,0,0,Urban,1,,,Heavy rain,Null
1772065.588,5898016.983,1295994,,523912,0,0,0,1,0,West,2021/2022,WALTERS ROAD,PORCHESTER ROAD,,Serious Crash,No,2021,0,East,0,0,0,Flat,0,,0,,1,Bright sun,766302,0,0,0,2,0,0,0,0,0,,0,1,Auckland Region,Nil,2-way,Sealed,0,0,1,0,50,0,Off,0,0,,76,Auckland,Nil,0,0,0,0,0,0,Urban,0,0,0,Fine,Null
1766306.387,5900299.51,1296011,,524713,0,,0,1,,Null,2021/2022,SHARLAND AVENUE,KERN PLACE,,Serious Crash,No,2021,,East,,0,,Flat,,,,,,Overcast,775813,0,0,0,2,,,0,,,1,,,Auckland Region,Nil,2-way,Sealed,,0,1,,50,,On,0,0,,76,Auckland,Nil,,,,,0,0,Urban,0,,,Fine,Null
1755058.826,5876158.265,1296017,,526104,0,,0,1,,Null,2020/2021,KITCHENER ROAD,CORNWALL ROAD,,Serious Crash,No,2021,,South,,0,,Flat,,,,,,Overcast,834701,0,0,1,2,,,0,,,,,,Auckland Region,Nil,2-way,Sealed,,0,1,,50,,Off,0,0,,76,Auckland,Give way,,,,,0,0,Urban,0,,,Fine,Null
1736368.151,5910256.036,1296019,,513800,0,0,0,1,0,North,2020/2021,PIHA ROAD,ANAWHATA ROAD,,Serious Crash,No,2021,0,North,0,0,0,Hill Road,0,,0,,0,Bright sun,282007,1,0,0,2,0,0,0,0,0,1,0,0,Auckland Region,Nil,2-way,Sealed,0,0,1,0,100,0,None,0,0,,76,Auckland,Nil,0,0,0,1,0,0,Open,0,0,0,Fine,Null
1766228.491,5899688.7,1296144,,524811,0,,0,1,,Null,2021/2022,OFF ROAD - SHARED DRIVEWAY.,,,Serious Crash,No,2022,,South,,0,,Flat,,,,,,Overcast,773818,0,0,0,,,,0,,,3,,,Auckland Region,Nil,Off road,Sealed,,0,1,,,,Off,0,0,,76,Auckland,Nil,,,,,0,0,Urban,0,,,Fine,Null
1761215.459,5906133.854,1296146,,524112,0,0,0,0,0,East,2021/2022,MASSEY ROAD,PRANGLEY AVENUE,,Serious Crash,No,2022,0,West,0,0,0,Flat,0,,0,,0,Bright sun,742000,1,0,0,2,0,0,0,0,0,,0,0,Auckland Region,Nil,2-way,Sealed,0,0,1,0,50,0,Off,1,0,,76,Auckland,Nil,0,0,0,1,0,0,Urban,0,0,0,Fine,Null
1738301.104,5979600.4,1296178,,506660,0,,0,2,,Null,2021/2022,SH 1,ROBERTSON ROAD,,Serious Crash,Yes,2022,,North,,0,,Flat,,,,,,Twilight,136400,2,0,0,2,,,0,,,,,,Auckland Region,Nil,2-way,Sealed,,0,3,,100,,None,0,0,,76,Auckland,Nil,,,,,0,0,Open,1,,,Fine,Null
1729722.331,5940267.906,1296323,,506800,0,0,0,0,0,South,2021/2022,COMMERCIAL ROAD,GARFIELD ROAD,,Serious Crash,Yes,2022,0,South,0,0,0,Flat,0,,0,,0,Bright sun,208500,0,0,1,2,0,0,0,0,1,,0,0,Auckland Region,Nil,2-way,Sealed,0,0,1,0,50,0,Off,1,0,,76,Auckland,Nil,0,0,0,0,0,0,Urban,0,0,0,Fine,Null
1749438.054,5970534.95,1296535,,505500,0,0,0,2,0,North,2021/2022,PERCY STREET,WARKWORTH STREET,,Serious Crash,No,2022,0,East,0,0,0,Flat,0,,0,,0,Bright sun,140600,0,0,0,2,0,0,0,0,0,,0,1,Auckland Region,Nil,2-way,Sealed,0,0,1,0,50,0,Off,0,0,,76,Auckland,Nil,0,0,0,0,0,0,Urban,0,0,0,Fine,Null
1743780.176,5916409.132,1296679,,513011,0,,0,2,,Null,2021/2022,PALOMINO DRIVE,SAN BERNADINO DRIVE,,Serious Crash,No,2021,,South,,0,,Hill Road,,,,,,Overcast,280704,1,0,0,2,,,0,,,,,,Auckland Region,Nil,2-way,Sealed,,0,1,,50,,Off,0,0,,76,Auckland,Give way,,,,,0,0,Urban,1,,,Light rain,Strong wind
1761255.269,5920073.308,1296725,,516400,2,,0,0,,West,2021/2022,TAMAKI DRIVE,POKANOA POINT ENT,,Serious Crash,No,2022,,East,,0,,Flat,,,,,,Bright sun,496600,0,0,0,2,,,0,,,1,,,Auckland Region,Nil,2-way,Sealed,,0,1,,50,,Off,0,0,,76,Auckland,Nil,,,,,0,0,Urban,0,,,Fine,Null
1745190.128,5918783.748,1296768,,513302,0,,0,1,,South,2021/2022,LINCOLN ROAD,FAIRDENE AVENUE,,Serious Crash,No,2022,,North,,0,,Flat,,,,,,Dark,230802,0,0,1,4,,,0,,,,,,Auckland Region,Nil,2-way,Sealed,,0,1,,50,,On,0,0,,76,Auckland,Traffic Signals,,,,,0,0,Urban,0,,,Light rain,Null
1758933.065,5904293.974,1296875,,524200,0,,0,0,,Null,2021/2022,GEORGE BOLT MEMORIAL DRIVE,IHUMATAO ROAD,,Fatal Crash,No,2022,,North,,1,,Flat,,,,,,Dark,727100,0,0,1,6,,,0,,,,,,Auckland Region,Nil,2-way,Sealed,,0,0,,50,,On,1,0,,76,Auckland,Give way,,,,,0,0,Urban,0,,,Fine,Null
1772527.3,5884718.126,1296916,,521122,0,0,0,1,0,North,2021/2022,RUNCIMAN ROAD,NORFOLK KING DRIVE,,Serious Crash,No,2022,0,South,0,0,0,Flat,0,,0,,0,Overcast,826803,0,0,0,2,0,1,0,0,0,,0,0,Auckland Region,Nil,2-way,Sealed,0,0,1,0,100,0,None,0,0,,76,Auckland,Nil,0,0,0,0,0,0,Open,0,0,0,Fine,Null
1762290.245,5916930.571,1296925,,516302,0,0,0,1,1,East,2021/2022,REMUERA ROAD,STONEYROYD GARDENS,,Serious Crash,No,2021,0,West,0,0,0,Hill Road,0,,0,,0,Dark,463102,0,0,0,4,0,0,0,0,1,,0,1,Auckland Region,Nil,2-way,Sealed,0,0,1,0,50,0,On,0,0,,76,Auckland,Unknown,0,0,0,0,0,0,Urban,1,0,0,Fine,Null
1755729.29,5927311.7,1297011,,508620,0,,0,0,,North,2021/2022,TERRYLYN DRIVE,MARYWIL CRESCENT,,Serious Crash,No,2022,,North,,0,,Hill Road,,,,,,Overcast,204300,0,0,0,0,,,0,,,1,,,Auckland Region,Nil,2-way,Sealed,,0,1,,50,,Off,0,0,,76,Auckland,Unknown,,,,,0,0,Urban,2,,,Fine,Null
1765842.615,5901480.032,1297046,,524604,0,,0,1,,East,2021/2022,BROWNS ROAD,FELLBROOK STREET,,Serious Crash,No,2022,,South,,0,,Hill Road,,,,,,Bright sun,781302,0,0,0,3,,,0,,,1,,,Auckland Region,Nil,2-way,Sealed,,0,1,,20,,Null,0,0,,76,Auckland,Nil,,,,,0,0,Urban,0,,,Fine,Null
1748808.199,5949280.611,1297048,,506201,0,0,0,3,0,North,2022/2023,NORTHERN GATEWAY TOLL ROAD,OREWA OFF RAMP,,Serious Crash,Yes,2022,0,North,0,0,0,Flat,1,,0,,0,Dark,176406,1,0,0,3,0,0,0,0,0,,0,0,Auckland Region,Motorway ramp,1-way,Sealed,0,0,1,0,100,0,On,1,0,,76,Auckland,Nil,0,0,0,0,0,0,Open,0,0,0,Heavy rain,Strong wind
1759866.625,5907404.366,1297152,,524121,0,0,0,1,0,Null,2021/2022,BADER DRIVE,BADER DRIVE OFF RAMP,,Serious Crash,No,2022,0,North,0,0,1,Hill Road,0,,0,,0,Twilight,737600,0,0,0,2,0,0,0,0,1,,0,0,Auckland Region,Motorway ramp,2-way,Sealed,0,0,1,0,50,0,On,0,0,,76,Auckland,Give way,0,0,0,0,0,0,Urban,0,0,0,Fine,Null
1728344.924,5941309.96,1297158,,506644,0,0,0,0,0,South,2021/2022,PARKHURST ROAD,WAIWERA AVENUE,,Serious Crash,No,2022,0,North,0,0,0,Flat,0,,0,,0,Dark,210804,0,0,0,2,0,0,0,0,0,,0,1,Auckland Region,Nil,2-way,Sealed,0,0,1,0,50,0,On,0,0,,76,Auckland,Nil,0,0,0,0,0,0,Urban,1,0,0,Fine,Null
1746888.893,5915707.275,1297210,,511601,0,0,0,2,0,North,2021/2022,FELGROVE STREET,LYDFORD PLACE,,Serious Crash,No,2022,0,East,0,0,0,Hill Road,0,,0,,0,Twilight,275900,1,0,0,2,0,0,0,0,1,,0,0,Auckland Region,Nil,2-way,Sealed,0,0,1,0,50,0,Off,0,0,,76,Auckland,Nil,0,0,0,0,0,0,Urban,0,0,0,Fine,Null
1746751.116,5918799.479,1297227,,512401,0,0,0,1,0,Null,2021/2022,OFF ROAD - COUNTDOWN CAR PARK,,,Serious Crash,No,2021,0,East,0,0,0,Flat,0,Christmas New Year,1,,0,Overcast,255600,0,0,0,,0,0,0,0,0,1,0,0,Auckland Region,Nil,Off road,Sealed,0,0,1,0,,0,Off,0,0,,76,Auckland,Nil,0,0,0,0,0,0,Urban,0,0,0,Fine,Null
1749115.793,5918284.367,1297320,,514801,0,,0,4,,North,2021/2022,NORTH-WESTERN MOTORWAY,ROSEBANK OBR,,Serious Crash,Yes,2022,,North,,0,,Flat,,,,,,Bright sun,389200,1,0,0,4,,,0,,,,,,Auckland Region,Nil,1-way,Sealed,,0,1,,100,,Off,0,0,,76,Auckland,Nil,,,,,2,0,Open,1,,,Fine,Null
1776334.662,5898684.045,1297433,55,523813,0,0,0,1,0,East,2021/2022,PAPAKURA-CLEVEDON ROAD,BULLENS ROAD,,Serious Crash,No,2022,0,East,1,0,0,Hill Road,0,,0,,0,Dark,761400,1,0,0,2,0,0,0,0,0,,0,0,Auckland Region,Nil,2-way,Sealed,0,0,1,0,80,0,None,0,0,,76,Auckland,Nil,0,0,0,0,0,0,Open,0,0,0,Light rain,Null
1770357.575,5889649.598,1297550,,521202,0,0,0,2,0,Null,2021/2022,KARAKA ROAD,WOODLYN DRIVE,,Serious Crash,Yes,2022,0,East,0,0,0,Hill Road,1,,0,,0,Dark,807100,0,0,0,2,0,0,0,0,0,,0,0,Auckland Region,Nil,2-way,Sealed,0,0,2,0,80,0,On,0,0,,76,Auckland,Give way,0,0,0,0,0,0,Open,0,0,0,Fine,Null
1759392.192,5912712.962,1297608,,519820,0,,0,1,,Null,2021/2022,GREY STREET,SPRING STREET,,Serious Crash,No,2022,,South,,0,,Flat,,,,,,Bright sun,600700,0,0,0,2,,,0,,,1,,,Auckland Region,Nil,2-way,Sealed,,0,1,,50,,Off,0,1,,76,Auckland,Nil,,,,,0,0,Urban,0,,,Fine,Null
1745591.179,5917604.998,1297707,,510700,0,0,0,2,0,Null,2022/2023,OFF ROAD - CAR PARK WEST WAVE AQUATIC CENTRE,,,Serious Crash,No,2022,0,Null,0,0,0,Flat,0,,1,,0,Bright sun,239900,0,0,0,,0,0,0,0,1,,0,0,Auckland Region,Nil,Off road,Sealed,0,0,1,0,,0,Off,0,0,,76,Auckland,Nil,0,0,0,0,0,0,Urban,0,0,0,Fine,Null
1768981.33,5881300.557,1297767,,525910,0,,0,1,,Null,2021/2022,OFFROAD CARPARK,,,Serious Crash,No,2022,,West,,0,,Flat,,,,,,Bright sun,819100,0,0,0,,,,0,,,1,,,Auckland Region,Nil,Off road,Sealed,,0,1,,,,Off,0,0,,76,Auckland,Nil,,,,,0,0,Urban,0,,,Fine,Null
1762206.395,5982286.356,1297772,,505400,0,,1,0,,Null,2021/2022,CUMBERLAND STREET,HILL STREET,,Serious Crash,No,2022,,East,,0,,Flat,,,,,,Dark,136900,0,0,0,2,,,0,,,1,,,Auckland Region,Nil,2-way,Sealed,,0,2,,50,,On,0,0,,76,Auckland,Give way,,,,,0,0,Urban,0,,,Fine,Null
1747544.278,5919498.996,1297986,,512402,0,,0,1,,East,2021/2022,TE ATATU ROAD OFF RAMP,TE ATATU ROAD,,Serious Crash,No,2021,,West,,0,,Flat,,,,,,Bright sun,253700,0,0,1,2,,,0,,,,,,Auckland Region,Motorway ramp,1-way,Sealed,,0,1,,100,,Off,0,0,,76,Auckland,Nil,,,,,0,0,Open,0,,,Fine,Null
1769989.72,5908411.024,1297992,,523115,0,,0,1,,South,2022/2023,CHAPEL ROAD,BAVERSTOCK ROAD,,Serious Crash,No,2022,,South,,0,,Flat,,,,,,Dark,711911,0,0,0,2,,,0,,,1,,,Auckland Region,Nil,2-way,Sealed,,0,1,,60,,On,0,0,,76,Auckland,Nil,,,,,0,0,Urban,0,,,Fine,Null
1775793.354,5882770.714,1298020,,521160,0,0,0,0,0,North,2021/2022,SOUTHERN MOTORWAY,BOMBAY ON RAMP,,Serious Crash,Yes,2022,0,North,0,0,0,Flat,0,Christmas New Year,0,,0,Dark,827603,1,0,0,2,0,0,0,1,0,,0,0,Auckland Region,Nil,1-way,Sealed,0,0,2,0,100,0,On,1,0,,76,Auckland,Nil,0,0,0,0,1,0,Open,0,0,0,Fine,Null
1768218.34,5903693.865,1298114,,524602,0,0,0,2,0,North,2021/2022,AIRPORT OFF RAMP,GREAT SOUTH ROAD OFF RAMP,,Serious Crash,Yes,2022,0,North,0,0,0,Flat,1,,0,,0,Bright sun,780506,2,0,0,4,0,0,0,0,0,,0,0,Auckland Region,Motorway ramp,1-way,Sealed,0,0,1,0,100,0,Off,0,0,,76,Auckland,Unknown,0,0,0,0,1,0,Open,0,0,0,Fine,Null
1783497.236,5925412.759,1298141,45,520801,0,0,0,1,0,South,2021/2022,OSTEND ROAD,ERUA ROAD,,Serious Crash,No,2021,0,North,0,0,0,Hill Road,1,,0,,0,Bright sun,515402,0,1,0,2,0,0,0,0,0,,0,0,Auckland Region,Nil,2-way,Sealed,0,0,1,0,50,0,Off,0,0,,76,Auckland,Nil,0,0,0,0,0,0,Urban,0,0,0,Fine,Null
1768592.453,5911639.607,1298213,,523112,0,,0,3,,East,2021/2022,TI RAKAU DRIVE,TRUGOOD DRIVE,,Serious Crash,No,2022,,West,,0,,Flat,,,,,,Bright sun,711404,1,0,0,2,,,0,,,,,,Auckland Region,Nil,1-way,Sealed,,0,1,,60,,Off,1,0,,76,Auckland,Nil,,,,,0,0,Urban,0,,,Fine,Null
1746990.28,5913771.35,1298345,,511100,0,,0,1,,South,2021/2022,GLENDALE ROAD,GLENMALL PLACE,,Serious Crash,No,2022,,North,,0,,Flat,,,,,,Bright sun,286200,0,0,1,2,,,0,,,,,,Auckland Region,Nil,2-way,Sealed,,0,1,,50,,Off,0,0,,76,Auckland,Nil,,,,,0,0,Urban,0,,,Fine,Null
1756202.024,5943944.978,1298406,,505909,0,0,0,1,0,Null,2022/2023,OFFROAD CARPARK,,,Serious Crash,No,2022,0,West,0,0,0,Hill Road,0,,1,,0,Overcast,174013,0,0,0,,0,0,0,0,0,2,0,0,Auckland Region,Nil,Off road,Sealed,0,0,2,0,,0,Off,0,0,,76,Auckland,Nil,0,0,0,0,0,0,Urban,0,0,0,Fine,Null
1758460.677,5920246.214,1298450,,515902,1,,0,1,,Null,2020/2021,AUGUSTUS TERRACE,PARNELL ROAD,,Serious Crash,No,2021,,East,,0,,Hill Road,,,,,,Bright sun,453000,0,0,0,2,,,0,,,1,,,Auckland Region,Nil,2-way,Sealed,,0,1,,50,,Off,0,0,,76,Auckland,Stop,,,,,0,0,Urban,0,,,Fine,Null
1741453.502,5919781.65,1298459,,513621,0,0,0,0,1,West,2021/2022,CROWS ROAD,PATRICK RICE DRIVE,,Serious Crash,No,2022,0,West,0,0,0,Hill Road,0,,0,,0,Bright sun,238102,0,0,1,2,0,0,0,0,0,,0,0,Auckland Region,Nil,2-way,Sealed,0,0,1,0,80,0,Off,0,0,,76,Auckland,Nil,0,0,0,0,0,0,Open,0,0,0,Fine,Null
1765940.622,5906445.86,1298497,,522202,0,,0,1,,North,2021/2022,GREAT SOUTH ROAD,ST GEORGE STREET,,Serious Crash,No,2022,,South,,0,,Flat,,,,,,Bright sun,663900,0,0,0,4,,,0,,,2,,,Auckland Region,Nil,2-way,Sealed,,0,2,,50,,Off,0,0,,76,Auckland,Nil,,,,,0,0,Urban,0,,,Fine,Null
1772842.223,5899471.897,1298547,,523911,0,,0,1,,East,2021/2022,AIRFIELD ROAD,KAPOWAI BOULEVARD,,Serious Crash,No,2022,,West,,0,,Flat,,,,,,Overcast,767204,1,0,1,2,,,0,,,,,,Auckland Region,Nil,2-way,Sealed,,0,1,,60,,None,0,0,,76,Auckland,Nil,,,,,0,0,Urban,0,,,Light rain,Null
1765781.853,5908161.561,1298550,,523402,0,0,0,4,0,South,2021/2022,SOUTHERN MOTORWAY,BAIRDS OBR,,Serious Crash,Yes,2022,0,South,0,0,0,Flat,1,,0,,0,Dark,698900,3,0,0,3,0,0,0,0,0,,0,0,Auckland Region,Nil,1-way,Sealed,0,0,2,0,100,0,On,0,0,,76,Auckland,Nil,0,0,0,0,0,0,Open,0,0,0,Fine,Null
1755509.345,5912285.359,1298553,,518701,0,,0,0,,Null,2021/2022,ROGAN STREET,NOTON ROAD,,Serious Crash,No,2022,,North,,0,,Flat,,,,,,Overcast,573200,0,0,0,2,,,0,,,1,,,Auckland Region,Nil,2-way,Sealed,,0,1,,50,,Off,0,0,,76,Auckland,Give way,,,,,0,0,Urban,1,,,Fine,Null
1755165.122,5933008.703,1298826,,507300,0,,0,1,,North,2022/2023,SUNRISE AVENUE,EAST COAST ROAD,,Serious Crash,No,2022,,East,,0,,Hill Road,,,,,,Bright sun,155801,0,0,0,2,,,0,,,1,,,Auckland Region,Nil,2-way,Sealed,,0,1,,50,,Off,0,0,,76,Auckland,Nil,,,,,0,0,Urban,0,,,Fine,Null
1747708.493,5915898.773,1298832,,511602,0,0,0,0,0,East,2021/2022,HARMEL ROAD,BLUE SPUR WAY,,Serious Crash,No,2022,0,West,0,0,0,Flat,0,Christmas New Year,0,,0,Bright sun,273000,1,0,1,2,0,0,0,0,1,,0,0,Auckland Region,Nil,2-way,Sealed,0,0,1,0,50,0,Off,2,0,,76,Auckland,Nil,0,0,0,0,0,0,Urban,0,0,0,Fine,Null
1743670.69,5920132.34,1298902,,513632,0,,0,0,,North,2021/2022,DON BUCK ROAD,HELENA STREET,,Serious Crash,No,2022,,North,,0,,Flat,,,,,,Dark,228801,0,0,0,2,,,0,,,,,,Auckland Region,Nil,2-way,Sealed,,0,1,,50,,On,1,0,,76,Auckland,Nil,,,,,0,0,Urban,0,,,Fine,Null
1737908.953,5929464.319,1298906,,505602,0,0,0,0,0,Null,2020/2021,MATUA ROAD,PINOTAGE PLACE,,Serious Crash,No,2021,0,North,0,0,0,Flat,0,,0,,0,Dark,216003,0,0,0,2,0,0,0,0,1,,0,0,Auckland Region,Nil,2-way,Sealed,0,0,1,0,50,0,On,1,0,,76,Auckland,Stop,0,0,0,0,0,0,Urban,1,0,0,Fine,Null
1771341.022,5900041.819,1299083,,523911,0,0,0,0,0,Null,2021/2022,PORCHESTER ROAD,POPES ROAD,,Serious Crash,No,2021,0,South,0,0,0,Flat,0,,0,,0,Dark,767100,0,0,1,2,0,0,0,0,0,,0,0,Auckland Region,Nil,2-way,Sealed,0,0,1,0,60,0,On,0,0,,76,Auckland,Stop,0,0,0,0,0,0,Urban,1,1,0,Fine,Null
1749929.675,5912700.125,1299084,,511402,0,0,0,1,0,Null,2020/2021,ASTLEY AVENUE,GARDNER AVENUE,,Fatal Crash,No,2021,0,East,0,1,0,Flat,0,,0,,0,Dark,261700,0,0,1,2,0,0,0,0,0,,0,1,Auckland Region,Nil,2-way,Sealed,0,0,0,0,50,0,On,0,0,,76,Auckland,Give way,0,0,0,0,0,0,Urban,0,0,0,Fine,Null